時間time,太陽能PV(度),風能WP(度),負載load(度)
2022/10/1 00:00,0,343.8711419,1005.5
2022/10/1 00:15,0,344.5426705,993.5
2022/10/1 00:30,0,346.2195839,996
2022/10/1 00:45,0,341.3392291,993.5
2022/10/1 01:00,0,335.0641912,981.5
2022/10/1 01:15,0,335.7897603,981.5
2022/10/1 01:30,0,340.3449644,979
2022/10/1 01:45,0,347.498098,974.25
2022/10/1 02:00,0,351.5954744,976.75
2022/10/1 02:15,0,350.3549274,976.75
2022/10/1 02:30,0,341.4614066,972
2022/10/1 02:45,0,345.0193277,979
2022/10/1 03:00,0,346.4391992,969.5
2022/10/1 03:15,0,349.2759526,967
2022/10/1 03:30,0,344.8654335,962.25
2022/10/1 03:45,0,367.4526098,972
2022/10/1 04:00,0,421.3082901,969.5
2022/10/1 04:15,0,455.600009,981.5
2022/10/1 04:30,0,463.9138181,979
2022/10/1 04:45,0,466.2852444,979
2022/10/1 05:00,0,456.5767941,976.75
2022/10/1 05:15,0,410.3004028,976.75
2022/10/1 05:30,0,367.5551617,976.75
2022/10/1 05:45,0,359.4645489,974.25
2022/10/1 06:00,0.494173487,358.5411753,986.25
2022/10/1 06:15,10.36790383,351.7515964,998.25
2022/10/1 06:30,33.20738796,350.751743,1000.75
2022/10/1 06:45,65.60183145,349.3144941,1005.5
2022/10/1 07:00,107.7910763,347.4866892,1015
2022/10/1 07:15,157.3399254,345.4357032,1029.5
2022/10/1 07:30,229.8931546,345.7156434,1056
2022/10/1 07:45,301.1471085,348.1410794,1058.25
2022/10/1 08:00,324.1263471,350.8063193,1080
2022/10/1 08:15,365.1849946,349.5645684,1099
2022/10/1 08:30,461.4753682,349.6284367,1094.25
2022/10/1 08:45,512.7603827,345.8916228,1101.5
2022/10/1 09:00,594.2814335,379.1165721,1096.75
2022/10/1 09:15,696.2663335,519.8472592,1116
2022/10/1 09:30,760.287592,510.2770728,1137.5
2022/10/1 09:45,781.2066791,499.4489087,1132.75
2022/10/1 10:00,814.3414586,501.3214129,1130.25
2022/10/1 10:15,820.2661506,514.1929511,1147
2022/10/1 10:30,821.6212013,540.3024163,1147
2022/10/1 10:45,837.0414442,551.8795742,1149.5
2022/10/1 11:00,883.4821769,547.5634515,1154.25
2022/10/1 11:15,882.6994582,543.7850023,1152
2022/10/1 11:30,892.7293363,531.6362633,1152
2022/10/1 11:45,899.1111256,524.6066861,1168.75
2022/10/1 12:00,913.7450609,525.4557105,1171
2022/10/1 12:15,858.8273688,515.9234998,1144.75
2022/10/1 12:30,794.1101232,512.5662139,1154.25
2022/10/1 12:45,768.6419848,503.5181313,1142.25
2022/10/1 13:00,754.982663,505.9391198,1156.75
2022/10/1 13:15,698.8028031,472.0179182,1149.5
2022/10/1 13:30,638.1921912,463.6653332,1152
2022/10/1 13:45,569.2889424,465.6643221,1147
2022/10/1 14:00,535.2464776,463.2898001,1147
2022/10/1 14:15,485.8393746,471.3405109,1128
2022/10/1 14:30,436.1063462,469.998761,1135
2022/10/1 14:45,366.3672365,476.9402996,1156.75
2022/10/1 15:00,312.7834494,491.6516206,1135
2022/10/1 15:15,244.50107,491.2848125,1116
2022/10/1 15:30,191.4435,488.3586504,1123
2022/10/1 15:45,153.9009865,486.8614749,1120.75
2022/10/1 16:00,118.657903,485.9171558,1116
2022/10/1 16:15,82.83922559,484.7748004,1108.75
2022/10/1 16:30,49.31668438,486.6849638,1101.5
2022/10/1 16:45,26.50632123,482.2432605,1135
2022/10/1 17:00,13.86193161,479.6165152,1125.5
2022/10/1 17:15,7.487121364,487.0448841,1104
2022/10/1 17:30,1.209017741,486.829393,1104
2022/10/1 17:45,0,522.6834899,1084.75
2022/10/1 18:00,0,526.9279854,1070.25
2022/10/1 18:15,0,526.7553164,1065.5
2022/10/1 18:30,0,528.9813389,1080
2022/10/1 18:45,0,530.1573644,1077.5
2022/10/1 19:00,0,534.8900746,1070.25
2022/10/1 19:15,0,540.269843,1070.25
2022/10/1 19:30,0,544.0342639,1056
2022/10/1 19:45,0,542.8980257,1051
2022/10/1 20:00,0,579.606927,1041.5
2022/10/1 20:15,0,603.1479238,1039
2022/10/1 20:30,0,610.4399956,1041.5
2022/10/1 20:45,0,612.5450242,1048.75
2022/10/1 21:00,0,615.1631393,1051
2022/10/1 21:15,0,601.9401003,1036.75
2022/10/1 21:30,0,616.7784669,1044
2022/10/1 21:45,0,617.5772089,1041.5
2022/10/1 22:00,0,621.9152904,1051
2022/10/1 22:15,0,620.1933964,1048.75
2022/10/1 22:30,0,617.3871624,1051
2022/10/1 22:45,0,614.336939,1044
2022/10/1 23:00,0,615.1755927,1056
2022/10/1 23:15,0,612.8871578,1058.25
2022/10/1 23:30,0,616.1149731,1056
2022/10/1 23:45,0,607.1967384,1051
2022/10/2 00:00,0,609.5157354,1053.5
2022/10/2 00:15,0,608.396136,1056
2022/10/2 00:30,0,614.9619203,1063
2022/10/2 00:45,0,613.9739573,1060.75
2022/10/2 01:00,0,619.9078352,1051
2022/10/2 01:15,0,618.8869805,1056
2022/10/2 01:30,0,626.9003818,1056
2022/10/2 01:45,0,623.3998726,1058.25
2022/10/2 02:00,0,619.1960528,1053.5
2022/10/2 02:15,0,623.0431915,1056
2022/10/2 02:30,0,631.4956469,1039
2022/10/2 02:45,0,638.5800613,1029.5
2022/10/2 03:00,0,639.0611266,998.25
2022/10/2 03:15,0,631.3617452,988.75
2022/10/2 03:30,0,619.8536584,981.5
2022/10/2 03:45,0,614.1133028,984
2022/10/2 04:00,0,611.0612006,991
2022/10/2 04:15,0,595.1814539,993.5
2022/10/2 04:30,0,600.815488,996
2022/10/2 04:45,0,609.7461915,993.5
2022/10/2 05:00,0,606.8360064,993.5
2022/10/2 05:15,0,599.0667981,991
2022/10/2 05:30,0,593.5022081,986.25
2022/10/2 05:45,0,589.285644,984
2022/10/2 06:00,0.031530798,569.3789473,988.75
2022/10/2 06:15,11.02220744,555.4285263,993.5
2022/10/2 06:30,40.11654431,537.0697878,1005.5
2022/10/2 06:45,81.83890202,554.6169152,1010.25
2022/10/2 07:00,125.1349904,598.6767453,1017.5
2022/10/2 07:15,174.2720912,609.3964355,1024.75
2022/10/2 07:30,228.6241102,608.2996458,1048.75
2022/10/2 07:45,287.5689986,610.6056554,1070.25
2022/10/2 08:00,350.9778502,617.2784088,1077.5
2022/10/2 08:15,413.3440811,641.9352035,1101.5
2022/10/2 08:30,458.1968912,658.8918713,1106.25
2022/10/2 08:45,508.3622799,670.4577654,1111
2022/10/2 09:00,564.6211834,690.3549962,1120.75
2022/10/2 09:15,602.135915,684.8865521,1147
2022/10/2 09:30,648.0556517,691.0753933,1180.75
2022/10/2 09:45,684.7701128,694.3007423,1178.25
2022/10/2 10:00,713.8433855,700.5757135,1188
2022/10/2 10:15,750.4170961,581.1395483,1202.25
2022/10/2 10:30,787.22294,587.9250548,1197.5
2022/10/2 10:45,813.7204414,586.2825013,1202.25
2022/10/2 11:00,835.4657994,584.8922366,1221.5
2022/10/2 11:15,853.2678287,594.1402915,1216.75
2022/10/2 11:30,875.1806524,594.1844923,1207
2022/10/2 11:45,882.9974283,595.7894614,1212
2022/10/2 12:00,876.9968152,599.0263973,1202.25
2022/10/2 12:15,875.6083284,604.1236927,1192.75
2022/10/2 12:30,864.7580171,606.3370277,1125.5
2022/10/2 12:45,830.1140214,604.6770612,1171
2022/10/2 13:00,783.2804892,596.9083463,1180.75
2022/10/2 13:15,767.9466706,591.7237426,1180.75
2022/10/2 13:30,741.1558912,589.3402916,1192.75
2022/10/2 13:45,697.3734924,590.0010956,1228.75
2022/10/2 14:00,649.482005,595.5849384,1264.75
2022/10/2 14:15,606.4175509,609.3420972,1243
2022/10/2 14:30,560.2394683,608.2435693,1248
2022/10/2 14:45,501.8700976,606.9039866,1221.5
2022/10/2 15:00,422.5989989,611.8835581,1250.25
2022/10/2 15:15,354.2073884,610.3376502,1240.75
2022/10/2 15:30,300.7859119,606.6323892,1204.75
2022/10/2 15:45,246.4755336,611.7686864,1202.25
2022/10/2 16:00,197.863871,610.1835611,1195
2022/10/2 16:15,149.6741252,607.5072469,1171
2022/10/2 16:30,102.5291188,604.6904091,1142.25
2022/10/2 16:45,60.81511477,607.1359034,1125.5
2022/10/2 17:00,28.76536109,609.4780503,1108.75
2022/10/2 17:15,8.885463455,622.753505,1096.75
2022/10/2 17:30,1.201550162,628.7257846,1089.5
2022/10/2 17:45,0,624.9527956,1070.25
2022/10/2 18:00,0,612.7687649,1077.5
2022/10/2 18:15,0,603.0673706,1070.25
2022/10/2 18:30,0,603.8356382,1092
2022/10/2 18:45,0,595.8592083,1096.75
2022/10/2 19:00,0,577.6472927,1094.25
2022/10/2 19:15,0,682.6182643,1087
2022/10/2 19:30,0,658.7432373,1092
2022/10/2 19:45,0,646.9847823,1065.5
2022/10/2 20:00,0,641.0624828,1075
2022/10/2 20:15,0,637.1365851,1084.75
2022/10/2 20:30,0,624.1429586,1072.75
2022/10/2 20:45,0,610.9467339,1072.75
2022/10/2 21:00,0,598.4308551,1063
2022/10/2 21:15,0,574.3679587,1068
2022/10/2 21:30,0,561.9757106,1060.75
2022/10/2 21:45,0,535.2753521,1068
2022/10/2 22:00,0,514.3453911,1087
2022/10/2 22:15,0,483.1153438,1084.75
2022/10/2 22:30,0,448.066022,1087
2022/10/2 22:45,0,404.3601659,1082.25
2022/10/2 23:00,0,365.2167446,1087
2022/10/2 23:15,0,321.294098,1084.75
2022/10/2 23:30,0,286.6543921,1080
2022/10/2 23:45,0,255.7914834,1077.5
2022/10/3 00:00,0,242.2765362,1077.5
2022/10/3 00:15,0,251.0763035,1080
2022/10/3 00:30,0,256.1873227,1094.25
2022/10/3 00:45,0,252.2372889,1084.75
2022/10/3 01:00,0,253.1240926,1075
2022/10/3 01:15,0,234.6831778,1070.25
2022/10/3 01:30,0,223.2975418,1068
2022/10/3 01:45,0,210.5689456,1070.25
2022/10/3 02:00,0,194.4310184,1056
2022/10/3 02:15,0,191.8942722,1048.75
2022/10/3 02:30,0,192.7651041,1039
2022/10/3 02:45,0,197.7412253,1036.75
2022/10/3 03:00,0,195.7964754,1024.75
2022/10/3 03:15,0,189.1064244,1024.75
2022/10/3 03:30,0,174.130689,1022.25
2022/10/3 03:45,0,166.5125815,1022.25
2022/10/3 04:00,0,141.8034199,1029.5
2022/10/3 04:15,0,155.3612383,1034.25
2022/10/3 04:30,0,150.268548,1022.25
2022/10/3 04:45,0,142.5636894,1015
2022/10/3 05:00,0,141.5405112,1020
2022/10/3 05:15,0,141.9221084,1015
2022/10/3 05:30,0,146.9682539,1012.75
2022/10/3 05:45,0,161.9121734,1010.25
2022/10/3 06:00,0.05700974,173.6426361,1015
2022/10/3 06:15,10.01733898,171.0601809,1020
2022/10/3 06:30,35.34887945,176.0106357,1046.25
2022/10/3 06:45,73.96750213,182.9570943,1063
2022/10/3 07:00,124.0421649,187.367483,1068
2022/10/3 07:15,191.3902738,191.6934005,1070.25
2022/10/3 07:30,259.0430943,206.2821635,1094.25
2022/10/3 07:45,314.5554343,210.5456964,1116
2022/10/3 08:00,370.9055849,217.0015671,1120.75
2022/10/3 08:15,460.3867347,234.7813532,1132.75
2022/10/3 08:30,536.4195933,252.2599611,1140
2022/10/3 08:45,600.1376117,266.2749006,1156.75
2022/10/3 09:00,641.1920129,280.5837654,1149.5
2022/10/3 09:15,684.468893,297.9188104,1152
2022/10/3 09:30,716.3012749,290.3397969,1178.25
2022/10/3 09:45,750.1500875,308.2068117,1192.75
2022/10/3 10:00,780.9999111,337.0387802,1221.5
2022/10/3 10:15,791.6490409,380.233979,1250.25
2022/10/3 10:30,800.4677179,408.4025084,1267
2022/10/3 10:45,830.1181862,429.9602115,1264.75
2022/10/3 11:00,868.3128296,460.1255621,1264.75
2022/10/3 11:15,889.0448723,470.451268,1276.75
2022/10/3 11:30,911.3484405,483.1611284,1276.75
2022/10/3 11:45,921.044658,492.2808442,1269.5
2022/10/3 12:00,933.3207921,501.9057343,1243
2022/10/3 12:15,954.7883862,393.9243069,1209.5
2022/10/3 12:30,972.5484716,414.2503758,1212
2022/10/3 12:45,931.2293584,449.8870498,1204.75
2022/10/3 13:00,907.4069049,456.6065365,1214.25
2022/10/3 13:15,873.1636464,461.8146071,1226.25
2022/10/3 13:30,840.7365979,478.7159344,1231
2022/10/3 13:45,805.0948044,482.752808,1269.5
2022/10/3 14:00,748.2018736,481.355611,1264.75
2022/10/3 14:15,701.8459653,490.1821506,1257.5
2022/10/3 14:30,656.4120409,498.6613134,1267
2022/10/3 14:45,604.1343592,499.884842,1272
2022/10/3 15:00,555.134316,478.907252,1264.75
2022/10/3 15:15,480.9660759,472.7886864,1252.75
2022/10/3 15:30,403.5653964,471.7649077,1228.75
2022/10/3 15:45,319.3731639,479.264434,1216.75
2022/10/3 16:00,236.1991491,479.6167063,1212
2022/10/3 16:15,154.3557929,476.1042561,1219
2022/10/3 16:30,93.59376149,480.9600839,1190.25
2022/10/3 16:45,63.00474282,496.7065899,1188
2022/10/3 17:00,29.69539379,492.1882846,1185.5
2022/10/3 17:15,8.738601241,488.1877336,1180.75
2022/10/3 17:30,1.217808968,477.8109082,1140
2022/10/3 17:45,0,474.9526899,1137.5
2022/10/3 18:00,0,461.5542943,1132.75
2022/10/3 18:15,0,446.7514043,1132.75
2022/10/3 18:30,0,551.2178901,1137.5
2022/10/3 18:45,0,510.3063985,1130.25
2022/10/3 19:00,0,478.9742257,1137.5
2022/10/3 19:15,0,464.4909582,1137.5
2022/10/3 19:30,0,467.1719419,1132.75
2022/10/3 19:45,0,467.7939748,1123
2022/10/3 20:00,0,448.6013927,1120.75
2022/10/3 20:15,0,420.9744973,1111
2022/10/3 20:30,0,363.0981223,1104
2022/10/3 20:45,0,347.7295902,1106.25
2022/10/3 21:00,0,349.3028532,1101.5
2022/10/3 21:15,0,355.8755799,1099
2022/10/3 21:30,0,352.4393638,1099
2022/10/3 21:45,0,341.9097978,1104
2022/10/3 22:00,0,329.4651469,1099
2022/10/3 22:15,0,320.1323062,1092
2022/10/3 22:30,0,327.6508695,1080
2022/10/3 22:45,0,343.6448127,1087
2022/10/3 23:00,0,373.5934677,1094.25
2022/10/3 23:15,0,399.7401053,1092
2022/10/3 23:30,0,401.410386,1089.5
2022/10/3 23:45,0,402.1404631,1084.75
2022/10/4 00:00,0,422.5959283,1084.75
2022/10/4 00:15,0,436.352721,1077.5
2022/10/4 00:30,0,445.0906688,1082.25
2022/10/4 00:45,0,454.7460124,1087
2022/10/4 01:00,0,464.9555646,1094.25
2022/10/4 01:15,0,467.276018,1108.75
2022/10/4 01:30,0,471.830411,1089.5
2022/10/4 01:45,0,487.4578773,1082.25
2022/10/4 02:00,0,517.7258063,1058.25
2022/10/4 02:15,0,528.1517025,1058.25
2022/10/4 02:30,0,548.3691614,1053.5
2022/10/4 02:45,0,568.9070479,1048.75
2022/10/4 03:00,0,579.190351,1044
2022/10/4 03:15,0,589.9100745,1041.5
2022/10/4 03:30,0,594.8979337,1039
2022/10/4 03:45,0,584.6106457,1051
2022/10/4 04:00,0,569.2517541,1044
2022/10/4 04:15,0,553.7392775,1058.25
2022/10/4 04:30,0,534.8171566,1063
2022/10/4 04:45,0,546.3530754,1046.25
2022/10/4 05:00,0,434.5232983,1041.5
2022/10/4 05:15,0,442.1714607,1036.75
2022/10/4 05:30,0,452.8171752,1032
2022/10/4 05:45,0,436.1109429,1034.25
2022/10/4 06:00,0.033566602,429.4145804,1034.25
2022/10/4 06:15,7.11081386,433.8790442,1034.25
2022/10/4 06:30,21.00818678,452.468976,1039
2022/10/4 06:45,44.05835654,480.8266962,1039
2022/10/4 07:00,73.29984482,486.1158343,1051
2022/10/4 07:15,103.1583914,497.8983781,1056
2022/10/4 07:30,146.0551308,510.0672277,1072.75
2022/10/4 07:45,191.1873085,531.9722507,1084.75
2022/10/4 08:00,235.7914527,552.037121,1087
2022/10/4 08:15,287.2968346,553.7535293,1099
2022/10/4 08:30,350.5981289,559.8904247,1116
2022/10/4 08:45,400.7143105,564.2555963,1113.5
2022/10/4 09:00,455.2866299,573.7994794,1113.5
2022/10/4 09:15,518.4160248,583.7805621,1123
2022/10/4 09:30,547.0488599,584.5980763,1149.5
2022/10/4 09:45,567.7345474,586.75516,1173.5
2022/10/4 10:00,600.4403188,576.0837957,1180.75
2022/10/4 10:15,662.5012699,584.9264115,1188
2022/10/4 10:30,716.5172301,597.7353606,1190.25
2022/10/4 10:45,761.2594828,599.8981517,1214.25
2022/10/4 11:00,783.3158855,601.6334496,1212
2022/10/4 11:15,827.1495769,602.9860196,1195
2022/10/4 11:30,870.8628696,599.4572233,1164
2022/10/4 11:45,907.4154562,603.1404169,1159
2022/10/4 12:00,913.2140241,597.5830827,1176
2022/10/4 12:15,923.4138049,589.2350825,1159
2022/10/4 12:30,915.3626394,592.4212917,1147
2022/10/4 12:45,903.3383822,594.150577,1142.25
2022/10/4 13:00,887.7848074,601.0010784,1164
2022/10/4 13:15,851.3412544,598.3812099,1159
2022/10/4 13:30,809.3132885,603.2405122,1176
2022/10/4 13:45,777.6392904,598.837396,1171
2022/10/4 14:00,734.418669,597.775932,1207
2022/10/4 14:15,681.1502351,600.3259713,1192.75
2022/10/4 14:30,623.4712523,598.9798849,1192.75
2022/10/4 14:45,549.9778055,593.2170108,1200
2022/10/4 15:00,490.8072342,598.0227881,1183
2022/10/4 15:15,449.9015431,602.280617,1176
2022/10/4 15:30,381.6077613,606.1308398,1178.25
2022/10/4 15:45,304.1180531,607.20458,1197.5
2022/10/4 16:00,233.5953849,609.5287208,1209.5
2022/10/4 16:15,172.1033808,602.7628012,1226.25
2022/10/4 16:30,98.91947016,600.3956387,1212
2022/10/4 16:45,46.82182707,601.9112836,1202.25
2022/10/4 17:00,18.10159638,605.3930633,1178.25
2022/10/4 17:15,7.671408798,594.3733448,1183
2022/10/4 17:30,1.213652678,587.0252133,1178.25
2022/10/4 17:45,0,579.3981341,1159
2022/10/4 18:00,0,584.1510375,1140
2022/10/4 18:15,0,588.2821459,1113.5
2022/10/4 18:30,0,585.7808185,1108.75
2022/10/4 18:45,0,588.6205602,1104
2022/10/4 19:00,0,590.1560752,1092
2022/10/4 19:15,0,594.9201666,1082.25
2022/10/4 19:30,0,594.1890462,1068
2022/10/4 19:45,0,585.7716678,1075
2022/10/4 20:00,0,581.0597431,1077.5
2022/10/4 20:15,0,583.2952849,1060.75
2022/10/4 20:30,0,577.7987583,1063
2022/10/4 20:45,0,567.2966505,1068
2022/10/4 21:00,0,569.8511289,1072.75
2022/10/4 21:15,0,552.4267067,1075
2022/10/4 21:30,0,541.8574862,1070.25
2022/10/4 21:45,0,546.6998888,1070.25
2022/10/4 22:00,0,535.6691408,1077.5
2022/10/4 22:15,0,544.8856468,1087
2022/10/4 22:30,0,550.8086666,1089.5
2022/10/4 22:45,0,554.0056182,1080
2022/10/4 23:00,0,550.3558597,1077.5
2022/10/4 23:15,0,557.1548996,1080
2022/10/4 23:30,0,556.7437778,1084.75
2022/10/4 23:45,0,553.593802,1082.25
2022/10/5 00:00,0,546.7459278,1070.25
2022/10/5 00:15,0,543.404558,1065.5
2022/10/5 00:30,0,542.6954073,1077.5
2022/10/5 00:45,0,546.6114719,1077.5
2022/10/5 01:00,0,552.8335838,1072.75
2022/10/5 01:15,0,543.9565665,1068
2022/10/5 01:30,0,534.3632467,1060.75
2022/10/5 01:45,0,544.4345251,1048.75
2022/10/5 02:00,0,553.6431133,1046.25
2022/10/5 02:15,0,563.8648414,1041.5
2022/10/5 02:30,0,561.6130077,1015
2022/10/5 02:45,0,565.1240548,1010.25
2022/10/5 03:00,0,556.7751225,1008
2022/10/5 03:15,0,552.753609,1000.75
2022/10/5 03:30,0,554.7980737,1005.5
2022/10/5 03:45,0,553.9127633,1005.5
2022/10/5 04:00,0,550.8215415,1008
2022/10/5 04:15,0,550.0784474,1012.75
2022/10/5 04:30,0,553.5270095,1015
2022/10/5 04:45,0,547.791593,1022.25
2022/10/5 05:00,0,539.9189496,1012.75
2022/10/5 05:15,0,528.6979414,1008
2022/10/5 05:30,0,524.0533866,1005.5
2022/10/5 05:45,0,506.5317555,998.25
2022/10/5 06:00,0.005374125,511.3141037,1010.25
2022/10/5 06:15,8.471409569,512.1843446,1003
2022/10/5 06:30,30.12643062,523.0480905,1008
2022/10/5 06:45,59.41107735,520.5125024,1003
2022/10/5 07:00,93.00234274,539.772613,1010.25
2022/10/5 07:15,133.3408986,552.4108739,1020
2022/10/5 07:30,186.6658918,562.779769,1022.25
2022/10/5 07:45,238.3315721,579.032296,984
2022/10/5 08:00,276.4514262,576.8907646,998.25
2022/10/5 08:15,304.5330236,590.4190885,996
2022/10/5 08:30,370.1208146,593.1641609,996
2022/10/5 08:45,427.2617319,590.8742884,1022.25
2022/10/5 09:00,471.5775125,591.1828578,1005.5
2022/10/5 09:15,522.2214189,590.5057496,1005.5
2022/10/5 09:30,588.3407399,593.8106083,1012.75
2022/10/5 09:45,626.683777,597.261878,1012.75
2022/10/5 10:00,649.1484992,598.2357777,1024.75
2022/10/5 10:15,641.3241893,606.9464286,1027
2022/10/5 10:30,621.6614647,610.6389427,1027
2022/10/5 10:45,610.3880315,606.1449307,1029.5
2022/10/5 11:00,588.0922772,602.8402748,1024.75
2022/10/5 11:15,591.5832739,601.0508876,1041.5
2022/10/5 11:30,606.6243198,597.5547653,1027
2022/10/5 11:45,584.0751412,599.5315315,1020
2022/10/5 12:00,567.9838764,599.8414965,1020
2022/10/5 12:15,529.8768372,599.2427346,1010.25
2022/10/5 12:30,511.4678041,601.5256055,1029.5
2022/10/5 12:45,473.4816329,598.0508148,1032
2022/10/5 13:00,408.1458901,607.085354,1034.25
2022/10/5 13:15,369.8189783,612.1295,1027
2022/10/5 13:30,358.7397691,593.6697944,1032
2022/10/5 13:45,346.8212486,590.7090063,1032
2022/10/5 14:00,319.1451598,586.9220644,1034.25
2022/10/5 14:15,302.254389,595.2739574,1046.25
2022/10/5 14:30,284.338925,591.3932171,1022.25
2022/10/5 14:45,271.2105347,590.2535508,1020
2022/10/5 15:00,233.399686,583.3716157,1005.5
2022/10/5 15:15,198.5347522,572.3817514,998.25
2022/10/5 15:30,157.1624076,553.5926792,979
2022/10/5 15:45,118.0004145,554.5632814,981.5
2022/10/5 16:00,98.54119397,553.1990949,988.75
2022/10/5 16:15,81.85630507,532.7577589,1053.5
2022/10/5 16:30,62.38093095,524.4049377,1060.75
2022/10/5 16:45,39.78609499,652.6909729,1058.25
2022/10/5 17:00,21.09762992,655.0380661,1072.75
2022/10/5 17:15,8.151242824,654.4776969,1060.75
2022/10/5 17:30,0,646.0638547,1060.75
2022/10/5 17:45,0,657.4423277,1053.5
2022/10/5 18:00,0,662.3281723,1048.75
2022/10/5 18:15,0,538.9576651,1046.25
2022/10/5 18:30,0,546.8136145,1048.75
2022/10/5 18:45,0,555.1384369,1034.25
2022/10/5 19:00,0,553.5780712,1036.75
2022/10/5 19:15,0,548.5001917,1027
2022/10/5 19:30,0,554.0199233,1032
2022/10/5 19:45,0,553.1332827,1036.75
2022/10/5 20:00,0,549.5233747,1041.5
2022/10/5 20:15,0,544.5565495,1044
2022/10/5 20:30,0,551.1224853,1044
2022/10/5 20:45,0,549.5548736,1041.5
2022/10/5 21:00,0,546.8634404,1053.5
2022/10/5 21:15,0,551.6521886,1056
2022/10/5 21:30,0,554.7113815,1048.75
2022/10/5 21:45,0,555.0638529,1046.25
2022/10/5 22:00,0,552.8516774,1048.75
2022/10/5 22:15,0,541.1512504,1046.25
2022/10/5 22:30,0,538.8048381,1051
2022/10/5 22:45,0,536.8140802,1060.75
2022/10/5 23:00,0,533.4959394,1041.5
2022/10/5 23:15,0,525.3599562,1048.75
2022/10/5 23:30,0,515.5014413,1039
2022/10/5 23:45,0,504.762218,1036.75
2022/10/6 00:00,0,493.4065779,1051
2022/10/6 00:15,0,478.1404528,1039
2022/10/6 00:30,0,447.8959282,1048.75
2022/10/6 00:45,0,443.7057669,1036.75
2022/10/6 01:00,0,436.9231498,1034.25
2022/10/6 01:15,0,437.7338007,1039
2022/10/6 01:30,0,448.6563654,1036.75
2022/10/6 01:45,0,456.9829163,1017.5
2022/10/6 02:00,0,452.8583495,998.25
2022/10/6 02:15,0,454.105077,991
2022/10/6 02:30,0,456.6552109,1003
2022/10/6 02:45,0,451.6297419,988.75
2022/10/6 03:00,0,592.2544083,984
2022/10/6 03:15,0,608.2769537,981.5
2022/10/6 03:30,0,612.7596302,979
2022/10/6 03:45,0,613.5321557,993.5
2022/10/6 04:00,0,612.1319103,979
2022/10/6 04:15,0,497.1933692,986.25
2022/10/6 04:30,0,630.0637031,991
2022/10/6 04:45,0,634.7730181,988.75
2022/10/6 05:00,0,622.230285,998.25
2022/10/6 05:15,0,614.1252159,991
2022/10/6 05:30,0,599.9359433,986.25
2022/10/6 05:45,0,592.3864122,984
2022/10/6 06:00,0.003321495,567.5852499,991
2022/10/6 06:15,8.492652215,554.5611478,991
2022/10/6 06:30,31.82130701,541.4392024,993.5
2022/10/6 06:45,62.09326549,537.2746178,988.75
2022/10/6 07:00,97.06047149,525.7623511,996
2022/10/6 07:15,139.692215,521.9607162,1000.75
2022/10/6 07:30,188.9911016,515.0214323,1012.75
2022/10/6 07:45,249.4565168,493.669128,1020
2022/10/6 08:00,328.8319381,490.7095062,1029.5
2022/10/6 08:15,412.7777677,507.7160131,1032
2022/10/6 08:30,486.6885945,529.1906507,1053.5
2022/10/6 08:45,545.5730672,558.5260202,1070.25
2022/10/6 09:00,613.2434234,587.3117344,1070.25
2022/10/6 09:15,678.5975446,574.5886548,1080
2022/10/6 09:30,720.7834095,538.9430263,1068
2022/10/6 09:45,743.8101875,532.5340206,1084.75
2022/10/6 10:00,740.380505,554.2360825,1084.75
2022/10/6 10:15,753.7928717,583.7419865,1094.25
2022/10/6 10:30,796.5796787,594.3445751,1092
2022/10/6 10:45,830.6513857,613.5029913,1092
2022/10/6 11:00,861.8625813,610.6886315,1096.75
2022/10/6 11:15,901.0617863,593.7574592,1111
2022/10/6 11:30,891.18018,606.5193076,1111
2022/10/6 11:45,884.98257,619.2300265,1111
2022/10/6 12:00,879.9913651,614.0998651,1096.75
2022/10/6 12:15,881.7826315,614.7131075,1092
2022/10/6 12:30,855.463588,632.1518433,1096.75
2022/10/6 12:45,794.2201307,647.2595591,1096.75
2022/10/6 13:00,767.1499303,658.1489992,1089.5
2022/10/6 13:15,754.2347511,654.6948804,1099
2022/10/6 13:30,683.2782977,664.3374919,1099
2022/10/6 13:45,654.4591502,680.2284314,1101.5
2022/10/6 14:00,620.6546521,681.7350362,1120.75
2022/10/6 14:15,591.2532366,553.0355829,1108.75
2022/10/6 14:30,562.0929657,557.1788128,1118.25
2022/10/6 14:45,510.2852459,559.9474464,1113.5
2022/10/6 15:00,446.7331056,560.9922461,1089.5
2022/10/6 15:15,389.9238093,557.4092692,1087
2022/10/6 15:30,331.9790187,557.7150978,1072.75
2022/10/6 15:45,251.416637,555.7218742,1080
2022/10/6 16:00,189.3054141,553.3686826,1075
2022/10/6 16:15,127.3372528,553.1049554,1077.5
2022/10/6 16:30,83.03881604,546.1230543,1084.75
2022/10/6 16:45,45.24003451,549.9816785,1065.5
2022/10/6 17:00,17.96734329,550.0270354,1046.25
2022/10/6 17:15,6.694500937,548.9892761,1044
2022/10/6 17:30,0,542.4287297,1041.5
2022/10/6 17:45,0,660.5018535,1044
2022/10/6 18:00,0,644.1037984,1034.25
2022/10/6 18:15,0,631.0400362,1041.5
2022/10/6 18:30,0,631.9128747,1041.5
2022/10/6 18:45,0,622.3413988,1041.5
2022/10/6 19:00,0,619.1509766,1051
2022/10/6 19:15,0,619.0924806,1044
2022/10/6 19:30,0,628.7667056,1048.75
2022/10/6 19:45,0,622.9282885,1051
2022/10/6 20:00,0,606.0050664,1060.75
2022/10/6 20:15,0,572.1267608,1077.5
2022/10/6 20:30,0,547.9546786,1084.75
2022/10/6 20:45,0,529.9870212,1080
2022/10/6 21:00,0,528.6548128,1072.75
2022/10/6 21:15,0,526.5352593,1056
2022/10/6 21:30,0,519.1445809,1056
2022/10/6 21:45,0,543.0176935,1065.5
2022/10/6 22:00,0,572.4485902,1063
2022/10/6 22:15,0,588.2131457,1070.25
2022/10/6 22:30,0,588.8065316,1072.75
2022/10/6 22:45,0,582.7912499,1075
2022/10/6 23:00,0,576.8502623,1080
2022/10/6 23:15,0,553.7808542,1077.5
2022/10/6 23:30,0,543.8876266,1065.5
2022/10/6 23:45,0,514.741331,1060.75
2022/10/7 00:00,0,474.9214531,1046.25
2022/10/7 00:15,0,444.2832286,1048.75
2022/10/7 00:30,0,423.3992087,1060.75
2022/10/7 00:45,0,413.5008702,1060.75
2022/10/7 01:00,0,420.7204062,1053.5
2022/10/7 01:15,0,431.3175271,1053.5
2022/10/7 01:30,0,434.5835047,1060.75
2022/10/7 01:45,0,436.6862834,1051
2022/10/7 02:00,0,437.8004571,1053.5
2022/10/7 02:15,0,437.7181126,1041.5
2022/10/7 02:30,0,432.8528013,1039
2022/10/7 02:45,0,418.5348217,1044
2022/10/7 03:00,0,412.6939674,1044
2022/10/7 03:15,0,406.0779163,1036.75
2022/10/7 03:30,0,403.3418443,1032
2022/10/7 03:45,0,412.5899845,1029.5
2022/10/7 04:00,0,406.2240029,1017.5
2022/10/7 04:15,0,385.5718078,1000.75
2022/10/7 04:30,0,359.0872222,996
2022/10/7 04:45,0,346.6373742,993.5
2022/10/7 05:00,0,357.6973629,981.5
2022/10/7 05:15,0,318.725745,998.25
2022/10/7 05:30,0,309.6366582,984
2022/10/7 05:45,0,307.0328334,986.25
2022/10/7 06:00,0.002712484,268.0813858,974.25
2022/10/7 06:15,9.922112308,222.0038861,976.75
2022/10/7 06:30,41.79566173,200.2377241,993.5
2022/10/7 06:45,84.95152238,212.8624632,996
2022/10/7 07:00,125.0872763,261.9784824,1003
2022/10/7 07:15,179.9995528,364.2090206,1015
2022/10/7 07:30,231.7051954,465.1111769,1027
2022/10/7 07:45,296.0098124,506.3484983,1046.25
2022/10/7 08:00,370.585056,528.6840255,1096.75
2022/10/7 08:15,418.9919988,566.717273,1108.75
2022/10/7 08:30,469.0316095,603.3032887,1106.25
2022/10/7 08:45,526.1692807,616.9590217,1104
2022/10/7 09:00,593.5979993,605.6155005,1123
2022/10/7 09:15,616.8917589,612.7151432,1140
2022/10/7 09:30,661.0436543,484.5344659,1132.75
2022/10/7 09:45,667.8294674,478.2006176,1149.5
2022/10/7 10:00,687.365586,483.2307362,1156.75
2022/10/7 10:15,740.3103894,486.2732972,1154.25
2022/10/7 10:30,779.9594163,478.1059795,1176
2022/10/7 10:45,787.7257045,476.0827823,1173.5
2022/10/7 11:00,793.0996081,479.1894627,1185.5
2022/10/7 11:15,786.6974164,477.5280583,1188
2022/10/7 11:30,777.6514463,605.386158,1188
2022/10/7 11:45,780.1400651,615.3788007,1207
2022/10/7 12:00,775.3313691,641.8612178,1183
2022/10/7 12:15,764.8648592,659.8284125,1166.25
2022/10/7 12:30,736.9621253,664.7849459,1166.25
2022/10/7 12:45,701.5739666,653.3824462,1168.75
2022/10/7 13:00,702.8822525,512.1838054,1176
2022/10/7 13:15,686.9522994,508.5552701,1164
2022/10/7 13:30,627.6328182,530.2554668,1164
2022/10/7 13:45,568.1449178,531.7919136,1188
2022/10/7 14:00,554.174628,535.4582696,1180.75
2022/10/7 14:15,522.306014,525.410319,1159
2022/10/7 14:30,485.1977808,537.6743397,1188
2022/10/7 14:45,424.1861381,538.1450289,1183
2022/10/7 15:00,375.1742929,541.8220604,1188
2022/10/7 15:15,343.8876222,540.7967473,1154.25
2022/10/7 15:30,297.7709403,541.6557589,1156.75
2022/10/7 15:45,229.9639212,536.8478293,1142.25
2022/10/7 16:00,177.3192683,535.3777727,1144.75
2022/10/7 16:15,142.2417482,664.2784098,1128
2022/10/7 16:30,94.35302715,659.2168906,1128
2022/10/7 16:45,50.04509411,648.0780825,1123
2022/10/7 17:00,19.8160732,618.8907602,1116
2022/10/7 17:15,6.92960987,588.4405483,1111
2022/10/7 17:30,0,552.0173445,1072.75
2022/10/7 17:45,0,509.9342902,1060.75
2022/10/7 18:00,0,466.4901074,1065.5
2022/10/7 18:15,0,413.6831115,1065.5
2022/10/7 18:30,0,359.3216844,1070.25
2022/10/7 18:45,0,339.9834502,1063
2022/10/7 19:00,0,346.812662,1072.75
2022/10/7 19:15,0,363.9981868,1056
2022/10/7 19:30,0,381.6399959,1048.75
2022/10/7 19:45,0,371.8345714,1029.5
2022/10/7 20:00,0,370.1589806,1029.5
2022/10/7 20:15,0,352.4068898,1027
2022/10/7 20:30,0,299.9316923,1029.5
2022/10/7 20:45,0,276.7948182,1036.75
2022/10/7 21:00,0,249.404197,1034.25
2022/10/7 21:15,0,221.0413748,1044
2022/10/7 21:30,0,185.3179818,1034.25
2022/10/7 21:45,0,164.2709063,1041.5
2022/10/7 22:00,0,141.747681,1048.75
2022/10/7 22:15,0,129.9713631,1041.5
2022/10/7 22:30,0,134.5895595,1041.5
2022/10/7 22:45,0,148.7397274,1048.75
2022/10/7 23:00,0,169.0474287,1044
2022/10/7 23:15,0,170.6386837,1051
2022/10/7 23:30,0,186.2561488,1036.75
2022/10/7 23:45,0,193.123905,1036.75
2022/10/8 00:00,0,204.188491,1032
2022/10/8 00:15,0,211.0128157,1032
2022/10/8 00:30,0,198.8458655,1053.5
2022/10/8 00:45,0,183.2791556,1046.25
2022/10/8 01:00,0,180.6744978,1041.5
2022/10/8 01:15,0,167.6775453,1041.5
2022/10/8 01:30,0,151.2533032,1039
2022/10/8 01:45,0,134.9224622,1044
2022/10/8 02:00,0,121.7771982,1044
2022/10/8 02:15,0,102.5173186,1039
2022/10/8 02:30,0,86.28878553,1036.75
2022/10/8 02:45,0,73.37244677,1017.5
2022/10/8 03:00,0,74.44204587,1010.25
2022/10/8 03:15,0,91.9622064,984
2022/10/8 03:30,0,105.5139817,979
2022/10/8 03:45,0,106.2070841,976.75
2022/10/8 04:00,0,98.34444255,974.25
2022/10/8 04:15,0,96.98128457,984
2022/10/8 04:30,0,106.0988397,986.25
2022/10/8 04:45,0,124.1977322,984
2022/10/8 05:00,0,132.0654379,981.5
2022/10/8 05:15,0,138.9324397,984
2022/10/8 05:30,0,171.8127083,986.25
2022/10/8 05:45,0,193.638192,976.75
2022/10/8 06:00,0.002841556,235.6679535,981.5
2022/10/8 06:15,6.653183578,255.336561,984
2022/10/8 06:30,26.62939319,239.755751,1003
2022/10/8 06:45,59.23328954,220.8607794,1005.5
2022/10/8 07:00,92.91690981,241.0299336,1017.5
2022/10/8 07:15,128.9816297,298.3260889,1027
2022/10/8 07:30,157.7743982,324.5197145,1063
2022/10/8 07:45,190.6496388,331.4422926,1060.75
2022/10/8 08:00,241.1088799,344.1267832,1092
2022/10/8 08:15,287.9551452,353.0198034,1104
2022/10/8 08:30,335.7219946,341.0520796,1113.5
2022/10/8 08:45,384.3671389,352.0457592,1118.25
2022/10/8 09:00,438.6394844,364.6753632,1113.5
2022/10/8 09:15,453.5891143,380.7505568,1130.25
2022/10/8 09:30,497.4212466,424.5205658,1135
2022/10/8 09:45,521.8980681,481.4663781,1125.5
2022/10/8 10:00,548.9610752,539.0383421,1135
2022/10/8 10:15,588.5037768,566.6180525,1154.25
2022/10/8 10:30,617.5003045,561.66296,1156.75
2022/10/8 10:45,641.2893649,558.0838597,1190.25
2022/10/8 11:00,665.8285827,515.337854,1190.25
2022/10/8 11:15,681.1658948,494.5044784,1197.5
2022/10/8 11:30,685.9597433,494.1053593,1183
2022/10/8 11:45,693.1217609,476.9240317,1190.25
2022/10/8 12:00,694.0504145,485.7732965,1168.75
2022/10/8 12:15,688.1904759,487.5327985,1161.5
2022/10/8 12:30,674.8377334,453.3298683,1154.25
2022/10/8 12:45,643.7726562,434.249895,1149.5
2022/10/8 13:00,615.3410263,437.2074567,1149.5
2022/10/8 13:15,612.3857494,461.6271269,1149.5
2022/10/8 13:30,565.7787241,498.8012264,1168.75
2022/10/8 13:45,526.5279325,527.8708338,1204.75
2022/10/8 14:00,496.2271426,570.7270783,1176
2022/10/8 14:15,439.8509173,584.9181993,1173.5
2022/10/8 14:30,405.0494314,581.5267429,1171
2022/10/8 14:45,384.5888964,584.3393618,1180.75
2022/10/8 15:00,341.2500253,594.1234835,1188
2022/10/8 15:15,276.1048979,602.7902056,1185.5
2022/10/8 15:30,231.8095259,594.2508742,1192.75
2022/10/8 15:45,194.5043017,587.6818668,1185.5
2022/10/8 16:00,165.762742,616.751279,1180.75
2022/10/8 16:15,122.5591512,631.1838841,1173.5
2022/10/8 16:30,80.63153064,639.4728215,1171
2022/10/8 16:45,44.8040338,630.434895,1159
2022/10/8 17:00,17.63297956,621.5252564,1166.25
2022/10/8 17:15,6.638993786,605.8092684,1159
2022/10/8 17:30,0,573.4423798,1147
2022/10/8 17:45,0,539.5725071,1142.25
2022/10/8 18:00,0,459.5725686,1140
2022/10/8 18:15,0,428.8520048,1089.5
2022/10/8 18:30,0,438.1888414,1077.5
2022/10/8 18:45,0,463.548946,1070.25
2022/10/8 19:00,0,480.3089646,1082.25
2022/10/8 19:15,0,479.4118919,1077.5
2022/10/8 19:30,0,489.6220308,1070.25
2022/10/8 19:45,0,499.0401763,1063
2022/10/8 20:00,0,507.2590588,1058.25
2022/10/8 20:15,0,505.875107,1060.75
2022/10/8 20:30,0,478.4260286,1058.25
2022/10/8 20:45,0,446.8777351,1063
2022/10/8 21:00,0,433.1445475,1065.5
2022/10/8 21:15,0,400.2210264,1070.25
2022/10/8 21:30,0,374.224318,1063
2022/10/8 21:45,0,355.8398813,1072.75
2022/10/8 22:00,0,349.2164554,1075
2022/10/8 22:15,0,357.9845923,1068
2022/10/8 22:30,0,358.3493345,1068
2022/10/8 22:45,0,341.2581724,1063
2022/10/8 23:00,0,314.3827865,1063
2022/10/8 23:15,0,310.8649321,1063
2022/10/8 23:30,0,300.939717,1058.25
2022/10/8 23:45,0,299.6837992,1058.25
2022/10/9 00:00,0,289.2069762,1053.5
2022/10/9 00:15,0,288.8954904,1048.75
2022/10/9 00:30,0,289.0800202,1053.5
2022/10/9 00:45,0,286.428365,1058.25
2022/10/9 01:00,0,273.3673601,1039
2022/10/9 01:15,0,266.9521556,1044
2022/10/9 01:30,0,256.2350416,1048.75
2022/10/9 01:45,0,234.0864835,1046.25
2022/10/9 02:00,0,215.1786172,1048.75
2022/10/9 02:15,0,205.7670495,1039
2022/10/9 02:30,0,189.9853949,1032
2022/10/9 02:45,0,182.9167993,1027
2022/10/9 03:00,0,170.0370136,1020
2022/10/9 03:15,0,158.4351284,1015
2022/10/9 03:30,0,138.3815729,1010.25
2022/10/9 03:45,0,124.4402189,1005.5
2022/10/9 04:00,0,115.8775035,1008
2022/10/9 04:15,0,109.9431343,1010.25
2022/10/9 04:30,0,114.4444366,1008
2022/10/9 04:45,0,114.7266508,1005.5
2022/10/9 05:00,0,110.7023658,1005.5
2022/10/9 05:15,0,120.3058333,1003
2022/10/9 05:30,0,131.9327591,996
2022/10/9 05:45,0,118.8486895,996
2022/10/9 06:00,0.002855937,117.3068424,996
2022/10/9 06:15,7.127414218,120.1632225,993.5
2022/10/9 06:30,30.37582685,119.4515697,1000.75
2022/10/9 06:45,67.86005199,119.7411171,1010.25
2022/10/9 07:00,112.8790476,116.2777334,1015
2022/10/9 07:15,162.5150572,114.8141756,1027
2022/10/9 07:30,230.2381661,100.910143,1048.75
2022/10/9 07:45,304.2047586,87.38291215,1068
2022/10/9 08:00,382.2004329,81.1866371,1084.75
2022/10/9 08:15,466.2614997,77.23543249,1096.75
2022/10/9 08:30,532.4515231,70.2910073,1125.5
2022/10/9 08:45,593.3485091,67.66406027,1140
2022/10/9 09:00,662.0726161,64.04949136,1130.25
2022/10/9 09:15,722.1821006,67.24316161,1147
2022/10/9 09:30,768.7973388,62.01352666,1152
2022/10/9 09:45,810.8800835,57.11405903,1147
2022/10/9 10:00,856.0657045,60.73077388,1176
2022/10/9 10:15,893.7101923,68.62633592,1185.5
2022/10/9 10:30,919.2866266,74.54666392,1195
2022/10/9 10:45,861.4758883,60.33426804,1190.25
2022/10/9 11:00,924.4413687,95.9264347,1173.5
2022/10/9 11:15,954.2931525,94.75707218,1180.75
2022/10/9 11:30,973.1853088,90.61775247,1178.25
2022/10/9 11:45,972.8671774,101.952801,1202.25
2022/10/9 12:00,978.7538902,107.8815658,1188
2022/10/9 12:15,977.4834176,108.7965532,1154.25
2022/10/9 12:30,967.2667827,104.3424612,1159
2022/10/9 12:45,958.4364916,112.5401767,1154.25
2022/10/9 13:00,941.3169432,119.3303279,1130.25
2022/10/9 13:15,911.5637859,116.6979287,1161.5
2022/10/9 13:30,875.9094517,134.474244,1185.5
2022/10/9 13:45,831.8607008,143.8703426,1183
2022/10/9 14:00,785.24415,136.1248011,1216.75
2022/10/9 14:15,731.9342524,133.0223624,1195
2022/10/9 14:30,672.2080207,139.2960416,1188
2022/10/9 14:45,607.2504949,147.9756564,1207
2022/10/9 15:00,534.9376946,187.0492872,1192.75
2022/10/9 15:15,464.5682959,207.5526752,1221.5
2022/10/9 15:30,385.1002859,204.7531793,1214.25
2022/10/9 15:45,304.4934391,186.6960023,1216.75
2022/10/9 16:00,231.8031807,172.0454287,1216.75
2022/10/9 16:15,161.5420455,173.1408669,1204.75
2022/10/9 16:30,103.3883136,177.5350656,1183
2022/10/9 16:45,57.44135877,173.3046234,1152
2022/10/9 17:00,22.49343059,168.0676452,1156.75
2022/10/9 17:15,7.560529911,163.9681488,1164
2022/10/9 17:30,0,156.4634159,1140
2022/10/9 17:45,0,148.518595,1130.25
2022/10/9 18:00,0,141.8438411,1118.25
2022/10/9 18:15,0,88.30351167,1116
2022/10/9 18:30,0,83.16756713,1106.25
2022/10/9 18:45,0,80.13844303,1101.5
2022/10/9 19:00,0,77.99527871,1099
2022/10/9 19:15,0,80.67018618,1092
2022/10/9 19:30,0,77.16034116,1082.25
2022/10/9 19:45,0,77.82846345,1075
2022/10/9 20:00,0,78.80926082,1063
2022/10/9 20:15,0,73.08454274,1046.25
2022/10/9 20:30,0,65.67819715,1053.5
2022/10/9 20:45,0,57.39836394,1046.25
2022/10/9 21:00,0,47.56532776,1039
2022/10/9 21:15,0,40.04044213,1029.5
2022/10/9 21:30,0,30.79694448,1032
2022/10/9 21:45,0,25.67486212,1034.25
2022/10/9 22:00,0,23.01277179,1041.5
2022/10/9 22:15,0,23.44502109,1034.25
2022/10/9 22:30,0,22.66322042,1036.75
2022/10/9 22:45,0,19.25957139,1027
2022/10/9 23:00,0,16.77133618,1032
2022/10/9 23:15,0,16.05205529,1041.5
2022/10/9 23:30,0,17.15846006,1032
2022/10/9 23:45,0,15.97758755,1029.5
2022/10/10 00:00,0,8.311756942,1027
2022/10/10 00:15,0,8.443307037,1032
2022/10/10 00:30,0,8.65692805,1039
2022/10/10 00:45,0,7.919515696,1041.5
2022/10/10 01:00,0,8.009344912,1034.25
2022/10/10 01:15,0,24.96273519,1029.5
2022/10/10 01:30,0,24.83915685,1029.5
2022/10/10 01:45,0,23.31492329,1020
2022/10/10 02:00,0,23.66238802,1020
2022/10/10 02:15,0,22.65718051,1012.75
2022/10/10 02:30,0,5.115848593,1015
2022/10/10 02:45,0,4.3985092,1012.75
2022/10/10 03:00,0,3.027566801,1005.5
2022/10/10 03:15,0,2.622565677,1005.5
2022/10/10 03:30,0,2.570706668,1003
2022/10/10 03:45,0,2.77230588,1003
2022/10/10 04:00,0,11.30860943,1008
2022/10/10 04:15,0,10.84108462,1008
2022/10/10 04:30,0,11.31952709,1000.75
2022/10/10 04:45,0,11.75666392,1005.5
2022/10/10 05:00,0,12.39615553,1003
2022/10/10 05:15,0,12.59302593,996
2022/10/10 05:30,0,12.51483447,979
2022/10/10 05:45,0,12.86255109,986.25
2022/10/10 06:00,0,12.02745559,976.75
2022/10/10 06:15,6.460063028,11.24848088,991
2022/10/10 06:30,25.69956099,10.84696278,1000.75
2022/10/10 06:45,60.20970247,10.98948936,1008
2022/10/10 07:00,107.3286307,11.22173797,1008
2022/10/10 07:15,165.5004651,11.32516446,1022.25
2022/10/10 07:30,227.4448489,10.98384088,1065.5
2022/10/10 07:45,295.0201779,2.919608847,1063
2022/10/10 08:00,364.7671173,4.579608013,1080
2022/10/10 08:15,431.2056704,7.082635073,1099
2022/10/10 08:30,490.9493456,8.855760297,1123
2022/10/10 08:45,555.4605976,18.2422484,1125.5
2022/10/10 09:00,607.4358575,38.03479487,1128
2022/10/10 09:15,679.9778397,39.93941511,1130.25
2022/10/10 09:30,744.0998226,44.80583654,1161.5
2022/10/10 09:45,782.3726935,47.17694875,1161.5
2022/10/10 10:00,810.3504779,45.73154854,1168.75
2022/10/10 10:15,847.2470853,48.29303067,1183
2022/10/10 10:30,908.5937755,56.50758685,1200
2022/10/10 10:45,937.7495668,65.77063227,1240.75
2022/10/10 11:00,957.5211338,70.49855516,1207
2022/10/10 11:15,966.7143912,72.47406722,1204.75
2022/10/10 11:30,974.5401858,85.55564733,1204.75
2022/10/10 11:45,976.5144032,94.18743578,1190.25
2022/10/10 12:00,965.9883923,100.1786707,1180.75
2022/10/10 12:15,945.3449578,111.2349791,1168.75
2022/10/10 12:30,947.2628405,114.2727402,1159
2022/10/10 12:45,930.3803941,125.4500311,1168.75
2022/10/10 13:00,904.5147918,142.3003914,1176
2022/10/10 13:15,871.6208192,173.3919094,1188
2022/10/10 13:30,834.1695051,196.20933,1200
2022/10/10 13:45,789.2320376,235.7599465,1216.75
2022/10/10 14:00,725.3617038,249.6366793,1219
2022/10/10 14:15,674.5870353,262.3485281,1200
2022/10/10 14:30,619.1329939,280.3997504,1204.75
2022/10/10 14:45,554.5118761,275.191534,1204.75
2022/10/10 15:00,488.2687029,273.8001408,1207
2022/10/10 15:15,426.1920152,270.0061585,1209.5
2022/10/10 15:30,361.6462541,280.6603517,1207
2022/10/10 15:45,286.513493,270.9999138,1195
2022/10/10 16:00,207.4346078,274.5862826,1152
2022/10/10 16:15,142.9674488,299.0602409,1137.5
2022/10/10 16:30,90.29461623,318.2647441,1125.5
2022/10/10 16:45,47.98783717,356.784301,1142.25
2022/10/10 17:00,19.83610678,371.883707,1125.5
2022/10/10 17:15,6.960156318,370.1767343,1113.5
2022/10/10 17:30,0,362.0347955,1113.5
2022/10/10 17:45,0,323.8768725,1099
2022/10/10 18:00,0,297.4940732,1096.75
2022/10/10 18:15,0,280.3362815,1092
2022/10/10 18:30,0,270.7978064,1084.75
2022/10/10 18:45,0,257.7817589,1099
2022/10/10 19:00,0,246.9711713,1087
2022/10/10 19:15,0,239.0292419,1099
2022/10/10 19:30,0,212.4448983,1080
2022/10/10 19:45,0,182.5990347,1060.75
2022/10/10 20:00,0,168.0082461,1060.75
2022/10/10 20:15,0,156.9705643,1065.5
2022/10/10 20:30,0,150.2916764,1080
2022/10/10 20:45,0,142.9323223,1080
2022/10/10 21:00,0,133.1729657,1070.25
2022/10/10 21:15,0,130.0050488,1068
2022/10/10 21:30,0,115.1816692,1068
2022/10/10 21:45,0,91.02971572,1056
2022/10/10 22:00,0,81.88690344,1068
2022/10/10 22:15,0,76.42529443,1053.5
2022/10/10 22:30,0,75.23384485,1041.5
2022/10/10 22:45,0,68.02814055,1051
2022/10/10 23:00,0,67.20058013,1046.25
2022/10/10 23:15,0,63.12870941,1060.75
2022/10/10 23:30,0,57.4280211,1056
2022/10/10 23:45,0,51.39412621,1051
2022/10/11 00:00,0,49.85517906,1044
2022/10/11 00:15,0,43.44873921,1039
2022/10/11 00:30,0,40.44063799,1044
2022/10/11 00:45,0,35.31919792,1044
2022/10/11 01:00,0,34.32132819,1044
2022/10/11 01:15,0,32.36275753,1053.5
2022/10/11 01:30,0,30.94075888,1104
2022/10/11 01:45,0,26.01214738,1048.75
2022/10/11 02:00,0,26.25525905,1051
2022/10/11 02:15,0,26.16461342,1044
2022/10/11 02:30,0,24.41246052,1044
2022/10/11 02:45,0,23.50351108,1032
2022/10/11 03:00,0,22.6577285,1029.5
2022/10/11 03:15,0,21.25373912,1020
2022/10/11 03:30,0,20.89326042,1034.25
2022/10/11 03:45,0,20.7553323,1024.75
2022/10/11 04:00,0,20.76572681,1017.5
2022/10/11 04:15,0,20.65877546,1000.75
2022/10/11 04:30,0,23.12082821,991
2022/10/11 04:45,0,26.36790962,986.25
2022/10/11 05:00,0,28.48734452,991
2022/10/11 05:15,0,31.47741919,996
2022/10/11 05:30,0,33.35038335,988.75
2022/10/11 05:45,0,33.55378853,986.25
2022/10/11 06:00,0,34.62739898,993.5
2022/10/11 06:15,3.339150056,29.95963032,991
2022/10/11 06:30,18.70674139,27.6440102,993.5
2022/10/11 06:45,42.66036659,24.68548107,998.25
2022/10/11 07:00,77.71341508,24.13653852,1020
2022/10/11 07:15,116.7679843,22.54775336,1029.5
2022/10/11 07:30,160.3348618,21.01237711,1070.25
2022/10/11 07:45,211.3114413,19.40537301,1087
2022/10/11 08:00,258.7693986,19.82062386,1116
2022/10/11 08:15,306.8326316,20.29003476,1120.75
2022/10/11 08:30,364.3279449,22.45927343,1125.5
2022/10/11 08:45,427.5838573,25.85330489,1137.5
2022/10/11 09:00,477.126082,26.12167304,1149.5
2022/10/11 09:15,536.0201705,23.63280403,1152
2022/10/11 09:30,600.395971,21.90364444,1168.75
2022/10/11 09:45,662.8553858,20.78914889,1168.75
2022/10/11 10:00,706.2458805,20.87361235,1200
2022/10/11 10:15,749.7399452,22.6284699,1233.5
2022/10/11 10:30,780.8954145,25.09407279,1214.25
2022/10/11 10:45,806.3713967,23.48707155,1173.5
2022/10/11 11:00,816.9276253,22.67885233,1207
2022/10/11 11:15,844.4546623,19.12635798,1202.25
2022/10/11 11:30,875.788261,19.2455702,1197.5
2022/10/11 11:45,889.6667925,16.67616955,1195
2022/10/11 12:00,880.3274214,18.07997972,1183
2022/10/11 12:15,886.7304508,20.81628658,1166.25
2022/10/11 12:30,871.2219434,23.3137968,1161.5
2022/10/11 12:45,865.1607765,27.5684111,1171
2022/10/11 13:00,838.9442229,31.24977662,1176
2022/10/11 13:15,822.0345293,38.96962256,1180.75
2022/10/11 13:30,791.7244218,55.02316833,1192.75
2022/10/11 13:45,753.0585747,74.63465842,1183
2022/10/11 14:00,717.0160059,94.55546299,1185.5
2022/10/11 14:15,660.7553112,126.2276534,1188
2022/10/11 14:30,610.0503284,139.1720907,1192.75
2022/10/11 14:45,564.4226971,143.3608843,1188
2022/10/11 15:00,497.9456996,148.4478609,1190.25
2022/10/11 15:15,430.8329861,143.6335532,1209.5
2022/10/11 15:30,363.9491547,156.8432398,1240.75
2022/10/11 15:45,299.1183356,168.6873814,1286.25
2022/10/11 16:00,240.8002838,173.2234619,1300.75
2022/10/11 16:15,178.3295282,185.0761105,1274.25
2022/10/11 16:30,129.7078656,200.4014857,1281.5
2022/10/11 16:45,89.48202533,199.5174901,1255
2022/10/11 17:00,51.99524737,217.9557264,1233.5
2022/10/11 17:15,39.37090077,230.5876649,1224
2022/10/11 17:30,0,221.5170979,1224
2022/10/11 17:45,0,226.4986868,1209.5
2022/10/11 18:00,0,229.2134665,1204.75
2022/10/11 18:15,0,228.5194319,1197.5
2022/10/11 18:30,0,220.9261878,1204.75
2022/10/11 18:45,0,214.585427,1202.25
2022/10/11 19:00,0,215.2459827,1195
2022/10/11 19:15,0,210.9977571,1192.75
2022/10/11 19:30,0,222.4796686,1173.5
2022/10/11 19:45,0,215.8938356,1159
2022/10/11 20:00,0,204.8126967,1132.75
2022/10/11 20:15,0,190.4565909,1140
2022/10/11 20:30,0,169.4062908,1152
2022/10/11 20:45,0,154.1551815,1137.5
2022/10/11 21:00,0,136.5684208,1130.25
2022/10/11 21:15,0,117.7477089,1132.75
2022/10/11 21:30,0,92.14740239,1128
2022/10/11 21:45,0,86.74549071,1147
2022/10/11 22:00,0,79.04125785,1144.75
2022/10/11 22:15,0,65.36285765,1144.75
2022/10/11 22:30,0,58.74725879,1144.75
2022/10/11 22:45,0,51.88399915,1132.75
2022/10/11 23:00,0,43.65166912,1132.75
2022/10/11 23:15,0,36.48816944,1120.75
2022/10/11 23:30,0,29.42640352,1118.25
2022/10/11 23:45,0,24.37897598,1111
2022/10/12 00:00,0,23.17244133,1106.25
2022/10/12 00:15,0,24.2731388,1101.5
2022/10/12 00:30,0,21.35515619,1099
2022/10/12 00:45,0,20.23694411,1089.5
2022/10/12 01:00,0,20.46735978,1082.25
2022/10/12 01:15,0,17.11344224,1084.75
2022/10/12 01:30,0,16.27708724,1094.25
2022/10/12 01:45,0,16.12896327,1084.75
2022/10/12 02:00,0,17.75910997,1068
2022/10/12 02:15,0,14.74954025,1056
2022/10/12 02:30,0,12.03670513,1046.25
2022/10/12 02:45,0,11.17156781,1060.75
2022/10/12 03:00,0,10.17298595,1053.5
2022/10/12 03:15,0,10.69665623,1048.75
2022/10/12 03:30,0,12.04850089,1053.5
2022/10/12 03:45,0,13.76473987,1058.25
2022/10/12 04:00,0,15.03781383,1070.25
2022/10/12 04:15,0,14.31118484,1063
2022/10/12 04:30,0,15.05442504,1056
2022/10/12 04:45,0,15.15038017,1048.75
2022/10/12 05:00,0,14.07009632,1053.5
2022/10/12 05:15,0,11.35128598,1051
2022/10/12 05:30,0,10.56081527,1056
2022/10/12 05:45,0,11.80597303,1044
2022/10/12 06:00,0,11.85853725,1032
2022/10/12 06:15,2.842347337,11.19522921,1029.5
2022/10/12 06:30,17.6994909,10.63006305,1029.5
2022/10/12 06:45,44.2493869,9.583708331,1029.5
2022/10/12 07:00,81.1468631,8.149426587,1027
2022/10/12 07:15,126.8638903,7.568360707,1046.25
2022/10/12 07:30,177.988106,7.96648538,1058.25
2022/10/12 07:45,231.9131272,8.970923693,1080
2022/10/12 08:00,287.4290816,9.286056903,1099
2022/10/12 08:15,334.6511466,8.975874155,1094.25
2022/10/12 08:30,382.0915851,8.808537941,1094.25
2022/10/12 08:45,431.8979463,10.17400286,1096.75
2022/10/12 09:00,490.7194742,9.044469828,1082.25
2022/10/12 09:15,552.3037932,8.951938683,1101.5
2022/10/12 09:30,602.3853783,10.77027614,1099
2022/10/12 09:45,653.4107998,14.19035418,1118.25
2022/10/12 10:00,710.5460924,13.47685497,1132.75
2022/10/12 10:15,758.6123358,13.7141078,1152
2022/10/12 10:30,802.5319126,16.00939685,1159
2022/10/12 10:45,833.9170387,21.88450658,1173.5
2022/10/12 11:00,858.9605094,31.28864703,1161.5
2022/10/12 11:15,889.0944353,39.10340996,1156.75
2022/10/12 11:30,896.4311182,47.05952011,1144.75
2022/10/12 11:45,908.9888052,57.40259315,1149.5
2022/10/12 12:00,907.5114131,70.87075865,1144.75
2022/10/12 12:15,904.0118228,84.64383508,1130.25
2022/10/12 12:30,907.3592937,87.77482187,1132.75
2022/10/12 12:45,876.607899,90.73865706,1135
2022/10/12 13:00,851.4923551,93.8700555,1144.75
2022/10/12 13:15,826.8976484,95.36440088,1147
2022/10/12 13:30,789.4483224,96.98225989,1147
2022/10/12 13:45,751.3136143,95.26476142,1149.5
2022/10/12 14:00,711.0993079,98.7379086,1152
2022/10/12 14:15,661.1253307,101.0771207,1147
2022/10/12 14:30,606.6785001,102.1383457,1142.25
2022/10/12 14:45,556.6472467,103.196778,1142.25
2022/10/12 15:00,502.2248171,110.8986741,1125.5
2022/10/12 15:15,439.7512391,109.3981489,1123
2022/10/12 15:30,372.9482542,108.8084547,1123
2022/10/12 15:45,311.5110091,111.0129323,1147
2022/10/12 16:00,248.5147643,117.7575189,1144.75
2022/10/12 16:15,190.8365228,113.377588,1123
2022/10/12 16:30,142.7796157,111.334731,1113.5
2022/10/12 16:45,106.2035162,108.489272,1099
2022/10/12 17:00,75.2339468,109.7939455,1101.5
2022/10/12 17:15,61.23948957,106.7462617,1096.75
2022/10/12 17:30,0,97.54407237,1092
2022/10/12 17:45,0,91.68666436,1087
2022/10/12 18:00,0,101.145502,1087
2022/10/12 18:15,0,107.3758901,1089.5
2022/10/12 18:30,0,90.01545347,1080
2022/10/12 18:45,0,72.06116781,1087
2022/10/12 19:00,0,60.14625476,1094.25
2022/10/12 19:15,0,52.79173493,1084.75
2022/10/12 19:30,0,41.85953064,1106.25
2022/10/12 19:45,0,31.11431165,1106.25
2022/10/12 20:00,0,23.69238697,1096.75
2022/10/12 20:15,0,18.220349,1094.25
2022/10/12 20:30,0,13.75271045,1099
2022/10/12 20:45,0,14.0213716,1106.25
2022/10/12 21:00,0,14.0865131,1096.75
2022/10/12 21:15,0,14.30424715,1104
2022/10/12 21:30,0,14.41146695,1089.5
2022/10/12 21:45,0,16.08477435,1099
2022/10/12 22:00,0,14.38686331,1096.75
2022/10/12 22:15,0,10.96892346,1099
2022/10/12 22:30,0,8.972989119,1096.75
2022/10/12 22:45,0,7.447788883,1094.25
2022/10/12 23:00,0,7.397271699,1096.75
2022/10/12 23:15,0,7.365839933,1094.25
2022/10/12 23:30,0,6.977154695,1087
2022/10/12 23:45,0,7.098177665,1077.5
2022/10/13 00:00,0,7.017326536,1075
2022/10/13 00:15,0,7.02185806,1063
2022/10/13 00:30,0,6.988038186,1070.25
2022/10/13 00:45,0,7.203140216,1053.5
2022/10/13 01:00,0,7.197437115,1058.25
2022/10/13 01:15,0,7.267752345,1058.25
2022/10/13 01:30,0,7.208098254,1068
2022/10/13 01:45,0,7.854851289,1060.75
2022/10/13 02:00,0,8.012796293,1063
2022/10/13 02:15,0,9.207817658,1058.25
2022/10/13 02:30,0,10.10941823,1053.5
2022/10/13 02:45,0,9.531701488,1036.75
2022/10/13 03:00,0,8.682519581,1029.5
2022/10/13 03:15,0,8.169012405,1027
2022/10/13 03:30,0,9.360475076,1027
2022/10/13 03:45,0,10.0564471,1036.75
2022/10/13 04:00,0,10.05536081,1039
2022/10/13 04:15,0,10.08312111,1041.5
2022/10/13 04:30,0,11.51813901,1032
2022/10/13 04:45,0,12.55709288,1032
2022/10/13 05:00,0,11.73476966,1032
2022/10/13 05:15,0,13.28290691,1034.25
2022/10/13 05:30,0,17.31214354,1032
2022/10/13 05:45,0,21.30994573,1017.5
2022/10/13 06:00,0,28.71620924,1027
2022/10/13 06:15,3.773982441,29.76854105,1012.75
2022/10/13 06:30,15.23953585,31.68440414,1017.5
2022/10/13 06:45,33.97339034,33.90370565,1022.25
2022/10/13 07:00,60.7855641,35.04876727,1027
2022/10/13 07:15,96.0718724,40.10716255,1039
2022/10/13 07:30,141.0204876,48.11218217,1063
2022/10/13 07:45,183.4125755,51.63566371,1060.75
2022/10/13 08:00,236.4222485,51.1045908,1070.25
2022/10/13 08:15,284.2162859,51.68722503,1080
2022/10/13 08:30,342.7341116,53.7202047,1087
2022/10/13 08:45,386.4917916,66.18505512,1077.5
2022/10/13 09:00,435.4183449,79.79243096,1070.25
2022/10/13 09:15,499.5216935,89.0211339,1077.5
2022/10/13 09:30,560.5575006,88.70803034,1094.25
2022/10/13 09:45,613.406919,100.7919446,1132.75
2022/10/13 10:00,659.1060738,131.0737341,1144.75
2022/10/13 10:15,708.7941874,182.6800992,1152
2022/10/13 10:30,771.6118024,215.8429933,1137.5
2022/10/13 10:45,820.21953,253.9624673,1125.5
2022/10/13 11:00,865.3689332,276.5678662,1130.25
2022/10/13 11:15,909.551345,296.5871106,1140
2022/10/13 11:30,937.1312196,331.7749193,1144.75
2022/10/13 11:45,945.0703558,362.2836863,1137.5
2022/10/13 12:00,951.5013401,382.2576396,1137.5
2022/10/13 12:15,952.9204005,390.2942421,1123
2022/10/13 12:30,947.582633,405.4058466,1135
2022/10/13 12:45,936.6345133,424.8778872,1120.75
2022/10/13 13:00,913.8489003,438.99277,1120.75
2022/10/13 13:15,875.6875197,464.550878,1111
2022/10/13 13:30,829.647916,509.0568112,1123
2022/10/13 13:45,782.5752395,542.952996,1118.25
2022/10/13 14:00,744.4586219,563.1428772,1123
2022/10/13 14:15,698.1924927,446.2095618,1118.25
2022/10/13 14:30,641.5339389,440.2252527,1096.75
2022/10/13 14:45,576.7712215,547.1392514,1092
2022/10/13 15:00,510.76287,547.2816208,1094.25
2022/10/13 15:15,437.4760004,560.4989991,1101.5
2022/10/13 15:30,363.0343076,590.6264524,1104
2022/10/13 15:45,287.9019636,612.9075512,1116
2022/10/13 16:00,216.338089,628.6611161,1101.5
2022/10/13 16:15,150.6136069,652.6696585,1116
2022/10/13 16:30,94.14215892,658.7938721,1108.75
2022/10/13 16:45,49.63681336,652.7996795,1104
2022/10/13 17:00,19.7542209,641.0075407,1087
2022/10/13 17:15,5.843613553,626.8058804,1075
2022/10/13 17:30,0,613.5123587,1070.25
2022/10/13 17:45,0,600.9574617,1068
2022/10/13 18:00,0,590.052972,1070.25
2022/10/13 18:15,0,581.8726663,1053.5
2022/10/13 18:30,0,579.356855,1048.75
2022/10/13 18:45,0,580.7532311,1056
2022/10/13 19:00,0,570.5769791,1068
2022/10/13 19:15,0,537.46567,1048.75
2022/10/13 19:30,0,495.6542284,1058.25
2022/10/13 19:45,0,473.6679626,1053.5
2022/10/13 20:00,0,468.1436832,1063
2022/10/13 20:15,0,469.4668235,1053.5
2022/10/13 20:30,0,472.8007655,1060.75
2022/10/13 20:45,0,488.4316699,1063
2022/10/13 21:00,0,518.3636706,1053.5
2022/10/13 21:15,0,534.578263,1060.75
2022/10/13 21:30,0,544.2941577,1056
2022/10/13 21:45,0,544.1594462,1058.25
2022/10/13 22:00,0,540.9363328,1060.75
2022/10/13 22:15,0,520.7945412,1056
2022/10/13 22:30,0,486.4231645,1053.5
2022/10/13 22:45,0,463.7162647,1051
2022/10/13 23:00,0,443.6674038,1058.25
2022/10/13 23:15,0,426.5960677,1063
2022/10/13 23:30,0,423.5822128,1058.25
2022/10/13 23:45,0,411.3467589,1053.5
2022/10/14 00:00,0,422.781466,1051
2022/10/14 00:15,0,443.098378,1051
2022/10/14 00:30,0,439.4709416,1048.75
2022/10/14 00:45,0,433.8985516,1058.25
2022/10/14 01:00,0,427.1732999,1063
2022/10/14 01:15,0,406.5220258,1068
2022/10/14 01:30,0,375.2048148,1072.75
2022/10/14 01:45,0,345.5947572,1068
2022/10/14 02:00,0,329.4122484,1068
2022/10/14 02:15,0,317.6148576,1058.25
2022/10/14 02:30,0,327.0761001,1063
2022/10/14 02:45,0,332.6043426,1056
2022/10/14 03:00,0,330.6692208,1039
2022/10/14 03:15,0,332.542071,1048.75
2022/10/14 03:30,0,336.7272813,1039
2022/10/14 03:45,0,335.3733689,1044
2022/10/14 04:00,0,345.6721778,1046.25
2022/10/14 04:15,0,342.3106606,1044
2022/10/14 04:30,0,326.2140995,1041.5
2022/10/14 04:45,0,311.0608868,1041.5
2022/10/14 05:00,0,289.2413196,1036.75
2022/10/14 05:15,0,269.0838284,1039
2022/10/14 05:30,0,260.3573779,1032
2022/10/14 05:45,0,245.2557089,1032
2022/10/14 06:00,0,228.1958098,1032
2022/10/14 06:15,3.795039791,206.9211446,1029.5
2022/10/14 06:30,18.71971885,203.4686616,1032
2022/10/14 06:45,44.83541061,191.8508049,1034.25
2022/10/14 07:00,79.82450579,177.052177,1044
2022/10/14 07:15,124.3580116,171.2160565,1060.75
2022/10/14 07:30,177.7352825,172.6205887,1116
2022/10/14 07:45,235.0148502,200.4689381,1120.75
2022/10/14 08:00,293.7224313,255.8196821,1125.5
2022/10/14 08:15,345.2654616,305.4892062,1125.5
2022/10/14 08:30,394.6746555,347.9334456,1125.5
2022/10/14 08:45,435.8765077,397.8148735,1130.25
2022/10/14 09:00,477.924564,428.3548719,1125.5
2022/10/14 09:15,541.6157849,430.8488126,1140
2022/10/14 09:30,588.3330121,438.5737477,1149.5
2022/10/14 09:45,635.1454066,441.7760687,1161.5
2022/10/14 10:00,666.5865356,472.9183514,1166.25
2022/10/14 10:15,703.1124303,510.4389624,1176
2022/10/14 10:30,750.73574,549.4134376,1171
2022/10/14 10:45,782.6205894,563.7175757,1166.25
2022/10/14 11:00,811.734546,567.9701265,1156.75
2022/10/14 11:15,840.7206113,581.0764801,1185.5
2022/10/14 11:30,874.7312911,588.0786193,1183
2022/10/14 11:45,886.2008504,606.1267498,1180.75
2022/10/14 12:00,899.4868062,496.8877289,1178.25
2022/10/14 12:15,910.109598,492.6161567,1183
2022/10/14 12:30,901.5935487,472.0059668,1183
2022/10/14 12:45,891.3412905,470.0563371,1188
2022/10/14 13:00,873.3857035,480.1984962,1180.75
2022/10/14 13:15,834.4159036,489.1280965,1190.25
2022/10/14 13:30,801.5367403,488.9397086,1202.25
2022/10/14 13:45,764.9403442,611.8390172,1207
2022/10/14 14:00,719.5513277,601.2887044,1221.5
2022/10/14 14:15,670.4064115,577.6269376,1202.25
2022/10/14 14:30,615.5910581,547.8473892,1176
2022/10/14 14:45,556.7064744,520.7682368,1185.5
2022/10/14 15:00,496.4143111,470.8907568,1183
2022/10/14 15:15,424.9019839,452.4444886,1176
2022/10/14 15:30,350.7901238,448.4769474,1166.25
2022/10/14 15:45,276.469233,453.607671,1156.75
2022/10/14 16:00,206.0151159,477.8742323,1159
2022/10/14 16:15,144.8220441,494.1585146,1156.75
2022/10/14 16:30,91.4204613,508.5715532,1123
2022/10/14 16:45,49.17430246,513.9101765,1118.25
2022/10/14 17:00,20.74189337,518.4410495,1101.5
2022/10/14 17:15,6.899139164,519.9525584,1104
2022/10/14 17:30,0,522.6790752,1092
2022/10/14 17:45,0,504.4394915,1075
2022/10/14 18:00,0,474.9917318,1072.75
2022/10/14 18:15,0,465.8967659,1060.75
2022/10/14 18:30,0,443.0820332,1058.25
2022/10/14 18:45,0,414.7558886,1060.75
2022/10/14 19:00,0,396.6669617,1063
2022/10/14 19:15,0,482.2808911,1082.25
2022/10/14 19:30,0,479.7421816,1087
2022/10/14 19:45,0,458.971076,1068
2022/10/14 20:00,0,449.9868694,1077.5
2022/10/14 20:15,0,434.7020421,1094.25
2022/10/14 20:30,0,420.8212673,1092
2022/10/14 20:45,0,398.7528278,1084.75
2022/10/14 21:00,0,371.9453142,1087
2022/10/14 21:15,0,346.4545327,1077.5
2022/10/14 21:30,0,322.4684659,1070.25
2022/10/14 21:45,0,300.1180653,1082.25
2022/10/14 22:00,0,282.1853999,1082.25
2022/10/14 22:15,0,273.0537371,1080
2022/10/14 22:30,0,262.139196,1068
2022/10/14 22:45,0,239.6895047,1068
2022/10/14 23:00,0,227.5570084,1072.75
2022/10/14 23:15,0,219.1006278,1072.75
2022/10/14 23:30,0,208.6352384,1063
2022/10/14 23:45,0,209.8844107,1063
2022/10/15 00:00,0,211.3331249,1060.75
2022/10/15 00:15,0,213.8834654,1058.25
2022/10/15 00:30,0,227.3754091,1068
2022/10/15 00:45,0,237.1166703,1065.5
2022/10/15 01:00,0,230.9248674,1068
2022/10/15 01:15,0,223.5671986,1072.75
2022/10/15 01:30,0,207.9797456,1072.75
2022/10/15 01:45,0,197.1835745,1065.5
2022/10/15 02:00,0,186.0714433,1063
2022/10/15 02:15,0,189.8085312,1056
2022/10/15 02:30,0,185.0282505,1048.75
2022/10/15 02:45,0,172.5011664,1041.5
2022/10/15 03:00,0,164.0360717,1039
2022/10/15 03:15,0,156.9677047,1032
2022/10/15 03:30,0,152.9071751,1017.5
2022/10/15 03:45,0,143.9810884,1017.5
2022/10/15 04:00,0,139.3399018,1015
2022/10/15 04:15,0,143.0537529,1012.75
2022/10/15 04:30,0,144.6416287,1012.75
2022/10/15 04:45,0,143.7145952,1015
2022/10/15 05:00,0,139.9767488,1010.25
2022/10/15 05:15,0,132.2749106,1010.25
2022/10/15 05:30,0,131.7224613,1000.75
2022/10/15 05:45,0,130.1738045,1000.75
2022/10/15 06:00,0,122.4196681,1005.5
2022/10/15 06:15,4.11231776,119.7357199,1008
2022/10/15 06:30,22.16273732,115.0093228,1005.5
2022/10/15 06:45,53.36111108,99.03382038,1010.25
2022/10/15 07:00,97.98433412,82.89905735,1024.75
2022/10/15 07:15,152.6393082,69.61457376,1027
2022/10/15 07:30,217.0828017,63.63494347,1051
2022/10/15 07:45,288.9648755,52.82649491,1080
2022/10/15 08:00,362.4888891,44.11132772,1092
2022/10/15 08:15,436.6663604,43.7629616,1108.75
2022/10/15 08:30,501.7238889,49.7460315,1132.75
2022/10/15 08:45,561.9950549,55.39432893,1130.25
2022/10/15 09:00,618.4915478,50.81033664,1156.75
2022/10/15 09:15,674.1724108,52.7279973,1159
2022/10/15 09:30,717.0825869,51.7717529,1173.5
2022/10/15 09:45,766.3489462,54.72156921,1161.5
2022/10/15 10:00,805.0550223,63.59571406,1195
2022/10/15 10:15,842.9262401,59.35920237,1195
2022/10/15 10:30,859.5073711,51.12273776,1195
2022/10/15 10:45,877.7953132,48.47303713,1195
2022/10/15 11:00,901.891549,50.79914123,1202.25
2022/10/15 11:15,925.7172965,63.55393066,1197.5
2022/10/15 11:30,924.8037874,90.62205265,1195
2022/10/15 11:45,930.9873799,105.7315437,1207
2022/10/15 12:00,919.7213275,143.7053422,1202.25
2022/10/15 12:15,907.8430601,177.4435618,1176
2022/10/15 12:30,890.0214874,217.7796205,1164
2022/10/15 12:45,875.1671568,271.6176692,1183
2022/10/15 13:00,848.4154582,367.1963269,1188
2022/10/15 13:15,806.6730295,466.7572934,1188
2022/10/15 13:30,759.7488346,533.9713477,1202.25
2022/10/15 13:45,706.3415147,545.4884158,1204.75
2022/10/15 14:00,653.2487761,560.0459588,1224
2022/10/15 14:15,612.3868728,650.841934,1214.25
2022/10/15 14:30,544.1054236,658.2419997,1216.75
2022/10/15 14:45,481.6891224,661.2918513,1216.75
2022/10/15 15:00,416.0667036,673.8668768,1209.5
2022/10/15 15:15,364.6163142,683.7786433,1214.25
2022/10/15 15:30,293.2570433,624.0319541,1219
2022/10/15 15:45,232.0692933,632.696201,1219
2022/10/15 16:00,171.6013323,599.313458,1200
2022/10/15 16:15,125.1612559,587.3773911,1173.5
2022/10/15 16:30,80.88098481,542.409767,1159
2022/10/15 16:45,41.59983987,543.9200447,1154.25
2022/10/15 17:00,17.53912365,514.8587009,1173.5
2022/10/15 17:15,5.89173512,500.5015285,1149.5
2022/10/15 17:30,0,476.9542067,1135
2022/10/15 17:45,0,495.4204472,1130.25
2022/10/15 18:00,0,474.989422,1128
2022/10/15 18:15,0,511.2971787,1120.75
2022/10/15 18:30,0,524.8640993,1108.75
2022/10/15 18:45,0,524.1199655,1108.75
2022/10/15 19:00,0,526.6141545,1118.25
2022/10/15 19:15,0,540.9799383,1118.25
2022/10/15 19:30,0,549.4620132,1123
2022/10/15 19:45,0,547.4529344,1113.5
2022/10/15 20:00,0,539.0871389,1082.25
2022/10/15 20:15,0,516.2903799,1065.5
2022/10/15 20:30,0,485.4882586,1046.25
2022/10/15 20:45,0,480.2904085,1051
2022/10/15 21:00,0,464.9782573,1051
2022/10/15 21:15,0,423.6862491,1051
2022/10/15 21:30,0,397.6800829,1044
2022/10/15 21:45,0,394.3792184,1044
2022/10/15 22:00,0,393.4308156,1048.75
2022/10/15 22:15,0,402.0965802,1046.25
2022/10/15 22:30,0,446.9442568,1048.75
2022/10/15 22:45,0,484.3312828,1032
2022/10/15 23:00,0,481.0432122,1032
2022/10/15 23:15,0,520.4927428,1029.5
2022/10/15 23:30,0,524.4569182,1022.25
2022/10/15 23:45,0,547.0495791,1020
2022/10/16 00:00,0,583.8724702,1017.5
2022/10/16 00:15,0,620.2684618,996
2022/10/16 00:30,0,646.3128684,1008
2022/10/16 00:45,0,674.8809064,1020
2022/10/16 01:00,0,674.3246286,1012.75
2022/10/16 01:15,0,667.4480743,1020
2022/10/16 01:30,0,639.5166677,1032
2022/10/16 01:45,0,619.2748374,1029.5
2022/10/16 02:00,0,603.1627028,1029.5
2022/10/16 02:15,0,611.4634258,1029.5
2022/10/16 02:30,0,590.125914,1017.5
2022/10/16 02:45,0,577.2021103,993.5
2022/10/16 03:00,0,569.030023,972
2022/10/16 03:15,0,565.2717732,969.5
2022/10/16 03:30,0,601.3980425,976.75
2022/10/16 03:45,0,620.4205008,967
2022/10/16 04:00,0,639.8557826,976.75
2022/10/16 04:15,0,651.7437752,976.75
2022/10/16 04:30,0,654.8851739,976.75
2022/10/16 04:45,0,635.0096027,974.25
2022/10/16 05:00,0,585.9992593,976.75
2022/10/16 05:15,0,533.6931622,972
2022/10/16 05:30,0,504.9836235,972
2022/10/16 05:45,0,485.1571042,972
2022/10/16 06:00,0,478.7194712,969.5
2022/10/16 06:15,2.79812494,475.827122,972
2022/10/16 06:30,15.71090403,495.6217151,974.25
2022/10/16 06:45,37.25478606,499.893361,991
2022/10/16 07:00,63.50846899,465.6063979,1005.5
2022/10/16 07:15,92.44535695,445.8854097,1032
2022/10/16 07:30,138.61314,459.1599722,1094.25
2022/10/16 07:45,180.3318801,467.4809957,1080
2022/10/16 08:00,228.3166795,454.0915091,1087
2022/10/16 08:15,289.4292095,420.1738067,1101.5
2022/10/16 08:30,323.653935,389.6174741,1116
2022/10/16 08:45,356.8461566,373.0753769,1120.75
2022/10/16 09:00,413.0062094,399.0919516,1120.75
2022/10/16 09:15,472.4770591,427.6220325,1140
2022/10/16 09:30,530.5125871,439.067703,1152
2022/10/16 09:45,573.4129618,453.8420541,1159
2022/10/16 10:00,609.0180181,453.363628,1171
2022/10/16 10:15,656.384314,465.4268983,1176
2022/10/16 10:30,683.2096373,506.0199787,1214.25
2022/10/16 10:45,632.1767536,526.5703274,1195
2022/10/16 11:00,722.8538976,535.7355949,1200
2022/10/16 11:15,754.6079426,533.0949242,1192.75
2022/10/16 11:30,772.4069253,542.5902295,1178.25
2022/10/16 11:45,787.2012029,538.0141133,1185.5
2022/10/16 12:00,783.7739758,567.0498033,1185.5
2022/10/16 12:15,771.1216271,599.9693251,1180.75
2022/10/16 12:30,760.1965786,612.598414,1176
2022/10/16 12:45,740.4832039,608.1897709,1173.5
2022/10/16 13:00,713.1577093,615.3783386,1190.25
2022/10/16 13:15,692.0949316,629.1279318,1195
2022/10/16 13:30,657.9077482,634.0737172,1216.75
2022/10/16 13:45,629.4947284,637.2347852,1216.75
2022/10/16 14:00,592.5843115,642.4369538,1228.75
2022/10/16 14:15,571.9903313,639.7997531,1221.5
2022/10/16 14:30,520.7409532,632.7123823,1224
2022/10/16 14:45,476.6053951,614.6529427,1214.25
2022/10/16 15:00,414.4111286,585.845507,1209.5
2022/10/16 15:15,353.958219,564.6433576,1212
2022/10/16 15:30,297.9030451,548.4043225,1204.75
2022/10/16 15:45,246.7217501,500.9381693,1221.5
2022/10/16 16:00,193.6955318,472.3487627,1226.25
2022/10/16 16:15,137.3085776,437.5945176,1190.25
2022/10/16 16:30,83.59577351,415.9403078,1202.25
2022/10/16 16:45,52.14437011,410.4086204,1214.25
2022/10/16 17:00,28.94805427,389.3266076,1159
2022/10/16 17:15,18.0736158,356.5925704,1161.5
2022/10/16 17:30,0.403815449,314.4316742,1154.25
2022/10/16 17:45,0,296.2871659,1120.75
2022/10/16 18:00,0,266.2619305,1147
2022/10/16 18:15,0,257.0093243,1149.5
2022/10/16 18:30,0,232.0895531,1144.75
2022/10/16 18:45,0,208.1913414,1125.5
2022/10/16 19:00,0,188.160587,1099
2022/10/16 19:15,0,171.6287629,1089.5
2022/10/16 19:30,0,172.5390985,1082.25
2022/10/16 19:45,0,169.3894117,1084.75
2022/10/16 20:00,0,165.5162251,1087
2022/10/16 20:15,0,148.6066807,1082.25
2022/10/16 20:30,0,127.0686334,1087
2022/10/16 20:45,0,112.5355609,1075
2022/10/16 21:00,0,91.84662173,1065.5
2022/10/16 21:15,0,69.7585258,1060.75
2022/10/16 21:30,0,56.33962165,1089.5
2022/10/16 21:45,0,46.95118255,1082.25
2022/10/16 22:00,0,52.0094292,1084.75
2022/10/16 22:15,0,53.7853034,1082.25
2022/10/16 22:30,0,56.82454221,1082.25
2022/10/16 22:45,0,54.05005713,1077.5
2022/10/16 23:00,0,47.03278122,1080
2022/10/16 23:15,0,42.39560701,1082.25
2022/10/16 23:30,0,42.38296306,1075
2022/10/16 23:45,0,41.14731017,1072.75
2022/10/17 00:00,0,36.97555546,1070.25
2022/10/17 00:15,0,31.95202175,1075
2022/10/17 00:30,0,31.14025194,1084.75
2022/10/17 00:45,0,34.72164749,1080
2022/10/17 01:00,0,39.71719999,1072.75
2022/10/17 01:15,0,39.61989215,1072.75
2022/10/17 01:30,0,42.68816893,1068
2022/10/17 01:45,0,44.83617157,1068
2022/10/17 02:00,0,45.91050622,1077.5
2022/10/17 02:15,0,49.67746044,1065.5
2022/10/17 02:30,0,55.49828389,1065.5
2022/10/17 02:45,0,68.03620544,1063
2022/10/17 03:00,0,87.34579814,1048.75
2022/10/17 03:15,0,90.85824265,1048.75
2022/10/17 03:30,0,95.73590229,1048.75
2022/10/17 03:45,0,97.6233766,1058.25
2022/10/17 04:00,0,101.2686586,1063
2022/10/17 04:15,0,93.67877189,1063
2022/10/17 04:30,0,81.11465367,1065.5
2022/10/17 04:45,0,83.1063257,1065.5
2022/10/17 05:00,0,78.90342038,1063
2022/10/17 05:15,0,66.71933955,1063
2022/10/17 05:30,0,56.16507642,1056
2022/10/17 05:45,0,50.71572063,1060.75
2022/10/17 06:00,0,62.21058571,1053.5
2022/10/17 06:15,3.474150699,67.20391528,1046.25
2022/10/17 06:30,19.20898412,64.19480643,1051
2022/10/17 06:45,45.24243122,69.91290886,1056
2022/10/17 07:00,83.82971158,67.04561031,1068
2022/10/17 07:15,126.6629295,68.2604082,1077.5
2022/10/17 07:30,175.0415883,81.88267265,1113.5
2022/10/17 07:45,229.5927731,85.91053352,1116
2022/10/17 08:00,295.4853412,90.17728481,1130.25
2022/10/17 08:15,350.2926019,95.00595606,1142.25
2022/10/17 08:30,401.3524585,97.43677077,1152
2022/10/17 08:45,458.7796422,92.80959509,1152
2022/10/17 09:00,518.7425145,102.6757723,1159
2022/10/17 09:15,575.8393375,116.9387393,1168.75
2022/10/17 09:30,628.2193685,110.3847153,1200
2022/10/17 09:45,680.3815236,110.4643166,1185.5
2022/10/17 10:00,732.350818,105.0582363,1224
2022/10/17 10:15,780.3951831,78.94026346,1216.75
2022/10/17 10:30,819.4856832,74.17002762,1221.5
2022/10/17 10:45,870.2031938,68.0614562,1224
2022/10/17 11:00,906.9451006,61.11678497,1224
2022/10/17 11:15,924.4963604,59.82835214,1212
2022/10/17 11:30,936.8556342,62.28912319,1216.75
2022/10/17 11:45,936.4300422,59.3754556,1212
2022/10/17 12:00,927.8871632,59.92942875,1180.75
2022/10/17 12:15,922.5210473,59.99076044,1171
2022/10/17 12:30,907.4466733,59.04796839,1149.5
2022/10/17 12:45,884.8715742,57.80229402,1147
2022/10/17 13:00,848.6242662,61.5896476,1156.75
2022/10/17 13:15,824.4495946,60.84507087,1178.25
2022/10/17 13:30,792.4351044,55.82361109,1195
2022/10/17 13:45,758.0990996,49.79525239,1236
2022/10/17 14:00,724.8899615,42.4739959,1255
2022/10/17 14:15,674.5737378,42.09723959,1233.5
2022/10/17 14:30,624.8328493,42.19918784,1214.25
2022/10/17 14:45,563.9072703,50.15564611,1197.5
2022/10/17 15:00,492.3184988,60.89326195,1204.75
2022/10/17 15:15,425.9389756,77.49822888,1200
2022/10/17 15:30,350.7126524,86.60529604,1171
2022/10/17 15:45,275.0645595,100.2957054,1173.5
2022/10/17 16:00,206.0861912,103.8554089,1190.25
2022/10/17 16:15,144.7332999,112.7176253,1207
2022/10/17 16:30,89.90880855,103.1178217,1183
2022/10/17 16:45,46.62432182,99.15354288,1180.75
2022/10/17 17:00,19.08001611,100.9932367,1183
2022/10/17 17:15,7.766187685,106.3825315,1178.25
2022/10/17 17:30,0,115.6742703,1147
2022/10/17 17:45,0,125.6073444,1123
2022/10/17 18:00,0,127.3572975,1116
2022/10/17 18:15,0,136.3930516,1106.25
2022/10/17 18:30,0,139.7801015,1094.25
2022/10/17 18:45,0,147.7980323,1094.25
2022/10/17 19:00,0,164.4436848,1099
2022/10/17 19:15,0,162.7202547,1089.5
2022/10/17 19:30,0,155.3282529,1082.25
2022/10/17 19:45,0,153.806984,1065.5
2022/10/17 20:00,0,149.5395101,1068
2022/10/17 20:15,0,135.6825612,1060.75
2022/10/17 20:30,0,129.4931062,1070.25
2022/10/17 20:45,0,118.8609303,1072.75
2022/10/17 21:00,0,121.9387003,1065.5
2022/10/17 21:15,0,145.0047314,1046.25
2022/10/17 21:30,0,173.0787592,1051
2022/10/17 21:45,0,189.5148852,1048.75
2022/10/17 22:00,0,201.7028926,1056
2022/10/17 22:15,0,211.4493592,1058.25
2022/10/17 22:30,0,208.2379923,1048.75
2022/10/17 22:45,0,216.7362256,1048.75
2022/10/17 23:00,0,212.7830953,1041.5
2022/10/17 23:15,0,217.3964726,1034.25
2022/10/17 23:30,0,230.2158158,1029.5
2022/10/17 23:45,0,236.1394113,1027
2022/10/18 00:00,0,248.5651629,1027
2022/10/18 00:15,0,249.6966068,1008
2022/10/18 00:30,0,254.842387,1008
2022/10/18 00:45,0,258.8040271,1015
2022/10/18 01:00,0,264.6841748,1010.25
2022/10/18 01:15,0,273.7296707,1005.5
2022/10/18 01:30,0,284.4629401,1015
2022/10/18 01:45,0,294.6985128,1008
2022/10/18 02:00,0,285.1247668,1005.5
2022/10/18 02:15,0,278.6496359,1000.75
2022/10/18 02:30,0,284.7774506,996
2022/10/18 02:45,0,275.4019758,991
2022/10/18 03:00,0,248.0651582,988.75
2022/10/18 03:15,0,230.927129,988.75
2022/10/18 03:30,0,230.0757489,986.25
2022/10/18 03:45,0,221.2533889,991
2022/10/18 04:00,0,200.1452469,991
2022/10/18 04:15,0,180.7210238,996
2022/10/18 04:30,0,169.716618,991
2022/10/18 04:45,0,171.7428254,993.5
2022/10/18 05:00,0,179.9120302,988.75
2022/10/18 05:15,0,180.4324673,986.25
2022/10/18 05:30,0,183.5892766,981.5
2022/10/18 05:45,0,182.8247989,984
2022/10/18 06:00,0,192.7260318,974.25
2022/10/18 06:15,3.411159715,207.4362293,979
2022/10/18 06:30,19.01826737,211.9228196,996
2022/10/18 06:45,45.81743058,202.0675379,1000.75
2022/10/18 07:00,86.31137819,187.2915709,1012.75
2022/10/18 07:15,136.4196167,168.7097407,1036.75
2022/10/18 07:30,195.7927577,153.9160359,1070.25
2022/10/18 07:45,259.2862772,146.2058352,1125.5
2022/10/18 08:00,330.6351137,141.4431881,1123
2022/10/18 08:15,402.800156,154.6136385,1125.5
2022/10/18 08:30,478.4354262,181.6451346,1128
2022/10/18 08:45,552.1019283,215.6092943,1135
2022/10/18 09:00,619.6074215,271.6243929,1147
2022/10/18 09:15,669.3700879,342.3843691,1144.75
2022/10/18 09:30,710.8738863,393.8725658,1166.25
2022/10/18 09:45,769.1033607,523.6827765,1173.5
2022/10/18 10:00,808.184094,552.9274397,1226.25
2022/10/18 10:15,842.8182904,572.5041806,1219
2022/10/18 10:30,875.7642773,557.6861085,1219
2022/10/18 10:45,903.7867553,471.4570914,1224
2022/10/18 11:00,925.0419765,626.0272624,1219
2022/10/18 11:15,937.3100188,657.1779151,1212
2022/10/18 11:30,946.2872031,713.0837297,1190.25
2022/10/18 11:45,937.9015109,784.7450665,1159
2022/10/18 12:00,922.4110126,817.5533771,1144.75
2022/10/18 12:15,910.8815283,849.5516335,1125.5
2022/10/18 12:30,889.0596873,870.3407822,1118.25
2022/10/18 12:45,867.153133,621.7164251,1125.5
2022/10/18 13:00,830.146751,639.320365,1116
2022/10/18 13:15,787.9743337,651.9594268,1130.25
2022/10/18 13:30,750.1518648,655.7255098,1149.5
2022/10/18 13:45,704.1568562,652.9917426,1171
2022/10/18 14:00,660.0619097,646.291894,1164
2022/10/18 14:15,613.0720533,629.6420321,1176
2022/10/18 14:30,572.3488406,737.3342173,1173.5
2022/10/18 14:45,530.8364429,715.5638078,1154.25
2022/10/18 15:00,473.6167288,714.0988474,1161.5
2022/10/18 15:15,404.5993708,712.9318054,1140
2022/10/18 15:30,339.3297624,709.1459451,1116
2022/10/18 15:45,265.4429728,716.71533,1147
2022/10/18 16:00,195.8922894,721.7208967,1140
2022/10/18 16:15,134.327239,711.4221241,1130.25
2022/10/18 16:30,81.69710757,673.4462044,1089.5
2022/10/18 16:45,42.26622991,659.9155086,1084.75
2022/10/18 17:00,16.74466069,666.7145713,1094.25
2022/10/18 17:15,4.737262072,673.7503747,1094.25
2022/10/18 17:30,0,672.320541,1082.25
2022/10/18 17:45,0,676.8884866,1072.75
2022/10/18 18:00,0,676.6279251,1065.5
2022/10/18 18:15,0,671.0551052,1058.25
2022/10/18 18:30,0,666.561483,1044
2022/10/18 18:45,0,657.0678093,1046.25
2022/10/18 19:00,0,631.2864746,1044
2022/10/18 19:15,0,590.831876,1053.5
2022/10/18 19:30,0,549.2388741,1051
2022/10/18 19:45,0,518.4854465,1058.25
2022/10/18 20:00,0,490.1186392,1046.25
2022/10/18 20:15,0,481.897213,1063
2022/10/18 20:30,0,478.0561963,1072.75
2022/10/18 20:45,0,487.8004305,1065.5
2022/10/18 21:00,0,480.4315853,1068
2022/10/18 21:15,0,492.4694305,1070.25
2022/10/18 21:30,0,489.1667763,1068
2022/10/18 21:45,0,483.7168368,1065.5
2022/10/18 22:00,0,458.0812412,1070.25
2022/10/18 22:15,0,447.0726981,1068
2022/10/18 22:30,0,427.6647113,1070.25
2022/10/18 22:45,0,386.64725,1065.5
2022/10/18 23:00,0,358.0085199,1068
2022/10/18 23:15,0,323.4770457,1051
2022/10/18 23:30,0,288.4356685,1048.75
2022/10/18 23:45,0,257.763046,1046.25
2022/10/19 00:00,0,252.2753334,1044
2022/10/19 00:15,0,263.1933787,1027
2022/10/19 00:30,0,290.9967077,1024.75
2022/10/19 00:45,0,317.8116094,1039
2022/10/19 01:00,0,362.6854315,1027
2022/10/19 01:15,0,419.4094053,1036.75
2022/10/19 01:30,0,462.0138085,1032
2022/10/19 01:45,0,532.7831386,1036.75
2022/10/19 02:00,0,557.6173153,1029.5
2022/10/19 02:15,0,522.0865045,1027
2022/10/19 02:30,0,463.6269477,1022.25
2022/10/19 02:45,0,426.348291,1027
2022/10/19 03:00,0,385.1955112,1012.75
2022/10/19 03:15,0,335.6039699,1015
2022/10/19 03:30,0,289.6145345,1017.5
2022/10/19 03:45,0,263.3551599,1012.75
2022/10/19 04:00,0,247.7165056,1024.75
2022/10/19 04:15,0,244.7853633,1017.5
2022/10/19 04:30,0,237.4178949,1015
2022/10/19 04:45,0,221.4573831,1010.25
2022/10/19 05:00,0,205.3792328,1000.75
2022/10/19 05:15,0,182.8172014,988.75
2022/10/19 05:30,0,154.583793,988.75
2022/10/19 05:45,0,123.2335104,988.75
2022/10/19 06:00,0,103.1361901,981.5
2022/10/19 06:15,1.073799212,95.16154971,979
2022/10/19 06:30,15.58291142,96.33530013,979
2022/10/19 06:45,40.74085362,105.8476957,993.5
2022/10/19 07:00,78.09187002,109.1843672,991
2022/10/19 07:15,126.2610926,97.98985645,1020
2022/10/19 07:30,182.5586809,88.51696043,1029.5
2022/10/19 07:45,241.9328243,100.5160208,1048.75
2022/10/19 08:00,305.1032971,121.1075559,1051
2022/10/19 08:15,366.7154829,139.5635772,1044
2022/10/19 08:30,420.5195279,170.6501079,1056
2022/10/19 08:45,473.9057037,231.4056058,1063
2022/10/19 09:00,528.0139995,275.8133951,1063
2022/10/19 09:15,569.6290633,311.380715,1068
2022/10/19 09:30,617.5501036,336.7916038,1075
2022/10/19 09:45,661.0488684,358.9511085,1080
2022/10/19 10:00,678.8405864,368.0314089,1099
2022/10/19 10:15,722.0052706,388.9650938,1111
2022/10/19 10:30,749.4576789,402.3792654,1128
2022/10/19 10:45,789.8332044,385.5939317,1113.5
2022/10/19 11:00,828.3151064,377.0703364,1111
2022/10/19 11:15,879.4536192,371.7847587,1111
2022/10/19 11:30,878.5726612,380.5405195,1125.5
2022/10/19 11:45,870.1672941,391.6115878,1106.25
2022/10/19 12:00,883.1676642,394.3685557,1096.75
2022/10/19 12:15,885.218027,390.9065112,1096.75
2022/10/19 12:30,879.8555074,406.956045,1092
2022/10/19 12:45,854.9003865,448.4041316,1096.75
2022/10/19 13:00,826.3825617,476.0872651,1094.25
2022/10/19 13:15,793.2403922,503.0749221,1104
2022/10/19 13:30,741.0394599,520.7685123,1082.25
2022/10/19 13:45,696.0409253,541.636724,1084.75
2022/10/19 14:00,639.1556395,571.6905278,1094.25
2022/10/19 14:15,591.8370117,573.3601299,1087
2022/10/19 14:30,540.085791,579.94422,1087
2022/10/19 14:45,484.5674095,580.750815,1087
2022/10/19 15:00,427.1044247,582.2236593,1077.5
2022/10/19 15:15,366.0093425,583.9609209,1070.25
2022/10/19 15:30,301.1919478,587.5002665,1063
2022/10/19 15:45,239.5692603,599.7594161,1056
2022/10/19 16:00,179.1041334,615.397033,1070.25
2022/10/19 16:15,124.2275079,621.8930097,1058.25
2022/10/19 16:30,75.31558506,622.6269232,1065.5
2022/10/19 16:45,33.59995789,637.8880099,1039
2022/10/19 17:00,13.75607448,626.526014,1034.25
2022/10/19 17:15,4.245329534,598.0150805,1029.5
2022/10/19 17:30,0,556.7304871,1024.75
2022/10/19 17:45,0,532.7508348,1017.5
2022/10/19 18:00,0,515.5316745,1020
2022/10/19 18:15,0,482.0292496,1017.5
2022/10/19 18:30,0,465.4465411,1010.25
2022/10/19 18:45,0,458.0450865,1017.5
2022/10/19 19:00,0,452.8452011,1017.5
2022/10/19 19:15,0,462.3940719,1032
2022/10/19 19:30,0,465.9813945,1048.75
2022/10/19 19:45,0,454.0327192,1056
2022/10/19 20:00,0,453.5032109,1056
2022/10/19 20:15,0,428.32402,1058.25
2022/10/19 20:30,0,391.6162085,1056
2022/10/19 20:45,0,356.6577418,1044
2022/10/19 21:00,0,317.4173406,1041.5
2022/10/19 21:15,0,285.5386696,1046.25
2022/10/19 21:30,0,245.4112983,1053.5
2022/10/19 21:45,0,221.8530726,1048.75
2022/10/19 22:00,0,197.6557058,1060.75
2022/10/19 22:15,0,176.191416,1058.25
2022/10/19 22:30,0,161.462474,1048.75
2022/10/19 22:45,0,155.3844353,1044
2022/10/19 23:00,0,143.4006688,1046.25
2022/10/19 23:15,0,133.4435405,1034.25
2022/10/19 23:30,0,139.8712456,1034.25
2022/10/19 23:45,0,145.3697709,1027
2022/10/20 00:00,0,156.3932533,1032
2022/10/20 00:15,0,181.4799301,1034.25
2022/10/20 00:30,0,208.001517,1041.5
2022/10/20 00:45,0,222.5627443,1046.25
2022/10/20 01:00,0,268.1384597,1039
2022/10/20 01:15,0,309.6415109,1048.75
2022/10/20 01:30,0,365.8079718,1044
2022/10/20 01:45,0,402.3175576,1039
2022/10/20 02:00,0,432.3196158,1027
2022/10/20 02:15,0,438.3522979,1034.25
2022/10/20 02:30,0,448.9274456,1029.5
2022/10/20 02:45,0,449.6332726,1024.75
2022/10/20 03:00,0,421.8601438,1012.75
2022/10/20 03:15,0,387.3134603,1010.25
2022/10/20 03:30,0,361.8428547,1010.25
2022/10/20 03:45,0,359.4381914,1012.75
2022/10/20 04:00,0,375.426287,1020
2022/10/20 04:15,0,408.1544921,1024.75
2022/10/20 04:30,0,402.1715993,1024.75
2022/10/20 04:45,0,376.2213093,1022.25
2022/10/20 05:00,0,362.576285,1020
2022/10/20 05:15,0,342.8984311,1022.25
2022/10/20 05:30,0,322.8830515,1020
2022/10/20 05:45,0,309.0620773,1012.75
2022/10/20 06:00,0,328.5481033,1012.75
2022/10/20 06:15,0.885620276,352.2833651,1005.5
2022/10/20 06:30,12.36087152,372.369674,1005.5
2022/10/20 06:45,29.60677704,394.4089713,1012.75
2022/10/20 07:00,53.6773148,408.0658404,1020
2022/10/20 07:15,82.18880352,432.591283,1032
2022/10/20 07:30,113.3862903,500.6193263,1056
2022/10/20 07:45,147.2388691,503.3149287,1060.75
2022/10/20 08:00,193.5256359,461.0603521,1065.5
2022/10/20 08:15,246.5593412,415.1164509,1068
2022/10/20 08:30,310.2138194,395.5824892,1077.5
2022/10/20 08:45,367.8210186,387.2316013,1070.25
2022/10/20 09:00,442.9327973,383.6387211,1075
2022/10/20 09:15,525.7492454,391.6181511,1082.25
2022/10/20 09:30,600.2458824,433.1995326,1084.75
2022/10/20 09:45,663.3642643,489.9983736,1096.75
2022/10/20 10:00,670.9032462,562.9614877,1113.5
2022/10/20 10:15,682.3154196,627.4576743,1104
2022/10/20 10:30,692.1202083,665.0116265,1106.25
2022/10/20 10:45,720.3459688,671.2624089,1108.75
2022/10/20 11:00,735.3940565,657.2898352,1123
2022/10/20 11:15,757.9224617,646.1710074,1118.25
2022/10/20 11:30,793.8316369,629.9325235,1118.25
2022/10/20 11:45,808.8664003,636.404285,1104
2022/10/20 12:00,833.5444259,657.3575436,1108.75
2022/10/20 12:15,788.7727914,668.4256113,1104
2022/10/20 12:30,760.661222,685.4003443,1099
2022/10/20 12:45,758.1629247,686.3793914,1094.25
2022/10/20 13:00,722.9702276,687.8466196,1094.25
2022/10/20 13:15,696.5656942,691.6772039,1106.25
2022/10/20 13:30,671.9917025,554.5239456,1113.5
2022/10/20 13:45,641.2210522,690.2082704,1116
2022/10/20 14:00,628.1657709,676.5358895,1113.5
2022/10/20 14:15,603.9398591,670.2909064,1111
2022/10/20 14:30,545.6763362,661.4880546,1089.5
2022/10/20 14:45,489.7184613,660.9653321,1084.75
2022/10/20 15:00,427.0916697,656.1049945,1082.25
2022/10/20 15:15,369.880113,527.1812827,1080
2022/10/20 15:30,320.9343745,521.2162331,1084.75
2022/10/20 15:45,244.2453789,477.6513154,1089.5
2022/10/20 16:00,181.8145213,453.0383475,1082.25
2022/10/20 16:15,121.3523701,557.9985094,1075
2022/10/20 16:30,79.96343278,511.2985074,1056
2022/10/20 16:45,48.13059178,478.632744,1041.5
2022/10/20 17:00,19.6724135,451.4903012,1046.25
2022/10/20 17:15,4.604772798,438.1168958,1036.75
2022/10/20 17:30,0,450.3780542,1022.25
2022/10/20 17:45,0,478.575077,1010.25
2022/10/20 18:00,0,495.7865385,1008
2022/10/20 18:15,0,511.4613138,1022.25
2022/10/20 18:30,0,529.1637998,1020
2022/10/20 18:45,0,513.1455779,1020
2022/10/20 19:00,0,496.3144506,1022.25
2022/10/20 19:15,0,496.0009782,1029.5
2022/10/20 19:30,0,472.8793715,1034.25
2022/10/20 19:45,0,459.5998037,1034.25
2022/10/20 20:00,0,436.7971946,1032
2022/10/20 20:15,0,399.5727288,1024.75
2022/10/20 20:30,0,378.3898982,1012.75
2022/10/20 20:45,0,349.7895905,1024.75
2022/10/20 21:00,0,312.9132138,1027
2022/10/20 21:15,0,280.3465214,1029.5
2022/10/20 21:30,0,255.7585215,1027
2022/10/20 21:45,0,237.8997042,1044
2022/10/20 22:00,0,231.4626522,1044
2022/10/20 22:15,0,220.3262876,1046.25
2022/10/20 22:30,0,209.8056326,1044
2022/10/20 22:45,0,207.2199304,1036.75
2022/10/20 23:00,0,201.581375,1046.25
2022/10/20 23:15,0,194.0034453,1041.5
2022/10/20 23:30,0,187.7078891,1041.5
2022/10/20 23:45,0,181.9982764,1032
2022/10/21 00:00,0,163.827889,1036.75
2022/10/21 00:15,0,166.6375643,1022.25
2022/10/21 00:30,0,166.6948604,1020
2022/10/21 00:45,0,168.6333604,1022.25
2022/10/21 01:00,0,163.4220552,1022.25
2022/10/21 01:15,0,155.6988924,1017.5
2022/10/21 01:30,0,155.089383,1024.75
2022/10/21 01:45,0,153.0506347,1012.75
2022/10/21 02:00,0,155.0338931,1010.25
2022/10/21 02:15,0,152.2937929,1015
2022/10/21 02:30,0,152.5500195,1012.75
2022/10/21 02:45,0,154.1331242,1008
2022/10/21 03:00,0,154.4627428,1003
2022/10/21 03:15,0,162.1161606,1008
2022/10/21 03:30,0,162.4920375,996
2022/10/21 03:45,0,163.2493135,998.25
2022/10/21 04:00,0,168.8228082,1003
2022/10/21 04:15,0,166.4819816,1003
2022/10/21 04:30,0,163.2398289,1005.5
2022/10/21 04:45,0,165.7075738,1000.75
2022/10/21 05:00,0,173.3155237,1000.75
2022/10/21 05:15,0,177.5642868,1003
2022/10/21 05:30,0,187.7701808,998.25
2022/10/21 05:45,0,197.9755635,993.5
2022/10/21 06:00,0,202.3268996,988.75
2022/10/21 06:15,0.818813457,202.5417495,988.75
2022/10/21 06:30,13.47985951,200.0397204,991
2022/10/21 06:45,39.04533721,204.6035886,996
2022/10/21 07:00,77.51778361,206.1767167,1005.5
2022/10/21 07:15,124.9798674,218.7084645,1020
2022/10/21 07:30,179.904579,225.6357985,1058.25
2022/10/21 07:45,231.5482421,232.4611216,1060.75
2022/10/21 08:00,286.0014862,240.0839033,1077.5
2022/10/21 08:15,347.0534746,255.4787224,1075
2022/10/21 08:30,414.8566663,269.7002121,1077.5
2022/10/21 08:45,477.6474801,285.7012589,1099
2022/10/21 09:00,548.7014597,295.1827731,1099
2022/10/21 09:15,589.7717156,277.3860452,1123
2022/10/21 09:30,616.8544667,285.3628409,1135
2022/10/21 09:45,672.2767765,303.6410393,1140
2022/10/21 10:00,733.515915,325.865564,1137.5
2022/10/21 10:15,771.8053242,351.4646634,1154.25
2022/10/21 10:30,770.2113554,380.0680528,1164
2022/10/21 10:45,793.2742681,435.2853841,1188
2022/10/21 11:00,799.2133012,486.6897651,1176
2022/10/21 11:15,817.3169647,494.1443118,1156.75
2022/10/21 11:30,835.0149492,512.7558344,1171
2022/10/21 11:45,821.3066911,542.9388261,1161.5
2022/10/21 12:00,808.6513087,556.4999073,1159
2022/10/21 12:15,797.1740292,574.0627893,1152
2022/10/21 12:30,772.5226707,583.7541894,1140
2022/10/21 12:45,743.0921595,562.727604,1125.5
2022/10/21 13:00,706.7151003,548.7569632,1140
2022/10/21 13:15,674.5803353,546.0014635,1144.75
2022/10/21 13:30,630.3258019,550.9627414,1173.5
2022/10/21 13:45,589.3030361,530.4057884,1164
2022/10/21 14:00,526.3177363,515.2530625,1149.5
2022/10/21 14:15,478.2063456,509.035283,1140
2022/10/21 14:30,447.4320924,635.5466874,1192.75
2022/10/21 14:45,406.8796806,634.3617824,1216.75
2022/10/21 15:00,356.2992057,630.3647639,1224
2022/10/21 15:15,305.4751673,611.18839,1200
2022/10/21 15:30,229.847317,618.4694888,1200
2022/10/21 15:45,170.5504592,471.4166554,1212
2022/10/21 16:00,140.003984,486.3880539,1236
2022/10/21 16:15,101.8997611,463.6420878,1224
2022/10/21 16:30,58.39837453,452.2113595,1214.25
2022/10/21 16:45,28.65942634,426.3774992,1250.25
2022/10/21 17:00,10.68864821,419.4888057,1207
2022/10/21 17:15,3.65956746,393.3825635,1197.5
2022/10/21 17:30,0,366.724344,1209.5
2022/10/21 17:45,0,365.3227077,1207
2022/10/21 18:00,0,351.9000401,1190.25
2022/10/21 18:15,0,335.3260584,1116
2022/10/21 18:30,0,323.1601159,1113.5
2022/10/21 18:45,0,313.8797678,1135
2022/10/21 19:00,0,291.4879785,1104
2022/10/21 19:15,0,283.9710641,1080
2022/10/21 19:30,0,275.2979196,1082.25
2022/10/21 19:45,0,256.0247442,1075
2022/10/21 20:00,0,243.226709,1072.75
2022/10/21 20:15,0,224.4325828,1072.75
2022/10/21 20:30,0,207.0222842,1092
2022/10/21 20:45,0,197.2055952,1082.25
2022/10/21 21:00,0,188.6547171,1084.75
2022/10/21 21:15,0,183.0609648,1084.75
2022/10/21 21:30,0,167.4847372,1092
2022/10/21 21:45,0,156.7730709,1094.25
2022/10/21 22:00,0,145.1747722,1101.5
2022/10/21 22:15,0,139.799213,1096.75
2022/10/21 22:30,0,130.4504279,1089.5
2022/10/21 22:45,0,119.9558078,1089.5
2022/10/21 23:00,0,116.0802641,1089.5
2022/10/21 23:15,0,112.8945092,1087
2022/10/21 23:30,0,111.212272,1084.75
2022/10/21 23:45,0,99.85575408,1077.5
2022/10/22 00:00,0,105.116052,1058.25
2022/10/22 00:15,0,104.0421392,1051
2022/10/22 00:30,0,104.4992333,1053.5
2022/10/22 00:45,0,103.7287859,1046.25
2022/10/22 01:00,0,106.4886242,1036.75
2022/10/22 01:15,0,106.680953,1051
2022/10/22 01:30,0,97.80128328,1060.75
2022/10/22 01:45,0,98.72451303,1053.5
2022/10/22 02:00,0,92.54986542,1056
2022/10/22 02:15,0,90.25524537,1058.25
2022/10/22 02:30,0,93.84221263,1060.75
2022/10/22 02:45,0,91.4858103,1058.25
2022/10/22 03:00,0,98.52973665,1063
2022/10/22 03:15,0,99.72713286,1051
2022/10/22 03:30,0,103.1863834,1046.25
2022/10/22 03:45,0,99.90763687,1034.25
2022/10/22 04:00,0,91.86664948,1044
2022/10/22 04:15,0,83.97194087,1039
2022/10/22 04:30,0,88.51132586,1046.25
2022/10/22 04:45,0,87.5651519,1051
2022/10/22 05:00,0,88.82349212,1051
2022/10/22 05:15,0,84.27102083,1048.75
2022/10/22 05:30,0,82.85525989,1048.75
2022/10/22 05:45,0,77.91013233,1048.75
2022/10/22 06:00,0,64.92368888,1044
2022/10/22 06:15,0.515824382,50.97349118,1051
2022/10/22 06:30,13.75385394,43.96022244,1046.25
2022/10/22 06:45,37.37294739,39.7495701,1058.25
2022/10/22 07:00,78.43132953,36.2873606,1051
2022/10/22 07:15,126.5703858,37.72586874,1063
2022/10/22 07:30,160.1270631,38.60431143,1123
2022/10/22 07:45,208.3130018,36.36125308,1118.25
2022/10/22 08:00,269.3915795,34.2042615,1142.25
2022/10/22 08:15,320.2234716,33.15051062,1142.25
2022/10/22 08:30,356.6254962,34.39080072,1168.75
2022/10/22 08:45,384.4504063,36.41959006,1173.5
2022/10/22 09:00,403.2291567,34.0897411,1180.75
2022/10/22 09:15,433.4871497,28.76647339,1200
2022/10/22 09:30,464.862252,23.61955368,1226.25
2022/10/22 09:45,491.389639,27.30927364,1221.5
2022/10/22 10:00,521.6295205,45.22851855,1238.25
2022/10/22 10:15,537.7903736,57.78806224,1236
2022/10/22 10:30,537.3100183,63.89255496,1240.75
2022/10/22 10:45,579.6814622,87.09648139,1248
2022/10/22 11:00,609.8728904,91.7870768,1233.5
2022/10/22 11:15,613.6018007,97.39743842,1216.75
2022/10/22 11:30,620.298766,106.5989696,1214.25
2022/10/22 11:45,599.7624232,130.2680903,1204.75
2022/10/22 12:00,588.79566,144.9195721,1214.25
2022/10/22 12:15,554.0350187,184.9027343,1190.25
2022/10/22 12:30,501.6147992,219.8750347,1164
2022/10/22 12:45,462.121218,231.2788419,1168.75
2022/10/22 13:00,427.3661525,260.7219611,1185.5
2022/10/22 13:15,395.9547411,275.4828735,1202.25
2022/10/22 13:30,367.9594675,268.0321862,1219
2022/10/22 13:45,341.9185315,257.3518068,1209.5
2022/10/22 14:00,319.2299786,271.6096062,1233.5
2022/10/22 14:15,295.5096438,274.1773561,1264.75
2022/10/22 14:30,279.7192451,283.9720703,1252.75
2022/10/22 14:45,249.7098464,299.3582862,1245.5
2022/10/22 15:00,225.8674569,293.1128718,1245.5
2022/10/22 15:15,193.7850999,293.0852708,1233.5
2022/10/22 15:30,161.9199161,292.6287667,1224
2022/10/22 15:45,126.6300266,265.4416532,1216.75
2022/10/22 16:00,97.95544278,246.4839831,1221.5
2022/10/22 16:15,76.47008109,233.0250087,1224
2022/10/22 16:30,51.5022093,212.2299429,1221.5
2022/10/22 16:45,27.01112437,190.9604096,1216.75
2022/10/22 17:00,11.83274339,188.3070366,1202.25
2022/10/22 17:15,4.298542976,188.577421,1180.75
2022/10/22 17:30,0,172.3554754,1142.25
2022/10/22 17:45,0,169.6379641,1125.5
2022/10/22 18:00,0,176.3759085,1104
2022/10/22 18:15,0,187.5295683,1096.75
2022/10/22 18:30,0,182.6921388,1084.75
2022/10/22 18:45,0,197.4871772,1084.75
2022/10/22 19:00,0,203.3957923,1087
2022/10/22 19:15,0,208.150385,1099
2022/10/22 19:30,0,223.629123,1096.75
2022/10/22 19:45,0,224.8241935,1089.5
2022/10/22 20:00,0,212.6567766,1087
2022/10/22 20:15,0,219.0529132,1065.5
2022/10/22 20:30,0,228.8562223,1063
2022/10/22 20:45,0,236.3156259,1065.5
2022/10/22 21:00,0,231.9148029,1063
2022/10/22 21:15,0,234.1505164,1051
2022/10/22 21:30,0,227.5532226,1058.25
2022/10/22 21:45,0,225.4089166,1056
2022/10/22 22:00,0,214.9180559,1108.75
2022/10/22 22:15,0,204.8822902,1058.25
2022/10/22 22:30,0,207.3544197,1041.5
2022/10/22 22:45,0,204.664674,1036.75
2022/10/22 23:00,0,198.2458652,1039
2022/10/22 23:15,0,198.0909512,1044
2022/10/22 23:30,0,199.0251818,1044
2022/10/22 23:45,0,186.0731798,1039
2022/10/23 00:00,0,171.3403363,1039
2022/10/23 00:15,0,158.6224449,1034.25
2022/10/23 00:30,0,149.8988645,1015
2022/10/23 00:45,0,137.282577,1022.25
2022/10/23 01:00,0,121.3096528,1015
2022/10/23 01:15,0,128.1716483,1012.75
2022/10/23 01:30,0,116.9555011,1041.5
2022/10/23 01:45,0,110.7252657,1034.25
2022/10/23 02:00,0,126.2068301,1032
2022/10/23 02:15,0,144.5941795,1027
2022/10/23 02:30,0,162.3127191,1034.25
2022/10/23 02:45,0,168.476078,1024.75
2022/10/23 03:00,0,167.154405,1024.75
2022/10/23 03:15,0,174.35486,1024.75
2022/10/23 03:30,0,196.9003145,1029.5
2022/10/23 03:45,0,220.8237698,1020
2022/10/23 04:00,0,241.3564025,1027
2022/10/23 04:15,0,255.0168285,1022.25
2022/10/23 04:30,0,278.3738183,1017.5
2022/10/23 04:45,0,291.8679691,1020
2022/10/23 05:00,0,300.2796921,1020
2022/10/23 05:15,0,299.7402631,1024.75
2022/10/23 05:30,0,307.8078951,1020
2022/10/23 05:45,0,314.8457228,1012.75
2022/10/23 06:00,0,302.9666143,1005.5
2022/10/23 06:15,0.644684966,304.3255496,1010.25
2022/10/23 06:30,10.56734063,324.6644557,1008
2022/10/23 06:45,24.86578867,345.4298711,1020
2022/10/23 07:00,42.15480227,366.8767224,1029.5
2022/10/23 07:15,61.49236138,373.9341937,1053.5
2022/10/23 07:30,93.64478981,396.5287096,1070.25
2022/10/23 07:45,120.3196563,460.9385501,1106.25
2022/10/23 08:00,162.2168079,514.3959837,1113.5
2022/10/23 08:15,206.9374427,524.5020925,1128
2022/10/23 08:30,248.8089149,542.6555186,1140
2022/10/23 08:45,281.5403321,623.2567197,1166.25
2022/10/23 09:00,304.7337603,674.9388414,1154.25
2022/10/23 09:15,313.2178843,694.5963625,1154.25
2022/10/23 09:30,332.4023663,701.5165572,1183
2022/10/23 09:45,346.3390209,695.9576375,1185.5
2022/10/23 10:00,348.9966109,692.9216876,1197.5
2022/10/23 10:15,344.2677247,812.5471673,1207
2022/10/23 10:30,373.1433157,810.3683005,1216.75
2022/10/23 10:45,384.1779148,779.1807658,1219
2022/10/23 11:00,397.1860482,734.5267631,1248
2022/10/23 11:15,442.8484317,709.3565456,1221.5
2022/10/23 11:30,510.8991911,690.0432989,1197.5
2022/10/23 11:45,549.494817,671.4534265,1176
2022/10/23 12:00,559.8635984,609.5953185,1178.25
2022/10/23 12:15,577.5952393,565.9135373,1149.5
2022/10/23 12:30,599.5059779,528.0155161,1140
2022/10/23 12:45,568.9084054,543.5819332,1128
2022/10/23 13:00,531.5301521,602.6527665,1140
2022/10/23 13:15,519.2094142,677.4450062,1156.75
2022/10/23 13:30,490.4340149,722.1454093,1173.5
2022/10/23 13:45,445.2976817,754.8838619,1188
2022/10/23 14:00,408.8753386,784.4025012,1190.25
2022/10/23 14:15,378.4927803,841.0396538,1152
2022/10/23 14:30,350.9433922,868.8402117,1166.25
2022/10/23 14:45,315.5645706,881.4190619,1168.75
2022/10/23 15:00,303.9105337,879.706239,1154.25
2022/10/23 15:15,267.9383057,841.4844407,1132.75
2022/10/23 15:30,220.719011,804.0564247,1197.5
2022/10/23 15:45,183.524767,787.9785439,1204.75
2022/10/23 16:00,135.0708779,788.9408411,1204.75
2022/10/23 16:15,84.85067799,789.1572873,1200
2022/10/23 16:30,50.87555277,797.5581236,1185.5
2022/10/23 16:45,25.86067822,657.8237753,1147
2022/10/23 17:00,10.13740721,648.1458628,1113.5
2022/10/23 17:15,3.518404476,766.2005783,1116
2022/10/23 17:30,0,757.0737866,1094.25
2022/10/23 17:45,0,767.0251986,1106.25
2022/10/23 18:00,0,790.8201425,1089.5
2022/10/23 18:15,0,844.5478457,1070.25
2022/10/23 18:30,0,867.4094219,1068
2022/10/23 18:45,0,866.15552,1060.75
2022/10/23 19:00,0,893.7079861,1060.75
2022/10/23 19:15,0,806.4231217,1053.5
2022/10/23 19:30,0,840.8754623,1046.25
2022/10/23 19:45,0,999.1419067,1056
2022/10/23 20:00,0,957.234406,1053.5
2022/10/23 20:15,0,933.2208787,1051
2022/10/23 20:30,0,886.0891814,1053.5
2022/10/23 20:45,0,843.8223375,1046.25
2022/10/23 21:00,0,805.7912849,1039
2022/10/23 21:15,0,855.0875869,1032
2022/10/23 21:30,0,931.9291822,1039
2022/10/23 21:45,0,958.9083851,1027
2022/10/23 22:00,0,941.7213838,1041.5
2022/10/23 22:15,0,915.6314605,1027
2022/10/23 22:30,0,923.1206166,1022.25
2022/10/23 22:45,0,916.1320411,1020
2022/10/23 23:00,0,896.8876954,1024.75
2022/10/23 23:15,0,859.6528437,1029.5
2022/10/23 23:30,0,808.8323355,1022.25
2022/10/23 23:45,0,737.3666265,1020
2022/10/24 00:00,0,667.2634492,1015
2022/10/24 00:15,0,609.3965958,1024.75
2022/10/24 00:30,0,566.6813971,1017.5
2022/10/24 00:45,0,551.8271881,1029.5
2022/10/24 01:00,0,577.0731757,1020
2022/10/24 01:15,0,631.3629884,1024.75
2022/10/24 01:30,0,653.8697167,1027
2022/10/24 01:45,0,669.4245804,1029.5
2022/10/24 02:00,0,680.5321193,1027
2022/10/24 02:15,0,685.4727042,1022.25
2022/10/24 02:30,0,664.4644754,1022.25
2022/10/24 02:45,0,645.8837158,993.5
2022/10/24 03:00,0,607.1358168,993.5
2022/10/24 03:15,0,591.0414304,991
2022/10/24 03:30,0,592.3088297,998.25
2022/10/24 03:45,0,596.7067146,993.5
2022/10/24 04:00,0,577.0022918,1005.5
2022/10/24 04:15,0,550.527555,1000.75
2022/10/24 04:30,0,531.8188043,1005.5
2022/10/24 04:45,0,511.559706,996
2022/10/24 05:00,0,525.5047842,998.25
2022/10/24 05:15,0,543.15768,1003
2022/10/24 05:30,0,547.6209435,998.25
2022/10/24 05:45,0,552.0646545,996
2022/10/24 06:00,0,562.2066098,996
2022/10/24 06:15,0.510157223,610.8212527,1005.5
2022/10/24 06:30,8.519272927,640.7130608,1000.75
2022/10/24 06:45,22.09365676,672.1742079,1024.75
2022/10/24 07:00,50.34085736,726.1599358,1022.25
2022/10/24 07:15,77.59883287,734.682608,1032
2022/10/24 07:30,94.42401075,741.1481791,1046.25
2022/10/24 07:45,110.7215414,743.4660696,1041.5
2022/10/24 08:00,127.9500389,748.1076264,1056
2022/10/24 08:15,150.0120818,744.4448401,1065.5
2022/10/24 08:30,183.7642075,732.1577983,1075
2022/10/24 08:45,242.0572873,737.0457021,1089.5
2022/10/24 09:00,295.6393331,754.3929535,1108.75
2022/10/24 09:15,324.719249,770.5514973,1132.75
2022/10/24 09:30,341.0905429,757.6199264,1135
2022/10/24 09:45,365.3714076,761.1122295,1159
2022/10/24 10:00,401.6336529,740.1400641,1180.75
2022/10/24 10:15,429.8286743,733.6254987,1185.5
2022/10/24 10:30,449.9244194,713.3045594,1180.75
2022/10/24 10:45,473.1464467,688.2008597,1171
2022/10/24 11:00,473.0800033,652.7181173,1161.5
2022/10/24 11:15,484.5462312,631.8799931,1166.25
2022/10/24 11:30,496.8369275,611.1763933,1149.5
2022/10/24 11:45,523.9010058,611.7787733,1152
2022/10/24 12:00,515.7087977,607.771215,1144.75
2022/10/24 12:15,534.0586594,587.6028372,1130.25
2022/10/24 12:30,581.6594597,590.4043452,1113.5
2022/10/24 12:45,582.4391723,578.2952814,1113.5
2022/10/24 13:00,547.3705357,582.7519502,1142.25
2022/10/24 13:15,542.1915073,603.2291384,1152
2022/10/24 13:30,526.5262519,646.2195345,1173.5
2022/10/24 13:45,496.9249118,679.5904624,1171
2022/10/24 14:00,450.7602264,678.8337444,1173.5
2022/10/24 14:15,423.8063998,673.3692916,1173.5
2022/10/24 14:30,399.3598272,672.1194409,1176
2022/10/24 14:45,355.9497208,664.7588827,1176
2022/10/24 15:00,316.9504269,658.0037991,1164
2022/10/24 15:15,269.2815377,650.3811687,1188
2022/10/24 15:30,237.1869791,635.2490684,1178.25
2022/10/24 15:45,191.240552,610.0946173,1154.25
2022/10/24 16:00,146.4889868,581.3862038,1147
2022/10/24 16:15,94.56972259,564.9192705,1137.5
2022/10/24 16:30,51.91031185,550.0941328,1130.25
2022/10/24 16:45,23.45756865,562.7413741,1120.75
2022/10/24 17:00,10.2411798,582.8247598,1116
2022/10/24 17:15,3.502785193,609.388537,1128
2022/10/24 17:30,0,620.5259529,1111
2022/10/24 17:45,0,655.2697457,1101.5
2022/10/24 18:00,0,657.8400873,1092
2022/10/24 18:15,0,628.3541973,1075
2022/10/24 18:30,0,622.4000847,1065.5
2022/10/24 18:45,0,635.7000884,1068
2022/10/24 19:00,0,649.7021917,1070.25
2022/10/24 19:15,0,652.4943541,1065.5
2022/10/24 19:30,0,649.4332137,1070.25
2022/10/24 19:45,0,682.0510314,1065.5
2022/10/24 20:00,0,718.4701908,1058.25
2022/10/24 20:15,0,717.414582,1056
2022/10/24 20:30,0,714.0310362,1056
2022/10/24 20:45,0,730.4758547,1046.25
2022/10/24 21:00,0,655.1569338,1036.75
2022/10/24 21:15,0,576.6412159,1036.75
2022/10/24 21:30,0,514.9071782,1034.25
2022/10/24 21:45,0,456.2297855,1036.75
2022/10/24 22:00,0,418.3541382,1027
2022/10/24 22:15,0,348.7337088,1027
2022/10/24 22:30,0,286.3614487,1029.5
2022/10/24 22:45,0,231.8904212,1027
2022/10/24 23:00,0,208.4759926,1015
2022/10/24 23:15,0,216.1729056,1020
2022/10/24 23:30,0,210.2385751,1024.75
2022/10/24 23:45,0,212.2025001,1017.5
2022/10/25 00:00,0,190.6826628,1015
2022/10/25 00:15,0,196.1918057,1017.5
2022/10/25 00:30,0,213.4179328,1008
2022/10/25 00:45,0,197.8183063,1010.25
2022/10/25 01:00,0,176.7215565,1008
2022/10/25 01:15,0,159.6857815,1010.25
2022/10/25 01:30,0,141.1132591,1008
2022/10/25 01:45,0,125.9262849,1012.75
2022/10/25 02:00,0,104.1506977,1008
2022/10/25 02:15,0,82.25402745,1010.25
2022/10/25 02:30,0,78.18497621,1008
2022/10/25 02:45,0,69.33691733,1010.25
2022/10/25 03:00,0,62.71271615,1008
2022/10/25 03:15,0,52.14659127,1003
2022/10/25 03:30,0,49.60138245,1003
2022/10/25 03:45,0,57.40075018,1003
2022/10/25 04:00,0,49.66751831,1012.75
2022/10/25 04:15,0,46.30113141,1010.25
2022/10/25 04:30,0,57.4726005,1008
2022/10/25 04:45,0,66.00064816,1008
2022/10/25 05:00,0,81.31341773,1008
2022/10/25 05:15,0,84.62005895,998.25
2022/10/25 05:30,0,108.1978112,991
2022/10/25 05:45,0,151.6183295,988.75
2022/10/25 06:00,0,213.3134084,988.75
2022/10/25 06:15,0.164810656,255.6707994,988.75
2022/10/25 06:30,13.20993327,307.1542258,988.75
2022/10/25 06:45,33.78444405,345.8696232,996
2022/10/25 07:00,68.4051954,355.543153,1058.25
2022/10/25 07:15,95.42901625,366.3487997,1036.75
2022/10/25 07:30,132.510837,365.3158369,1051
2022/10/25 07:45,175.8959175,355.3584354,1087
2022/10/25 08:00,210.8112582,312.0453278,1092
2022/10/25 08:15,260.9965331,255.6873677,1094.25
2022/10/25 08:30,320.3544876,200.4593704,1096.75
2022/10/25 08:45,369.3091955,148.0914292,1101.5
2022/10/25 09:00,411.7696407,116.1077007,1108.75
2022/10/25 09:15,431.4135027,89.21666833,1130.25
2022/10/25 09:30,467.3142737,73.28366814,1156.75
2022/10/25 09:45,511.0100231,72.96340824,1156.75
2022/10/25 10:00,554.1533566,72.53696529,1192.75
2022/10/25 10:15,585.3373812,72.75229194,1197.5
2022/10/25 10:30,608.4575226,80.08669945,1200
2022/10/25 10:45,621.7261293,80.72072715,1200
2022/10/25 11:00,644.391677,90.16127939,1216.75
2022/10/25 11:15,654.583257,115.354769,1202.25
2022/10/25 11:30,655.4464083,137.1399516,1202.25
2022/10/25 11:45,663.536342,179.9729863,1171
2022/10/25 12:00,644.7002715,220.3345531,1166.25
2022/10/25 12:15,636.2086503,265.2531561,1156.75
2022/10/25 12:30,618.338634,303.5416739,1144.75
2022/10/25 12:45,594.5276444,328.5397426,1156.75
2022/10/25 13:00,583.4726023,368.5477569,1185.5
2022/10/25 13:15,552.3014784,375.078418,1183
2022/10/25 13:30,512.7246614,356.7147921,1197.5
2022/10/25 13:45,484.5290661,359.5694864,1185.5
2022/10/25 14:00,455.681299,364.8161741,1168.75
2022/10/25 14:15,427.1265818,361.7068144,1154.25
2022/10/25 14:30,401.1936893,339.4405013,1154.25
2022/10/25 14:45,353.5219466,329.056279,1164
2022/10/25 15:00,306.5180907,305.0925985,1176
2022/10/25 15:15,258.7337183,283.3478739,1176
2022/10/25 15:30,221.6515713,277.6473506,1161.5
2022/10/25 15:45,181.886637,281.0277769,1149.5
2022/10/25 16:00,145.9781456,272.4466692,1144.75
2022/10/25 16:15,106.2940025,279.2110928,1137.5
2022/10/25 16:30,62.14048608,295.7406763,1128
2022/10/25 16:45,30.9262184,283.4887384,1111
2022/10/25 17:00,14.63642099,269.5119537,1106.25
2022/10/25 17:15,3.919511257,297.3900759,1106.25
2022/10/25 17:30,0,293.1522668,1104
2022/10/25 17:45,0,256.3785748,1087
2022/10/25 18:00,0,231.3171786,1094.25
2022/10/25 18:15,0,213.2290293,1089.5
2022/10/25 18:30,0,204.9189138,1082.25
2022/10/25 18:45,0,203.8774774,1084.75
2022/10/25 19:00,0,190.570125,1089.5
2022/10/25 19:15,0,152.6841281,1080
2022/10/25 19:30,0,137.7632514,1082.25
2022/10/25 19:45,0,141.4909261,1080
2022/10/25 20:00,0,137.9082365,1075
2022/10/25 20:15,0,146.9099548,1075
2022/10/25 20:30,0,185.5406115,1063
2022/10/25 20:45,0,270.5996011,1068
2022/10/25 21:00,0,391.6718795,1058.25
2022/10/25 21:15,0,422.6897642,1060.75
2022/10/25 21:30,0,434.6847003,1058.25
2022/10/25 21:45,0,373.7602048,1060.75
2022/10/25 22:00,0,249.8619824,1072.75
2022/10/25 22:15,0,174.7372175,1063
2022/10/25 22:30,0,149.6609171,1056
2022/10/25 22:45,0,143.9033986,1048.75
2022/10/25 23:00,0,204.6106998,1048.75
2022/10/25 23:15,0,211.3887485,1041.5
2022/10/25 23:30,0,335.0389993,1039
2022/10/25 23:45,0,395.3199213,1027
2022/10/26 00:00,0,387.9437769,1027
2022/10/26 00:15,0,415.1194147,1024.75
2022/10/26 00:30,0,424.1252564,1032
2022/10/26 00:45,0,422.9784967,1032
2022/10/26 01:00,0,383.5449828,1036.75
2022/10/26 01:15,0,235.3893855,1041.5
2022/10/26 01:30,0,145.9744073,1046.25
2022/10/26 01:45,0,96.71874684,1044
2022/10/26 02:00,0,72.34278175,1032
2022/10/26 02:15,0,46.17189693,1034.25
2022/10/26 02:30,0,46.31731133,1034.25
2022/10/26 02:45,0,99.37693877,1029.5
2022/10/26 03:00,0,49.30932562,1022.25
2022/10/26 03:15,0,29.74251881,1022.25
2022/10/26 03:30,0,32.37431173,1020
2022/10/26 03:45,0,122.4125752,1020
2022/10/26 04:00,0,142.9731938,1024.75
2022/10/26 04:15,0,57.8941477,1024.75
2022/10/26 04:30,0,27.89575835,1032
2022/10/26 04:45,0,25.6211301,1032
2022/10/26 05:00,0,17.94254089,1034.25
2022/10/26 05:15,0,42.24214681,1036.75
2022/10/26 05:30,0,46.88341553,1039
2022/10/26 05:45,0,40.78916601,1027
2022/10/26 06:00,0,53.63487203,1032
2022/10/26 06:15,0.036241837,67.62652371,1027
2022/10/26 06:30,8.769378135,65.35460558,1020
2022/10/26 06:45,27.02911234,53.11890194,1017.5
2022/10/26 07:00,52.42882992,52.2878063,1024.75
2022/10/26 07:15,79.28480704,52.51417288,1029.5
2022/10/26 07:30,120.4781925,55.14121445,1075
2022/10/26 07:45,157.7315451,61.44074024,1053.5
2022/10/26 08:00,200.1096552,69.91070574,1065.5
2022/10/26 08:15,244.2054776,91.46614649,1065.5
2022/10/26 08:30,313.5316763,113.6929549,1056
2022/10/26 08:45,391.2240553,121.7796943,1065.5
2022/10/26 09:00,473.3177776,140.2808922,1039
2022/10/26 09:15,536.1955501,163.9042167,1046.25
2022/10/26 09:30,575.4431733,176.7420372,1044
2022/10/26 09:45,627.426003,191.8267399,1041.5
2022/10/26 10:00,664.8253682,226.5982074,1044
2022/10/26 10:15,684.0450658,276.6183526,1053.5
2022/10/26 10:30,706.9168074,295.6592775,1056
2022/10/26 10:45,742.0229982,319.7005787,1058.25
2022/10/26 11:00,765.4802459,348.6242931,1063
2022/10/26 11:15,774.3889576,390.7541691,1065.5
2022/10/26 11:30,742.5757418,420.0107789,1056
2022/10/26 11:45,720.2508732,456.622723,1036.75
2022/10/26 12:00,723.0315084,470.5663121,1036.75
2022/10/26 12:15,705.5318969,500.6304948,1034.25
2022/10/26 12:30,704.8718898,511.5020736,1039
2022/10/26 12:45,666.4057933,504.7252898,1044
2022/10/26 13:00,640.7056018,515.6477798,1036.75
2022/10/26 13:15,609.2106424,534.7268667,1029.5
2022/10/26 13:30,542.5368557,532.9651326,1039
2022/10/26 13:45,489.9622715,559.1276817,1029.5
2022/10/26 14:00,441.7088093,566.8350107,1024.75
2022/10/26 14:15,361.6879894,558.1538226,1022.25
2022/10/26 14:30,343.5887523,559.9273525,1022.25
2022/10/26 14:45,334.094565,591.3949467,1017.5
2022/10/26 15:00,294.4021661,600.6912516,1008
2022/10/26 15:15,266.759145,637.5258498,1010.25
2022/10/26 15:30,223.4332149,671.2902259,1008
2022/10/26 15:45,180.8084675,673.4704891,1027
2022/10/26 16:00,133.7646398,654.5363585,1027
2022/10/26 16:15,90.33893126,656.4528781,1029.5
2022/10/26 16:30,52.14707734,640.3140597,1017.5
2022/10/26 16:45,25.43449713,652.2819532,1010.25
2022/10/26 17:00,10.76162499,655.9781598,1003
2022/10/26 17:15,4.135984486,667.7831538,1008
2022/10/26 17:30,0,643.2657879,1005.5
2022/10/26 17:45,0,628.1488451,993.5
2022/10/26 18:00,0,632.2695231,984
2022/10/26 18:15,0,629.3603933,984
2022/10/26 18:30,0,651.0657922,974.25
2022/10/26 18:45,0,665.8466288,981.5
2022/10/26 19:00,0,683.5457651,981.5
2022/10/26 19:15,0,671.8203098,981.5
2022/10/26 19:30,0,652.3949047,1003
2022/10/26 19:45,0,651.7409807,993.5
2022/10/26 20:00,0,626.7759969,996
2022/10/26 20:15,0,609.7463141,996
2022/10/26 20:30,0,591.6825495,1032
2022/10/26 20:45,0,549.1652774,1017.5
2022/10/26 21:00,0,522.2072581,1008
2022/10/26 21:15,0,505.6635908,1008
2022/10/26 21:30,0,486.6388095,996
2022/10/26 21:45,0,446.3518401,998.25
2022/10/26 22:00,0,389.0954261,1003
2022/10/26 22:15,0,363.3278571,1000.75
2022/10/26 22:30,0,322.8883496,998.25
2022/10/26 22:45,0,281.1849234,1000.75
2022/10/26 23:00,0,265.4946145,996
2022/10/26 23:15,0,271.4831295,996
2022/10/26 23:30,0,287.9838882,984
2022/10/26 23:45,0,283.7867218,979
2022/10/27 00:00,0,267.3039702,974.25
2022/10/27 00:15,0,242.1506391,972
2022/10/27 00:30,0,215.6067439,974.25
2022/10/27 00:45,0,198.1743284,981.5
2022/10/27 01:00,0,175.2543495,984
2022/10/27 01:15,0,154.1849347,986.25
2022/10/27 01:30,0,141.4895464,993.5
2022/10/27 01:45,0,133.3192799,988.75
2022/10/27 02:00,0,130.6565476,993.5
2022/10/27 02:15,0,131.38331,996
2022/10/27 02:30,0,135.6744775,993.5
2022/10/27 02:45,0,129.5332576,991
2022/10/27 03:00,0,127.8792079,991
2022/10/27 03:15,0,131.6849855,991
2022/10/27 03:30,0,128.6842839,993.5
2022/10/27 03:45,0,121.3718844,991
2022/10/27 04:00,0,110.5246743,988.75
2022/10/27 04:15,0,102.9714677,988.75
2022/10/27 04:30,0,97.34902024,972
2022/10/27 04:45,0,86.22953684,967
2022/10/27 05:00,0,71.10102077,972
2022/10/27 05:15,0,56.66476393,972
2022/10/27 05:30,0,46.86837152,962.25
2022/10/27 05:45,0,47.87400791,969.5
2022/10/27 06:00,0,51.51049337,976.75
2022/10/27 06:15,0.02216371,58.87375089,969.5
2022/10/27 06:30,8.206577196,58.19655293,972
2022/10/27 06:45,31.62724769,45.64917246,976.75
2022/10/27 07:00,67.32230015,34.73386936,981.5
2022/10/27 07:15,112.3918759,40.27795183,988.75
2022/10/27 07:30,140.3550516,40.07607711,1005.5
2022/10/27 07:45,182.5344371,32.33568328,1005.5
2022/10/27 08:00,247.8768437,30.11739178,1015
2022/10/27 08:15,304.3443551,28.27778096,1017.5
2022/10/27 08:30,373.556548,22.11323794,1022.25
2022/10/27 08:45,435.0332135,24.36176971,1010.25
2022/10/27 09:00,493.8872206,31.17148734,1012.75
2022/10/27 09:15,565.0681497,37.57603427,1010.25
2022/10/27 09:30,635.5163082,36.3073938,1017.5
2022/10/27 09:45,664.9176714,37.08552737,1015
2022/10/27 10:00,661.9099561,39.79195255,1027
2022/10/27 10:15,652.1560283,41.7553833,1027
2022/10/27 10:30,653.0289978,40.68143666,1022.25
2022/10/27 10:45,653.9067311,44.15572722,1034.25
2022/10/27 11:00,683.9662184,44.37614548,1024.75
2022/10/27 11:15,689.7019152,40.44508067,1029.5
2022/10/27 11:30,706.3368437,40.01466758,1027
2022/10/27 11:45,722.2949389,36.42266359,1029.5
2022/10/27 12:00,697.4367753,28.03718379,1027
2022/10/27 12:15,641.4399524,32.50487953,1029.5
2022/10/27 12:30,605.7366145,32.96671588,1020
2022/10/27 12:45,619.9419155,27.01210335,1027
2022/10/27 13:00,630.0733101,24.4380834,1034.25
2022/10/27 13:15,642.2085692,23.66869238,1032
2022/10/27 13:30,627.0698255,20.78545904,1041.5
2022/10/27 13:45,578.7833386,23.26003073,1036.75
2022/10/27 14:00,540.8564967,14.93934106,1034.25
2022/10/27 14:15,534.615377,14.47999626,1027
2022/10/27 14:30,507.0258269,18.32998827,1029.5
2022/10/27 14:45,439.760134,23.33339355,1029.5
2022/10/27 15:00,410.8083256,30.05753531,1029.5
2022/10/27 15:15,322.2552878,49.65798631,1020
2022/10/27 15:30,238.306098,74.83973801,1017.5
2022/10/27 15:45,185.5906839,74.36969065,1005.5
2022/10/27 16:00,121.1354868,61.01978169,1005.5
2022/10/27 16:15,81.48629953,48.93849104,1005.5
2022/10/27 16:30,54.62129046,63.43582647,1008
2022/10/27 16:45,27.06459192,66.42672969,993.5
2022/10/27 17:00,11.187489,58.78606234,986.25
2022/10/27 17:15,4.253848544,62.12533146,1000.75
2022/10/27 17:30,0,47.24782788,993.5
2022/10/27 17:45,0,34.92517042,993.5
2022/10/27 18:00,0,37.82438534,986.25
2022/10/27 18:15,0,38.9434604,984
2022/10/27 18:30,0,41.93180545,981.5
2022/10/27 18:45,0,42.43953616,991
2022/10/27 19:00,0,48.64617121,986.25
2022/10/27 19:15,0,55.07585923,1000.75
2022/10/27 19:30,0,55.74958117,1003
2022/10/27 19:45,0,41.70455585,1008
2022/10/27 20:00,0,33.65981148,1008
2022/10/27 20:15,0,26.58696488,1008
2022/10/27 20:30,0,16.61022219,1010.25
2022/10/27 20:45,0,10.88586412,1022.25
2022/10/27 21:00,0,10.16528969,1005.5
2022/10/27 21:15,0,17.30262028,1005.5
2022/10/27 21:30,0,29.01872216,1008
2022/10/27 21:45,0,49.9210994,1003
2022/10/27 22:00,0,51.50370096,1010.25
2022/10/27 22:15,0,62.84388871,1000.75
2022/10/27 22:30,0,66.73483543,1000.75
2022/10/27 22:45,0,64.9624983,998.25
2022/10/27 23:00,0,60.00427543,998.25
2022/10/27 23:15,0,49.12861764,998.25
2022/10/27 23:30,0,30.78685853,991
2022/10/27 23:45,0,24.47590492,986.25
2022/10/28 00:00,0,14.76537759,984
2022/10/28 00:15,0,10.15291572,981.5
2022/10/28 00:30,0,8.16853449,988.75
2022/10/28 00:45,0,8.477098091,998.25
2022/10/28 01:00,0,11.32722533,988.75
2022/10/28 01:15,0,11.2887221,991
2022/10/28 01:30,0,15.00706992,998.25
2022/10/28 01:45,0,15.22752791,1020
2022/10/28 02:00,0,13.84705395,1005.5
2022/10/28 02:15,0,15.90452141,1000.75
2022/10/28 02:30,0,15.71022404,991
2022/10/28 02:45,0,16.23114117,988.75
2022/10/28 03:00,0,16.81626201,986.25
2022/10/28 03:15,0,15.30483514,986.25
2022/10/28 03:30,0,13.34855396,981.5
2022/10/28 03:45,0,13.57894398,974.25
2022/10/28 04:00,0,14.11777032,984
2022/10/28 04:15,0,14.09475221,988.75
2022/10/28 04:30,0,12.94950197,986.25
2022/10/28 04:45,0,12.23661818,984
2022/10/28 05:00,0,11.49681909,986.25
2022/10/28 05:15,0,12.63590948,984
2022/10/28 05:30,0,13.16610851,984
2022/10/28 05:45,0,10.83257521,979
2022/10/28 06:00,0,13.98952694,974.25
2022/10/28 06:15,0.062922878,19.06709733,979
2022/10/28 06:30,9.615181903,19.23617564,969.5
2022/10/28 06:45,31.17710998,18.69309382,988.75
2022/10/28 07:00,70.75264623,19.39595285,991
2022/10/28 07:15,122.183689,18.91443931,1010.25
2022/10/28 07:30,188.9103002,20.31861817,1029.5
2022/10/28 07:45,259.3904839,20.35151154,1065.5
2022/10/28 08:00,322.4734841,19.36421609,1060.75
2022/10/28 08:15,391.8825316,22.4055533,1065.5
2022/10/28 08:30,458.6585514,23.0491369,1065.5
2022/10/28 08:45,536.6030486,23.81071447,1065.5
2022/10/28 09:00,606.8783792,24.88367374,1065.5
2022/10/28 09:15,671.7876916,22.47153799,1082.25
2022/10/28 09:30,728.6208238,24.18807916,1101.5
2022/10/28 09:45,785.7114016,29.13043647,1118.25
2022/10/28 10:00,821.3067858,31.95538944,1159
2022/10/28 10:15,853.3167897,30.71616232,1154.25
2022/10/28 10:30,883.8986134,29.72444252,1156.75
2022/10/28 10:45,906.2315632,30.06539507,1144.75
2022/10/28 11:00,923.9170835,31.87841273,1161.5
2022/10/28 11:15,934.225536,40.18448243,1171
2022/10/28 11:30,941.6161553,49.6323191,1156.75
2022/10/28 11:45,945.174011,53.13047581,1144.75
2022/10/28 12:00,946.3568965,71.43275288,1144.75
2022/10/28 12:15,930.5477979,85.35830139,1120.75
2022/10/28 12:30,913.8182005,94.88466956,1106.25
2022/10/28 12:45,888.110763,99.41628964,1108.75
2022/10/28 13:00,865.7103222,93.42209124,1123
2022/10/28 13:15,824.5265909,76.48653169,1120.75
2022/10/28 13:30,793.6678051,69.37942415,1130.25
2022/10/28 13:45,771.1646785,60.32093939,1140
2022/10/28 14:00,722.0583155,58.03977333,1137.5
2022/10/28 14:15,677.4632544,56.09238803,1159
2022/10/28 14:30,619.6709299,51.68420276,1161.5
2022/10/28 14:45,562.352164,45.03082488,1173.5
2022/10/28 15:00,495.8485306,42.92189965,1159
2022/10/28 15:15,431.3605487,41.37461436,1149.5
2022/10/28 15:30,356.4322343,43.41602775,1142.25
2022/10/28 15:45,279.760361,39.34441377,1140
2022/10/28 16:00,206.415888,37.37074437,1137.5
2022/10/28 16:15,139.5637505,36.39374054,1144.75
2022/10/28 16:30,83.99283818,38.97217946,1144.75
2022/10/28 16:45,41.1172834,38.45381932,1132.75
2022/10/28 17:00,15.71487014,38.50189738,1123
2022/10/28 17:15,4.426790917,34.75225795,1120.75
2022/10/28 17:30,0,30.59991189,1082.25
2022/10/28 17:45,0,26.0761911,1056
2022/10/28 18:00,0,21.59747365,1051
2022/10/28 18:15,0,14.95433966,1041.5
2022/10/28 18:30,0,6.88024295,1044
2022/10/28 18:45,0,1.860681008,1048.75
2022/10/28 19:00,0,1.81682557,1041.5
2022/10/28 19:15,0,1.822472439,1039
2022/10/28 19:30,0,1.876683907,1041.5
2022/10/28 19:45,0,1.96320821,1036.75
2022/10/28 20:00,0,1.948212107,1034.25
2022/10/28 20:15,0,2.023972661,1032
2022/10/28 20:30,0,1.970264492,1029.5
2022/10/28 20:45,0,2.043254379,1029.5
2022/10/28 21:00,0,2.115734309,1024.75
2022/10/28 21:15,0,2.087924563,1029.5
2022/10/28 21:30,0,2.151183087,1027
2022/10/28 21:45,0,2.125187678,1032
2022/10/28 22:00,0,2.093674089,1029.5
2022/10/28 22:15,0,2.328267274,1027
2022/10/28 22:30,0,3.312631148,1020
2022/10/28 22:45,0,4.223170899,1015
2022/10/28 23:00,0,5.223688084,1008
2022/10/28 23:15,0,5.56108875,1015
2022/10/28 23:30,0,5.161603115,1015
2022/10/28 23:45,0,5.462331448,996
2022/10/29 00:00,0,5.249826143,996
2022/10/29 00:15,0,5.479369587,998.25
2022/10/29 00:30,0,5.162033699,996
2022/10/29 00:45,0,5.536640367,996
2022/10/29 01:00,0,7.664333468,1000.75
2022/10/29 01:15,0,8.748211758,996
2022/10/29 01:30,0,7.594562386,1010.25
2022/10/29 01:45,0,5.142488622,1005.5
2022/10/29 02:00,0,4.095883898,1010.25
2022/10/29 02:15,0,4.127719704,1015
2022/10/29 02:30,0,3.74249102,1005.5
2022/10/29 02:45,0,3.699227021,1008
2022/10/29 03:00,0,4.322146907,1000.75
2022/10/29 03:15,0,4.763410158,1005.5
2022/10/29 03:30,0,7.068293678,1008
2022/10/29 03:45,0,8.065123455,1008
2022/10/29 04:00,0,9.216202111,1015
2022/10/29 04:15,0,14.89276719,1022.25
2022/10/29 04:30,0,23.76415355,1008
2022/10/29 04:45,0,28.83488486,1012.75
2022/10/29 05:00,0,31.05436578,1005.5
2022/10/29 05:15,0,31.95687585,1008
2022/10/29 05:30,0,31.45068889,1003
2022/10/29 05:45,0,35.94589827,996
2022/10/29 06:00,0,37.923443,993.5
2022/10/29 06:15,0.025210896,40.34788104,998.25
2022/10/29 06:30,9.117065412,40.6670992,996
2022/10/29 06:45,34.40537454,34.17513704,1008
2022/10/29 07:00,74.36569135,29.69668609,1027
2022/10/29 07:15,130.3663995,25.67165862,1029.5
2022/10/29 07:30,194.0864102,22.61847833,1070.25
2022/10/29 07:45,265.8486494,19.24844977,1082.25
2022/10/29 08:00,333.7788339,18.0471404,1094.25
2022/10/29 08:15,396.7679347,15.35065104,1104
2022/10/29 08:30,455.0668937,15.89743563,1106.25
2022/10/29 08:45,511.438384,18.72599284,1116
2022/10/29 09:00,569.8552648,20.6326097,1108.75
2022/10/29 09:15,625.3283507,20.74850599,1113.5
2022/10/29 09:30,680.1784304,17.62197403,1118.25
2022/10/29 09:45,723.9892458,17.83595632,1132.75
2022/10/29 10:00,759.9488818,19.54955427,1137.5
2022/10/29 10:15,793.5846384,20.33465072,1159
2022/10/29 10:30,820.8004323,18.30745766,1180.75
2022/10/29 10:45,853.6639141,21.93024507,1171
2022/10/29 11:00,871.5828789,29.52479534,1178.25
2022/10/29 11:15,885.8254018,34.76718052,1176
2022/10/29 11:30,893.7338134,40.0587767,1188
2022/10/29 11:45,893.148269,41.22314212,1190.25
2022/10/29 12:00,892.1765996,39.88244608,1180.75
2022/10/29 12:15,893.0487996,41.3756103,1164
2022/10/29 12:30,887.640419,41.7392887,1123
2022/10/29 12:45,864.4207975,42.32917769,1142.25
2022/10/29 13:00,850.9188604,46.93802699,1130.25
2022/10/29 13:15,828.2834516,49.68161314,1142.25
2022/10/29 13:30,787.4834824,49.55266609,1164
2022/10/29 13:45,748.9028298,55.01113424,1183
2022/10/29 14:00,702.519928,47.77852363,1192.75
2022/10/29 14:15,654.3364305,39.84496466,1185.5
2022/10/29 14:30,597.7296874,34.82193335,1185.5
2022/10/29 14:45,534.346491,38.8634144,1183
2022/10/29 15:00,465.2227952,36.05619114,1180.75
2022/10/29 15:15,405.4724299,33.30155323,1168.75
2022/10/29 15:30,332.6020976,34.71145922,1156.75
2022/10/29 15:45,252.7391808,43.30202799,1154.25
2022/10/29 16:00,179.7690115,40.69702194,1156.75
2022/10/29 16:15,124.7302431,29.20754391,1171
2022/10/29 16:30,78.50859553,24.0385918,1161.5
2022/10/29 16:45,41.29502007,23.13256289,1152
2022/10/29 17:00,16.18842865,25.53932676,1140
2022/10/29 17:15,4.04635412,28.63985742,1116
2022/10/29 17:30,0,27.86803666,1104
2022/10/29 17:45,0,24.72123429,1101.5
2022/10/29 18:00,0,20.20165651,1099
2022/10/29 18:15,0,14.20190798,1092
2022/10/29 18:30,0,7.909317691,1075
2022/10/29 18:45,0,5.301387384,1089.5
2022/10/29 19:00,0,3.624257054,1080
2022/10/29 19:15,0,3.68857104,1084.75
2022/10/29 19:30,0,2.461256576,1087
2022/10/29 19:45,0,2.926248304,1070.25
2022/10/29 20:00,0,3.32074724,1058.25
2022/10/29 20:15,0,5.361575262,1063
2022/10/29 20:30,0,8.849492748,1065.5
2022/10/29 20:45,0,10.59632328,1063
2022/10/29 21:00,0,13.55682999,1056
2022/10/29 21:15,0,15.06258472,1060.75
2022/10/29 21:30,0,16.51163714,1051
2022/10/29 21:45,0,20.11842532,1046.25
2022/10/29 22:00,0,38.24678648,1063
2022/10/29 22:15,0,72.78305751,1056
2022/10/29 22:30,0,99.31177623,1053.5
2022/10/29 22:45,0,120.8132215,1048.75
2022/10/29 23:00,0,174.4137547,1046.25
2022/10/29 23:15,0,243.8575318,1053.5
2022/10/29 23:30,0,352.3878641,1041.5
2022/10/29 23:45,0,448.5207552,1027
2022/10/30 00:00,0,499.4174855,1029.5
2022/10/30 00:15,0,507.9601654,1020
2022/10/30 00:30,0,537.3265184,1012.75
2022/10/30 00:45,0,601.5592653,1010.25
2022/10/30 01:00,0,678.0322417,1008
2022/10/30 01:15,0,763.5960791,1005.5
2022/10/30 01:30,0,816.2896446,1015
2022/10/30 01:45,0,856.9076061,1015
2022/10/30 02:00,0,760.7751315,1015
2022/10/30 02:15,0,783.4217889,1012.75
2022/10/30 02:30,0,794.4042172,1008
2022/10/30 02:45,0,826.6024961,1008
2022/10/30 03:00,0,842.5121389,1010.25
2022/10/30 03:15,0,875.1696231,1008
2022/10/30 03:30,0,919.0703441,1003
2022/10/30 03:45,0,935.4126125,1003
2022/10/30 04:00,0,955.0816655,998.25
2022/10/30 04:15,0,965.4601671,1003
2022/10/30 04:30,0,991.502094,993.5
2022/10/30 04:45,0,997.3029159,984
2022/10/30 05:00,0,999.1103035,984
2022/10/30 05:15,0,1003.168402,979
2022/10/30 05:30,0,1003.830933,974.25
2022/10/30 05:45,0,1004.317434,969.5
2022/10/30 06:00,0,1002.197499,967
2022/10/30 06:15,0,1000.774972,974.25
2022/10/30 06:30,6.740136433,996.557641,960
2022/10/30 06:45,21.11475348,1000.583533,967
2022/10/30 07:00,44.30368754,998.8110802,974.25
2022/10/30 07:15,78.21910072,1004.516079,974.25
2022/10/30 07:30,122.0099651,1003.188138,1005.5
2022/10/30 07:45,168.6170326,992.1394012,1051
2022/10/30 08:00,212.2745407,968.3323253,1027
2022/10/30 08:15,255.4810866,953.5077326,1063
2022/10/30 08:30,301.4703624,953.6146145,1087
2022/10/30 08:45,349.4744328,959.1699394,1082.25
2022/10/30 09:00,394.5345926,928.8915937,1089.5
2022/10/30 09:15,448.7279119,892.5708022,1087
2022/10/30 09:30,500.1683316,881.61922,1099
2022/10/30 09:45,535.5562143,886.4794015,1120.75
2022/10/30 10:00,582.8760549,861.9321046,1113.5
2022/10/30 10:15,637.285017,853.393782,1154.25
2022/10/30 10:30,689.7817222,854.7062257,1166.25
2022/10/30 10:45,742.3074302,853.6479182,1152
2022/10/30 11:00,793.3680159,852.1967659,1161.5
2022/10/30 11:15,819.0927585,850.7612528,1144.75
2022/10/30 11:30,809.5435323,851.61078,1125.5
2022/10/30 11:45,802.7060705,849.9705979,1120.75
2022/10/30 12:00,820.7431911,857.8317801,1116
2022/10/30 12:15,848.5541193,864.4412806,1116
2022/10/30 12:30,855.7399921,868.4440216,1094.25
2022/10/30 12:45,836.5677696,878.1427115,1094.25
2022/10/30 13:00,814.3155506,882.7527476,1106.25
2022/10/30 13:15,785.9038527,882.98583,1123
2022/10/30 13:30,758.1814007,880.7177903,1147
2022/10/30 13:45,713.1559533,881.8398742,1161.5
2022/10/30 14:00,665.2691656,881.2673469,1154.25
2022/10/30 14:15,605.5837549,882.231542,1159
2022/10/30 14:30,540.4677994,884.8647657,1149.5
2022/10/30 14:45,495.1841369,890.1629052,1116
2022/10/30 15:00,434.3320391,888.2971252,1120.75
2022/10/30 15:15,356.705149,880.4738545,1123
2022/10/30 15:30,296.6792844,883.4846647,1132.75
2022/10/30 15:45,236.1016704,882.1268092,1128
2022/10/30 16:00,174.8823442,885.103781,1128
2022/10/30 16:15,110.7788988,890.6190301,1120.75
2022/10/30 16:30,72.94309616,896.6443308,1106.25
2022/10/30 16:45,36.29315013,891.6494802,1092
2022/10/30 17:00,14.46471103,888.3970976,1096.75
2022/10/30 17:15,4.258153245,888.0441564,1087
2022/10/30 17:30,0,884.8121713,1080
2022/10/30 17:45,0,876.7797289,1056
2022/10/30 18:00,0,866.9678227,1044
2022/10/30 18:15,0,854.7675619,1051
2022/10/30 18:30,0,854.9775191,1048.75
2022/10/30 18:45,0,857.5663122,1048.75
2022/10/30 19:00,0,856.813054,1032
2022/10/30 19:15,0,858.357042,1027
2022/10/30 19:30,0,859.0620584,1008
2022/10/30 19:45,0,856.3918158,1003
2022/10/30 20:00,0,850.7511996,993.5
2022/10/30 20:15,0,844.7009365,996
2022/10/30 20:30,0,846.7618429,1003
2022/10/30 20:45,0,840.0918764,1003
2022/10/30 21:00,0,837.5946935,993.5
2022/10/30 21:15,0,844.2635387,996
2022/10/30 21:30,0,844.2867642,991
2022/10/30 21:45,0,840.4788583,979
2022/10/30 22:00,0,844.1656235,1003
2022/10/30 22:15,0,842.8060335,998.25
2022/10/30 22:30,0,833.6856582,1005.5
2022/10/30 22:45,0,825.008589,1000.75
2022/10/30 23:00,0,824.5706635,1003
2022/10/30 23:15,0,832.0521372,1000.75
2022/10/30 23:30,0,829.9756534,984
2022/10/30 23:45,0,834.7611939,974.25
2022/10/31 00:00,0,851.2786454,967
2022/10/31 00:15,0,859.9095811,972
2022/10/31 00:30,0,866.9365978,972
2022/10/31 00:45,0,881.7508958,996
2022/10/31 01:00,0,884.8843619,991
2022/10/31 01:15,0,897.0371892,988.75
2022/10/31 01:30,0,890.9023659,984
2022/10/31 01:45,0,893.9053809,986.25
2022/10/31 02:00,0,897.5734074,962.25
2022/10/31 02:15,0,893.3337971,938.25
2022/10/31 02:30,0,891.6479873,950.25
2022/10/31 02:45,0,895.890429,957.5
2022/10/31 03:00,0,902.2620515,955
2022/10/31 03:15,0,901.3250977,957.5
2022/10/31 03:30,0,907.1865529,962.25
2022/10/31 03:45,0,910.9298385,960
2022/10/31 04:00,0,907.0815351,967
2022/10/31 04:15,0,904.6424013,964.75
2022/10/31 04:30,0,893.2335826,972
2022/10/31 04:45,0,901.4143297,974.25
2022/10/31 05:00,0,907.068856,972
2022/10/31 05:15,0,913.7097966,969.5
2022/10/31 05:30,0,913.2847761,955
2022/10/31 05:45,0,908.8692344,950.25
2022/10/31 06:00,0,904.6048243,948
2022/10/31 06:15,0,899.4242364,957.5
2022/10/31 06:30,7.571052393,907.6083887,976.75
2022/10/31 06:45,29.17931077,906.5716241,993.5
2022/10/31 07:00,60.18138574,905.3053729,1000.75
2022/10/31 07:15,98.50778228,905.2525963,998.25
2022/10/31 07:30,154.5816375,878.8598908,1041.5
2022/10/31 07:45,214.4698204,883.5514767,1058.25
2022/10/31 08:00,271.6552245,880.9734755,1046.25
2022/10/31 08:15,331.1677015,876.124651,1068
2022/10/31 08:30,393.2128443,876.0703354,1075
2022/10/31 08:45,450.7021977,873.9995069,1077.5
2022/10/31 09:00,518.0881203,891.5942589,1082.25
2022/10/31 09:15,577.4564417,894.523778,1075
2022/10/31 09:30,648.2983328,904.9895771,1087
2022/10/31 09:45,695.4539718,917.0946681,1120.75
2022/10/31 10:00,745.5144005,922.6377491,1128
2022/10/31 10:15,785.7137546,1062.058951,1132.75
2022/10/31 10:30,812.4722423,1045.273637,1149.5
2022/10/31 10:45,817.8423019,1059.60238,1140
2022/10/31 11:00,826.412073,1062.243454,1147
2022/10/31 11:15,830.7140629,1067.407021,1128
2022/10/31 11:30,831.2259358,939.3565116,1125.5
2022/10/31 11:45,853.5446072,940.6173361,1111
2022/10/31 12:00,858.8902037,943.8417081,1096.75
2022/10/31 12:15,856.3803516,941.7965983,1082.25
2022/10/31 12:30,846.1405984,946.0254552,1070.25
2022/10/31 12:45,808.7894704,950.95932,1080
2022/10/31 13:00,787.5182484,952.4907149,1101.5
2022/10/31 13:15,754.0032106,952.2239656,1111
2022/10/31 13:30,711.7679194,949.7700598,1111
2022/10/31 13:45,668.2250433,946.3574113,1140
2022/10/31 14:00,614.9477582,944.9200608,1149.5
2022/10/31 14:15,569.921703,943.8852063,1156.75
2022/10/31 14:30,524.2689014,943.6435929,1168.75
2022/10/31 14:45,458.541295,950.9422553,1159
2022/10/31 15:00,411.27639,948.334442,1118.25
2022/10/31 15:15,355.6605842,1081.950047,1123
2022/10/31 15:30,293.2699922,1098.901348,1130.25
2022/10/31 15:45,226.9834439,1100.591852,1142.25
2022/10/31 16:00,161.8547275,1098.180535,1154.25
2022/10/31 16:15,108.0190124,1106.466269,1140
2022/10/31 16:30,63.71757173,974.8880656,1147
2022/10/31 16:45,30.64006543,972.7417779,1113.5
2022/10/31 17:00,12.77432487,972.3754678,1113.5
2022/10/31 17:15,4.901716485,969.0066081,1096.75
2022/10/31 17:30,0,969.7257819,1087
2022/10/31 17:45,0,969.5386275,1077.5
2022/10/31 18:00,0,962.0697951,1070.25
2022/10/31 18:15,0,959.3095562,1065.5
2022/10/31 18:30,0,954.349783,1051
2022/10/31 18:45,0,949.4244211,1056
2022/10/31 19:00,0,945.7418755,1063
2022/10/31 19:15,0,942.666315,1068
2022/10/31 19:30,0,950.6183276,1056
2022/10/31 19:45,0,956.0575469,1051
2022/10/31 20:00,0,962.7840377,1039
2022/10/31 20:15,0,960.7813858,1041.5
2022/10/31 20:30,0,960.3651385,1053.5
2022/10/31 20:45,0,959.9598413,1034.25
2022/10/31 21:00,0,958.0268825,1017.5
2022/10/31 21:15,0,968.0137322,1017.5
2022/10/31 21:30,0,973.8683127,1020
2022/10/31 21:45,0,974.9263257,1012.75
2022/10/31 22:00,0,967.7489427,1017.5
2022/10/31 22:15,0,961.2239834,1010.25
2022/10/31 22:30,0,965.3396296,1020
2022/10/31 22:45,0,957.5198415,1010.25
2022/10/31 23:00,0,959.0781468,1015
2022/10/31 23:15,0,965.9389859,1015
2022/10/31 23:30,0,974.8662152,1015
2022/10/31 23:45,0,973.3225828,1008
2022/11/1 00:00,0,972.106258,1010.25
2022/11/1 00:15,0,971.0929346,1003
2022/11/1 00:30,0,960.4866728,998.25
2022/11/1 00:45,0,943.6563652,1003
2022/11/1 01:00,0,947.4077138,1003
2022/11/1 01:15,0,944.0316203,1005.5
2022/11/1 01:30,0,946.5331445,1005.5
2022/11/1 01:45,0,935.2354783,1005.5
2022/11/1 02:00,0,921.9971571,1005.5
2022/11/1 02:15,0,917.1022222,1005.5
2022/11/1 02:30,0,912.2564407,1005.5
2022/11/1 02:45,0,908.3927125,1005.5
2022/11/1 03:00,0,922.808405,1008
2022/11/1 03:15,0,932.9674966,1003
2022/11/1 03:30,0,952.6467441,1000.75
2022/11/1 03:45,0,960.7679798,1000.75
2022/11/1 04:00,0,961.4527453,1008
2022/11/1 04:15,0,970.4471558,1010.25
2022/11/1 04:30,0,973.0469575,1008
2022/11/1 04:45,0,975.9887992,1003
2022/11/1 05:00,0,973.2545383,998.25
2022/11/1 05:15,0,972.8229106,998.25
2022/11/1 05:30,0,973.6619194,998.25
2022/11/1 05:45,0,956.0911046,988.75
2022/11/1 06:00,0,948.8958779,986.25
2022/11/1 06:15,0,949.190712,996
2022/11/1 06:30,3.593375952,947.7259032,993.5
2022/11/1 06:45,18.80079273,948.0548783,1000.75
2022/11/1 07:00,47.21838066,948.8386832,1005.5
2022/11/1 07:15,84.17256392,949.5505598,1008
2022/11/1 07:30,121.5083187,970.8137153,1012.75
2022/11/1 07:45,163.6760572,973.5374511,1017.5
2022/11/1 08:00,201.4586689,974.7071759,1036.75
2022/11/1 08:15,250.2580922,975.2649213,1056
2022/11/1 08:30,297.7843408,977.3809201,1065.5
2022/11/1 08:45,334.7201205,960.7338124,1075
2022/11/1 09:00,380.0863014,956.6346826,1087
2022/11/1 09:15,423.6297023,956.4924217,1087
2022/11/1 09:30,460.5410007,955.1480457,1092
2022/11/1 09:45,521.7095276,953.7075309,1108.75
2022/11/1 10:00,561.2396321,957.8631144,1113.5
2022/11/1 10:15,606.9608161,963.0449411,1135
2022/11/1 10:30,642.7781866,967.1087756,1140
2022/11/1 10:45,682.0609989,966.5241001,1142.25
2022/11/1 11:00,702.6728778,968.1208896,1135
2022/11/1 11:15,721.2254934,964.2268606,1123
2022/11/1 11:30,741.2679225,1098.393114,1116
2022/11/1 11:45,745.4378855,1098.688787,1096.75
2022/11/1 12:00,741.3910982,1095.300992,1084.75
2022/11/1 12:15,735.6801807,1097.774705,1087
2022/11/1 12:30,708.1594769,1096.756151,1041.5
2022/11/1 12:45,717.2443761,964.709756,1065.5
2022/11/1 13:00,696.5268311,959.7965379,1077.5
2022/11/1 13:15,657.6647187,960.0904303,1077.5
2022/11/1 13:30,617.0527881,968.2760224,1077.5
2022/11/1 13:45,587.5345018,976.7338361,1077.5
2022/11/1 14:00,553.3905945,976.5657097,1096.75
2022/11/1 14:15,498.7065217,971.2576898,1087
2022/11/1 14:30,434.7535294,962.8527275,1070.25
2022/11/1 14:45,382.1689414,946.2325553,1089.5
2022/11/1 15:00,319.1536774,931.2844597,1087
2022/11/1 15:15,263.8046105,1034.575113,1072.75
2022/11/1 15:30,211.441353,1023.462687,1072.75
2022/11/1 15:45,162.3720049,998.6633305,1087
2022/11/1 16:00,124.0331594,977.6056701,1087
2022/11/1 16:15,90.35961256,1008.749748,1096.75
2022/11/1 16:30,60.81715334,1016.97574,1096.75
2022/11/1 16:45,37.86587675,1017.109287,1072.75
2022/11/1 17:00,12.22900738,1020.981683,1060.75
2022/11/1 17:15,2.186033041,1030.173536,1063
2022/11/1 17:30,0,1034.236821,1053.5
2022/11/1 17:45,0,1033.149544,1036.75
2022/11/1 18:00,0,1030.162258,1039
2022/11/1 18:15,0,1018.071853,1034.25
2022/11/1 18:30,0,1016.612649,1024.75
2022/11/1 18:45,0,1014.886686,1041.5
2022/11/1 19:00,0,1004.242318,1044
2022/11/1 19:15,0,982.6991711,1048.75
2022/11/1 19:30,0,929.1644035,1034.25
2022/11/1 19:45,0,882.0258776,1029.5
2022/11/1 20:00,0,829.4903442,1024.75
2022/11/1 20:15,0,771.9012894,1020
2022/11/1 20:30,0,716.91014,1022.25
2022/11/1 20:45,0,672.7290677,1022.25
2022/11/1 21:00,0,677.0538395,1017.5
2022/11/1 21:15,0,698.1371223,1017.5
2022/11/1 21:30,0,738.8323978,1017.5
2022/11/1 21:45,0,775.6694188,1010.25
2022/11/1 22:00,0,781.0977799,1024.75
2022/11/1 22:15,0,745.9991824,1017.5
2022/11/1 22:30,0,699.8012543,1022.25
2022/11/1 22:45,0,666.5080838,1010.25
2022/11/1 23:00,0,650.9374614,1015
2022/11/1 23:15,0,623.8190837,1017.5
2022/11/1 23:30,0,596.058206,1020
2022/11/1 23:45,0,580.1831748,1015
2022/11/2 00:00,0,576.2184251,1008
2022/11/2 00:15,0,558.360683,1005.5
2022/11/2 00:30,0,518.4319206,991
2022/11/2 00:45,0,491.8694636,1000.75
2022/11/2 01:00,0,454.0317142,993.5
2022/11/2 01:15,0,490.5981345,998.25
2022/11/2 01:30,0,532.9471925,991
2022/11/2 01:45,0,556.9578568,996
2022/11/2 02:00,0,586.5041777,993.5
2022/11/2 02:15,0,615.8184163,996
2022/11/2 02:30,0,671.7598418,1000.75
2022/11/2 02:45,0,751.3153657,998.25
2022/11/2 03:00,0,778.6087074,996
2022/11/2 03:15,0,798.39137,993.5
2022/11/2 03:30,0,835.9915697,993.5
2022/11/2 03:45,0,862.2198905,991
2022/11/2 04:00,0,914.3480521,1000.75
2022/11/2 04:15,0,960.7780567,1005.5
2022/11/2 04:30,0,965.3280366,1008
2022/11/2 04:45,0,889.0185342,1008
2022/11/2 05:00,0,843.6849759,1005.5
2022/11/2 05:15,0,828.6839604,1010.25
2022/11/2 05:30,0,868.0174825,1008
2022/11/2 05:45,0,899.3538279,1005.5
2022/11/2 06:00,0,905.9496171,1000.75
2022/11/2 06:15,0,900.7932116,996
2022/11/2 06:30,3.533930094,921.2317135,993.5
2022/11/2 06:45,16.95796628,925.535163,1003
2022/11/2 07:00,43.9768355,918.2715778,1015
2022/11/2 07:15,81.60540308,916.4813015,1034.25
2022/11/2 07:30,125.8087653,936.3875391,1039
2022/11/2 07:45,174.2475717,948.5430948,1039
2022/11/2 08:00,223.9838856,956.8321826,1048.75
2022/11/2 08:15,264.0488358,975.4698472,1051
2022/11/2 08:30,303.6920138,992.2006921,1058.25
2022/11/2 08:45,321.2821286,996.2583841,1063
2022/11/2 09:00,367.9201804,985.1543854,1068
2022/11/2 09:15,416.3890088,983.3559104,1068
2022/11/2 09:30,461.2123504,996.9924499,1077.5
2022/11/2 09:45,501.4448429,1012.60957,1094.25
2022/11/2 10:00,526.4643532,1015.312119,1092
2022/11/2 10:15,560.0456864,1005.752214,1104
2022/11/2 10:30,572.1548142,991.429852,1101.5
2022/11/2 10:45,596.5934046,972.2657832,1082.25
2022/11/2 11:00,627.9428809,958.2615369,1084.75
2022/11/2 11:15,647.9288526,945.1187466,1084.75
2022/11/2 11:30,665.2051425,917.0566827,1082.25
2022/11/2 11:45,674.8748612,905.3707139,1075
2022/11/2 12:00,688.0193562,914.0675761,1075
2022/11/2 12:15,705.0830688,919.0150686,1075
2022/11/2 12:30,695.0467746,930.409591,1070.25
2022/11/2 12:45,687.4856909,910.4814991,1070.25
2022/11/2 13:00,659.3131065,918.4183109,1072.75
2022/11/2 13:15,654.185192,921.1042777,1075
2022/11/2 13:30,636.6752552,931.0553678,1075
2022/11/2 13:45,608.3856257,950.1268411,1080
2022/11/2 14:00,563.8493019,959.7213183,1065.5
2022/11/2 14:15,508.1970438,969.5589307,1060.75
2022/11/2 14:30,464.9618241,968.4864513,1058.25
2022/11/2 14:45,416.7080584,962.4052501,1056
2022/11/2 15:00,367.3965957,962.1673313,1063
2022/11/2 15:15,314.4753055,940.3494512,1053.5
2022/11/2 15:30,257.9686624,911.4384641,1056
2022/11/2 15:45,200.6699834,890.2983892,1051
2022/11/2 16:00,150.6119604,884.0355292,1053.5
2022/11/2 16:15,105.6658861,873.661304,1048.75
2022/11/2 16:30,63.81441773,874.8093066,1048.75
2022/11/2 16:45,31.44554999,900.782627,1032
2022/11/2 17:00,12.47604174,940.0330643,1024.75
2022/11/2 17:15,2.5444023,933.6650529,1020
2022/11/2 17:30,0,932.2818898,1017.5
2022/11/2 17:45,0,950.1688414,1012.75
2022/11/2 18:00,0,950.3582688,1010.25
2022/11/2 18:15,0,939.4924668,1010.25
2022/11/2 18:30,0,935.8339075,1008
2022/11/2 18:45,0,925.3467234,1017.5
2022/11/2 19:00,0,925.5418509,1017.5
2022/11/2 19:15,0,908.3964922,1022.25
2022/11/2 19:30,0,897.2052356,1012.75
2022/11/2 19:45,0,910.769561,1010.25
2022/11/2 20:00,0,910.8779615,1010.25
2022/11/2 20:15,0,898.4555284,1012.75
2022/11/2 20:30,0,874.2644606,1017.5
2022/11/2 20:45,0,848.6476968,1024.75
2022/11/2 21:00,0,867.0090313,1024.75
2022/11/2 21:15,0,888.8758923,1020
2022/11/2 21:30,0,873.6597198,1029.5
2022/11/2 21:45,0,855.5260681,1017.5
2022/11/2 22:00,0,831.680553,1029.5
2022/11/2 22:15,0,818.1374915,1020
2022/11/2 22:30,0,803.2508801,1022.25
2022/11/2 22:45,0,782.8725936,1015
2022/11/2 23:00,0,784.4713344,1032
2022/11/2 23:15,0,771.949025,1027
2022/11/2 23:30,0,767.1129642,1027
2022/11/2 23:45,0,762.7387161,1027
2022/11/3 00:00,0,738.7508211,1027
2022/11/3 00:15,0,716.711282,1017.5
2022/11/3 00:30,0,685.4859649,1015
2022/11/3 00:45,0,662.2364452,1017.5
2022/11/3 01:00,0,616.6177662,1017.5
2022/11/3 01:15,0,601.1885362,1015
2022/11/3 01:30,0,570.3765578,1010.25
2022/11/3 01:45,0,567.0744328,1010.25
2022/11/3 02:00,0,581.9325949,1003
2022/11/3 02:15,0,617.6259706,1003
2022/11/3 02:30,0,639.506034,1015
2022/11/3 02:45,0,666.8727452,1012.75
2022/11/3 03:00,0,686.0328579,1010.25
2022/11/3 03:15,0,704.5690445,1008
2022/11/3 03:30,0,717.0360959,1005.5
2022/11/3 03:45,0,745.2501736,1003
2022/11/3 04:00,0,781.5508028,1012.75
2022/11/3 04:15,0,820.1282513,1010.25
2022/11/3 04:30,0,847.9894841,1012.75
2022/11/3 04:45,0,859.4335699,1003
2022/11/3 05:00,0,865.9588265,1005.5
2022/11/3 05:15,0,883.1696454,1005.5
2022/11/3 05:30,0,908.3242995,1000.75
2022/11/3 05:45,0,929.7456267,996
2022/11/3 06:00,0,951.7962003,998.25
2022/11/3 06:15,0,960.7959808,993.5
2022/11/3 06:30,1.424088932,968.4831589,996
2022/11/3 06:45,8.615002189,983.9263563,1000.75
2022/11/3 07:00,23.74047283,1006.223332,1008
2022/11/3 07:15,43.75166568,1025.556856,1017.5
2022/11/3 07:30,70.98325047,1039.125251,1012.75
2022/11/3 07:45,98.52389282,922.0941942,1017.5
2022/11/3 08:00,129.049235,926.3434005,1020
2022/11/3 08:15,163.2700413,935.9883809,1027
2022/11/3 08:30,202.3062248,948.1701127,1024.75
2022/11/3 08:45,233.5275477,949.158772,1029.5
2022/11/3 09:00,254.3616903,949.0780778,1024.75
2022/11/3 09:15,288.0061735,953.0489611,1024.75
2022/11/3 09:30,334.6654013,947.5651261,1020
2022/11/3 09:45,374.4105757,956.4566904,1017.5
2022/11/3 10:00,396.8080908,951.1685563,1020
2022/11/3 10:15,398.7714461,953.8023191,1022.25
2022/11/3 10:30,408.2453604,955.0876129,1024.75
2022/11/3 10:45,424.038305,952.0713568,1017.5
2022/11/3 11:00,423.4383152,956.8414757,1020
2022/11/3 11:15,432.1646948,960.6539192,1012.75
2022/11/3 11:30,413.2068063,960.4913342,1022.25
2022/11/3 11:45,416.4081811,958.3428282,1010.25
2022/11/3 12:00,420.0794447,953.7690236,1010.25
2022/11/3 12:15,405.9427913,947.7973888,1010.25
2022/11/3 12:30,396.35068,940.1940658,1010.25
2022/11/3 12:45,392.835435,946.7009347,1012.75
2022/11/3 13:00,379.6645874,963.9908553,1017.5
2022/11/3 13:15,372.0930552,969.6593839,1020
2022/11/3 13:30,362.304324,968.04519,1017.5
2022/11/3 13:45,355.204119,964.184174,1020
2022/11/3 14:00,334.5342665,970.9747713,1017.5
2022/11/3 14:15,313.5929655,962.8509869,1027
2022/11/3 14:30,298.2177984,948.8341168,1020
2022/11/3 14:45,275.4477418,945.3550889,1022.25
2022/11/3 15:00,251.6795091,951.1263206,1015
2022/11/3 15:15,214.944692,948.9121368,1010.25
2022/11/3 15:30,176.6077754,954.1222142,1017.5
2022/11/3 15:45,145.0542507,967.2757438,1017.5
2022/11/3 16:00,108.1231689,970.4688106,1012.75
2022/11/3 16:15,77.21402267,971.8871057,1005.5
2022/11/3 16:30,47.50535893,962.7931727,1008
2022/11/3 16:45,25.00459572,956.5710658,1003
2022/11/3 17:00,10.03935915,945.6484192,998.25
2022/11/3 17:15,2.339428298,946.4670504,998.25
2022/11/3 17:30,0,946.6851728,996
2022/11/3 17:45,0,959.6399512,979
2022/11/3 18:00,0,958.3501884,988.75
2022/11/3 18:15,0,952.278637,981.5
2022/11/3 18:30,0,963.2367923,981.5
2022/11/3 18:45,0,966.6456803,991
2022/11/3 19:00,0,963.1232386,991
2022/11/3 19:15,0,948.9347823,986.25
2022/11/3 19:30,0,951.5027092,988.75
2022/11/3 19:45,0,956.3351163,984
2022/11/3 20:00,0,967.6863677,986.25
2022/11/3 20:15,0,952.6550375,986.25
2022/11/3 20:30,0,922.2933607,988.75
2022/11/3 20:45,0,926.3157195,998.25
2022/11/3 21:00,0,922.5797534,984
2022/11/3 21:15,0,921.2631351,988.75
2022/11/3 21:30,0,926.6357638,986.25
2022/11/3 21:45,0,920.6650277,991
2022/11/3 22:00,0,915.6285306,996
2022/11/3 22:15,0,906.2263283,1003
2022/11/3 22:30,0,897.5717219,998.25
2022/11/3 22:45,0,892.3299629,993.5
2022/11/3 23:00,0,889.9734405,986.25
2022/11/3 23:15,0,887.4909237,984
2022/11/3 23:30,0,889.3333482,981.5
2022/11/3 23:45,0,880.4187651,974.25
2022/11/4 00:00,0,862.2976632,974.25
2022/11/4 00:15,0,856.1682091,976.75
2022/11/4 00:30,0,839.7185146,979
2022/11/4 00:45,0,843.3044935,981.5
2022/11/4 01:00,0,844.0033984,988.75
2022/11/4 01:15,0,834.317268,981.5
2022/11/4 01:30,0,834.2226389,979
2022/11/4 01:45,0,848.2965628,967
2022/11/4 02:00,0,841.1816629,972
2022/11/4 02:15,0,836.9004157,969.5
2022/11/4 02:30,0,819.6433497,969.5
2022/11/4 02:45,0,812.7540374,976.75
2022/11/4 03:00,0,812.1472086,967
2022/11/4 03:15,0,832.1197859,964.75
2022/11/4 03:30,0,842.8388158,964.75
2022/11/4 03:45,0,854.5436762,962.25
2022/11/4 04:00,0,831.983352,969.5
2022/11/4 04:15,0,824.3506728,969.5
2022/11/4 04:30,0,832.3123911,969.5
2022/11/4 04:45,0,840.368688,967
2022/11/4 05:00,0,842.2167176,964.75
2022/11/4 05:15,0,855.5236072,967
2022/11/4 05:30,0,874.1809741,969.5
2022/11/4 05:45,0,876.3227781,962.25
2022/11/4 06:00,0,890.0165169,967
2022/11/4 06:15,0,893.2961887,967
2022/11/4 06:30,1.520963165,886.5176989,967
2022/11/4 06:45,10.15122399,894.3142311,979
2022/11/4 07:00,26.46840498,906.3716755,984
2022/11/4 07:15,47.82908141,918.7335721,996
2022/11/4 07:30,75.69509551,918.0447682,1015
2022/11/4 07:45,112.9773121,917.3077706,1024.75
2022/11/4 08:00,150.1270567,916.7510585,1034.25
2022/11/4 08:15,197.9420364,936.3497661,1041.5
2022/11/4 08:30,257.9443029,950.4457079,1060.75
2022/11/4 08:45,321.1651402,949.5922133,1060.75
2022/11/4 09:00,369.9724092,949.9140897,1060.75
2022/11/4 09:15,408.4861964,944.4999709,1051
2022/11/4 09:30,455.2269528,947.8242578,1072.75
2022/11/4 09:45,500.7011245,950.4000604,1094.25
2022/11/4 10:00,537.1091112,951.9097776,1104
2022/11/4 10:15,560.5736817,950.9215765,1116
2022/11/4 10:30,583.7117051,950.9266815,1113.5
2022/11/4 10:45,596.8676403,942.2790208,1113.5
2022/11/4 11:00,642.3224139,932.0773486,1104
2022/11/4 11:15,618.1082945,937.0954315,1116
2022/11/4 11:30,618.5922993,938.0015293,1089.5
2022/11/4 11:45,638.2454154,933.0597274,1080
2022/11/4 12:00,665.8188888,930.3696517,1063
2022/11/4 12:15,670.6272628,919.1588179,1060.75
2022/11/4 12:30,688.5951697,914.2843767,1077.5
2022/11/4 12:45,661.1940565,913.9050133,1080
2022/11/4 13:00,652.0878596,916.1523895,1063
2022/11/4 13:15,643.3770018,925.3683638,1063
2022/11/4 13:30,615.3741898,929.4675342,1080
2022/11/4 13:45,569.5841137,934.4598163,1094.25
2022/11/4 14:00,533.3802574,933.5422842,1125.5
2022/11/4 14:15,493.2275747,930.9408916,1099
2022/11/4 14:30,461.2233547,935.4943429,1087
2022/11/4 14:45,415.4029406,938.0784032,1077.5
2022/11/4 15:00,362.0696244,934.5328942,1068
2022/11/4 15:15,313.9742738,939.8390315,1068
2022/11/4 15:30,259.1060551,937.503819,1089.5
2022/11/4 15:45,189.8847153,788.7272086,1089.5
2022/11/4 16:00,140.3660248,934.3021068,1094.25
2022/11/4 16:15,103.2721046,933.8897719,1084.75
2022/11/4 16:30,64.28262818,1075.621259,1080
2022/11/4 16:45,31.07402873,1081.288676,1080
2022/11/4 17:00,9.859726506,1084.099286,1072.75
2022/11/4 17:15,1.850294348,1086.583629,1044
2022/11/4 17:30,0,1088.314767,1029.5
2022/11/4 17:45,0,955.0739224,1024.75
2022/11/4 18:00,0,944.8082304,1024.75
2022/11/4 18:15,0,944.5957943,1012.75
2022/11/4 18:30,0,946.0261781,1010.25
2022/11/4 18:45,0,946.4295192,1020
2022/11/4 19:00,0,947.8194228,1015
2022/11/4 19:15,0,946.3458975,1017.5
2022/11/4 19:30,0,943.2412135,1010.25
2022/11/4 19:45,0,937.0864367,1008
2022/11/4 20:00,0,930.1734217,1000.75
2022/11/4 20:15,0,930.097995,998.25
2022/11/4 20:30,0,929.2960764,998.25
2022/11/4 20:45,0,925.9176727,993.5
2022/11/4 21:00,0,926.2324495,991
2022/11/4 21:15,0,859.7150135,986.25
2022/11/4 21:30,0,842.0559143,988.75
2022/11/4 21:45,0,832.4446128,993.5
2022/11/4 22:00,0,810.3991536,1000.75
2022/11/4 22:15,0,793.7039707,993.5
2022/11/4 22:30,0,786.6691782,993.5
2022/11/4 22:45,0,782.0253955,986.25
2022/11/4 23:00,0,771.3613432,988.75
2022/11/4 23:15,0,772.3524412,984
2022/11/4 23:30,0,775.6361343,984
2022/11/4 23:45,0,772.1028322,974.25
2022/11/5 00:00,0,770.4990441,974.25
2022/11/5 00:15,0,767.7073202,974.25
2022/11/5 00:30,0,759.5516334,979
2022/11/5 00:45,0,757.276642,988.75
2022/11/5 01:00,0,760.9127772,981.5
2022/11/5 01:15,0,766.6609732,976.75
2022/11/5 01:30,0,752.0177212,976.75
2022/11/5 01:45,0,739.2848907,981.5
2022/11/5 02:00,0,743.0185308,962.25
2022/11/5 02:15,0,733.9870674,960
2022/11/5 02:30,0,741.6015582,969.5
2022/11/5 02:45,0,737.1604154,979
2022/11/5 03:00,0,726.054894,964.75
2022/11/5 03:15,0,719.3469673,974.25
2022/11/5 03:30,0,720.736509,974.25
2022/11/5 03:45,0,715.8923063,979
2022/11/5 04:00,0,708.750869,972
2022/11/5 04:15,0,716.3292182,972
2022/11/5 04:30,0,726.9976923,967
2022/11/5 04:45,0,721.4352332,967
2022/11/5 05:00,0,725.6483215,967
2022/11/5 05:15,0,747.3678514,972
2022/11/5 05:30,0,908.4689326,964.75
2022/11/5 05:45,0,915.4646561,955
2022/11/5 06:00,0,921.5143843,962.25
2022/11/5 06:15,0,791.742363,960
2022/11/5 06:30,1.341321688,786.3798365,960
2022/11/5 06:45,5.899324005,654.4511944,964.75
2022/11/5 07:00,16.84691694,662.3489972,986.25
2022/11/5 07:15,31.39547528,805.9416984,1005.5
2022/11/5 07:30,49.29536384,820.0736909,1017.5
2022/11/5 07:45,67.8621708,829.9815469,1027
2022/11/5 08:00,92.41827356,834.6707935,1048.75
2022/11/5 08:15,117.3337784,837.3639054,1053.5
2022/11/5 08:30,153.9516917,841.5069785,1065.5
2022/11/5 08:45,169.6363016,848.485389,1072.75
2022/11/5 09:00,192.0689597,844.5695352,1087
2022/11/5 09:15,231.2703553,836.9044147,1077.5
2022/11/5 09:30,265.8817425,836.128157,1080
2022/11/5 09:45,305.5192596,846.6907626,1082.25
2022/11/5 10:00,354.6857656,849.3849642,1096.75
2022/11/5 10:15,409.0982627,842.2089365,1092
2022/11/5 10:30,459.9164766,959.6385384,1096.75
2022/11/5 10:45,490.4499525,948.7400826,1082.25
2022/11/5 11:00,503.2359587,943.6339561,1080
2022/11/5 11:15,568.0069507,951.6355641,1077.5
2022/11/5 11:30,568.0968587,953.3517406,1087
2022/11/5 11:45,617.9275442,817.3401403,1092
2022/11/5 12:00,636.9441917,827.2371008,1089.5
2022/11/5 12:15,650.1018443,819.0729355,1084.75
2022/11/5 12:30,643.3547765,812.6071894,1065.5
2022/11/5 12:45,619.3118027,822.127074,1080
2022/11/5 13:00,590.8011604,830.1567449,1087
2022/11/5 13:15,576.2289031,833.1599682,1084.75
2022/11/5 13:30,589.3980495,830.1330579,1070.25
2022/11/5 13:45,647.5145773,821.3930804,1072.75
2022/11/5 14:00,599.6911392,820.690842,1096.75
2022/11/5 14:15,528.9655289,816.4258366,1082.25
2022/11/5 14:30,466.8904461,812.0604705,1108.75
2022/11/5 14:45,402.3920783,799.1169541,1123
2022/11/5 15:00,348.5249174,794.8148847,1082.25
2022/11/5 15:15,290.6961451,808.2231522,1070.25
2022/11/5 15:30,229.9106273,819.3157428,1089.5
2022/11/5 15:45,179.2224343,820.4289753,1089.5
2022/11/5 16:00,142.4049701,813.7644677,1084.75
2022/11/5 16:15,98.43051564,812.041346,1096.75
2022/11/5 16:30,62.64459992,785.9954696,1075
2022/11/5 16:45,33.33221734,787.5820333,1063
2022/11/5 17:00,13.8821462,777.7230926,1048.75
2022/11/5 17:15,5.37156623,769.294039,1048.75
2022/11/5 17:30,0,760.3902582,1036.75
2022/11/5 17:45,0,613.3618761,1017.5
2022/11/5 18:00,0,755.0247833,1020
2022/11/5 18:15,0,743.3573934,1005.5
2022/11/5 18:30,0,708.030731,1008
2022/11/5 18:45,0,686.1238995,1012.75
2022/11/5 19:00,0,659.265422,1017.5
2022/11/5 19:15,0,655.4723654,1012.75
2022/11/5 19:30,0,632.3004728,1008
2022/11/5 19:45,0,729.5417926,996
2022/11/5 20:00,0,704.3328801,996
2022/11/5 20:15,0,673.1542841,988.75
2022/11/5 20:30,0,648.0309333,996
2022/11/5 20:45,0,629.6425236,993.5
2022/11/5 21:00,0,610.4862878,986.25
2022/11/5 21:15,0,591.1485723,986.25
2022/11/5 21:30,0,578.8501606,981.5
2022/11/5 21:45,0,584.7942583,988.75
2022/11/5 22:00,0,575.4813079,984
2022/11/5 22:15,0,547.3441896,986.25
2022/11/5 22:30,0,528.5006696,976.75
2022/11/5 22:45,0,516.9173917,979
2022/11/5 23:00,0,523.8965155,976.75
2022/11/5 23:15,0,512.4183344,976.75
2022/11/5 23:30,0,499.2709025,976.75
2022/11/5 23:45,0,472.8113643,972
2022/11/6 00:00,0,456.4801014,967
2022/11/6 00:15,0,467.2092501,967
2022/11/6 00:30,0,493.1852954,972
2022/11/6 00:45,0,510.515529,981.5
2022/11/6 01:00,0,550.974775,979
2022/11/6 01:15,0,592.3661845,969.5
2022/11/6 01:30,0,597.7909804,962.25
2022/11/6 01:45,0,608.3195717,957.5
2022/11/6 02:00,0,620.5374966,960
2022/11/6 02:15,0,624.3127797,955
2022/11/6 02:30,0,631.614748,962.25
2022/11/6 02:45,0,632.1778519,964.75
2022/11/6 03:00,0,620.0766527,957.5
2022/11/6 03:15,0,622.1620545,960
2022/11/6 03:30,0,606.9975965,955
2022/11/6 03:45,0,605.5697521,960
2022/11/6 04:00,0,618.8608611,964.75
2022/11/6 04:15,0,661.2311225,967
2022/11/6 04:30,0,691.1871119,967
2022/11/6 04:45,0,683.9781767,962.25
2022/11/6 05:00,0,661.9193241,962.25
2022/11/6 05:15,0,613.1563795,962.25
2022/11/6 05:30,0,596.4463851,964.75
2022/11/6 05:45,0,599.1530667,955
2022/11/6 06:00,0,569.9328349,962.25
2022/11/6 06:15,0,522.5962396,962.25
2022/11/6 06:30,3.292800313,500.9774002,962.25
2022/11/6 06:45,20.46629738,498.577956,974.25
2022/11/6 07:00,46.80327705,485.0610313,1008
2022/11/6 07:15,80.81993123,493.530173,1029.5
2022/11/6 07:30,126.0597222,547.6203988,1036.75
2022/11/6 07:45,176.2356393,593.7654945,1036.75
2022/11/6 08:00,221.4829681,587.2424751,1041.5
2022/11/6 08:15,289.8147692,579.6987961,1046.25
2022/11/6 08:30,376.970293,599.689212,1060.75
2022/11/6 08:45,413.8723722,604.1545618,1063
2022/11/6 09:00,365.8526472,632.327988,1072.75
2022/11/6 09:15,408.4275427,645.0546485,1111
2022/11/6 09:30,451.3322657,624.9496773,1111
2022/11/6 09:45,611.5113941,596.0722972,1101.5
2022/11/6 10:00,712.1257968,604.8016321,1118.25
2022/11/6 10:15,754.4312487,610.7422318,1137.5
2022/11/6 10:30,799.9279593,645.3981895,1140
2022/11/6 10:45,823.7214123,721.8713155,1137.5
2022/11/6 11:00,818.3202492,802.5631453,1156.75
2022/11/6 11:15,842.5968232,847.9126746,1130.25
2022/11/6 11:30,842.5383863,875.9068968,1135
2022/11/6 11:45,831.8070362,901.7965202,1125.5
2022/11/6 12:00,823.5232197,905.3191788,1113.5
2022/11/6 12:15,828.3481433,920.852236,1080
2022/11/6 12:30,814.0772052,915.2485581,1015
2022/11/6 12:45,796.3821999,915.4695578,1080
2022/11/6 13:00,782.5401169,923.5365429,1082.25
2022/11/6 13:15,737.6568659,935.8884497,1087
2022/11/6 13:30,713.0376823,939.938578,1092
2022/11/6 13:45,674.6230087,946.0860417,1111
2022/11/6 14:00,633.2844859,948.3067444,1142.25
2022/11/6 14:15,595.6827959,946.9455508,1132.75
2022/11/6 14:30,547.5170811,818.4182723,1159
2022/11/6 14:45,485.0733841,818.6829317,1147
2022/11/6 15:00,429.936903,835.5295934,1154.25
2022/11/6 15:15,375.1458282,836.9002621,1149.5
2022/11/6 15:30,313.8301759,841.5898046,1144.75
2022/11/6 15:45,246.9343569,899.459502,1140
2022/11/6 16:00,184.5045413,908.9298035,1132.75
2022/11/6 16:15,127.6081891,895.3307532,1135
2022/11/6 16:30,77.79732346,899.4937089,1159
2022/11/6 16:45,39.68913811,906.3185402,1113.5
2022/11/6 17:00,16.15345666,904.0984682,1099
2022/11/6 17:15,4.755948157,906.5468893,1101.5
2022/11/6 17:30,0,903.8574311,1101.5
2022/11/6 17:45,0,900.4043574,1087
2022/11/6 18:00,0,906.8975224,1075
2022/11/6 18:15,0,820.4711741,1060.75
2022/11/6 18:30,0,817.1285893,1056
2022/11/6 18:45,0,807.1602939,1063
2022/11/6 19:00,0,807.6659826,1056
2022/11/6 19:15,0,804.9563191,1060.75
2022/11/6 19:30,0,803.215387,1034.25
2022/11/6 19:45,0,816.5501353,1020
2022/11/6 20:00,0,811.8228759,1012.75
2022/11/6 20:15,0,811.2202757,1005.5
2022/11/6 20:30,0,808.537882,1000.75
2022/11/6 20:45,0,809.6892187,988.75
2022/11/6 21:00,0,808.313961,979
2022/11/6 21:15,0,798.2751509,984
2022/11/6 21:30,0,804.0209666,986.25
2022/11/6 21:45,0,800.465747,979
2022/11/6 22:00,0,792.2920747,984
2022/11/6 22:15,0,779.3045224,976.75
2022/11/6 22:30,0,776.2611976,974.25
2022/11/6 22:45,0,779.9451986,969.5
2022/11/6 23:00,0,776.1437875,976.75
2022/11/6 23:15,0,761.525828,979
2022/11/6 23:30,0,765.5744716,979
2022/11/6 23:45,0,759.6718346,979
2022/11/7 00:00,0,756.5392248,967
2022/11/7 00:15,0,760.5223906,979
2022/11/7 00:30,0,754.3592779,969.5
2022/11/7 00:45,0,742.2632593,979
2022/11/7 01:00,0,735.966572,972
2022/11/7 01:15,0,854.6480159,974.25
2022/11/7 01:30,0,849.2357656,964.75
2022/11/7 01:45,0,830.6963567,962.25
2022/11/7 02:00,0,806.3321326,960
2022/11/7 02:15,0,787.0161444,964.75
2022/11/7 02:30,0,775.0292976,969.5
2022/11/7 02:45,0,768.3510603,967
2022/11/7 03:00,0,743.031974,969.5
2022/11/7 03:15,0,736.0371816,962.25
2022/11/7 03:30,0,741.9771474,967
2022/11/7 03:45,0,749.8136228,962.25
2022/11/7 04:00,0,781.7756205,960
2022/11/7 04:15,0,805.4423916,955
2022/11/7 04:30,0,801.876799,952.75
2022/11/7 04:45,0,820.5662832,952.75
2022/11/7 05:00,0,852.7193028,945.5
2022/11/7 05:15,0,857.6432991,952.75
2022/11/7 05:30,0,859.6299358,952.75
2022/11/7 05:45,0,865.1073292,948
2022/11/7 06:00,0,721.9849126,945.5
2022/11/7 06:15,0,838.3947458,952.75
2022/11/7 06:30,3.052021113,835.1656791,948
2022/11/7 06:45,22.37230903,835.7192348,1010.25
2022/11/7 07:00,56.49609559,824.841408,998.25
2022/11/7 07:15,102.7885789,819.3420863,1005.5
2022/11/7 07:30,159.4595586,811.0334089,996
2022/11/7 07:45,221.8634572,815.5261435,1005.5
2022/11/7 08:00,289.8612733,780.082186,1020
2022/11/7 08:15,362.259392,762.0219543,1029.5
2022/11/7 08:30,424.0417422,725.8325434,1036.75
2022/11/7 08:45,488.7676034,724.296314,1039
2022/11/7 09:00,551.6498256,710.3528466,1063
2022/11/7 09:15,609.4036336,715.067688,1070.25
2022/11/7 09:30,658.7983145,723.6936362,1087
2022/11/7 09:45,702.1095222,774.9079733,1077.5
2022/11/7 10:00,737.2778377,826.8446923,1106.25
2022/11/7 10:15,772.1548615,851.6913916,1092
2022/11/7 10:30,799.7037807,872.1892991,1092
2022/11/7 10:45,823.4368613,898.6581263,1094.25
2022/11/7 11:00,837.5031101,891.7065018,1116
2022/11/7 11:15,854.6394048,880.9603893,1123
2022/11/7 11:30,862.9934075,870.9393582,1096.75
2022/11/7 11:45,866.1103038,852.9820319,1068
2022/11/7 12:00,871.8131725,842.2581561,1039
2022/11/7 12:15,872.8389938,844.5997999,1032
2022/11/7 12:30,859.3408574,854.2509642,1024.75
2022/11/7 12:45,838.6183014,846.8940907,1012.75
2022/11/7 13:00,813.593637,833.9642192,1020
2022/11/7 13:15,783.7120459,822.2010839,1029.5
2022/11/7 13:30,752.3565638,834.8151156,1027
2022/11/7 13:45,721.8349396,837.8372856,1070.25
2022/11/7 14:00,686.7049049,844.688203,1077.5
2022/11/7 14:15,639.4711665,836.6217076,1077.5
2022/11/7 14:30,582.9308467,837.2660116,1070.25
2022/11/7 14:45,525.7968253,820.1182752,1072.75
2022/11/7 15:00,466.6090167,831.4560863,1072.75
2022/11/7 15:15,399.8673255,823.4593354,1075
2022/11/7 15:30,332.5269379,824.8950717,1029.5
2022/11/7 15:45,261.6135147,814.8992539,1048.75
2022/11/7 16:00,194.3643803,794.7118748,1051
2022/11/7 16:15,132.712495,779.0817904,1060.75
2022/11/7 16:30,80.50885705,763.9775565,1051
2022/11/7 16:45,39.20114839,754.8914464,1046.25
2022/11/7 17:00,15.0116223,739.9564369,1024.75
2022/11/7 17:15,4.142467259,738.3573272,1020
2022/11/7 17:30,0,730.5918191,1005.5
2022/11/7 17:45,0,724.4368322,996
2022/11/7 18:00,0,701.0986225,991
2022/11/7 18:15,0,682.4973143,984
2022/11/7 18:30,0,693.0791658,986.25
2022/11/7 18:45,0,713.2505805,988.75
2022/11/7 19:00,0,724.458064,996
2022/11/7 19:15,0,739.03685,986.25
2022/11/7 19:30,0,742.5326235,974.25
2022/11/7 19:45,0,731.127601,955
2022/11/7 20:00,0,722.3586192,952.75
2022/11/7 20:15,0,721.8431188,955
2022/11/7 20:30,0,730.5421421,952.75
2022/11/7 20:45,0,738.6506343,960
2022/11/7 21:00,0,781.4640037,952.75
2022/11/7 21:15,0,822.9466339,957.5
2022/11/7 21:30,0,837.8150628,955
2022/11/7 21:45,0,836.5216381,967
2022/11/7 22:00,0,846.6897208,960
2022/11/7 22:15,0,840.0249481,957.5
2022/11/7 22:30,0,819.0341369,952.75
2022/11/7 22:45,0,792.087302,955
2022/11/7 23:00,0,791.468684,952.75
2022/11/7 23:15,0,793.9960349,960
2022/11/7 23:30,0,799.9598713,962.25
2022/11/7 23:45,0,823.3580168,950.25
2022/11/8 00:00,0,814.8952401,950.25
2022/11/8 00:15,0,805.505953,938.25
2022/11/8 00:30,0,799.5901836,945.5
2022/11/8 00:45,0,799.4524564,952.75
2022/11/8 01:00,0,813.5759817,950.25
2022/11/8 01:15,0,819.278466,950.25
2022/11/8 01:30,0,789.1282383,943
2022/11/8 01:45,0,787.6448305,936
2022/11/8 02:00,0,785.9716138,938.25
2022/11/8 02:15,0,788.3651156,936
2022/11/8 02:30,0,774.7742493,948
2022/11/8 02:45,0,776.6517279,943
2022/11/8 03:00,0,774.5488954,945.5
2022/11/8 03:15,0,760.9324035,940.75
2022/11/8 03:30,0,737.0786984,936
2022/11/8 03:45,0,733.054394,940.75
2022/11/8 04:00,0,777.2421796,940.75
2022/11/8 04:15,0,792.5505539,945.5
2022/11/8 04:30,0,782.1358689,940.75
2022/11/8 04:45,0,753.7560813,945.5
2022/11/8 05:00,0,779.5640034,936
2022/11/8 05:15,0,765.5666051,940.75
2022/11/8 05:30,0,789.0419947,943
2022/11/8 05:45,0,772.4780515,940.75
2022/11/8 06:00,0,760.0170588,936
2022/11/8 06:15,0,759.708133,940.75
2022/11/8 06:30,2.202717163,747.6814788,936
2022/11/8 06:45,17.17860844,764.9017516,952.75
2022/11/8 07:00,43.18626472,780.0160792,957.5
2022/11/8 07:15,87.99337628,765.4753995,974.25
2022/11/8 07:30,138.9579944,752.6661268,981.5
2022/11/8 07:45,198.774481,756.8811486,981.5
2022/11/8 08:00,259.1829937,770.5907591,996
2022/11/8 08:15,320.6880985,775.8633191,996
2022/11/8 08:30,382.5438955,774.8440146,1029.5
2022/11/8 08:45,444.9989006,774.3968139,1032
2022/11/8 09:00,490.8643406,795.0835567,1106.25
2022/11/8 09:15,548.5859526,831.7642151,1087
2022/11/8 09:30,588.294133,826.029825,1060.75
2022/11/8 09:45,632.0475223,844.2278869,1048.75
2022/11/8 10:00,669.8302468,859.4298319,1106.25
2022/11/8 10:15,678.5847579,865.6363421,1094.25
2022/11/8 10:30,714.1908584,867.6167454,1087
2022/11/8 10:45,716.8424021,858.936086,1070.25
2022/11/8 11:00,705.2680324,843.9095954,1118.25
2022/11/8 11:15,717.9890076,847.0850603,1089.5
2022/11/8 11:30,736.5000988,838.4939635,1104
2022/11/8 11:45,752.2937066,850.537014,1101.5
2022/11/8 12:00,747.1822226,868.1384505,1096.75
2022/11/8 12:15,749.3881053,890.4385875,1096.75
2022/11/8 12:30,747.1263774,898.3931838,1077.5
2022/11/8 12:45,753.4699749,903.5085415,1092
2022/11/8 13:00,712.1700464,907.3982077,1096.75
2022/11/8 13:15,670.1851109,907.1445821,1087
2022/11/8 13:30,632.2883461,895.5708833,1075
2022/11/8 13:45,612.5337461,902.8207497,1087
2022/11/8 14:00,598.60221,909.8581177,1087
2022/11/8 14:15,564.8488302,919.7790891,1099
2022/11/8 14:30,513.3656184,920.0199883,1099
2022/11/8 14:45,453.4407721,925.2637673,1116
2022/11/8 15:00,400.9274643,795.1170009,1135
2022/11/8 15:15,349.5474308,800.8357678,1123
2022/11/8 15:30,290.0486606,798.1063052,1118.25
2022/11/8 15:45,232.7418599,802.5240146,1082.25
2022/11/8 16:00,173.1449313,798.5093925,1084.75
2022/11/8 16:15,118.8678872,797.0432846,1089.5
2022/11/8 16:30,74.4489503,806.5866212,1077.5
2022/11/8 16:45,39.85249401,802.3748581,1065.5
2022/11/8 17:00,17.38504928,805.7113579,1053.5
2022/11/8 17:15,5.227663541,808.5178353,1065.5
2022/11/8 17:30,0,798.6777936,1082.25
2022/11/8 17:45,0,793.8373195,1068
2022/11/8 18:00,0,785.1270622,1034.25
2022/11/8 18:15,0,767.7333956,1036.75
2022/11/8 18:30,0,762.1098962,1034.25
2022/11/8 18:45,0,753.5805501,1022.25
2022/11/8 19:00,0,762.1971195,1029.5
2022/11/8 19:15,0,757.8039449,1017.5
2022/11/8 19:30,0,877.4041083,1022.25
2022/11/8 19:45,0,879.0645175,1003
2022/11/8 20:00,0,873.5370709,1010.25
2022/11/8 20:15,0,877.9427404,986.25
2022/11/8 20:30,0,880.0153373,1008
2022/11/8 20:45,0,877.7039029,1003
2022/11/8 21:00,0,869.0822151,1000.75
2022/11/8 21:15,0,753.5620908,1000.75
2022/11/8 21:30,0,759.4106862,998.25
2022/11/8 21:45,0,762.9923622,996
2022/11/8 22:00,0,873.0565947,991
2022/11/8 22:15,0,876.1063233,1003
2022/11/8 22:30,0,865.0466211,998.25
2022/11/8 22:45,0,864.2689429,996
2022/11/8 23:00,0,856.4075823,998.25
2022/11/8 23:15,0,717.1087501,1005.5
2022/11/8 23:30,0,707.52371,1000.75
2022/11/8 23:45,0,682.4154761,993.5
2022/11/9 00:00,0,499.3538051,986.25
2022/11/9 00:15,0,468.934743,986.25
2022/11/9 00:30,0,453.5267944,979
2022/11/9 00:45,0,435.8111536,986.25
2022/11/9 01:00,0,550.5555714,996
2022/11/9 01:15,0,672.7340283,986.25
2022/11/9 01:30,0,669.658234,988.75
2022/11/9 01:45,0,672.0386639,981.5
2022/11/9 02:00,0,668.7257017,993.5
2022/11/9 02:15,0,673.0649088,984
2022/11/9 02:30,0,669.6203873,988.75
2022/11/9 02:45,0,529.1757762,984
2022/11/9 03:00,0,500.0935801,986.25
2022/11/9 03:15,0,626.9444343,979
2022/11/9 03:30,0,616.6982508,976.75
2022/11/9 03:45,0,599.6575137,972
2022/11/9 04:00,0,577.300755,979
2022/11/9 04:15,0,496.2551926,984
2022/11/9 04:30,0,517.4590417,986.25
2022/11/9 04:45,0,527.0968484,984
2022/11/9 05:00,0,529.0229864,979
2022/11/9 05:15,0,521.9180111,984
2022/11/9 05:30,0,545.8098586,984
2022/11/9 05:45,0,555.0723396,984
2022/11/9 06:00,0,578.3419129,974.25
2022/11/9 06:15,0,625.8827824,984
2022/11/9 06:30,2.763498903,650.7628898,972
2022/11/9 06:45,17.18454462,662.4062878,986.25
2022/11/9 07:00,42.74740898,674.2743824,986.25
2022/11/9 07:15,80.99731739,707.6972422,993.5
2022/11/9 07:30,126.7169733,724.7815933,1005.5
2022/11/9 07:45,180.7283611,730.2373817,1015
2022/11/9 08:00,233.3115085,718.7972653,1029.5
2022/11/9 08:15,295.88884,811.1675971,1027
2022/11/9 08:30,351.9716155,834.5731899,1039
2022/11/9 08:45,417.1854884,845.3627571,1034.25
2022/11/9 09:00,461.3846278,853.0049598,1041.5
2022/11/9 09:15,512.0545326,857.8133011,1032
2022/11/9 09:30,567.6016276,826.5661699,1039
2022/11/9 09:45,620.102311,805.3285021,1039
2022/11/9 10:00,655.5678069,808.2721624,1051
2022/11/9 10:15,688.3934302,803.9188923,1053.5
2022/11/9 10:30,710.4867197,805.6351003,1060.75
2022/11/9 10:45,732.0689782,805.3188061,1051
2022/11/9 11:00,739.6118521,814.0012964,1058.25
2022/11/9 11:15,769.440351,837.8914312,1065.5
2022/11/9 11:30,763.7641931,851.7056547,1068
2022/11/9 11:45,776.5690735,861.4817603,1053.5
2022/11/9 12:00,772.4809213,882.4883113,1056
2022/11/9 12:15,759.954736,887.7067547,1048.75
2022/11/9 12:30,736.6032691,885.043325,1046.25
2022/11/9 12:45,725.993908,892.7294221,1051
2022/11/9 13:00,705.12671,886.3951249,1051
2022/11/9 13:15,667.5805321,887.7476066,1051
2022/11/9 13:30,645.7425666,883.9245172,1048.75
2022/11/9 13:45,612.6138222,880.3118706,1039
2022/11/9 14:00,569.5862771,879.5302479,1041.5
2022/11/9 14:15,517.0857717,890.0177222,1053.5
2022/11/9 14:30,465.4737546,892.1426204,1051
2022/11/9 14:45,413.2008852,896.9532464,1053.5
2022/11/9 15:00,346.2592301,901.1024484,1053.5
2022/11/9 15:15,287.4079314,899.2337498,1046.25
2022/11/9 15:30,231.4184067,891.3522495,1034.25
2022/11/9 15:45,176.1281216,890.6405049,1024.75
2022/11/9 16:00,128.2878186,757.7839571,1029.5
2022/11/9 16:15,90.25202892,625.6328495,1032
2022/11/9 16:30,54.65440738,622.2844869,1027
2022/11/9 16:45,27.72405969,620.216024,1024.75
2022/11/9 17:00,10.92259598,748.5567514,1017.5
2022/11/9 17:15,5.41377725,742.2379767,1010.25
2022/11/9 17:30,0,733.9598494,1012.75
2022/11/9 17:45,0,733.1841073,1003
2022/11/9 18:00,0,736.4510389,1000.75
2022/11/9 18:15,0,740.642458,1003
2022/11/9 18:30,0,742.1217284,1000.75
2022/11/9 18:45,0,758.1426658,1010.25
2022/11/9 19:00,0,761.8457637,1012.75
2022/11/9 19:15,0,769.0416608,1005.5
2022/11/9 19:30,0,762.5692651,1005.5
2022/11/9 19:45,0,763.1842555,993.5
2022/11/9 20:00,0,769.3136486,1000.75
2022/11/9 20:15,0,768.8009983,996
2022/11/9 20:30,0,763.4203064,1000.75
2022/11/9 20:45,0,774.764393,998.25
2022/11/9 21:00,0,783.6182305,993.5
2022/11/9 21:15,0,786.3572149,988.75
2022/11/9 21:30,0,785.6312749,996
2022/11/9 21:45,0,792.6312284,991
2022/11/9 22:00,0,785.383997,996
2022/11/9 22:15,0,772.8666571,1003
2022/11/9 22:30,0,762.036453,993.5
2022/11/9 22:45,0,759.6237555,996
2022/11/9 23:00,0,898.2300985,996
2022/11/9 23:15,0,894.387031,998.25
2022/11/9 23:30,0,894.3068572,996
2022/11/9 23:45,0,891.5717703,993.5
2022/11/10 00:00,0,885.0049718,981.5
2022/11/10 00:15,0,774.8222816,991
2022/11/10 00:30,0,791.9214308,988.75
2022/11/10 00:45,0,798.8329628,1005.5
2022/11/10 01:00,0,797.8312453,1003
2022/11/10 01:15,0,810.2921591,996
2022/11/10 01:30,0,814.5589441,993.5
2022/11/10 01:45,0,822.5577225,986.25
2022/11/10 02:00,0,822.3460497,993.5
2022/11/10 02:15,0,828.1122808,981.5
2022/11/10 02:30,0,831.3961311,986.25
2022/11/10 02:45,0,835.914416,984
2022/11/10 03:00,0,835.6406511,993.5
2022/11/10 03:15,0,836.4381219,981.5
2022/11/10 03:30,0,841.9102188,979
2022/11/10 03:45,0,848.0106436,979
2022/11/10 04:00,0,847.4809674,979
2022/11/10 04:15,0,832.3190274,981.5
2022/11/10 04:30,0,797.1006911,981.5
2022/11/10 04:45,0,778.6289659,981.5
2022/11/10 05:00,0,775.5536532,979
2022/11/10 05:15,0,771.0111614,981.5
2022/11/10 05:30,0,764.5394531,988.75
2022/11/10 05:45,0,763.0513561,979
2022/11/10 06:00,0,756.52807,976.75
2022/11/10 06:15,0,754.672468,979
2022/11/10 06:30,0.773734191,753.1126508,972
2022/11/10 06:45,13.02166413,741.7073085,981.5
2022/11/10 07:00,39.82717272,724.9386939,998.25
2022/11/10 07:15,82.24624671,720.3194275,988.75
2022/11/10 07:30,135.4384493,703.157885,1010.25
2022/11/10 07:45,194.3738311,705.5929196,1008
2022/11/10 08:00,257.0758048,701.4897643,1012.75
2022/11/10 08:15,324.1344016,694.7479418,1012.75
2022/11/10 08:30,389.7874024,687.6990003,1022.25
2022/11/10 08:45,449.0853101,680.6383188,1027
2022/11/10 09:00,515.9821048,674.2608052,1032
2022/11/10 09:15,569.7244406,675.1558993,1020
2022/11/10 09:30,619.2837484,670.5034806,1032
2022/11/10 09:45,674.2798231,669.1148556,1012.75
2022/11/10 10:00,717.8496727,667.4045999,1020
2022/11/10 10:15,758.5379999,657.928011,1022.25
2022/11/10 10:30,793.8719224,623.2497002,1032
2022/11/10 10:45,812.6151795,626.4517935,1029.5
2022/11/10 11:00,832.4978847,625.2816581,1036.75
2022/11/10 11:15,856.0942019,612.5319761,1046.25
2022/11/10 11:30,867.991899,614.4757656,1041.5
2022/11/10 11:45,865.6075368,608.843883,1041.5
2022/11/10 12:00,878.6512334,618.4528559,1032
2022/11/10 12:15,875.2293443,623.0853063,1032
2022/11/10 12:30,868.8944763,620.485349,1082.25
2022/11/10 12:45,848.9212853,625.5777175,1027
2022/11/10 13:00,823.6443489,625.3228239,1027
2022/11/10 13:15,793.2253796,621.1348852,1032
2022/11/10 13:30,748.8474682,623.1674991,1027
2022/11/10 13:45,702.1486372,620.5027814,1024.75
2022/11/10 14:00,654.0523793,619.0759527,1032
2022/11/10 14:15,598.3765399,526.6803276,1029.5
2022/11/10 14:30,535.9942165,519.5906479,1024.75
2022/11/10 14:45,486.4327251,623.231538,1041.5
2022/11/10 15:00,439.3304893,623.3514714,1022.25
2022/11/10 15:15,364.3933047,616.881809,1020
2022/11/10 15:30,292.0704789,615.8899405,1012.75
2022/11/10 15:45,231.6678939,613.3389856,1022.25
2022/11/10 16:00,168.2897646,605.4448083,1012.75
2022/11/10 16:15,108.7099029,601.8967432,1005.5
2022/11/10 16:30,63.980808,602.7557796,1010.25
2022/11/10 16:45,31.812692,733.0144697,1010.25
2022/11/10 17:00,13.42302911,736.2285646,1020
2022/11/10 17:15,6.069052499,738.5332846,1039
2022/11/10 17:30,0,734.831138,1036.75
2022/11/10 17:45,0,731.9359541,996
2022/11/10 18:00,0,602.2462227,998.25
2022/11/10 18:15,0,598.0337242,996
2022/11/10 18:30,0,595.5555943,996
2022/11/10 18:45,0,589.5203144,1000.75
2022/11/10 19:00,0,581.6924625,1005.5
2022/11/10 19:15,0,578.3111341,984
2022/11/10 19:30,0,573.0317706,991
2022/11/10 19:45,0,575.4576137,988.75
2022/11/10 20:00,0,578.6672305,1003
2022/11/10 20:15,0,576.2491867,1003
2022/11/10 20:30,0,603.9918974,1000.75
2022/11/10 20:45,0,609.2352236,998.25
2022/11/10 21:00,0,598.916138,988.75
2022/11/10 21:15,0,595.5760031,988.75
2022/11/10 21:30,0,596.4709742,993.5
2022/11/10 21:45,0,596.6034931,996
2022/11/10 22:00,0,600.1552101,1015
2022/11/10 22:15,0,597.2070896,1017.5
2022/11/10 22:30,0,594.2950572,1003
2022/11/10 22:45,0,597.3009941,1005.5
2022/11/10 23:00,0,594.9756933,1010.25
2022/11/10 23:15,0,591.6972006,1008
2022/11/10 23:30,0,592.2047436,1000.75
2022/11/10 23:45,0,589.8231946,998.25
2022/11/11 00:00,0,587.4014707,998.25
2022/11/11 00:15,0,597.7243985,984
2022/11/11 00:30,0,605.1200916,991
2022/11/11 00:45,0,611.5382882,993.5
2022/11/11 01:00,0,602.8824363,1005.5
2022/11/11 01:15,0,620.6519974,991
2022/11/11 01:30,0,633.6263057,988.75
2022/11/11 01:45,0,630.3897297,981.5
2022/11/11 02:00,0,645.9895677,988.75
2022/11/11 02:15,0,687.514297,991
2022/11/11 02:30,0,701.4412662,991
2022/11/11 02:45,0,713.2232914,991
2022/11/11 03:00,0,713.7551015,981.5
2022/11/11 03:15,0,713.5394844,981.5
2022/11/11 03:30,0,715.1823006,991
2022/11/11 03:45,0,705.1907326,986.25
2022/11/11 04:00,0,709.6722047,1005.5
2022/11/11 04:15,0,710.8245747,984
2022/11/11 04:30,0,709.6450998,984
2022/11/11 04:45,0,704.2079936,979
2022/11/11 05:00,0,714.2817739,979
2022/11/11 05:15,0,714.9299403,986.25
2022/11/11 05:30,0,722.6955646,986.25
2022/11/11 05:45,0,732.5828293,988.75
2022/11/11 06:00,0,725.5967183,964.75
2022/11/11 06:15,0,719.4010056,981.5
2022/11/11 06:30,0.64711579,721.7992195,974.25
2022/11/11 06:45,14.24191698,722.0978335,993.5
2022/11/11 07:00,30.8650091,714.8518105,1003
2022/11/11 07:15,58.19652052,702.7337981,1029.5
2022/11/11 07:30,91.25875833,698.281625,1022.25
2022/11/11 07:45,125.9075635,701.8694464,1036.75
2022/11/11 08:00,162.8829752,694.9051503,1060.75
2022/11/11 08:15,207.6672946,702.692538,1072.75
2022/11/11 08:30,261.7264449,716.1896576,1080
2022/11/11 08:45,330.4249149,730.0873521,1094.25
2022/11/11 09:00,391.4633672,733.7429664,1106.25
2022/11/11 09:15,447.7128984,735.6151036,1118.25
2022/11/11 09:30,516.0697644,728.9290452,1149.5
2022/11/11 09:45,567.0174856,727.96958,1137.5
2022/11/11 10:00,619.9238755,729.2832453,1137.5
2022/11/11 10:15,630.8657236,726.7887719,1144.75
2022/11/11 10:30,636.7727726,744.8629522,1192.75
2022/11/11 10:45,631.6651207,755.4424152,1156.75
2022/11/11 11:00,623.4989857,763.0147114,1142.25
2022/11/11 11:15,625.0139377,766.2999317,1144.75
2022/11/11 11:30,652.8143467,778.1312632,1166.25
2022/11/11 11:45,667.7624062,783.8502011,1166.25
2022/11/11 12:00,657.8128217,775.4668231,1152
2022/11/11 12:15,638.769855,777.5639678,1137.5
2022/11/11 12:30,630.1538647,777.2650515,1120.75
2022/11/11 12:45,639.9397023,781.4151068,1113.5
2022/11/11 13:00,623.5692555,783.1053105,1128
2022/11/11 13:15,602.1662166,790.1601047,1132.75
2022/11/11 13:30,577.4020288,792.0531707,1142.25
2022/11/11 13:45,525.3332015,811.1252564,1144.75
2022/11/11 14:00,480.1837246,814.7058121,1108.75
2022/11/11 14:15,420.484948,818.9396255,1094.25
2022/11/11 14:30,365.6366486,818.0805703,1154.25
2022/11/11 14:45,316.0557645,815.6016656,1159
2022/11/11 15:00,274.7502567,793.8198559,1137.5
2022/11/11 15:15,215.843465,791.8330576,1154.25
2022/11/11 15:30,172.8919967,804.4659213,1140
2022/11/11 15:45,136.6165903,798.129259,1137.5
2022/11/11 16:00,102.0042266,795.5827663,1130.25
2022/11/11 16:15,69.03815644,795.8387823,1118.25
2022/11/11 16:30,43.41364672,796.6260074,1113.5
2022/11/11 16:45,22.88091771,800.2694255,1123
2022/11/11 17:00,11.40638437,798.7139184,1113.5
2022/11/11 17:15,6.533042329,800.1864171,1111
2022/11/11 17:30,0,796.8785026,1089.5
2022/11/11 17:45,0,796.2415269,1082.25
2022/11/11 18:00,0,797.7080088,1087
2022/11/11 18:15,0,668.4716786,1082.25
2022/11/11 18:30,0,797.6995493,1075
2022/11/11 18:45,0,793.7097991,1077.5
2022/11/11 19:00,0,792.4520623,1084.75
2022/11/11 19:15,0,797.094483,1075
2022/11/11 19:30,0,796.2068572,1065.5
2022/11/11 19:45,0,793.9992532,1053.5
2022/11/11 20:00,0,792.7847632,1063
2022/11/11 20:15,0,786.7640449,1056
2022/11/11 20:30,0,911.4231767,1070.25
2022/11/11 20:45,0,920.7327429,1089.5
2022/11/11 21:00,0,915.0432623,1065.5
2022/11/11 21:15,0,902.4143664,1053.5
2022/11/11 21:30,0,893.3149147,1051
2022/11/11 21:45,0,882.6675679,1053.5
2022/11/11 22:00,0,761.2829747,1072.75
2022/11/11 22:15,0,774.4038213,1080
2022/11/11 22:30,0,775.7218858,1070.25
2022/11/11 22:45,0,764.0815145,1075
2022/11/11 23:00,0,766.0830111,1072.75
2022/11/11 23:15,0,779.312655,1080
2022/11/11 23:30,0,779.1683578,1072.75
2022/11/11 23:45,0,895.8204783,1080
2022/11/12 00:00,0,903.2775101,1058.25
2022/11/12 00:15,0,931.5868948,1056
2022/11/12 00:30,0,933.9380557,1060.75
2022/11/12 00:45,0,932.8770046,1065.5
2022/11/12 01:00,0,808.0341758,1053.5
2022/11/12 01:15,0,805.2328969,1053.5
2022/11/12 01:30,0,928.0638094,1034.25
2022/11/12 01:45,0,939.5875859,1029.5
2022/11/12 02:00,0,937.6300323,1024.75
2022/11/12 02:15,0,943.6331334,1027
2022/11/12 02:30,0,926.6423946,1041.5
2022/11/12 02:45,0,926.0342868,1041.5
2022/11/12 03:00,0,796.0083542,1032
2022/11/12 03:15,0,793.8716199,1027
2022/11/12 03:30,0,788.4072762,1027
2022/11/12 03:45,0,792.0016362,1027
2022/11/12 04:00,0,796.0962629,1041.5
2022/11/12 04:15,0,788.7661594,1032
2022/11/12 04:30,0,778.9744102,1020
2022/11/12 04:45,0,777.384044,1015
2022/11/12 05:00,0,779.7907565,1000.75
2022/11/12 05:15,0,775.8011362,1010.25
2022/11/12 05:30,0,775.4801805,1017.5
2022/11/12 05:45,0,772.4343426,993.5
2022/11/12 06:00,0,770.6154615,993.5
2022/11/12 06:15,0,766.0161269,991
2022/11/12 06:30,0.756505444,770.6852608,991
2022/11/12 06:45,12.3273901,763.9888122,1008
2022/11/12 07:00,28.96842014,756.6230708,1012.75
2022/11/12 07:15,56.92514145,754.0828856,1036.75
2022/11/12 07:30,101.8058982,757.0735352,1044
2022/11/12 07:45,156.417563,769.7697753,1065.5
2022/11/12 08:00,210.3047054,788.9768565,1053.5
2022/11/12 08:15,268.3677195,793.7924685,1077.5
2022/11/12 08:30,314.4994984,795.6622809,1094.25
2022/11/12 08:45,346.5663487,795.4845624,1111
2022/11/12 09:00,398.3035714,819.1410694,1106.25
2022/11/12 09:15,471.0880809,822.4222746,1096.75
2022/11/12 09:30,527.8335363,782.3331898,1116
2022/11/12 09:45,548.0868264,781.1801302,1144.75
2022/11/12 10:00,595.695283,779.6457432,1152
2022/11/12 10:15,629.6344826,777.6676787,1135
2022/11/12 10:30,631.1541268,754.8882219,1164
2022/11/12 10:45,673.2384413,751.1143342,1197.5
2022/11/12 11:00,711.578361,746.4265066,1190.25
2022/11/12 11:15,715.2282208,743.312139,1166.25
2022/11/12 11:30,745.7644452,752.3579081,1173.5
2022/11/12 11:45,742.5686649,755.7029777,1154.25
2022/11/12 12:00,713.0496016,883.1796335,1142.25
2022/11/12 12:15,652.6793893,888.5831373,1142.25
2022/11/12 12:30,615.0866186,891.6138598,1130.25
2022/11/12 12:45,613.8599415,896.4790525,1108.75
2022/11/12 13:00,603.8966803,895.8633789,1120.75
2022/11/12 13:15,601.6516012,893.3204867,1116
2022/11/12 13:30,554.4315745,764.5648125,1120.75
2022/11/12 13:45,542.1036457,630.1243775,1118.25
2022/11/12 14:00,528.9972095,633.3001662,1108.75
2022/11/12 14:15,493.8975573,770.6835872,1113.5
2022/11/12 14:30,422.8169575,771.6041983,1118.25
2022/11/12 14:45,402.4018488,768.5850239,1118.25
2022/11/12 15:00,356.0488821,861.4332426,1125.5
2022/11/12 15:15,306.9260431,857.828548,1130.25
2022/11/12 15:30,242.0214965,851.7793982,1168.75
2022/11/12 15:45,192.8113719,888.8131016,1159
2022/11/12 16:00,145.2324656,894.5529828,1132.75
2022/11/12 16:15,107.4411603,899.0558926,1132.75
2022/11/12 16:30,72.71015496,907.1585376,1142.25
2022/11/12 16:45,43.95725045,899.6948389,1130.25
2022/11/12 17:00,20.65643323,893.5486769,1130.25
2022/11/12 17:15,8.19911839,896.1043754,1111
2022/11/12 17:30,0,898.4478745,1104
2022/11/12 17:45,0,901.6565693,1092
2022/11/12 18:00,0,894.2433388,1087
2022/11/12 18:15,0,899.3160646,1092
2022/11/12 18:30,0,895.3611504,1077.5
2022/11/12 18:45,0,889.384655,1092
2022/11/12 19:00,0,889.5890104,1077.5
2022/11/12 19:15,0,895.4680671,1075
2022/11/12 19:30,0,901.5375888,1077.5
2022/11/12 19:45,0,903.6714704,1080
2022/11/12 20:00,0,907.9692126,1072.75
2022/11/12 20:15,0,906.6894474,1056
2022/11/12 20:30,0,901.6718342,1056
2022/11/12 20:45,0,903.6554595,1063
2022/11/12 21:00,0,918.5823374,1060.75
2022/11/12 21:15,0,919.0019771,1048.75
2022/11/12 21:30,0,920.6426033,1044
2022/11/12 21:45,0,923.9628612,1022.25
2022/11/12 22:00,0,927.5843439,1024.75
2022/11/12 22:15,0,930.8730341,1022.25
2022/11/12 22:30,0,928.433172,1034.25
2022/11/12 22:45,0,927.8448814,1044
2022/11/12 23:00,0,929.0959206,1032
2022/11/12 23:15,0,931.0934301,1046.25
2022/11/12 23:30,0,924.4782457,1058.25
2022/11/12 23:45,0,925.999565,1051
2022/11/13 00:00,0,928.5459331,1056
2022/11/13 00:15,0,924.8300305,1051
2022/11/13 00:30,0,914.8237604,1034.25
2022/11/13 00:45,0,913.8751829,1048.75
2022/11/13 01:00,0,911.1308881,1056
2022/11/13 01:15,0,904.8583574,1070.25
2022/11/13 01:30,0,898.0119877,1053.5
2022/11/13 01:45,0,880.1315433,1058.25
2022/11/13 02:00,0,866.6991069,1053.5
2022/11/13 02:15,0,862.8218555,1051
2022/11/13 02:30,0,846.2295056,1063
2022/11/13 02:45,0,827.9836638,1075
2022/11/13 03:00,0,818.1872103,1051
2022/11/13 03:15,0,817.565441,1044
2022/11/13 03:30,0,816.5620348,1048.75
2022/11/13 03:45,0,799.5387969,1046.25
2022/11/13 04:00,0,784.1824967,1058.25
2022/11/13 04:15,0,773.334734,1032
2022/11/13 04:30,0,763.4846742,1046.25
2022/11/13 04:45,0,762.1341737,1036.75
2022/11/13 05:00,0,770.3562591,1048.75
2022/11/13 05:15,0,769.5469006,1048.75
2022/11/13 05:30,0,757.2474771,1048.75
2022/11/13 05:45,0,746.7100978,1041.5
2022/11/13 06:00,0,741.5003072,1032
2022/11/13 06:15,0,747.1386323,1044
2022/11/13 06:30,0.513041483,755.3112229,1048.75
2022/11/13 06:45,9.617634167,748.600793,1065.5
2022/11/13 07:00,17.97369779,736.7519311,1058.25
2022/11/13 07:15,31.80206986,730.0014693,1056
2022/11/13 07:30,53.40705086,732.0547644,1080
2022/11/13 07:45,77.75499974,731.0063237,1084.75
2022/11/13 08:00,101.9255357,730.38409,1087
2022/11/13 08:15,126.2869923,729.5346705,1094.25
2022/11/13 08:30,149.9657729,725.5667974,1101.5
2022/11/13 08:45,173.8297873,724.6934367,1118.25
2022/11/13 09:00,205.9347361,723.7462365,1164
2022/11/13 09:15,239.9967432,714.8188533,1176
2022/11/13 09:30,282.9189593,723.9903725,1183
2022/11/13 09:45,353.153776,728.4260155,1185.5
2022/11/13 10:00,413.3637596,728.5730435,1149.5
2022/11/13 10:15,446.4250174,728.5095528,1173.5
2022/11/13 10:30,491.9126916,742.9658133,1190.25
2022/11/13 10:45,517.4454412,762.6898139,1188
2022/11/13 11:00,524.5555409,750.6244164,1197.5
2022/11/13 11:15,542.2607504,735.3771989,1176
2022/11/13 11:30,532.2667118,738.6926857,1173.5
2022/11/13 11:45,513.3351598,742.4427684,1180.75
2022/11/13 12:00,509.0667928,742.3504858,1164
2022/11/13 12:15,497.8404495,745.2699461,1166.25
2022/11/13 12:30,498.8878721,729.1762191,1176
2022/11/13 12:45,486.0446005,733.3369066,1161.5
2022/11/13 13:00,458.7009343,739.8540237,1168.75
2022/11/13 13:15,414.8797414,753.0160677,1171
2022/11/13 13:30,382.1686536,762.5977682,1171
2022/11/13 13:45,333.9229916,758.7600041,1176
2022/11/13 14:00,297.3844779,748.9312229,1161.5
2022/11/13 14:15,287.0225676,746.9191401,1140
2022/11/13 14:30,272.0694925,755.7062518,1142.25
2022/11/13 14:45,263.4093118,779.2649412,1161.5
2022/11/13 15:00,240.3970701,783.676521,1171
2022/11/13 15:15,209.7931567,778.8502318,1152
2022/11/13 15:30,175.4650057,785.2509105,1185.5
2022/11/13 15:45,145.1262422,789.3362101,1190.25
2022/11/13 16:00,116.1219044,792.1632284,1185.5
2022/11/13 16:15,83.25759851,803.0402473,1168.75
2022/11/13 16:30,55.73260131,810.4662336,1137.5
2022/11/13 16:45,29.5018192,820.8305396,1111
2022/11/13 17:00,13.71512387,830.8141748,1111
2022/11/13 17:15,6.449654914,823.7742934,1104
2022/11/13 17:30,0,824.1097558,1113.5
2022/11/13 17:45,0,815.791351,1094.25
2022/11/13 18:00,0,811.4612681,1077.5
2022/11/13 18:15,0,805.6187223,1082.25
2022/11/13 18:30,0,812.1766022,1068
2022/11/13 18:45,0,810.2213431,1082.25
2022/11/13 19:00,0,808.5511505,1065.5
2022/11/13 19:15,0,804.4361308,1063
2022/11/13 19:30,0,796.8243836,1058.25
2022/11/13 19:45,0,796.1568328,1041.5
2022/11/13 20:00,0,802.2622883,1039
2022/11/13 20:15,0,787.9177359,1044
2022/11/13 20:30,0,796.1875473,1072.75
2022/11/13 20:45,0,835.8131111,1065.5
2022/11/13 21:00,0,841.9979467,1065.5
2022/11/13 21:15,0,841.5109262,1089.5
2022/11/13 21:30,0,836.9768773,1077.5
2022/11/13 21:45,0,829.2801043,1075
2022/11/13 22:00,0,830.9166203,1080
2022/11/13 22:15,0,844.3796634,1063
2022/11/13 22:30,0,869.5982633,1070.25
2022/11/13 22:45,0,876.5996724,1072.75
2022/11/13 23:00,0,874.6214913,1075
2022/11/13 23:15,0,873.6815411,1072.75
2022/11/13 23:30,0,870.498214,1056
2022/11/13 23:45,0,850.4490807,1036.75
2022/11/14 00:00,0,844.578199,1044
2022/11/14 00:15,0,830.5898936,1044
2022/11/14 00:30,0,814.7641373,1058.25
2022/11/14 00:45,0,812.6797168,1058.25
2022/11/14 01:00,0,833.3986736,1048.75
2022/11/14 01:15,0,842.5541144,1051
2022/11/14 01:30,0,824.090307,1051
2022/11/14 01:45,0,807.0130182,1068
2022/11/14 02:00,0,810.2818048,1051
2022/11/14 02:15,0,798.6911858,1051
2022/11/14 02:30,0,786.1393069,1051
2022/11/14 02:45,0,759.0937815,1060.75
2022/11/14 03:00,0,755.7627745,1063
2022/11/14 03:15,0,752.7555668,1065.5
2022/11/14 03:30,0,762.0273743,1051
2022/11/14 03:45,0,786.2491936,1048.75
2022/11/14 04:00,0,813.4104427,1056
2022/11/14 04:15,0,846.9977823,1058.25
2022/11/14 04:30,0,867.3579465,1075
2022/11/14 04:45,0,875.6959812,1051
2022/11/14 05:00,0,869.025783,1056
2022/11/14 05:15,0,866.4742305,1053.5
2022/11/14 05:30,0,866.9388514,1068
2022/11/14 05:45,0,860.0354227,1058.25
2022/11/14 06:00,0,848.0725271,1048.75
2022/11/14 06:15,0,847.8573334,1048.75
2022/11/14 06:30,0.046582216,844.6839888,1056
2022/11/14 06:45,5.321459765,839.5458828,1065.5
2022/11/14 07:00,20.64463376,855.4647192,1084.75
2022/11/14 07:15,45.50904896,845.6288422,1092
2022/11/14 07:30,76.99051382,845.4198306,1089.5
2022/11/14 07:45,114.3888559,849.6155872,1101.5
2022/11/14 08:00,155.1301676,853.8306735,1096.75
2022/11/14 08:15,196.3831462,850.9764392,1101.5
2022/11/14 08:30,235.5154302,856.5226625,1101.5
2022/11/14 08:45,281.7974914,851.7837009,1108.75
2022/11/14 09:00,335.3096126,823.9765121,1101.5
2022/11/14 09:15,367.0415516,785.4290958,1128
2022/11/14 09:30,422.1420611,758.2760175,1173.5
2022/11/14 09:45,454.5350587,755.4773144,1152
2022/11/14 10:00,494.5327753,696.7111524,1116
2022/11/14 10:15,500.6141685,655.7842891,1173.5
2022/11/14 10:30,551.6513174,618.0380904,1159
2022/11/14 10:45,608.8945731,556.8455669,1178.25
2022/11/14 11:00,671.4117678,543.0880395,1200
2022/11/14 11:15,730.2598517,548.1792617,1173.5
2022/11/14 11:30,759.9804022,566.7943985,1173.5
2022/11/14 11:45,784.5606022,573.8700875,1118.25
2022/11/14 12:00,793.4349924,598.298773,1120.75
2022/11/14 12:15,790.5778996,609.5000369,1118.25
2022/11/14 12:30,783.0017344,645.3009793,1106.25
2022/11/14 12:45,751.1295941,698.40423,1116
2022/11/14 13:00,718.6331215,716.8929819,1156.75
2022/11/14 13:15,699.7527663,694.7020144,1130.25
2022/11/14 13:30,669.7782833,730.8289594,1142.25
2022/11/14 13:45,633.3193417,691.4153225,1166.25
2022/11/14 14:00,605.9295492,632.6687217,1176
2022/11/14 14:15,568.9408268,636.9599638,1168.75
2022/11/14 14:30,523.1136525,648.0985498,1180.75
2022/11/14 14:45,479.4481733,670.1891733,1180.75
2022/11/14 15:00,436.6591917,665.8501423,1185.5
2022/11/14 15:15,376.6883983,636.7541288,1159
2022/11/14 15:30,309.5307072,628.8079967,1171
2022/11/14 15:45,243.8072574,618.0182947,1147
2022/11/14 16:00,183.7153856,610.2554894,1137.5
2022/11/14 16:15,135.339072,622.3570296,1113.5
2022/11/14 16:30,86.96996432,644.2853699,1108.75
2022/11/14 16:45,45.86750027,652.0350879,1087
2022/11/14 17:00,20.21439038,659.1549371,1084.75
2022/11/14 17:15,7.098732222,674.6987926,1084.75
2022/11/14 17:30,0,683.5230725,1101.5
2022/11/14 17:45,0,693.882504,1092
2022/11/14 18:00,0,772.6321815,1092
2022/11/14 18:15,0,797.2139276,1080
2022/11/14 18:30,0,852.5155221,1087
2022/11/14 18:45,0,866.4094384,1080
2022/11/14 19:00,0,878.9726196,1094.25
2022/11/14 19:15,0,884.9335622,1089.5
2022/11/14 19:30,0,876.6268581,1068
2022/11/14 19:45,0,884.1032063,1034.25
2022/11/14 20:00,0,883.8647425,1029.5
2022/11/14 20:15,0,880.2936675,1027
2022/11/14 20:30,0,875.3215268,1034.25
2022/11/14 20:45,0,865.353848,1034.25
2022/11/14 21:00,0,850.8864332,1024.75
2022/11/14 21:15,0,844.359008,1015
2022/11/14 21:30,0,816.5146943,1017.5
2022/11/14 21:45,0,812.6879921,1012.75
2022/11/14 22:00,0,809.2985446,1027
2022/11/14 22:15,0,792.4226072,1022.25
2022/11/14 22:30,0,747.0815597,1029.5
2022/11/14 22:45,0,725.9325335,1010.25
2022/11/14 23:00,0,712.6110731,1024.75
2022/11/14 23:15,0,732.7007987,1017.5
2022/11/14 23:30,0,720.024823,1027
2022/11/14 23:45,0,701.0934897,1010.25
2022/11/15 00:00,0,694.0100926,1020
2022/11/15 00:15,0,694.5300465,1017.5
2022/11/15 00:30,0,684.9961796,1015
2022/11/15 00:45,0,680.5102399,1029.5
2022/11/15 01:00,0,671.7069851,1032
2022/11/15 01:15,0,658.2612597,1034.25
2022/11/15 01:30,0,682.8727478,1034.25
2022/11/15 01:45,0,708.3801691,1032
2022/11/15 02:00,0,750.7903938,1020
2022/11/15 02:15,0,762.0104562,1012.75
2022/11/15 02:30,0,759.7383943,1024.75
2022/11/15 02:45,0,777.466325,1027
2022/11/15 03:00,0,806.0840858,1027
2022/11/15 03:15,0,801.3669971,1022.25
2022/11/15 03:30,0,803.6240589,1034.25
2022/11/15 03:45,0,821.9864931,1020
2022/11/15 04:00,0,856.2134085,1020
2022/11/15 04:15,0,890.8218592,1024.75
2022/11/15 04:30,0,898.5720908,1039
2022/11/15 04:45,0,891.1182021,1029.5
2022/11/15 05:00,0,858.8412744,1039
2022/11/15 05:15,0,822.5985901,1029.5
2022/11/15 05:30,0,832.9165418,1036.75
2022/11/15 05:45,0,868.2193053,1015
2022/11/15 06:00,0,891.7405775,1029.5
2022/11/15 06:15,0,912.6166323,1034.25
2022/11/15 06:30,0.05303816,920.7136993,1044
2022/11/15 06:45,4.019981832,936.9227111,1048.75
2022/11/15 07:00,14.16400839,948.9183891,1046.25
2022/11/15 07:15,33.76418551,939.943266,1041.5
2022/11/15 07:30,59.20681562,938.8541392,1053.5
2022/11/15 07:45,101.8280244,920.9905055,1044
2022/11/15 08:00,148.4071599,790.6940205,1070.25
2022/11/15 08:15,193.2709396,910.9345735,1053.5
2022/11/15 08:30,254.1087325,892.9139108,1063
2022/11/15 08:45,320.5271387,916.8035586,1065.5
2022/11/15 09:00,366.144659,937.5332318,1060.75
2022/11/15 09:15,407.1362781,953.9931081,1077.5
2022/11/15 09:30,449.1757125,818.0270348,1082.25
2022/11/15 09:45,495.6044108,817.7322843,1089.5
2022/11/15 10:00,527.6079119,822.9864892,1087
2022/11/15 10:15,561.3795034,826.204747,1094.25
2022/11/15 10:30,586.0267001,963.4301451,1072.75
2022/11/15 10:45,611.7502268,965.8134983,1104
2022/11/15 11:00,643.5772974,965.8842336,1084.75
2022/11/15 11:15,676.5168487,961.3606921,1087
2022/11/15 11:30,637.8745288,963.6793261,1089.5
2022/11/15 11:45,612.6590063,830.5329524,1089.5
2022/11/15 12:00,606.1913408,837.5240772,1056
2022/11/15 12:15,583.685903,838.782402,1044
2022/11/15 12:30,569.7975254,850.3980556,1056
2022/11/15 12:45,550.3380832,841.3341331,1072.75
2022/11/15 13:00,524.4956627,844.4974962,1084.75
2022/11/15 13:15,516.1685467,844.6834225,1082.25
2022/11/15 13:30,483.3433033,836.9741697,1053.5
2022/11/15 13:45,444.462688,959.9268119,1053.5
2022/11/15 14:00,401.086456,968.7706151,1051
2022/11/15 14:15,374.6017957,962.246807,1063
2022/11/15 14:30,346.5729005,953.2487985,1044
2022/11/15 14:45,301.4505155,948.0046591,1022.25
2022/11/15 15:00,269.2491218,940.9443132,1008
2022/11/15 15:15,241.8201064,941.2717893,984
2022/11/15 15:30,205.9779633,938.8743589,976.75
2022/11/15 15:45,168.0068467,915.3730584,957.5
2022/11/15 16:00,131.215951,883.8646321,976.75
2022/11/15 16:15,88.35243361,861.6266874,976.75
2022/11/15 16:30,60.49382398,878.6581881,993.5
2022/11/15 16:45,33.81105121,885.5278351,969.5
2022/11/15 17:00,15.10126949,909.7541342,976.75
2022/11/15 17:15,6.968680235,911.2397449,960
2022/11/15 17:30,0,920.7641261,969.5
2022/11/15 17:45,0,931.2532973,967
2022/11/15 18:00,0,918.9287439,969.5
2022/11/15 18:15,0,907.0267123,967
2022/11/15 18:30,0,912.5066024,969.5
2022/11/15 18:45,0,906.1928251,969.5
2022/11/15 19:00,0,882.673533,960
2022/11/15 19:15,0,886.6900664,967
2022/11/15 19:30,0,885.9243889,950.25
2022/11/15 19:45,0,894.4161767,955
2022/11/15 20:00,0,914.5316062,940.75
2022/11/15 20:15,0,938.8609812,960
2022/11/15 20:30,0,954.6349584,952.75
2022/11/15 20:45,0,954.1472776,952.75
2022/11/15 21:00,0,951.868813,952.75
2022/11/15 21:15,0,955.7845394,945.5
2022/11/15 21:30,0,963.2353472,950.25
2022/11/15 21:45,0,971.6389449,940.75
2022/11/15 22:00,0,964.6016764,955
2022/11/15 22:15,0,961.968583,962.25
2022/11/15 22:30,0,968.9211246,962.25
2022/11/15 22:45,0,977.1226325,957.5
2022/11/15 23:00,0,978.189046,952.75
2022/11/15 23:15,0,978.1260358,950.25
2022/11/15 23:30,0,970.7166102,943
2022/11/15 23:45,0,848.0103022,945.5
2022/11/16 00:00,0,856.5443468,948
2022/11/16 00:15,0,850.1366532,960
2022/11/16 00:30,0,857.7902454,984
2022/11/16 00:45,0,862.8225895,986.25
2022/11/16 01:00,0,863.1044619,981.5
2022/11/16 01:15,0,866.1713011,988.75
2022/11/16 01:30,0,865.0582854,979
2022/11/16 01:45,0,860.5331304,957.5
2022/11/16 02:00,0,860.1268458,976.75
2022/11/16 02:15,0,860.6269596,962.25
2022/11/16 02:30,0,850.1579373,979
2022/11/16 02:45,0,849.8090685,974.25
2022/11/16 03:00,0,848.6112247,988.75
2022/11/16 03:15,0,845.2800515,967
2022/11/16 03:30,0,840.3338684,962.25
2022/11/16 03:45,0,836.2201979,967
2022/11/16 04:00,0,835.1263507,979
2022/11/16 04:15,0,836.548991,996
2022/11/16 04:30,0,835.6099729,981.5
2022/11/16 04:45,0,800.3990151,986.25
2022/11/16 05:00,0,761.0722086,979
2022/11/16 05:15,0,755.7200956,986.25
2022/11/16 05:30,0,747.0680732,976.75
2022/11/16 05:45,0,744.274454,979
2022/11/16 06:00,0,742.8712633,969.5
2022/11/16 06:15,0,726.8083329,976.75
2022/11/16 06:30,0.040153943,715.6201036,976.75
2022/11/16 06:45,10.08154059,714.8620864,991
2022/11/16 07:00,19.86059682,682.8767883,976.75
2022/11/16 07:15,40.18793808,659.9769908,996
2022/11/16 07:30,56.4531592,641.2099745,1000.75
2022/11/16 07:45,65.33139679,622.4545544,1010.25
2022/11/16 08:00,79.31101062,574.4073651,1005.5
2022/11/16 08:15,100.6271167,541.2307639,993.5
2022/11/16 08:30,119.4900355,514.4931209,993.5
2022/11/16 08:45,114.6479122,489.3041136,1000.75
2022/11/16 09:00,113.2872941,480.9809244,1027
2022/11/16 09:15,135.3194691,469.1989373,1027
2022/11/16 09:30,164.1264604,462.5363684,1041.5
2022/11/16 09:45,191.8316939,465.989395,1029.5
2022/11/16 10:00,183.8723869,462.6477679,1029.5
2022/11/16 10:15,202.4035829,465.8038292,1039
2022/11/16 10:30,254.7707436,463.742853,1034.25
2022/11/16 10:45,316.4455955,468.3759639,1041.5
2022/11/16 11:00,429.0986739,473.2408311,1051
2022/11/16 11:15,514.9469527,468.9404657,1044
2022/11/16 11:30,502.7414172,477.7797921,1022.25
2022/11/16 11:45,473.7645078,476.167542,1015
2022/11/16 12:00,460.7385065,475.9522529,1017.5
2022/11/16 12:15,456.6849568,476.3210721,1015
2022/11/16 12:30,434.0602953,481.9137439,1020
2022/11/16 12:45,380.7945939,493.5253646,1020
2022/11/16 13:00,314.0961678,490.7386876,1015
2022/11/16 13:15,255.0477335,477.8154826,1027
2022/11/16 13:30,228.7537919,480.0612842,1034.25
2022/11/16 13:45,198.2055079,481.8858564,1020
2022/11/16 14:00,171.3823644,482.1652683,1041.5
2022/11/16 14:15,150.9167365,479.78757,1012.75
2022/11/16 14:30,136.8694328,478.3868491,1022.25
2022/11/16 14:45,125.6112199,476.4044815,1039
2022/11/16 15:00,115.200637,476.317214,1046.25
2022/11/16 15:15,98.28710713,478.8085774,1046.25
2022/11/16 15:30,86.40836377,476.5295972,1041.5
2022/11/16 15:45,75.02209838,499.9991531,1029.5
2022/11/16 16:00,53.67195981,513.9312461,1017.5
2022/11/16 16:15,33.93668777,517.1144999,1017.5
2022/11/16 16:30,19.52594404,520.847965,1029.5
2022/11/16 16:45,10.77620974,530.9918845,1020
2022/11/16 17:00,6.735680927,570.0062733,1024.75
2022/11/16 17:15,4.540438767,607.4335418,1022.25
2022/11/16 17:30,0,599.0125683,1017.5
2022/11/16 17:45,0,592.5210404,1015
2022/11/16 18:00,0,600.2529605,1015
2022/11/16 18:15,0,600.4032271,1008
2022/11/16 18:30,0,596.9938343,1015
2022/11/16 18:45,0,591.743598,1027
2022/11/16 19:00,0,579.4788878,1022.25
2022/11/16 19:15,0,561.7643381,1029.5
2022/11/16 19:30,0,552.3231403,1022.25
2022/11/16 19:45,0,550.9325622,1020
2022/11/16 20:00,0,553.2084683,1000.75
2022/11/16 20:15,0,681.4274294,1008
2022/11/16 20:30,0,685.5980495,1005.5
2022/11/16 20:45,0,689.648835,1017.5
2022/11/16 21:00,0,688.4760294,1012.75
2022/11/16 21:15,0,683.8973113,1017.5
2022/11/16 21:30,0,709.7096525,1012.75
2022/11/16 21:45,0,595.4705722,1000.75
2022/11/16 22:00,0,602.6811309,979
2022/11/16 22:15,0,597.2312311,991
2022/11/16 22:30,0,625.6950524,981.5
2022/11/16 22:45,0,632.3006787,986.25
2022/11/16 23:00,0,637.7782985,979
2022/11/16 23:15,0,638.8614718,979
2022/11/16 23:30,0,634.4480223,981.5
2022/11/16 23:45,0,634.9389814,981.5
2022/11/17 00:00,0,636.3509627,986.25
2022/11/17 00:15,0,634.4907881,998.25
2022/11/17 00:30,0,753.5967734,1005.5
2022/11/17 00:45,0,750.1383206,1010.25
2022/11/17 01:00,0,753.3854489,1010.25
2022/11/17 01:15,0,756.1065216,1015
2022/11/17 01:30,0,754.9592684,1017.5
2022/11/17 01:45,0,753.7398499,1015
2022/11/17 02:00,0,757.2620346,1015
2022/11/17 02:15,0,752.6726591,1020
2022/11/17 02:30,0,747.0254074,1015
2022/11/17 02:45,0,750.6570656,1022.25
2022/11/17 03:00,0,756.6656005,1022.25
2022/11/17 03:15,0,759.4837877,1034.25
2022/11/17 03:30,0,762.1788311,1022.25
2022/11/17 03:45,0,762.9261912,1022.25
2022/11/17 04:00,0,764.0027665,1024.75
2022/11/17 04:15,0,762.7080018,1041.5
2022/11/17 04:30,0,761.9692578,1036.75
2022/11/17 04:45,0,764.2755701,1046.25
2022/11/17 05:00,0,772.7144934,1046.25
2022/11/17 05:15,0,771.2207362,1058.25
2022/11/17 05:30,0,761.1943884,1053.5
2022/11/17 05:45,0,758.5726875,1063
2022/11/17 06:00,0,757.8505579,1053.5
2022/11/17 06:15,0,760.2192409,1056
2022/11/17 06:30,0.044327506,765.9653075,1068
2022/11/17 06:45,11.18624826,757.2267105,1060.75
2022/11/17 07:00,20.32596155,756.8516558,1082.25
2022/11/17 07:15,43.95772871,633.4951967,1082.25
2022/11/17 07:30,69.96741283,636.178836,1094.25
2022/11/17 07:45,103.9907804,759.4240499,1070.25
2022/11/17 08:00,145.2618346,757.4841089,1156.75
2022/11/17 08:15,200.6457245,763.1762987,1101.5
2022/11/17 08:30,266.4308444,775.9852418,1101.5
2022/11/17 08:45,334.1730625,778.8497509,1125.5
2022/11/17 09:00,392.0616488,777.374672,1092
2022/11/17 09:15,451.8245878,772.6861881,1089.5
2022/11/17 09:30,518.3809419,787.2136179,1084.75
2022/11/17 09:45,556.3777983,793.0940691,1080
2022/11/17 10:00,615.3392382,797.6325923,1128
2022/11/17 10:15,658.391525,809.7484475,1101.5
2022/11/17 10:30,687.7530426,822.6165119,1120.75
2022/11/17 10:45,715.5658711,847.7288549,1104
2022/11/17 11:00,720.1357339,858.9351288,1092
2022/11/17 11:15,717.2211401,863.4339061,1101.5
2022/11/17 11:30,764.3374717,748.8669073,1094.25
2022/11/17 11:45,789.2609374,754.4801449,1084.75
2022/11/17 12:00,825.1971331,751.7655782,1070.25
2022/11/17 12:15,802.8186118,748.6538623,1075
2022/11/17 12:30,760.7034846,738.8361572,1000.75
2022/11/17 12:45,717.1012488,746.209209,1072.75
2022/11/17 13:00,685.815027,760.3495447,1072.75
2022/11/17 13:15,641.9813634,769.4989692,1070.25
2022/11/17 13:30,596.1893164,769.7302847,1068
2022/11/17 13:45,564.3700926,899.7592729,1058.25
2022/11/17 14:00,528.5032044,898.9558784,1058.25
2022/11/17 14:15,503.8225392,900.7806847,1063
2022/11/17 14:30,456.751102,905.8257628,1058.25
2022/11/17 14:45,413.96793,905.2129106,1065.5
2022/11/17 15:00,379.6250219,905.4964285,1077.5
2022/11/17 15:15,338.3918385,775.8487309,1072.75
2022/11/17 15:30,286.3652713,773.5895283,1068
2022/11/17 15:45,239.4414784,782.7219305,1072.75
2022/11/17 16:00,186.5949263,789.8743448,1072.75
2022/11/17 16:15,143.0456459,788.8169533,1068
2022/11/17 16:30,96.34289399,776.3278951,1077.5
2022/11/17 16:45,54.36593724,771.6412845,1060.75
2022/11/17 17:00,24.56509139,767.1025844,1072.75
2022/11/17 17:15,8.435506525,765.0712952,1060.75
2022/11/17 17:30,0,770.1479455,1063
2022/11/17 17:45,0,766.8823549,1039
2022/11/17 18:00,0,758.7515376,1065.5
2022/11/17 18:15,0,761.7869312,1044
2022/11/17 18:30,0,763.8162842,1060.75
2022/11/17 18:45,0,764.1643084,1053.5
2022/11/17 19:00,0,751.7244077,1053.5
2022/11/17 19:15,0,744.484522,1058.25
2022/11/17 19:30,0,741.8864881,1048.75
2022/11/17 19:45,0,741.3671806,1044
2022/11/17 20:00,0,725.9843194,1034.25
2022/11/17 20:15,0,719.3688672,1044
2022/11/17 20:30,0,710.1587458,1036.75
2022/11/17 20:45,0,697.8347246,1058.25
2022/11/17 21:00,0,703.5798875,1058.25
2022/11/17 21:15,0,697.6999935,1051
2022/11/17 21:30,0,680.1004356,1048.75
2022/11/17 21:45,0,661.4216583,1051
2022/11/17 22:00,0,646.3194916,1046.25
2022/11/17 22:15,0,631.7804791,1051
2022/11/17 22:30,0,627.5789827,1075
2022/11/17 22:45,0,620.5828195,1068
2022/11/17 23:00,0,606.7086808,1072.75
2022/11/17 23:15,0,606.1061102,1065.5
2022/11/17 23:30,0,609.9178281,1058.25
2022/11/17 23:45,0,614.1893979,1046.25
2022/11/18 00:00,0,609.9071375,1039
2022/11/18 00:15,0,604.5063747,1044
2022/11/18 00:30,0,607.374737,1044
2022/11/18 00:45,0,595.9958687,1034.25
2022/11/18 01:00,0,579.4614211,1036.75
2022/11/18 01:15,0,563.0110712,1041.5
2022/11/18 01:30,0,660.1680043,1034.25
2022/11/18 01:45,0,638.5807635,1036.75
2022/11/18 02:00,0,628.8519767,1039
2022/11/18 02:15,0,620.796237,1029.5
2022/11/18 02:30,0,631.5941326,1022.25
2022/11/18 02:45,0,640.0779981,1027
2022/11/18 03:00,0,640.9158732,1027
2022/11/18 03:15,0,632.779667,1053.5
2022/11/18 03:30,0,620.5445345,1041.5
2022/11/18 03:45,0,606.975958,1041.5
2022/11/18 04:00,0,612.4261075,1039
2022/11/18 04:15,0,614.4939505,1056
2022/11/18 04:30,0,601.1215056,1044
2022/11/18 04:45,0,589.6584731,1044
2022/11/18 05:00,0,587.0242457,1034.25
2022/11/18 05:15,0,579.8936924,1041.5
2022/11/18 05:30,0,566.0682336,1029.5
2022/11/18 05:45,0,569.8871656,1027
2022/11/18 06:00,0,561.2478938,1012.75
2022/11/18 06:15,0,560.8915087,1024.75
2022/11/18 06:30,0.022434286,556.3577426,1012.75
2022/11/18 06:45,13.73343174,559.2524098,1027
2022/11/18 07:00,38.58311869,573.8622888,1034.25
2022/11/18 07:15,82.45921913,578.5645365,1041.5
2022/11/18 07:30,136.5342356,575.1372933,1046.25
2022/11/18 07:45,196.7831758,577.770954,1051
2022/11/18 08:00,257.9763091,572.2624513,1058.25
2022/11/18 08:15,315.7983077,592.6642025,1053.5
2022/11/18 08:30,384.4429199,643.8135403,1072.75
2022/11/18 08:45,446.4272231,658.9697477,1058.25
2022/11/18 09:00,515.6955634,647.2195053,1068
2022/11/18 09:15,581.9445657,637.2661972,1056
2022/11/18 09:30,636.5210039,632.947069,1063
2022/11/18 09:45,676.6657742,645.0055211,1104
2022/11/18 10:00,710.4125476,656.4127129,1111
2022/11/18 10:15,750.3503845,680.1243969,1118.25
2022/11/18 10:30,790.8406707,693.1226969,1108.75
2022/11/18 10:45,814.8562448,701.1053348,1120.75
2022/11/18 11:00,851.6120467,692.9701056,1116
2022/11/18 11:15,856.2065375,669.4208574,1118.25
2022/11/18 11:30,899.6804181,640.4984679,1120.75
2022/11/18 11:45,906.9221757,630.6584452,1123
2022/11/18 12:00,897.0768203,627.2930669,1101.5
2022/11/18 12:15,880.937598,644.7757477,1101.5
2022/11/18 12:30,873.0183558,676.6336171,1094.25
2022/11/18 12:45,865.5518819,698.9281877,1092
2022/11/18 13:00,845.9026922,728.1238588,1104
2022/11/18 13:15,838.1889425,757.8191963,1108.75
2022/11/18 13:30,802.824303,767.977725,1084.75
2022/11/18 13:45,765.9821108,776.6780215,1080
2022/11/18 14:00,718.5597972,788.3510276,1051
2022/11/18 14:15,674.7759646,792.1057286,1056
2022/11/18 14:30,625.7861525,679.7239157,1056
2022/11/18 14:45,570.0277539,685.6496677,1068
2022/11/18 15:00,514.3397879,679.5199796,1060.75
2022/11/18 15:15,445.1082165,684.9926887,1087
2022/11/18 15:30,383.3031139,689.1762878,1070.25
2022/11/18 15:45,308.3790948,692.3130259,1058.25
2022/11/18 16:00,237.2153482,696.8404419,1087
2022/11/18 16:15,171.5622076,837.5138964,1070.25
2022/11/18 16:30,109.6223965,828.4385506,1070.25
2022/11/18 16:45,61.96063231,816.3901102,1070.25
2022/11/18 17:00,27.91570886,804.6511352,1058.25
2022/11/18 17:15,10.10522028,795.4850455,1060.75
2022/11/18 17:30,0,769.6129471,1056
2022/11/18 17:45,0,759.9213501,1032
2022/11/18 18:00,0,747.8760246,1015
2022/11/18 18:15,0,742.6381351,1010.25
2022/11/18 18:30,0,717.7507473,1008
2022/11/18 18:45,0,698.9007899,988.75
2022/11/18 19:00,0,674.6430588,1003
2022/11/18 19:15,0,645.945234,998.25
2022/11/18 19:30,0,600.4539265,1005.5
2022/11/18 19:45,0,553.7523697,976.75
2022/11/18 20:00,0,525.5069196,976.75
2022/11/18 20:15,0,506.9472497,969.5
2022/11/18 20:30,0,484.421421,967
2022/11/18 20:45,0,465.4540629,972
2022/11/18 21:00,0,449.5087024,984
2022/11/18 21:15,0,446.1740094,962.25
2022/11/18 21:30,0,426.133173,962.25
2022/11/18 21:45,0,407.0604695,960
2022/11/18 22:00,0,393.3786261,962.25
2022/11/18 22:15,0,379.2577637,979
2022/11/18 22:30,0,364.288041,974.25
2022/11/18 22:45,0,345.5912779,964.75
2022/11/18 23:00,0,324.659117,979
2022/11/18 23:15,0,309.2685375,976.75
2022/11/18 23:30,0,303.2179562,981.5
2022/11/18 23:45,0,293.2569051,979
2022/11/19 00:00,0,284.3187975,988.75
2022/11/19 00:15,0,278.7279578,969.5
2022/11/19 00:30,0,194.3193413,974.25
2022/11/19 00:45,0,184.7601186,974.25
2022/11/19 01:00,0,174.5169717,988.75
2022/11/19 01:15,0,176.3262783,972
2022/11/19 01:30,0,167.2052745,981.5
2022/11/19 01:45,0,160.2803852,955
2022/11/19 02:00,0,156.7954532,960
2022/11/19 02:15,0,153.1828645,962.25
2022/11/19 02:30,0,150.4584019,974.25
2022/11/19 02:45,0,146.9115839,986.25
2022/11/19 03:00,0,142.7047125,991
2022/11/19 03:15,0,144.5018949,984
2022/11/19 03:30,0,144.1113341,984
2022/11/19 03:45,0,143.5758935,1003
2022/11/19 04:00,0,146.3318156,1003
2022/11/19 04:15,0,147.316245,1015
2022/11/19 04:30,0,136.9530255,1015
2022/11/19 04:45,0,132.7411603,1022.25
2022/11/19 05:00,0,136.4989661,1015
2022/11/19 05:15,0,142.4627923,998.25
2022/11/19 05:30,0,147.2964661,998.25
2022/11/19 05:45,0,148.1074797,1003
2022/11/19 06:00,0,148.1554309,996
2022/11/19 06:15,0,147.038872,1000.75
2022/11/19 06:30,0,145.7800058,1008
2022/11/19 06:45,9.609445453,133.3137456,1029.5
2022/11/19 07:00,35.28821629,118.8873292,1036.75
2022/11/19 07:15,78.31029893,114.2607101,1034.25
2022/11/19 07:30,135.4417204,105.9756163,1024.75
2022/11/19 07:45,202.8812327,104.0225143,1041.5
2022/11/19 08:00,274.5110318,104.729695,1044
2022/11/19 08:15,359.4424486,93.36121603,1060.75
2022/11/19 08:30,434.2824079,87.75192798,1058.25
2022/11/19 08:45,503.0164513,83.21044506,1068
2022/11/19 09:00,570.3282966,84.45174184,1082.25
2022/11/19 09:15,638.4992234,82.95761992,1106.25
2022/11/19 09:30,711.3900684,83.51263032,1120.75
2022/11/19 09:45,763.0090626,90.48005763,1099
2022/11/19 10:00,810.3391855,91.96412143,1084.75
2022/11/19 10:15,851.4044398,179.4132194,1120.75
2022/11/19 10:30,884.5175658,180.2157498,1125.5
2022/11/19 10:45,911.6399946,177.3947549,1120.75
2022/11/19 11:00,935.5704312,173.5653854,1125.5
2022/11/19 11:15,958.2379804,94.3955948,1140
2022/11/19 11:30,974.1773063,96.37241245,1144.75
2022/11/19 11:45,980.778481,102.5926926,1144.75
2022/11/19 12:00,985.0368042,105.3689064,1135
2022/11/19 12:15,983.6496074,183.7178747,1125.5
2022/11/19 12:30,980.1993748,189.5346401,1120.75
2022/11/19 12:45,961.5319265,180.8036819,1128
2022/11/19 13:00,940.4634942,180.3556388,1132.75
2022/11/19 13:15,912.6690062,184.5042708,1128
2022/11/19 13:30,881.2795282,190.3360222,1123
2022/11/19 13:45,846.6370223,154.2942455,1113.5
2022/11/19 14:00,806.5937188,153.7736874,1120.75
2022/11/19 14:15,754.2101527,201.8659264,1118.25
2022/11/19 14:30,696.6781722,209.5641566,1116
2022/11/19 14:45,631.8077455,229.3764024,1087
2022/11/19 15:00,561.1964322,267.8273337,1087
2022/11/19 15:15,494.1721841,297.2553141,1092
2022/11/19 15:30,418.4925754,306.8776558,1099
2022/11/19 15:45,332.9801505,325.3138406,1099
2022/11/19 16:00,248.4263563,322.4404486,1101.5
2022/11/19 16:15,175.4943109,332.3647173,1094.25
2022/11/19 16:30,111.9088705,326.6893323,1094.25
2022/11/19 16:45,62.258916,330.2435579,1075
2022/11/19 17:00,28.26950685,335.9859748,1060.75
2022/11/19 17:15,10.36861524,348.9520133,1053.5
2022/11/19 17:30,0,356.9490679,1056
2022/11/19 17:45,0,364.2346618,1053.5
2022/11/19 18:00,0,367.2083819,1053.5
2022/11/19 18:15,0,390.3068882,1048.75
2022/11/19 18:30,0,403.8488489,1022.25
2022/11/19 18:45,0,400.3063846,1024.75
2022/11/19 19:00,0,396.8000576,1022.25
2022/11/19 19:15,0,392.8669377,1012.75
2022/11/19 19:30,0,378.1866381,1012.75
2022/11/19 19:45,0,348.3216222,986.25
2022/11/19 20:00,0,339.8552552,988.75
2022/11/19 20:15,0,320.3064709,981.5
2022/11/19 20:30,0,309.8999187,964.75
2022/11/19 20:45,0,282.7175944,976.75
2022/11/19 21:00,0,251.7743575,976.75
2022/11/19 21:15,0,214.7850295,972
2022/11/19 21:30,0,187.5863663,972
2022/11/19 21:45,0,164.9969219,967
2022/11/19 22:00,0,147.2328976,964.75
2022/11/19 22:15,0,138.7698901,972
2022/11/19 22:30,0,129.2119251,962.25
2022/11/19 22:45,0,122.4104606,964.75
2022/11/19 23:00,0,118.3885502,969.5
2022/11/19 23:15,0,112.7028845,960
2022/11/19 23:30,0,95.73958823,960
2022/11/19 23:45,0,78.79015748,952.75
2022/11/20 00:00,0,72.49731144,952.75
2022/11/20 00:15,0,72.1891675,964.75
2022/11/20 00:30,0,85.17474518,960
2022/11/20 00:45,0,89.56083476,955
2022/11/20 01:00,0,93.97250137,960
2022/11/20 01:15,0,105.7419387,960
2022/11/20 01:30,0,119.7010136,967
2022/11/20 01:45,0,141.7553984,967
2022/11/20 02:00,0,160.2678245,950.25
2022/11/20 02:15,0,157.2826013,945.5
2022/11/20 02:30,0,152.8754362,948
2022/11/20 02:45,0,153.7634865,962.25
2022/11/20 03:00,0,170.5017851,962.25
2022/11/20 03:15,0,191.8860385,960
2022/11/20 03:30,0,172.4837406,948
2022/11/20 03:45,0,152.6846173,948
2022/11/20 04:00,0,143.1977419,952.75
2022/11/20 04:15,0,140.9369638,955
2022/11/20 04:30,0,139.3748639,967
2022/11/20 04:45,0,136.0646283,957.5
2022/11/20 05:00,0,149.7884465,950.25
2022/11/20 05:15,0,165.0302574,960
2022/11/20 05:30,0,190.8773594,950.25
2022/11/20 05:45,0,269.4581884,960
2022/11/20 06:00,0,354.7461724,1005.5
2022/11/20 06:15,0,423.2512642,967
2022/11/20 06:30,0,468.7507293,960
2022/11/20 06:45,9.281367772,500.3972872,969.5
2022/11/20 07:00,27.19797185,428.1005263,974.25
2022/11/20 07:15,57.24040985,337.7859295,981.5
2022/11/20 07:30,104.6428689,269.0034561,986.25
2022/11/20 07:45,165.6326222,226.2389353,993.5
2022/11/20 08:00,230.8008515,218.8341398,993.5
2022/11/20 08:15,305.4494818,219.1788163,1000.75
2022/11/20 08:30,370.4344819,209.7047042,1010.25
2022/11/20 08:45,430.9394189,212.3910277,1024.75
2022/11/20 09:00,505.1776275,263.8462115,1032
2022/11/20 09:15,562.8379026,334.885909,1041.5
2022/11/20 09:30,597.6036236,433.0813653,1065.5
2022/11/20 09:45,636.7830774,529.9618782,1077.5
2022/11/20 10:00,658.6358011,576.956882,1075
2022/11/20 10:15,686.5328797,585.7904254,1068
2022/11/20 10:30,735.1351004,557.4537351,1068
2022/11/20 10:45,757.0647381,560.8840935,1060.75
2022/11/20 11:00,785.915865,581.1917325,1051
2022/11/20 11:15,781.1640153,599.320406,1044
2022/11/20 11:30,772.0246093,616.3452251,1032
2022/11/20 11:45,777.5766558,626.6697737,1029.5
2022/11/20 12:00,788.6870106,654.6574305,1020
2022/11/20 12:15,794.854337,686.0586356,1020
2022/11/20 12:30,769.0058519,686.9510775,1008
2022/11/20 12:45,731.6651889,696.0558497,1012.75
2022/11/20 13:00,703.1272738,713.3858276,1012.75
2022/11/20 13:15,677.3330248,724.9473639,998.25
2022/11/20 13:30,650.8839491,717.5700509,1005.5
2022/11/20 13:45,619.8142357,706.9841997,986.25
2022/11/20 14:00,585.599542,693.2511108,976.75
2022/11/20 14:15,547.7912873,690.768984,979
2022/11/20 14:30,521.0848182,693.282788,1015
2022/11/20 14:45,472.4130122,716.2694499,1029.5
2022/11/20 15:00,427.6501591,767.4699761,1017.5
2022/11/20 15:15,378.5335737,735.1026402,998.25
2022/11/20 15:30,326.5029779,748.5197322,991
2022/11/20 15:45,266.0036237,756.6253716,1005.5
2022/11/20 16:00,201.7720431,737.0013827,1034.25
2022/11/20 16:15,145.4382191,716.6864042,1027
2022/11/20 16:30,97.15363806,713.7447417,1029.5
2022/11/20 16:45,59.33146771,699.4531492,1027
2022/11/20 17:00,29.90786469,682.8313129,1020
2022/11/20 17:15,10.44835905,684.9267651,1022.25
2022/11/20 17:30,0,675.0372365,991
2022/11/20 17:45,0,691.1416521,979
2022/11/20 18:00,0,699.2811723,981.5
2022/11/20 18:15,0,697.583618,979
2022/11/20 18:30,0,677.9412395,964.75
2022/11/20 18:45,0,669.8143294,967
2022/11/20 19:00,0,656.6137661,972
2022/11/20 19:15,0,633.9188217,957.5
2022/11/20 19:30,0,633.5874434,962.25
2022/11/20 19:45,0,669.3086932,945.5
2022/11/20 20:00,0,678.7781207,962.25
2022/11/20 20:15,0,671.711009,926.25
2022/11/20 20:30,0,677.8740016,938.25
2022/11/20 20:45,0,679.2153647,933.5
2022/11/20 21:00,0,680.3001234,940.75
2022/11/20 21:15,0,689.330186,931
2022/11/20 21:30,0,701.3282838,943
2022/11/20 21:45,0,696.4646826,928.75
2022/11/20 22:00,0,694.9603129,928.75
2022/11/20 22:15,0,683.9803227,924
2022/11/20 22:30,0,687.5970969,936
2022/11/20 22:45,0,679.7442386,926.25
2022/11/20 23:00,0,670.319566,936
2022/11/20 23:15,0,678.4171615,943
2022/11/20 23:30,0,714.1611341,921.5
2022/11/20 23:45,0,756.1764539,928.75
2022/11/21 00:00,0,782.9199396,940.75
2022/11/21 00:15,0,813.9311682,948
2022/11/21 00:30,0,842.1342202,943
2022/11/21 00:45,0,853.5296156,955
2022/11/21 01:00,0,853.0281642,943
2022/11/21 01:15,0,852.5263501,948
2022/11/21 01:30,0,847.1702851,957.5
2022/11/21 01:45,0,846.0821719,957.5
2022/11/21 02:00,0,841.9251719,962.25
2022/11/21 02:15,0,827.5039758,945.5
2022/11/21 02:30,0,828.0869173,945.5
2022/11/21 02:45,0,818.3229716,950.25
2022/11/21 03:00,0,812.5878819,962.25
2022/11/21 03:15,0,806.1537131,962.25
2022/11/21 03:30,0,802.2453528,969.5
2022/11/21 03:45,0,805.4568634,957.5
2022/11/21 04:00,0,811.5749505,960
2022/11/21 04:15,0,799.0008638,964.75
2022/11/21 04:30,0,790.8066743,964.75
2022/11/21 04:45,0,798.6114795,974.25
2022/11/21 05:00,0,820.4661888,967
2022/11/21 05:15,0,812.9088925,969.5
2022/11/21 05:30,0,796.3904158,974.25
2022/11/21 05:45,0,822.4121094,964.75
2022/11/21 06:00,0,823.736243,957.5
2022/11/21 06:15,0,807.4879556,974.25
2022/11/21 06:30,0,804.5799215,964.75
2022/11/21 06:45,9.803820528,782.6955684,981.5
2022/11/21 07:00,34.61994439,775.7444984,991
2022/11/21 07:15,78.58009424,781.5695659,1005.5
2022/11/21 07:30,140.2916881,787.5003405,1005.5
2022/11/21 07:45,215.7249317,805.6439314,991
2022/11/21 08:00,299.011941,813.9718876,996
2022/11/21 08:15,388.3867652,864.9872448,1015
2022/11/21 08:30,474.9113826,873.9555357,1017.5
2022/11/21 08:45,556.8852858,876.6947654,1056
2022/11/21 09:00,632.5667471,877.4082276,1058.25
2022/11/21 09:15,704.0559808,883.7882168,1070.25
2022/11/21 09:30,765.5879363,887.3629718,1087
2022/11/21 09:45,822.8760761,890.5823372,1070.25
2022/11/21 10:00,874.1945647,903.2824559,1111
2022/11/21 10:15,916.6624723,915.7232525,1099
2022/11/21 10:30,952.3722655,919.6000568,1108.75
2022/11/21 10:45,980.2313329,923.0763085,1101.5
2022/11/21 11:00,1005.185829,930.9445799,1092
2022/11/21 11:15,1020.692295,941.1872483,1123
2022/11/21 11:30,1038.593401,931.8847778,1096.75
2022/11/21 11:45,1044.843404,935.1057465,1094.25
2022/11/21 12:00,1046.922073,943.3084447,1068
2022/11/21 12:15,1037.905049,942.2141823,1060.75
2022/11/21 12:30,1028.162208,935.7907732,1058.25
2022/11/21 12:45,1013.69826,942.5827116,1060.75
2022/11/21 13:00,997.536221,940.6950743,1080
2022/11/21 13:15,965.0730827,938.0856441,1058.25
2022/11/21 13:30,943.9384347,946.1689254,1060.75
2022/11/21 13:45,905.1293869,949.158653,1051
2022/11/21 14:00,859.7511562,952.2262395,1046.25
2022/11/21 14:15,804.9197561,954.5448135,1056
2022/11/21 14:30,746.1130879,962.7962397,1046.25
2022/11/21 14:45,681.7305658,832.0029766,1060.75
2022/11/21 15:00,608.7890763,829.3592944,1039
2022/11/21 15:15,536.6985942,845.4813621,1051
2022/11/21 15:30,457.5958663,845.6647735,1053.5
2022/11/21 15:45,368.8661322,851.8859683,1075
2022/11/21 16:00,282.0409489,847.1732458,1070.25
2022/11/21 16:15,201.2514604,841.594804,1077.5
2022/11/21 16:30,132.713389,842.9620337,1096.75
2022/11/21 16:45,75.02652094,843.0473376,1065.5
2022/11/21 17:00,35.11979899,838.5571547,1063
2022/11/21 17:15,13.23820798,837.1477546,1060.75
2022/11/21 17:30,0.182714532,837.2803615,1048.75
2022/11/21 17:45,0,960.2159631,1044
2022/11/21 18:00,0,940.4057023,1053.5
2022/11/21 18:15,0,900.544456,1029.5
2022/11/21 18:30,0,860.5952737,1012.75
2022/11/21 18:45,0,808.0068305,1012.75
2022/11/21 19:00,0,770.8911595,1015
2022/11/21 19:15,0,733.9549544,991
2022/11/21 19:30,0,706.1146964,984
2022/11/21 19:45,0,668.808907,979
2022/11/21 20:00,0,625.8887031,986.25
2022/11/21 20:15,0,609.7561828,1003
2022/11/21 20:30,0,610.8907443,1056
2022/11/21 20:45,0,618.6710618,1044
2022/11/21 21:00,0,611.3933032,993.5
2022/11/21 21:15,0,623.1784282,988.75
2022/11/21 21:30,0,641.7868,984
2022/11/21 21:45,0,619.8572616,984
2022/11/21 22:00,0,612.592764,976.75
2022/11/21 22:15,0,574.1250559,984
2022/11/21 22:30,0,566.8177649,981.5
2022/11/21 22:45,0,569.9503781,979
2022/11/21 23:00,0,569.9413282,972
2022/11/21 23:15,0,563.8106655,984
2022/11/21 23:30,0,558.1987645,986.25
2022/11/21 23:45,0,560.9892141,974.25
2022/11/22 00:00,0,563.0521087,974.25
2022/11/22 00:15,0,561.7912631,955
2022/11/22 00:30,0,580.3263766,969.5
2022/11/22 00:45,0,584.421077,964.75
2022/11/22 01:00,0,580.1751749,974.25
2022/11/22 01:15,0,594.2665925,969.5
2022/11/22 01:30,0,606.929129,972
2022/11/22 01:45,0,635.0627792,957.5
2022/11/22 02:00,0,627.8516649,950.25
2022/11/22 02:15,0,622.0052985,957.5
2022/11/22 02:30,0,614.1637462,955
2022/11/22 02:45,0,616.7203126,955
2022/11/22 03:00,0,620.2532563,962.25
2022/11/22 03:15,0,618.7199521,943
2022/11/22 03:30,0,608.5864316,950.25
2022/11/22 03:45,0,619.9150635,948
2022/11/22 04:00,0,638.1907331,955
2022/11/22 04:15,0,650.4898918,957.5
2022/11/22 04:30,0,689.1289683,955
2022/11/22 04:45,0,724.7385718,957.5
2022/11/22 05:00,0,732.0539552,948
2022/11/22 05:15,0,733.0408958,950.25
2022/11/22 05:30,0,744.5817623,948
2022/11/22 05:45,0,736.0278136,936
2022/11/22 06:00,0,739.1048083,919
2022/11/22 06:15,0,747.0858665,919
2022/11/22 06:30,0,763.0192831,914.25
2022/11/22 06:45,9.852066712,783.2482341,928.75
2022/11/22 07:00,34.9381918,781.925713,931
2022/11/22 07:15,75.62647907,799.2834236,960
2022/11/22 07:30,132.2550081,812.4588011,943
2022/11/22 07:45,199.1135862,823.6441622,931
2022/11/22 08:00,275.3781062,838.4563052,926.25
2022/11/22 08:15,358.0505382,868.6528906,933.5
2022/11/22 08:30,436.8492137,879.4965656,943
2022/11/22 08:45,512.7385515,910.699487,950.25
2022/11/22 09:00,584.5352546,957.0078352,945.5
2022/11/22 09:15,650.3061079,841.179006,936
2022/11/22 09:30,711.0052029,745.0327834,952.75
2022/11/22 09:45,763.3708681,761.8842188,948
2022/11/22 10:00,811.7208419,888.6417395,943
2022/11/22 10:15,856.8718445,887.9712209,924
2022/11/22 10:30,894.1331968,901.2377796,916.75
2022/11/22 10:45,924.6692291,899.9369603,916.75
2022/11/22 11:00,947.9810466,905.81045,916.75
2022/11/22 11:15,958.6500907,907.9259339,912
2022/11/22 11:30,979.2910872,909.5510284,892.75
2022/11/22 11:45,991.543807,910.5021157,883
2022/11/22 12:00,981.1015859,911.0708296,890.25
2022/11/22 12:15,968.1545034,900.0304722,888
2022/11/22 12:30,960.8790939,900.931335,897.5
2022/11/22 12:45,951.9632411,903.577344,885.5
2022/11/22 13:00,931.0410948,911.4487879,897.5
2022/11/22 13:15,906.7068259,918.8342257,885.5
2022/11/22 13:30,875.7155156,917.523507,878.25
2022/11/22 13:45,837.5581318,912.7392212,878.25
2022/11/22 14:00,797.9049,910.778252,866.25
2022/11/22 14:15,747.7254363,910.3474371,864
2022/11/22 14:30,689.0505955,907.6831161,859
2022/11/22 14:45,625.701802,909.1799256,854.25
2022/11/22 15:00,562.3188107,908.5741024,820.75
2022/11/22 15:15,487.0295391,903.865894,806.25
2022/11/22 15:30,413.7065108,901.9208502,792
2022/11/22 15:45,334.1462241,905.3696832,799
2022/11/22 16:00,259.8068229,900.1935597,792
2022/11/22 16:15,186.9525853,895.7040607,796.75
2022/11/22 16:30,121.9970607,882.1191747,784.75
2022/11/22 16:45,72.61843473,877.77372,775
2022/11/22 17:00,38.0884828,863.9338783,753.5
2022/11/22 17:15,3.824574284,848.9522541,739
2022/11/22 17:30,0.349359277,828.5817263,748.75
2022/11/22 17:45,0,807.4126483,734.25
2022/11/22 18:00,0,939.5172161,734.25
2022/11/22 18:15,0,931.7957309,736.75
2022/11/22 18:30,0,935.0898092,732
2022/11/22 18:45,0,934.9689057,734.25
2022/11/22 19:00,0,931.3809814,732
2022/11/22 19:15,0,918.999733,729.5
2022/11/22 19:30,0,893.902044,720
2022/11/22 19:45,0,872.938557,729.5
2022/11/22 20:00,0,846.8742358,710.25
2022/11/22 20:15,0,827.9893379,722.25
2022/11/22 20:30,0,831.1230643,700.75
2022/11/22 20:45,0,828.7653794,708
2022/11/22 21:00,0,826.8536339,710.25
2022/11/22 21:15,0,836.0535104,710.25
2022/11/22 21:30,0,843.7030217,720
2022/11/22 21:45,0,855.9330947,720
2022/11/22 22:00,0,871.9790009,724.75
2022/11/22 22:15,0,887.3612812,720
2022/11/22 22:30,0,893.935029,727
2022/11/22 22:45,0,896.9531697,732
2022/11/22 23:00,0,897.9717755,724.75
2022/11/22 23:15,0,898.1162068,727
2022/11/22 23:30,0,752.471437,722.25
2022/11/22 23:45,0,903.8796369,727
2022/11/23 00:00,0,904.3759838,722.25
2022/11/23 00:15,0,916.0420332,722.25
2022/11/23 00:30,0,924.5021733,732
2022/11/23 00:45,0,915.9542705,724.75
2022/11/23 01:00,0,900.3229817,724.75
2022/11/23 01:15,0,911.045725,729.5
2022/11/23 01:30,0,917.94368,727
2022/11/23 01:45,0,928.2773442,724.75
2022/11/23 02:00,0,940.0118603,724.75
2022/11/23 02:15,0,947.3022702,717.5
2022/11/23 02:30,0,817.1175071,715
2022/11/23 02:45,0,818.5341309,715
2022/11/23 03:00,0,825.8122105,708
2022/11/23 03:15,0,839.09306,703
2022/11/23 03:30,0,843.7575745,705.5
2022/11/23 03:45,0,844.0263472,708
2022/11/23 04:00,0,847.2928811,705.5
2022/11/23 04:15,0,848.735174,710.25
2022/11/23 04:30,0,840.8539651,712.75
2022/11/23 04:45,0,838.5404788,708
2022/11/23 05:00,0,837.3384487,712.75
2022/11/23 05:15,0,832.5323075,712.75
2022/11/23 05:30,0,830.1175868,715
2022/11/23 05:45,0,825.9767139,717.5
2022/11/23 06:00,0,939.376083,712.75
2022/11/23 06:15,0,935.3446098,705.5
2022/11/23 06:30,0,945.9934753,729.5
2022/11/23 06:45,9.338595464,949.7578913,698.25
2022/11/23 07:00,33.52684931,950.2803571,609.5
2022/11/23 07:15,73.4179957,822.7855256,436.75
2022/11/23 07:30,129.7649873,829.8415906,307
2022/11/23 07:45,198.9834148,957.3883936,55
2022/11/23 08:00,277.1891442,961.5946314,0
2022/11/23 08:15,360.6741948,963.7040531,0
2022/11/23 08:30,442.4472445,980.6690438,0
2022/11/23 08:45,523.3620061,1002.324912,0
2022/11/23 09:00,599.9175036,1014.484272,0
2022/11/23 09:15,659.5010438,1013.546792,0
2022/11/23 09:30,729.4059932,885.0775937,0
2022/11/23 09:45,788.8437378,878.6637825,0
2022/11/23 10:00,841.3037993,876.5325512,0
2022/11/23 10:15,884.851295,875.4891022,0
2022/11/23 10:30,926.1350905,873.5082473,0
2022/11/23 10:45,962.2675591,879.4414403,0
2022/11/23 11:00,981.7069436,870.3918136,0
2022/11/23 11:15,1002.566351,867.7603513,0
2022/11/23 11:30,1017.9935,862.3740058,0
2022/11/23 11:45,1027.366308,867.9380669,0
2022/11/23 12:00,1028.135434,869.8522299,0
2022/11/23 12:15,1020.642785,873.9078589,0
2022/11/23 12:30,1010.502656,874.5188297,0
2022/11/23 12:45,990.438158,869.1110656,0
2022/11/23 13:00,967.7713717,878.1238766,0
2022/11/23 13:15,940.9816422,876.6869422,0
2022/11/23 13:30,909.1094651,876.196676,0
2022/11/23 13:45,875.5388693,871.5066091,0
2022/11/23 14:00,830.8127724,868.9886694,0
2022/11/23 14:15,783.0175235,864.8713397,0
2022/11/23 14:30,726.1664957,859.3766178,0
2022/11/23 14:45,661.7372985,852.9253721,0
2022/11/23 15:00,593.1208235,851.2444669,0
2022/11/23 15:15,523.5074085,847.4940127,0
2022/11/23 15:30,442.2596583,844.0762061,0
2022/11/23 15:45,356.622434,832.0214921,0
2022/11/23 16:00,273.6001452,829.1373394,0
2022/11/23 16:15,197.3081279,811.6115165,0
2022/11/23 16:30,132.5572958,816.4589637,0
2022/11/23 16:45,77.63746303,816.0019482,0
2022/11/23 17:00,37.45467918,819.2158243,7
2022/11/23 17:15,14.22954923,818.1731015,69.5
2022/11/23 17:30,1.935913222,810.145225,136.75
2022/11/23 17:45,0,816.3842641,153.5
2022/11/23 18:00,0,803.2223337,148.75
2022/11/23 18:15,0,779.9793046,153.5
2022/11/23 18:30,0,764.3176049,158.25
2022/11/23 18:45,0,757.8391026,160.75
2022/11/23 19:00,0,755.4915481,163
2022/11/23 19:15,0,757.7185847,163
2022/11/23 19:30,0,755.6442603,151
2022/11/23 19:45,0,738.1263131,153.5
2022/11/23 20:00,0,713.901301,148.75
2022/11/23 20:15,0,693.2388438,148.75
2022/11/23 20:30,0,801.5004991,158.25
2022/11/23 20:45,0,800.2959744,153.5
2022/11/23 21:00,0,805.493308,153.5
2022/11/23 21:15,0,810.5096544,156
2022/11/23 21:30,0,816.1932611,156
2022/11/23 21:45,0,823.6632532,153.5
2022/11/23 22:00,0,820.492721,153.5
2022/11/23 22:15,0,824.393579,153.5
2022/11/23 22:30,0,832.216109,153.5
2022/11/23 22:45,0,865.1936445,153.5
2022/11/23 23:00,0,880.2268701,153.5
2022/11/23 23:15,0,892.204165,153.5
2022/11/23 23:30,0,912.1686483,156
2022/11/23 23:45,0,919.0034251,156
2022/11/24 00:00,0,926.5323242,153.5
2022/11/24 00:15,0,927.7611781,153.5
2022/11/24 00:30,0,927.7716076,153.5
2022/11/24 00:45,0,801.8192773,153.5
2022/11/24 01:00,0,800.8158463,153.5
2022/11/24 01:15,0,798.2358718,153.5
2022/11/24 01:30,0,800.8824238,156
2022/11/24 01:45,0,796.4437478,156
2022/11/24 02:00,0,784.5624392,158.25
2022/11/24 02:15,0,780.2947589,156
2022/11/24 02:30,0,901.1169218,158.25
2022/11/24 02:45,0,905.2385404,153.5
2022/11/24 03:00,0,900.4270909,156
2022/11/24 03:15,0,898.5756405,156
2022/11/24 03:30,0,889.2527812,156
2022/11/24 03:45,0,753.6319089,153.5
2022/11/24 04:00,0,873.6179598,153.5
2022/11/24 04:15,0,874.6953348,156
2022/11/24 04:30,0,884.4651496,153.5
2022/11/24 04:45,0,882.0347408,156
2022/11/24 05:00,0,890.028541,153.5
2022/11/24 05:15,0,894.5369787,156
2022/11/24 05:30,0,894.9374681,153.5
2022/11/24 05:45,0,894.1874871,158.25
2022/11/24 06:00,0,896.9362279,153.5
2022/11/24 06:15,0,897.7526561,156
2022/11/24 06:30,0,775.994619,160.75
2022/11/24 06:45,10.43609129,782.184299,160.75
2022/11/24 07:00,34.8643906,785.1426094,163
2022/11/24 07:15,73.18677012,784.8376371,160.75
2022/11/24 07:30,130.4798668,806.1401799,163
2022/11/24 07:45,196.990052,819.144289,163
2022/11/24 08:00,272.9761746,839.8726317,168
2022/11/24 08:15,353.2207464,844.0875844,192
2022/11/24 08:30,427.672219,849.2496748,199
2022/11/24 08:45,501.3147056,841.0357442,201.5
2022/11/24 09:00,571.458995,839.1854915,218.25
2022/11/24 09:15,637.1470374,842.7160728,285.5
2022/11/24 09:30,698.4957054,832.5049887,362.25
2022/11/24 09:45,752.2566071,826.1456015,386.25
2022/11/24 10:00,800.2762144,808.9387955,352.75
2022/11/24 10:15,841.9507892,794.2584619,352.75
2022/11/24 10:30,874.1379424,913.2223352,436.75
2022/11/24 10:45,900.0055552,906.4445162,511
2022/11/24 11:00,924.3779263,904.0678083,516
2022/11/24 11:15,938.4914574,897.5875539,523
2022/11/24 11:30,940.6943743,898.7421147,566.25
2022/11/24 11:45,961.258234,893.2646646,559
2022/11/24 12:00,954.4063049,920.8504132,530.25
2022/11/24 12:15,949.9494225,931.0529621,559
2022/11/24 12:30,941.3819218,952.1778712,595
2022/11/24 12:45,935.7615188,946.6274048,597.5
2022/11/24 13:00,914.8819439,947.241895,638.25
2022/11/24 13:15,883.3577087,952.5770105,624
2022/11/24 13:30,852.5401203,958.2610906,667
2022/11/24 13:45,813.2224921,956.482402,794.25
2022/11/24 14:00,767.1138151,843.8309611,784.75
2022/11/24 14:15,712.3069831,844.4995874,777.5
2022/11/24 14:30,681.6967773,841.217293,787
2022/11/24 14:45,656.1033873,845.8051091,772.75
2022/11/24 15:00,585.0905179,840.3549078,758.25
2022/11/24 15:15,508.0723568,843.4035122,775
2022/11/24 15:30,427.8767123,851.2163206,784.75
2022/11/24 15:45,348.0736653,846.3563591,765.5
2022/11/24 16:00,268.5074641,836.25263,780
2022/11/24 16:15,195.1250724,831.1826815,787
2022/11/24 16:30,129.5813455,821.2925483,842.25
2022/11/24 16:45,74.52287278,812.39769,909.5
2022/11/24 17:00,35.73121273,817.2094994,940.75
2022/11/24 17:15,12.67919367,816.897228,914.25
2022/11/24 17:30,1.644918572,803.4613029,895
2022/11/24 17:45,0,796.3554025,907
2022/11/24 18:00,0,785.8017521,895
2022/11/24 18:15,0,781.4850225,897.5
2022/11/24 18:30,0,766.4282677,897.5
2022/11/24 18:45,0,778.0167772,892.75
2022/11/24 19:00,0,782.617455,892.75
2022/11/24 19:15,0,897.649097,895
2022/11/24 19:30,0,882.8044774,895
2022/11/24 19:45,0,853.0192063,883
2022/11/24 20:00,0,835.1318633,888
2022/11/24 20:15,0,820.2995996,880.75
2022/11/24 20:30,0,812.6416571,885.5
2022/11/24 20:45,0,810.0515582,878.25
2022/11/24 21:00,0,812.4804794,873.5
2022/11/24 21:15,0,803.8470048,873.5
2022/11/24 21:30,0,659.5385252,880.75
2022/11/24 21:45,0,652.880495,876
2022/11/24 22:00,0,652.6208594,885.5
2022/11/24 22:15,0,638.375783,888
2022/11/24 22:30,0,600.7644499,890.25
2022/11/24 22:45,0,721.8724695,883
2022/11/24 23:00,0,712.3005309,892.75
2022/11/24 23:15,0,698.0991426,888
2022/11/24 23:30,0,684.2292135,890.25
2022/11/24 23:45,0,682.3165217,888
2022/11/25 00:00,0,664.5981781,880.75
2022/11/25 00:15,0,640.1212651,888
2022/11/25 00:30,0,624.0127619,885.5
2022/11/25 00:45,0,625.8890471,880.75
2022/11/25 01:00,0,634.5603303,888
2022/11/25 01:15,0,654.9673782,876
2022/11/25 01:30,0,664.7584709,880.75
2022/11/25 01:45,0,645.9583611,880.75
2022/11/25 02:00,0,628.2516909,873.5
2022/11/25 02:15,0,613.0671371,876
2022/11/25 02:30,0,578.5105446,871
2022/11/25 02:45,0,562.0801225,868.75
2022/11/25 03:00,0,577.1388144,871
2022/11/25 03:15,0,604.5432026,856.75
2022/11/25 03:30,0,611.5160712,866.25
2022/11/25 03:45,0,611.6109966,871
2022/11/25 04:00,0,616.8563518,876
2022/11/25 04:15,0,600.3918926,883
2022/11/25 04:30,0,584.1185022,888
2022/11/25 04:45,0,540.6431962,880.75
2022/11/25 05:00,0,487.7622343,885.5
2022/11/25 05:15,0,451.3190912,888
2022/11/25 05:30,0,426.2630385,885.5
2022/11/25 05:45,0,424.5949896,897.5
2022/11/25 06:00,0,420.7618713,880.75
2022/11/25 06:15,0,423.6683196,888
2022/11/25 06:30,0,421.6954734,883
2022/11/25 06:45,8.68167247,412.2675706,890.25
2022/11/25 07:00,32.12157228,410.1970641,888
2022/11/25 07:15,73.85332445,390.3675298,895
2022/11/25 07:30,129.312756,376.8156966,902.25
2022/11/25 07:45,196.0439615,367.5403259,916.75
2022/11/25 08:00,270.3754539,382.3627093,924
2022/11/25 08:15,348.0321468,399.5145735,952.75
2022/11/25 08:30,435.8007118,412.4257625,938.25
2022/11/25 08:45,512.7116291,420.8842146,948
2022/11/25 09:00,584.1161517,468.1248329,931
2022/11/25 09:15,654.3347804,530.3210694,943
2022/11/25 09:30,718.8423869,601.4341376,991
2022/11/25 09:45,774.876848,634.8483834,979
2022/11/25 10:00,823.9042062,688.0745577,981.5
2022/11/25 10:15,862.7281583,725.1011212,988.75
2022/11/25 10:30,899.8181325,746.5608426,993.5
2022/11/25 10:45,931.6228234,774.2932151,1017.5
2022/11/25 11:00,959.6292068,846.633237,1015
2022/11/25 11:15,976.9526662,919.7752092,1000.75
2022/11/25 11:30,987.4748646,969.936054,1039
2022/11/25 11:45,997.9026967,990.3372708,1020
2022/11/25 12:00,1000.973903,1017.079729,1015
2022/11/25 12:15,993.1484976,1013.945243,996
2022/11/25 12:30,983.456387,1023.180083,950.25
2022/11/25 12:45,963.5759717,1013.620177,943
2022/11/25 13:00,946.1113247,1007.210597,955
2022/11/25 13:15,924.7647653,990.9128536,984
2022/11/25 13:30,888.9695371,979.5886266,984
2022/11/25 13:45,848.5303402,963.5018185,986.25
2022/11/25 14:00,812.0709523,953.0794398,962.25
2022/11/25 14:15,766.442533,944.9773584,986.25
2022/11/25 14:30,711.4676586,922.9822527,1000.75
2022/11/25 14:45,645.8710371,891.1775277,984
2022/11/25 15:00,577.3400762,858.3289294,955
2022/11/25 15:15,505.8466376,828.0097783,986.25
2022/11/25 15:30,429.1129199,809.7821114,1000.75
2022/11/25 15:45,349.422306,820.0762,967
2022/11/25 16:00,270.8562,826.8229934,991
2022/11/25 16:15,195.516949,819.6354315,1008
2022/11/25 16:30,127.7791543,841.3545967,986.25
2022/11/25 16:45,74.32270015,867.2784933,964.75
2022/11/25 17:00,36.42501119,876.800094,998.25
2022/11/25 17:15,12.75935819,899.3532025,998.25
2022/11/25 17:30,1.604343865,912.4388985,972
2022/11/25 17:45,0,928.6969166,998.25
2022/11/25 18:00,0,922.3101302,988.75
2022/11/25 18:15,0,891.9940533,986.25
2022/11/25 18:30,0,889.0956178,943
2022/11/25 18:45,0,871.1636021,981.5
2022/11/25 19:00,0,834.0995233,986.25
2022/11/25 19:15,0,826.7646296,964.75
2022/11/25 19:30,0,817.3433075,979
2022/11/25 19:45,0,805.7748509,988.75
2022/11/25 20:00,0,786.6797943,986.25
2022/11/25 20:15,0,754.0453085,969.5
2022/11/25 20:30,0,728.2297287,933.5
2022/11/25 20:45,0,714.1307959,943
2022/11/25 21:00,0,690.2516736,950.25
2022/11/25 21:15,0,691.220013,948
2022/11/25 21:30,0,685.5892029,952.75
2022/11/25 21:45,0,682.5424884,928.75
2022/11/25 22:00,0,672.8947182,948
2022/11/25 22:15,0,672.7573009,957.5
2022/11/25 22:30,0,668.3301791,967
2022/11/25 22:45,0,659.4711499,962.25
2022/11/25 23:00,0,637.1817449,960
2022/11/25 23:15,0,637.4879073,943
2022/11/25 23:30,0,638.4784995,974.25
2022/11/25 23:45,0,634.9355136,972
2022/11/26 00:00,0,631.4207792,974.25
2022/11/26 00:15,0,629.3148173,972
2022/11/26 00:30,0,621.4061541,972
2022/11/26 00:45,0,600.4762166,940.75
2022/11/26 01:00,0,581.4778321,957.5
2022/11/26 01:15,0,593.5707836,969.5
2022/11/26 01:30,0,610.368451,979
2022/11/26 01:45,0,619.4770732,984
2022/11/26 02:00,0,622.5778287,984
2022/11/26 02:15,0,634.0232759,962.25
2022/11/26 02:30,0,650.2159654,964.75
2022/11/26 02:45,0,676.0717551,964.75
2022/11/26 03:00,0,680.5372861,962.25
2022/11/26 03:15,0,673.1862298,976.75
2022/11/26 03:30,0,667.0601888,976.75
2022/11/26 03:45,0,687.5843193,984
2022/11/26 04:00,0,697.8112917,986.25
2022/11/26 04:15,0,711.2429773,974.25
2022/11/26 04:30,0,713.0206617,974.25
2022/11/26 04:45,0,730.7792128,974.25
2022/11/26 05:00,0,735.3602487,991
2022/11/26 05:15,0,726.7694364,988.75
2022/11/26 05:30,0,710.8640724,988.75
2022/11/26 05:45,0,698.100422,981.5
2022/11/26 06:00,0,698.7250192,967
2022/11/26 06:15,0,710.7318903,950.25
2022/11/26 06:30,0,717.0978173,955
2022/11/26 06:45,8.796015621,684.6737116,969.5
2022/11/26 07:00,26.20141718,658.3176315,981.5
2022/11/26 07:15,59.87164362,619.7659442,988.75
2022/11/26 07:30,117.4526297,588.8313798,974.25
2022/11/26 07:45,188.9034391,547.0388101,969.5
2022/11/26 08:00,261.1803556,535.6342968,976.75
2022/11/26 08:15,347.1497436,547.9907203,991
2022/11/26 08:30,429.8621657,589.8349839,993.5
2022/11/26 08:45,506.7146316,650.754054,996
2022/11/26 09:00,579.4133753,713.1379044,976.75
2022/11/26 09:15,629.0215996,718.2328924,1003
2022/11/26 09:30,681.2939006,718.1556434,1041.5
2022/11/26 09:45,750.6971687,798.7440214,1065.5
2022/11/26 10:00,796.2326749,893.9774231,1036.75
2022/11/26 10:15,839.3359561,938.2427487,1087
2022/11/26 10:30,879.351616,972.0835005,1118.25
2022/11/26 10:45,909.9211356,989.7000912,1080
2022/11/26 11:00,939.1705809,1000.31781,1108.75
2022/11/26 11:15,954.9820529,1002.79213,1082.25
2022/11/26 11:30,968.7938205,997.7347392,1075
2022/11/26 11:45,975.4011362,988.2671536,1092
2022/11/26 12:00,977.9102107,991.9911252,1051
2022/11/26 12:15,974.8280421,996.8788108,1063
2022/11/26 12:30,965.7948076,1006.808336,1000.75
2022/11/26 12:45,949.3137993,1016.789215,1072.75
2022/11/26 13:00,925.780143,1020.980973,1010.25
2022/11/26 13:15,903.6822117,1022.176517,1075
2022/11/26 13:30,872.5342252,1024.26221,1010.25
2022/11/26 13:45,835.6816948,1006.314065,1094.25
2022/11/26 14:00,504.0279582,1003.190442,1065.5
2022/11/26 14:15,471.8732694,1020.100463,1094.25
2022/11/26 14:30,406.202798,878.1713371,1089.5
2022/11/26 14:45,400.4900946,883.472125,1080
2022/11/26 15:00,357.1276151,879.8819757,1092
2022/11/26 15:15,313.5483406,1021.695013,1060.75
2022/11/26 15:30,401.8584132,1014.858006,1104
2022/11/26 15:45,342.183602,993.6940671,1029.5
2022/11/26 16:00,263.6246363,986.6979035,1104
2022/11/26 16:15,191.0579039,967.3412767,1111
2022/11/26 16:30,125.6217453,961.7800029,1108.75
2022/11/26 16:45,72.76541906,973.6059067,1123
2022/11/26 17:00,34.82348335,983.1702569,1096.75
2022/11/26 17:15,12.68552529,987.4351872,1072.75
2022/11/26 17:30,1.549896599,993.3022036,1080
2022/11/26 17:45,0,988.4668592,1039
2022/11/26 18:00,0,974.2146015,1087
2022/11/26 18:15,0,828.7822316,1075
2022/11/26 18:30,0,815.5023268,1060.75
2022/11/26 18:45,0,805.9082471,1051
2022/11/26 19:00,0,793.6042895,1048.75
2022/11/26 19:15,0,759.4612542,1060.75
2022/11/26 19:30,0,736.5858528,1056
2022/11/26 19:45,0,841.5282695,1017.5
2022/11/26 20:00,0,817.6264188,1020
2022/11/26 20:15,0,789.2352361,1029.5
2022/11/26 20:30,0,735.5230528,1015
2022/11/26 20:45,0,680.8598152,996
2022/11/26 21:00,0,650.3946633,967
2022/11/26 21:15,0,631.3153083,960
2022/11/26 21:30,0,628.1707304,981.5
2022/11/26 21:45,0,616.2087357,984
2022/11/26 22:00,0,589.6971195,1005.5
2022/11/26 22:15,0,562.6895722,986.25
2022/11/26 22:30,0,550.6456375,981.5
2022/11/26 22:45,0,535.3030707,986.25
2022/11/26 23:00,0,529.5280432,1024.75
2022/11/26 23:15,0,546.283435,1012.75
2022/11/26 23:30,0,556.196345,996
2022/11/26 23:45,0,539.002989,988.75
2022/11/27 00:00,0,515.8388877,998.25
2022/11/27 00:15,0,483.671832,1008
2022/11/27 00:30,0,451.020535,1003
2022/11/27 00:45,0,437.7249059,991
2022/11/27 01:00,0,436.7048495,962.25
2022/11/27 01:15,0,448.8219381,967
2022/11/27 01:30,0,481.0453742,979
2022/11/27 01:45,0,501.8085205,984
2022/11/27 02:00,0,496.9692985,984
2022/11/27 02:15,0,485.3575624,962.25
2022/11/27 02:30,0,489.6455661,964.75
2022/11/27 02:45,0,494.4026126,984
2022/11/27 03:00,0,501.1048212,979
2022/11/27 03:15,0,518.9671549,976.75
2022/11/27 03:30,0,537.2842139,972
2022/11/27 03:45,0,540.35472,952.75
2022/11/27 04:00,0,556.1744653,962.25
2022/11/27 04:15,0,564.8666487,974.25
2022/11/27 04:30,0,570.940817,974.25
2022/11/27 04:45,0,572.2033589,976.75
2022/11/27 05:00,0,576.6866854,969.5
2022/11/27 05:15,0,583.1747978,943
2022/11/27 05:30,0,601.9483525,950.25
2022/11/27 05:45,0,605.3847943,957.5
2022/11/27 06:00,0,604.1605565,960
2022/11/27 06:15,0,590.4524925,962.25
2022/11/27 06:30,0,599.9376276,950.25
2022/11/27 06:45,8.067360091,600.4357909,943
2022/11/27 07:00,33.66477926,605.7674107,957.5
2022/11/27 07:15,73.19801597,616.1575726,979
2022/11/27 07:30,128.4808833,642.4844587,1012.75
2022/11/27 07:45,190.1961297,674.2445256,998.25
2022/11/27 08:00,261.1423955,696.0793213,974.25
2022/11/27 08:15,338.4673517,720.9020663,984
2022/11/27 08:30,414.6220952,746.3754204,993.5
2022/11/27 08:45,487.2501381,766.6713339,1005.5
2022/11/27 09:00,553.9999845,780.8037801,1003
2022/11/27 09:15,617.5623809,797.6607785,998.25
2022/11/27 09:30,681.8548841,810.6166136,1041.5
2022/11/27 09:45,733.905756,838.1053273,1048.75
2022/11/27 10:00,783.0162885,849.3159952,1080
2022/11/27 10:15,830.6106519,869.939052,1056
2022/11/27 10:30,860.2138466,906.7117778,1082.25
2022/11/27 10:45,890.9808951,932.6223787,1084.75
2022/11/27 11:00,910.0028002,823.6554276,1087
2022/11/27 11:15,929.9180129,849.954783,1087
2022/11/27 11:30,941.6548612,859.0463213,1111
2022/11/27 11:45,947.2076059,859.2106465,1108.75
2022/11/27 12:00,943.1826177,871.0051521,1058.25
2022/11/27 12:15,933.6036236,877.5991656,1044
2022/11/27 12:30,932.3715734,872.6162248,1034.25
2022/11/27 12:45,912.8519572,878.3436153,1017.5
2022/11/27 13:00,889.6012691,881.9348139,1020
2022/11/27 13:15,855.2196829,886.8578758,1027
2022/11/27 13:30,823.4783652,894.0446519,1032
2022/11/27 13:45,785.5546801,901.2170945,1068
2022/11/27 14:00,744.9744833,907.3461366,1116
2022/11/27 14:15,700.9650039,900.1232412,1137.5
2022/11/27 14:30,638.7693788,901.2195722,1147
2022/11/27 14:45,567.7237817,904.3836361,1068
2022/11/27 15:00,516.4399503,904.6545119,1116
2022/11/27 15:15,438.3324184,906.1777456,1051
2022/11/27 15:30,376.3788304,909.4903557,1108.75
2022/11/27 15:45,310.0852344,909.0689471,1056
2022/11/27 16:00,239.9228202,901.7454999,1113.5
2022/11/27 16:15,178.6342974,890.216695,1058.25
2022/11/27 16:30,116.1671094,891.73797,1089.5
2022/11/27 16:45,64.89947986,898.4679769,1015
2022/11/27 17:00,28.14113153,904.0748996,1075
2022/11/27 17:15,9.610773727,1024.238494,1017.5
2022/11/27 17:30,1.926549942,1021.423878,1027
2022/11/27 17:45,0,1015.544788,1046.25
2022/11/27 18:00,0,1006.00866,1008
2022/11/27 18:15,0,1010.586636,1003
2022/11/27 18:30,0,877.0665351,1020
2022/11/27 18:45,0,864.3847639,1020
2022/11/27 19:00,0,851.910743,972
2022/11/27 19:15,0,848.2095585,996
2022/11/27 19:30,0,849.8885216,1000.75
2022/11/27 19:45,0,853.9148212,979
2022/11/27 20:00,0,857.4789154,957.5
2022/11/27 20:15,0,863.5259121,981.5
2022/11/27 20:30,0,872.7592674,984
2022/11/27 20:45,0,865.0829025,960
2022/11/27 21:00,0,871.5886285,955
2022/11/27 21:15,0,869.1953872,976.75
2022/11/27 21:30,0,863.2574602,981.5
2022/11/27 21:45,0,862.1140631,957.5
2022/11/27 22:00,0,856.8937775,955
2022/11/27 22:15,0,856.3895065,984
2022/11/27 22:30,0,860.4586308,984
2022/11/27 22:45,0,874.7968314,967
2022/11/27 23:00,0,881.6212356,967
2022/11/27 23:15,0,879.1551496,996
2022/11/27 23:30,0,888.3150873,991
2022/11/27 23:45,0,885.2633716,984
2022/11/28 00:00,0,885.5179722,962.25
2022/11/28 00:15,0,895.538245,979
2022/11/28 00:30,0,899.950219,981.5
2022/11/28 00:45,0,905.5381506,993.5
2022/11/28 01:00,0,909.5596207,988.75
2022/11/28 01:15,0,905.9856478,967
2022/11/28 01:30,0,894.9519387,969.5
2022/11/28 01:45,0,890.2033884,979
2022/11/28 02:00,0,892.4022349,974.25
2022/11/28 02:15,0,893.4654086,972
2022/11/28 02:30,0,899.0090831,976.75
2022/11/28 02:45,0,895.4502583,957.5
2022/11/28 03:00,0,878.2015747,950.25
2022/11/28 03:15,0,880.7939409,962.25
2022/11/28 03:30,0,741.502234,972
2022/11/28 03:45,0,746.0995741,976.75
2022/11/28 04:00,0,743.8025693,986.25
2022/11/28 04:15,0,735.8042264,972
2022/11/28 04:30,0,732.8818293,962.25
2022/11/28 04:45,0,733.8606679,972
2022/11/28 05:00,0,888.223675,984
2022/11/28 05:15,0,881.2194383,984
2022/11/28 05:30,0,886.1463358,986.25
2022/11/28 05:45,0,893.0441577,967
2022/11/28 06:00,0,895.5551237,964.75
2022/11/28 06:15,0,742.6731188,979
2022/11/28 06:30,0,906.5256912,986.25
2022/11/28 06:45,5.651551611,907.411095,991
2022/11/28 07:00,19.76457096,902.6261635,998.25
2022/11/28 07:15,41.42677303,893.2079493,996
2022/11/28 07:30,66.99230124,886.5894224,991
2022/11/28 07:45,99.2517051,886.9071598,1012.75
2022/11/28 08:00,130.0272284,877.7494567,1039
2022/11/28 08:15,153.0532659,872.9985547,1051
2022/11/28 08:30,175.3480881,888.907955,1048.75
2022/11/28 08:45,200.0669726,880.0840297,1036.75
2022/11/28 09:00,223.1097783,891.3747666,1032
2022/11/28 09:15,248.9178789,893.0217322,1039
2022/11/28 09:30,272.280844,899.7511167,1072.75
2022/11/28 09:45,288.7406278,899.0606293,1099
2022/11/28 10:00,298.318845,906.2430025,1116
2022/11/28 10:15,312.4302189,907.1825607,1116
2022/11/28 10:30,309.3416575,914.8499659,1154.25
2022/11/28 10:45,308.5113243,918.3094924,1082.25
2022/11/28 11:00,304.6373065,917.1477444,1128
2022/11/28 11:15,309.3380025,910.1533175,1111
2022/11/28 11:30,315.2013099,914.4292588,1154.25
2022/11/28 11:45,321.5168994,912.5955409,1130.25
2022/11/28 12:00,328.075653,909.7536476,1094.25
2022/11/28 12:15,336.1800757,916.0104552,1123
2022/11/28 12:30,320.548959,767.79447,1041.5
2022/11/28 12:45,305.1412772,772.846913,1104
2022/11/28 13:00,304.3569796,768.6329814,1063
2022/11/28 13:15,303.3004715,766.7938236,1106.25
2022/11/28 13:30,287.1432452,923.674584,1077.5
2022/11/28 13:45,259.7243125,910.2436858,1094.25
2022/11/28 14:00,244.4056976,919.810599,1084.75
2022/11/28 14:15,227.6703931,907.5633922,1082.25
2022/11/28 14:30,199.0968829,913.9903427,1082.25
2022/11/28 14:45,177.7317378,762.1910765,1080
2022/11/28 15:00,158.0192562,761.095994,1063
2022/11/28 15:15,135.4265236,743.752098,1065.5
2022/11/28 15:30,111.3298329,1004.378876,1075
2022/11/28 15:45,85.46952531,1015.013164,1034.25
2022/11/28 16:00,62.57031395,1015.228498,1080
2022/11/28 16:15,44.5291615,1017.044649,1032
2022/11/28 16:30,27.38973791,1020.986001,1094.25
2022/11/28 16:45,15.40679745,881.6880993,1077.5
2022/11/28 17:00,9.118997149,876.68217,1080
2022/11/28 17:15,7.451329744,856.0769934,1099
2022/11/28 17:30,1.690568207,850.0058106,1051
2022/11/28 17:45,0,862.5180224,1036.75
2022/11/28 18:00,0,854.0129594,1056
2022/11/28 18:15,0,868.0093808,1058.25
2022/11/28 18:30,0,880.4316428,1041.5
2022/11/28 18:45,0,889.4285602,1024.75
2022/11/28 19:00,0,885.7437953,1041.5
2022/11/28 19:15,0,728.4938593,1053.5
2022/11/28 19:30,0,860.6164814,1070.25
2022/11/28 19:45,0,867.0420706,1017.5
2022/11/28 20:00,0,867.270223,1000.75
2022/11/28 20:15,0,869.6174944,1012.75
2022/11/28 20:30,0,874.7245145,1000.75
2022/11/28 20:45,0,891.9363383,993.5
2022/11/28 21:00,0,1045.403198,974.25
2022/11/28 21:15,0,931.6301881,988.75
2022/11/28 21:30,0,932.0689592,1005.5
2022/11/28 21:45,0,936.3773123,1003
2022/11/28 22:00,0,933.145707,1015
2022/11/28 22:15,0,931.0434276,1010.25
2022/11/28 22:30,0,934.7003542,1005.5
2022/11/28 22:45,0,940.5568368,979
2022/11/28 23:00,0,944.8094465,991
2022/11/28 23:15,0,947.7776558,996
2022/11/28 23:30,0,948.0106222,998.25
2022/11/28 23:45,0,940.3241716,996
2022/11/29 00:00,0,919.7963997,1003
2022/11/29 00:15,0,921.8450239,1000.75
2022/11/29 00:30,0,925.3254883,998.25
2022/11/29 00:45,0,927.1955745,1000.75
2022/11/29 01:00,0,922.8547731,993.5
2022/11/29 01:15,0,923.1043479,991
2022/11/29 01:30,0,924.0177844,988.75
2022/11/29 01:45,0,924.5215475,998.25
2022/11/29 02:00,0,923.855237,972
2022/11/29 02:15,0,920.2857252,984
2022/11/29 02:30,0,911.3898661,969.5
2022/11/29 02:45,0,907.4312439,979
2022/11/29 03:00,0,909.5109076,979
2022/11/29 03:15,0,914.7803583,996
2022/11/29 03:30,0,913.2644068,998.25
2022/11/29 03:45,0,907.4163503,998.25
2022/11/29 04:00,0,906.0848353,998.25
2022/11/29 04:15,0,890.2630223,1005.5
2022/11/29 04:30,0,1007.424958,1003
2022/11/29 04:45,0,1035.951268,981.5
2022/11/29 05:00,0,1036.819408,988.75
2022/11/29 05:15,0,1033.574325,998.25
2022/11/29 05:30,0,1033.352822,996
2022/11/29 05:45,0,1033.487789,1005.5
2022/11/29 06:00,0,905.9273501,1008
2022/11/29 06:15,0,906.3678725,1008
2022/11/29 06:30,0,902.1374012,1008
2022/11/29 06:45,5.067555021,902.0432061,1005.5
2022/11/29 07:00,17.61124306,910.1226499,979
2022/11/29 07:15,39.62543734,910.9219973,1000.75
2022/11/29 07:30,65.11411461,908.6403075,1017.5
2022/11/29 07:45,97.8564345,905.6513589,1020
2022/11/29 08:00,142.817403,903.7013172,1029.5
2022/11/29 08:15,179.8911721,911.8518746,1044
2022/11/29 08:30,212.6618255,916.4846992,1020
2022/11/29 08:45,242.3247268,915.750221,1020
2022/11/29 09:00,267.0901665,913.1340808,1063
2022/11/29 09:15,282.7535978,912.4283648,1080
2022/11/29 09:30,309.0886062,913.0645057,1084.75
2022/11/29 09:45,333.8880983,913.8307647,1104
2022/11/29 10:00,355.5431672,917.701551,1087
2022/11/29 10:15,414.8355213,919.5488143,1094.25
2022/11/29 10:30,470.5960404,921.7040381,1128
2022/11/29 10:45,472.7374777,919.4065846,1077.5
2022/11/29 11:00,468.1526849,913.9237926,1135
2022/11/29 11:15,487.7615618,910.7385069,1128
2022/11/29 11:30,505.2846413,923.3395678,1053.5
2022/11/29 11:45,512.3453992,796.2771171,1123
2022/11/29 12:00,511.8074976,800.0425484,1089.5
2022/11/29 12:15,529.8139054,803.4777526,1089.5
2022/11/29 12:30,529.7032629,942.0977668,1087
2022/11/29 12:45,516.4306647,939.4845763,1010.25
2022/11/29 13:00,501.9191331,943.8854385,1072.75
2022/11/29 13:15,511.3344834,938.2971166,1044
2022/11/29 13:30,494.7363103,938.6829748,1058.25
2022/11/29 13:45,467.4317639,936.9748105,1125.5
2022/11/29 14:00,430.0266117,938.0111544,1046.25
2022/11/29 14:15,369.5537953,944.1678307,1118.25
2022/11/29 14:30,329.8636197,939.5085257,1065.5
2022/11/29 14:45,284.1451413,936.8890346,1132.75
2022/11/29 15:00,247.3757185,936.0004334,1118.25
2022/11/29 15:15,216.7031103,788.8895807,1101.5
2022/11/29 15:30,190.9439538,786.5350179,1144.75
2022/11/29 15:45,159.3265649,785.8823309,1140
2022/11/29 16:00,134.4446933,913.7001257,1104
2022/11/29 16:15,105.3441438,915.7004107,1101.5
2022/11/29 16:30,73.06082059,917.0859268,1101.5
2022/11/29 16:45,42.61572557,919.5928158,1063
2022/11/29 17:00,20.43879069,919.7290023,1056
2022/11/29 17:15,8.243093963,913.9220589,1063
2022/11/29 17:30,1.970580625,913.9954749,1051
2022/11/29 17:45,0,913.7407206,1036.75
2022/11/29 18:00,0,935.3236119,1053.5
2022/11/29 18:15,0,932.5703416,1051
2022/11/29 18:30,0,927.4130098,1053.5
2022/11/29 18:45,0,927.7757043,1036.75
2022/11/29 19:00,0,924.6188893,1046.25
2022/11/29 19:15,0,933.1479491,1036.75
2022/11/29 19:30,0,932.611776,1032
2022/11/29 19:45,0,932.7120815,1029.5
2022/11/29 20:00,0,937.1207756,1010.25
2022/11/29 20:15,0,937.3445031,996
2022/11/29 20:30,0,939.1347035,993.5
2022/11/29 20:45,0,938.6349183,991
2022/11/29 21:00,0,929.2143633,991
2022/11/29 21:15,0,925.3906358,974.25
2022/11/29 21:30,0,922.1206473,976.75
2022/11/29 21:45,0,923.4139561,981.5
2022/11/29 22:00,0,920.3791168,988.75
2022/11/29 22:15,0,918.1935527,1003
2022/11/29 22:30,0,905.7004948,1010.25
2022/11/29 22:45,0,897.6412304,1015
2022/11/29 23:00,0,1022.085574,1008
2022/11/29 23:15,0,1023.197815,1000.75
2022/11/29 23:30,0,1011.145263,979
2022/11/29 23:45,0,1001.793247,996
2022/11/30 00:00,0,988.3144295,993.5
2022/11/30 00:15,0,860.6000282,1005.5
2022/11/30 00:30,0,847.3642433,1000.75
2022/11/30 00:45,0,850.7756702,1005.5
2022/11/30 01:00,0,983.1431368,996
2022/11/30 01:15,0,986.4603283,1000.75
2022/11/30 01:30,0,997.88001,979
2022/11/30 01:45,0,1004.360344,986.25
2022/11/30 02:00,0,1005.087512,988.75
2022/11/30 02:15,0,879.9656653,988.75
2022/11/30 02:30,0,1017.178421,991
2022/11/30 02:45,0,1017.184432,986.25
2022/11/30 03:00,0,1010.964014,996
2022/11/30 03:15,0,1013.592469,984
2022/11/30 03:30,0,1010.911424,993.5
2022/11/30 03:45,0,884.7745432,981.5
2022/11/30 04:00,0,889.4173958,969.5
2022/11/30 04:15,0,884.6696875,981.5
2022/11/30 04:30,0,887.0014387,986.25
2022/11/30 04:45,0,899.0316012,988.75
2022/11/30 05:00,0,896.6688889,991
2022/11/30 05:15,0,893.4638024,993.5
2022/11/30 05:30,0,888.5239065,988.75
2022/11/30 05:45,0,883.9061452,986.25
2022/11/30 06:00,0,884.3843687,986.25
2022/11/30 06:15,0,879.0739871,964.75
2022/11/30 06:30,0,881.6138124,969.5
2022/11/30 06:45,4.765802969,896.4544508,981.5
2022/11/30 07:00,29.43472972,900.5423129,986.25
2022/11/30 07:15,61.65412279,910.7301845,996
2022/11/30 07:30,94.03533108,913.4993104,1012.75
2022/11/30 07:45,137.4419042,915.2080598,1010.25
2022/11/30 08:00,200.4016267,916.189734,1012.75
2022/11/30 08:15,261.8732136,914.5047115,1022.25
2022/11/30 08:30,317.1290957,914.9359566,988.75
2022/11/30 08:45,392.340667,924.4566314,1003
2022/11/30 09:00,436.3890224,928.6936965,1041.5
2022/11/30 09:15,484.0070055,930.9543882,1029.5
2022/11/30 09:30,560.0074111,929.2019738,1034.25
2022/11/30 09:45,629.4138148,929.0079204,1036.75
2022/11/30 10:00,672.8895638,925.2376534,1010.25
2022/11/30 10:15,682.8816485,923.0084963,1029.5
2022/11/30 10:30,726.6594157,924.1411586,1044
2022/11/30 10:45,767.4543639,925.4857199,1046.25
2022/11/30 11:00,820.4238752,931.5281522,1053.5
2022/11/30 11:15,839.2891631,927.8229648,1039
2022/11/30 11:30,844.8282694,927.4579055,1048.75
2022/11/30 11:45,849.4384412,925.7065008,1000.75
2022/11/30 12:00,833.8931917,924.6523444,1027
2022/11/30 12:15,827.3219441,926.2722062,1036.75
2022/11/30 12:30,814.2515875,928.6732532,1027
2022/11/30 12:45,789.421232,929.37226,1017.5
2022/11/30 13:00,777.2283738,930.9531846,991
2022/11/30 13:15,725.6866192,926.6139857,996
2022/11/30 13:30,663.0506327,931.5916753,1015
2022/11/30 13:45,629.4907607,930.9726487,1010.25
2022/11/30 14:00,584.8278797,926.3251433,1024.75
2022/11/30 14:15,557.0822958,925.5931915,1010.25
2022/11/30 14:30,507.7282568,928.1957313,974.25
2022/11/30 14:45,428.3804758,925.0143395,993.5
2022/11/30 15:00,367.0772833,922.6244625,1010.25
2022/11/30 15:15,321.0768163,920.2545452,1008
2022/11/30 15:30,269.7595178,919.8326648,1012.75
2022/11/30 15:45,208.314457,928.9575825,1017.5
2022/11/30 16:00,153.4216672,931.2823203,991
2022/11/30 16:15,109.1029088,925.550083,1000.75
2022/11/30 16:30,73.08904551,922.84809,1015
2022/11/30 16:45,41.59012348,917.4272124,1005.5
2022/11/30 17:00,18.01400067,921.6849336,1005.5
2022/11/30 17:15,8.626669053,923.0450169,998.25
2022/11/30 17:30,1.588685048,920.2644781,972
2022/11/30 17:45,0,908.3167165,974.25
2022/11/30 18:00,0,906.0882374,981.5
2022/11/30 18:15,0,1030.89655,991
2022/11/30 18:30,0,1022.857726,991
2022/11/30 18:45,0,1030.244689,988.75
2022/11/30 19:00,0,1041.325426,986.25
2022/11/30 19:15,0,1029.199374,960
2022/11/30 19:30,0,1017.117123,950.25
2022/11/30 19:45,0,999.2878251,950.25
2022/11/30 20:00,0,974.5391904,967
2022/11/30 20:15,0,819.9048546,972
2022/11/30 20:30,0,679.697137,962.25
2022/11/30 20:45,0,786.8852156,962.25
2022/11/30 21:00,0,912.4698622,976.75
2022/11/30 21:15,0,936.3319582,960
2022/11/30 21:30,0,956.0284039,957.5
2022/11/30 21:45,0,959.1729865,960
2022/11/30 22:00,0,963.461049,964.75
2022/11/30 22:15,0,946.2660552,948
2022/11/30 22:30,0,936.6950094,943
2022/11/30 22:45,0,921.7591818,952.75
2022/11/30 23:00,0,921.7617193,964.75
2022/11/30 23:15,0,928.1782239,962.25
2022/11/30 23:30,0,937.3888049,960
2022/11/30 23:45,0,914.8682772,960
2022/12/1 00:00,0,873.5709767,960
2022/12/1 00:15,0,874.2809191,972
2022/12/1 00:30,0,872.4965674,957.5
2022/12/1 00:45,0,871.7490542,964.75
2022/12/1 01:00,0,862.076592,955
2022/12/1 01:15,0,845.0236703,950.25
2022/12/1 01:30,0,889.8741964,964.75
2022/12/1 01:45,0,875.3025356,950.25
2022/12/1 02:00,0,739.4800961,950.25
2022/12/1 02:15,0,748.771027,948
2022/12/1 02:30,0,719.7789937,948
2022/12/1 02:45,0,709.6245605,938.25
2022/12/1 03:00,0,822.7867849,952.75
2022/12/1 03:15,0,733.8905806,943
2022/12/1 03:30,0,698.994982,952.75
2022/12/1 03:45,0,690.7745566,952.75
2022/12/1 04:00,0,686.5746606,950.25
2022/12/1 04:15,0,705.3949762,952.75
2022/12/1 04:30,0,669.0581079,957.5
2022/12/1 04:45,0,675.9132282,957.5
2022/12/1 05:00,0,725.8003584,957.5
2022/12/1 05:15,0,750.1090711,960
2022/12/1 05:30,0,786.1895741,950.25
2022/12/1 05:45,0,779.358332,950.25
2022/12/1 06:00,0,733.8716254,957.5
2022/12/1 06:15,0,726.5904336,955
2022/12/1 06:30,0,746.1877737,950.25
2022/12/1 06:45,2.774383956,777.1429405,943
2022/12/1 07:00,13.43296892,770.5208825,950.25
2022/12/1 07:15,31.13055493,767.4384315,948
2022/12/1 07:30,53.11251977,751.1372526,955
2022/12/1 07:45,74.06888888,716.6577612,957.5
2022/12/1 08:00,93.24989431,676.2571022,967
2022/12/1 08:15,117.5847427,615.1981386,962.25
2022/12/1 08:30,156.5513724,582.2618906,962.25
2022/12/1 08:45,195.0681337,571.7342951,955
2022/12/1 09:00,225.0747869,585.1583838,964.75
2022/12/1 09:15,268.4337499,616.7407618,960
2022/12/1 09:30,295.8827634,651.2361736,960
2022/12/1 09:45,310.1160207,741.008249,962.25
2022/12/1 10:00,316.0900566,792.5082765,969.5
2022/12/1 10:15,329.8322516,800.8876912,964.75
2022/12/1 10:30,348.0267727,807.9748883,984
2022/12/1 10:45,362.9843574,834.4987671,967
2022/12/1 11:00,368.0636876,848.191634,972
2022/12/1 11:15,377.3828855,865.5260146,988.75
2022/12/1 11:30,385.0181712,859.8693681,984
2022/12/1 11:45,388.1326923,869.0566859,991
2022/12/1 12:00,383.106306,917.2822292,972
2022/12/1 12:15,370.1711375,947.4344002,972
2022/12/1 12:30,366.9778051,946.4124095,972
2022/12/1 12:45,357.6802292,817.4093463,972
2022/12/1 13:00,350.3934522,839.0584112,976.75
2022/12/1 13:15,340.5488564,857.0560505,972
2022/12/1 13:30,308.7896802,864.0271801,984
2022/12/1 13:45,282.9050549,861.9883219,974.25
2022/12/1 14:00,260.6940192,747.803041,960
2022/12/1 14:15,235.5475536,744.4957511,948
2022/12/1 14:30,213.1453734,751.3510317,962.25
2022/12/1 14:45,197.3103546,741.4475145,964.75
2022/12/1 15:00,176.3117058,738.3594226,976.75
2022/12/1 15:15,157.5937926,736.4273517,960
2022/12/1 15:30,131.9067282,743.6434992,979
2022/12/1 15:45,105.9136295,872.0241709,969.5
2022/12/1 16:00,80.09558658,855.2746205,981.5
2022/12/1 16:15,60.11646555,853.359611,976.75
2022/12/1 16:30,40.03332924,843.8170995,986.25
2022/12/1 16:45,22.24281024,834.5579827,984
2022/12/1 17:00,10.55415667,814.2750818,993.5
2022/12/1 17:15,7.351264996,779.7700796,984
2022/12/1 17:30,2.737819637,766.7322021,972
2022/12/1 17:45,0,880.4878397,964.75
2022/12/1 18:00,0,861.5997249,960
2022/12/1 18:15,0,850.8390185,948
2022/12/1 18:30,0,871.5914013,952.75
2022/12/1 18:45,0,902.8219356,955
2022/12/1 19:00,0,890.0020267,952.75
2022/12/1 19:15,0,855.696429,948
2022/12/1 19:30,0,825.8065733,950.25
2022/12/1 19:45,0,788.6177063,945.5
2022/12/1 20:00,0,743.9030159,952.75
2022/12/1 20:15,0,732.7570102,952.75
2022/12/1 20:30,0,760.7604472,943
2022/12/1 20:45,0,847.1756857,950.25
2022/12/1 21:00,0,898.7707473,957.5
2022/12/1 21:15,0,911.0411382,950.25
2022/12/1 21:30,0,913.2022023,957.5
2022/12/1 21:45,0,907.5998188,948
2022/12/1 22:00,0,910.1502408,960
2022/12/1 22:15,0,899.3063923,952.75
2022/12/1 22:30,0,899.6005281,957.5
2022/12/1 22:45,0,885.9051566,950.25
2022/12/1 23:00,0,832.7693237,957.5
2022/12/1 23:15,0,807.3297253,955
2022/12/1 23:30,0,837.682189,955
2022/12/1 23:45,0,899.6393108,952.75
2022/12/2 00:00,0,911.866396,960
2022/12/2 00:15,0,886.8168178,955
2022/12/2 00:30,0,888.3779764,955
2022/12/2 00:45,0,889.6168762,957.5
2022/12/2 01:00,0,882.8532132,957.5
2022/12/2 01:15,0,894.1411756,948
2022/12/2 01:30,0,903.0435914,926.25
2022/12/2 01:45,0,897.4559863,931
2022/12/2 02:00,0,920.5944749,950.25
2022/12/2 02:15,0,912.3242244,943
2022/12/2 02:30,0,878.4796973,943
2022/12/2 02:45,0,798.6235193,933.5
2022/12/2 03:00,0,749.7261719,950.25
2022/12/2 03:15,0,715.2790586,943
2022/12/2 03:30,0,674.6412094,955
2022/12/2 03:45,0,650.979232,952.75
2022/12/2 04:00,0,632.3072372,952.75
2022/12/2 04:15,0,616.0887289,960
2022/12/2 04:30,0,648.2758931,962.25
2022/12/2 04:45,0,712.5465981,952.75
2022/12/2 05:00,0,764.6750641,972
2022/12/2 05:15,0,743.7952452,972
2022/12/2 05:30,0,700.7507736,967
2022/12/2 05:45,0,723.9758553,955
2022/12/2 06:00,0,732.2693712,952.75
2022/12/2 06:15,0,721.1304305,940.75
2022/12/2 06:30,0,668.5891761,972
2022/12/2 06:45,4.497937622,646.9959522,967
2022/12/2 07:00,11.5278815,675.0201929,969.5
2022/12/2 07:15,22.89866098,705.7376295,960
2022/12/2 07:30,42.73586883,695.9768021,981.5
2022/12/2 07:45,66.73871624,727.4528186,967
2022/12/2 08:00,95.94702312,754.8461976,986.25
2022/12/2 08:15,125.1499634,755.116418,976.75
2022/12/2 08:30,153.8284513,773.7833885,979
2022/12/2 08:45,194.3155729,774.1690174,981.5
2022/12/2 09:00,207.4503178,744.9798316,976.75
2022/12/2 09:15,230.0997086,787.3998525,988.75
2022/12/2 09:30,244.234479,872.1439387,986.25
2022/12/2 09:45,255.480417,949.6645396,996
2022/12/2 10:00,260.1839088,962.7933436,991
2022/12/2 10:15,277.6469303,992.1713128,1000.75
2022/12/2 10:30,301.5494813,989.3539941,1005.5
2022/12/2 10:45,301.1260777,1011.299663,1012.75
2022/12/2 11:00,310.0469296,893.234247,1010.25
2022/12/2 11:15,356.4989592,889.3397482,1003
2022/12/2 11:30,375.7262997,898.2423767,1005.5
2022/12/2 11:45,366.9010742,905.363248,1003
2022/12/2 12:00,366.736533,915.614708,1000.75
2022/12/2 12:15,391.1524392,918.6893328,1000.75
2022/12/2 12:30,385.9116435,919.6079112,988.75
2022/12/2 12:45,388.5731435,910.0585067,1000.75
2022/12/2 13:00,361.9960124,907.9230957,996
2022/12/2 13:15,350.8599623,900.6058327,996
2022/12/2 13:30,346.2205185,883.1540245,991
2022/12/2 13:45,325.1169176,878.2540254,991
2022/12/2 14:00,290.4847626,896.4542328,1005.5
2022/12/2 14:15,269.9153971,912.1356582,991
2022/12/2 14:30,251.0572021,921.0685974,991
2022/12/2 14:45,227.6888941,926.2856169,981.5
2022/12/2 15:00,203.3648851,927.7156334,1005.5
2022/12/2 15:15,189.82688,775.2876047,986.25
2022/12/2 15:30,168.3166092,919.388068,1008
2022/12/2 15:45,151.1755341,923.2115943,991
2022/12/2 16:00,128.2756994,930.7371362,1020
2022/12/2 16:15,99.30058742,920.785037,1008
2022/12/2 16:30,71.21430661,920.3338669,1015
2022/12/2 16:45,42.21521151,775.1336347,1003
2022/12/2 17:00,20.63859656,769.0109741,991
2022/12/2 17:15,8.46317524,766.6366299,976.75
2022/12/2 17:30,2.959372129,771.8332621,974.25
2022/12/2 17:45,0,772.3738777,976.75
2022/12/2 18:00,0,773.3151187,962.25
2022/12/2 18:15,0,921.7041026,964.75
2022/12/2 18:30,0,927.6360745,964.75
2022/12/2 18:45,0,925.1510209,962.25
2022/12/2 19:00,0,922.3572372,955
2022/12/2 19:15,0,928.5278012,967
2022/12/2 19:30,0,927.4377358,960
2022/12/2 19:45,0,932.4339588,972
2022/12/2 20:00,0,925.2393822,964.75
2022/12/2 20:15,0,929.2316502,964.75
2022/12/2 20:30,0,928.3220463,962.25
2022/12/2 20:45,0,929.8116759,962.25
2022/12/2 21:00,0,932.6771996,964.75
2022/12/2 21:15,0,928.2260235,969.5
2022/12/2 21:30,0,929.0572026,969.5
2022/12/2 21:45,0,927.9256478,964.75
2022/12/2 22:00,0,930.0907766,960
2022/12/2 22:15,0,927.366069,972
2022/12/2 22:30,0,926.4885021,974.25
2022/12/2 22:45,0,912.2228438,976.75
2022/12/2 23:00,0,890.3777677,974.25
2022/12/2 23:15,0,890.9429165,976.75
2022/12/2 23:30,0,900.2558318,981.5
2022/12/2 23:45,0,909.9210173,969.5
2022/12/3 00:00,0,912.1245667,964.75
2022/12/3 00:15,0,915.1956405,964.75
2022/12/3 00:30,0,768.3936475,969.5
2022/12/3 00:45,0,767.9831754,974.25
2022/12/3 01:00,0,760.9144636,974.25
2022/12/3 01:15,0,762.1533335,972
2022/12/3 01:30,0,761.0322255,991
2022/12/3 01:45,0,761.0393102,1000.75
2022/12/3 02:00,0,759.2318982,972
2022/12/3 02:15,0,756.591357,976.75
2022/12/3 02:30,0,748.5480399,967
2022/12/3 02:45,0,730.2317983,960
2022/12/3 03:00,0,846.4476779,967
2022/12/3 03:15,0,853.1811314,964.75
2022/12/3 03:30,0,856.8272251,969.5
2022/12/3 03:45,0,857.094693,976.75
2022/12/3 04:00,0,864.3965643,969.5
2022/12/3 04:15,0,871.020148,979
2022/12/3 04:30,0,861.0210432,972
2022/12/3 04:45,0,862.4436825,979
2022/12/3 05:00,0,830.8780273,972
2022/12/3 05:15,0,793.9722405,974.25
2022/12/3 05:30,0,812.4675345,972
2022/12/3 05:45,0,815.0308832,976.75
2022/12/3 06:00,0,853.4258591,974.25
2022/12/3 06:15,0,881.5941769,981.5
2022/12/3 06:30,0,888.1703411,991
2022/12/3 06:45,3.419692179,891.9849085,1000.75
2022/12/3 07:00,18.60298247,902.3633339,1003
2022/12/3 07:15,40.76022191,901.6524827,996
2022/12/3 07:30,68.20127204,903.7378304,1015
2022/12/3 07:45,87.2466305,905.6112924,1012.75
2022/12/3 08:00,99.27705441,780.6939767,1044
2022/12/3 08:15,115.3977898,928.844555,1032
2022/12/3 08:30,131.2128754,922.8311918,1041.5
2022/12/3 08:45,147.4033199,922.4796343,1044
2022/12/3 09:00,175.6278859,1043.774647,1063
2022/12/3 09:15,203.0547776,1041.57372,1068
2022/12/3 09:30,224.7875386,1043.032115,1075
2022/12/3 09:45,238.3741617,1041.415542,1082.25
2022/12/3 10:00,274.2858023,1034.389338,1077.5
2022/12/3 10:15,290.5228467,1041.061926,1094.25
2022/12/3 10:30,301.7100894,1050.077442,1082.25
2022/12/3 10:45,323.7098977,1048.269904,1128
2022/12/3 11:00,375.9842483,1043.364121,1072.75
2022/12/3 11:15,427.0212403,908.4854848,1099
2022/12/3 11:30,457.4955533,898.0750531,1111
2022/12/3 11:45,464.0539572,901.6770065,1113.5
2022/12/3 12:00,457.2555377,905.0539465,1029.5
2022/12/3 12:15,451.6694489,906.7313902,1104
2022/12/3 12:30,459.2627368,916.1314096,1027
2022/12/3 12:45,449.2419259,919.8737102,1070.25
2022/12/3 13:00,458.2868402,1062.260612,1060.75
2022/12/3 13:15,483.2252476,1062.999695,1072.75
2022/12/3 13:30,487.6930529,1057.606159,1075
2022/12/3 13:45,489.5536976,924.0582742,1068
2022/12/3 14:00,471.2968405,926.2332004,1089.5
2022/12/3 14:15,436.6115888,927.0202163,1072.75
2022/12/3 14:30,426.7576437,787.0714084,1113.5
2022/12/3 14:45,412.8870445,786.2619923,1068
2022/12/3 15:00,380.2832764,787.4122604,1125.5
2022/12/3 15:15,341.3045481,790.9550679,1113.5
2022/12/3 15:30,306.7897956,794.3430232,1070.25
2022/12/3 15:45,276.1794,794.8640748,1116
2022/12/3 16:00,215.6175059,798.6126457,1104
2022/12/3 16:15,161.3101267,793.1423682,1099
2022/12/3 16:30,107.3218855,791.999948,1094.25
2022/12/3 16:45,66.82097625,787.403237,1080
2022/12/3 17:00,34.87656646,774.9039654,1094.25
2022/12/3 17:15,14.55327739,782.6797548,1092
2022/12/3 17:30,4.994452524,796.2836023,1084.75
2022/12/3 17:45,0,795.6576972,1070.25
2022/12/3 18:00,0,1066.696438,1044
2022/12/3 18:15,0,1065.443806,1041.5
2022/12/3 18:30,0,1058.440687,1048.75
2022/12/3 18:45,0,1057.472224,1044
2022/12/3 19:00,0,1058.270124,1044
2022/12/3 19:15,0,1050.15814,1039
2022/12/3 19:30,0,1025.397831,1036.75
2022/12/3 19:45,0,1044.647461,1012.75
2022/12/3 20:00,0,1058.896345,1017.5
2022/12/3 20:15,0,1055.869238,1029.5
2022/12/3 20:30,0,1051.016683,1020
2022/12/3 20:45,0,1055.140206,1024.75
2022/12/3 21:00,0,1051.845098,1032
2022/12/3 21:15,0,1051.93542,1029.5
2022/12/3 21:30,0,1058.673425,1027
2022/12/3 21:45,0,1049.760146,1027
2022/12/3 22:00,0,1043.096821,1029.5
2022/12/3 22:15,0,1037.674811,1008
2022/12/3 22:30,0,1037.777976,1008
2022/12/3 22:45,0,1032.7322,1024.75
2022/12/3 23:00,0,1015.097615,1029.5
2022/12/3 23:15,0,886.6704507,1039
2022/12/3 23:30,0,901.6194434,1032
2022/12/3 23:45,0,1040.644052,1034.25
2022/12/4 00:00,0,1039.076513,1032
2022/12/4 00:15,0,1034.528259,1024.75
2022/12/4 00:30,0,999.7258014,1024.75
2022/12/4 00:45,0,964.9233435,1008
2022/12/4 01:00,0,930.1208856,1005.5
2022/12/4 01:15,0,895.3184277,1003
2022/12/4 01:30,0,860.5159698,1003
2022/12/4 01:45,0,825.7135119,1008
2022/12/4 02:00,0,790.911054,1010.25
2022/12/4 02:15,0,756.1085961,1005.5
2022/12/4 02:30,0,721.3061382,1005.5
2022/12/4 02:45,0,686.5036803,1005.5
2022/12/4 03:00,0,651.7012223,1010.25
2022/12/4 03:15,0,616.8987644,1008
2022/12/4 03:30,0,582.0963065,1015
2022/12/4 03:45,0,547.2938486,1008
2022/12/4 04:00,0,512.4913907,1012.75
2022/12/4 04:15,0,477.6889328,1005.5
2022/12/4 04:30,0,442.8864749,1010.25
2022/12/4 04:45,0,408.084017,1008
2022/12/4 05:00,0,373.2815591,1010.25
2022/12/4 05:15,0,338.4791012,1012.75
2022/12/4 05:30,0,303.6766432,1010.25
2022/12/4 05:45,0,268.8741853,1010.25
2022/12/4 06:00,0,234.0717274,1012.75
2022/12/4 06:15,0,199.2692695,1012.75
2022/12/4 06:30,0,164.4668116,1024.75
2022/12/4 06:45,3.924904547,129.6643537,1060.75
2022/12/4 07:00,18.42599997,502.62535,1036.75
2022/12/4 07:15,45.76638341,875.5863463,1032
2022/12/4 07:30,80.84853872,888.1077881,1046.25
2022/12/4 07:45,127.4055712,896.8488375,1044
2022/12/4 08:00,172.9420843,894.1727505,1068
2022/12/4 08:15,242.464997,893.7669824,1072.75
2022/12/4 08:30,301.314255,896.6499659,1084.75
2022/12/4 08:45,366.8219166,894.9347173,1075
2022/12/4 09:00,447.2735984,898.1321285,1094.25
2022/12/4 09:15,523.8536041,898.2297331,1096.75
2022/12/4 09:30,583.8847791,882.1058163,1118.25
2022/12/4 09:45,649.5767423,990.2937863,573.5
2022/12/4 10:00,689.5085676,952.934839,1113.5
2022/12/4 10:15,725.3359795,946.0717064,1154.25
2022/12/4 10:30,768.6178373,958.1366674,1159
2022/12/4 10:45,793.7463954,964.6894274,1156.75
2022/12/4 11:00,827.8390458,988.1223483,1130.25
2022/12/4 11:15,877.7402493,994.0672283,1132.75
2022/12/4 11:30,902.6858321,996.5607976,1154.25
2022/12/4 11:45,919.5500986,997.1652287,686.25
2022/12/4 12:00,894.5518747,1007.049043,1084.75
2022/12/4 12:15,862.3478476,1030.94975,1082.25
2022/12/4 12:30,882.6652416,1051.86687,1087
2022/12/4 12:45,824.7150914,911.3983911,1032
2022/12/4 13:00,810.2908999,914.2078925,1106.25
2022/12/4 13:15,824.7474651,905.9509432,1051
2022/12/4 13:30,758.4810247,899.3493154,1118.25
2022/12/4 13:45,711.7448019,890.717216,1072.75
2022/12/4 14:00,677.860566,886.5871235,1125.5
2022/12/4 14:15,656.390496,883.0590252,1048.75
2022/12/4 14:30,625.355328,885.1786137,1101.5
2022/12/4 14:45,577.1755971,893.3085763,1027
2022/12/4 15:00,538.3902659,1028.579835,1096.75
2022/12/4 15:15,499.3414347,1020.657634,1077.5
2022/12/4 15:30,423.0054128,1012.242595,1104
2022/12/4 15:45,341.5299088,1007.482014,1063
2022/12/4 16:00,274.9553472,1014.09,1072.75
2022/12/4 16:15,201.3118948,1020.070857,1099
2022/12/4 16:30,139.9215081,1026.720524,1087
2022/12/4 16:45,88.03933368,1026.313082,1063
2022/12/4 17:00,49.27680147,1024.496639,1046.25
2022/12/4 17:15,19.55656404,1019.073021,1072.75
2022/12/4 17:30,6.061672559,981.6627208,1075
2022/12/4 17:45,0,953.9890661,1063
2022/12/4 18:00,0,956.4934201,1070.25
2022/12/4 18:15,0,972.9207202,1036.75
2022/12/4 18:30,0,969.1308112,1053.5
2022/12/4 18:45,0,980.628857,1070.25
2022/12/4 19:00,0,984.008802,1075
2022/12/4 19:15,0,1000.919378,1041.5
2022/12/4 19:30,0,1003.30837,1044
2022/12/4 19:45,0,1004.604716,1032
2022/12/4 20:00,0,982.696788,996
2022/12/4 20:15,0,953.3047576,1012.75
2022/12/4 20:30,0,933.630658,1012.75
2022/12/4 20:45,0,926.1782356,1015
2022/12/4 21:00,0,940.0114779,1003
2022/12/4 21:15,0,947.6336698,998.25
2022/12/4 21:30,0,944.0061002,1000.75
2022/12/4 21:45,0,918.8538358,991
2022/12/4 22:00,0,881.7781173,1005.5
2022/12/4 22:15,0,828.4306924,1000.75
2022/12/4 22:30,0,781.9560733,998.25
2022/12/4 22:45,0,756.4128178,1003
2022/12/4 23:00,0,730.9413768,1000.75
2022/12/4 23:15,0,717.2813178,1003
2022/12/4 23:30,0,734.7927116,976.75
2022/12/4 23:45,0,785.0169852,998.25
2022/12/5 00:00,0,795.0933728,988.75
2022/12/5 00:15,0,796.3281975,996
2022/12/5 00:30,0,817.3211367,988.75
2022/12/5 00:45,0,849.3676003,991
2022/12/5 01:00,0,857.9779104,981.5
2022/12/5 01:15,0,870.9026661,988.75
2022/12/5 01:30,0,864.454662,984
2022/12/5 01:45,0,882.741126,986.25
2022/12/5 02:00,0,911.0730542,988.75
2022/12/5 02:15,0,928.1422922,981.5
2022/12/5 02:30,0,920.3972293,976.75
2022/12/5 02:45,0,940.1622124,979
2022/12/5 03:00,0,980.1485736,981.5
2022/12/5 03:15,0,995.1715563,976.75
2022/12/5 03:30,0,972.9882815,984
2022/12/5 03:45,0,973.683367,984
2022/12/5 04:00,0,973.7613686,979
2022/12/5 04:15,0,967.5182125,991
2022/12/5 04:30,0,974.4802326,981.5
2022/12/5 04:45,0,973.5779467,988.75
2022/12/5 05:00,0,956.5031589,1003
2022/12/5 05:15,0,936.6475431,1003
2022/12/5 05:30,0,919.2274033,993.5
2022/12/5 05:45,0,922.7963542,996
2022/12/5 06:00,0,920.2998913,996
2022/12/5 06:15,0,911.7301324,996
2022/12/5 06:30,0,900.3975809,1000.75
2022/12/5 06:45,4.558330575,903.6854362,993.5
2022/12/5 07:00,22.28609702,887.0989562,993.5
2022/12/5 07:15,52.46074109,884.4477801,1005.5
2022/12/5 07:30,97.23691938,891.6937086,1048.75
2022/12/5 07:45,150.8572155,884.2695673,1056
2022/12/5 08:00,191.9821121,893.8746916,1051
2022/12/5 08:15,240.0356527,897.2753659,1060.75
2022/12/5 08:30,289.7972931,891.9378248,1058.25
2022/12/5 08:45,347.8111948,897.0291078,1060.75
2022/12/5 09:00,405.444986,900.9448166,1070.25
2022/12/5 09:15,447.5148258,896.4186415,1084.75
2022/12/5 09:30,487.5282627,915.1434999,1080
2022/12/5 09:45,532.6646424,513.1355459,1104
2022/12/5 10:00,579.6892114,514.676615,1077.5
2022/12/5 10:15,629.8222474,520.1706333,1147
2022/12/5 10:30,673.0838793,948.9006685,1185.5
2022/12/5 10:45,707.1349037,957.4629536,1224
2022/12/5 11:00,752.9658903,976.4144282,1214.25
2022/12/5 11:15,787.4324883,988.0318678,1190.25
2022/12/5 11:30,828.5934107,1008.518474,1207
2022/12/5 11:45,840.3669704,1019.968171,1161.5
2022/12/5 12:00,845.3533119,903.2373984,1188
2022/12/5 12:15,834.2757372,1032.432285,1168.75
2022/12/5 12:30,839.2588568,907.0599121,1147
2022/12/5 12:45,825.9495041,907.2070147,1152
2022/12/5 13:00,803.3014928,904.669555,1135
2022/12/5 13:15,794.5231364,906.6330425,1152
2022/12/5 13:30,762.111273,895.0214141,1161.5
2022/12/5 13:45,711.926602,893.2526953,1154.25
2022/12/5 14:00,684.9878565,886.1860073,1180.75
2022/12/5 14:15,655.3335549,886.3280486,1142.25
2022/12/5 14:30,607.2176025,871.0513082,1156.75
2022/12/5 14:45,564.8676886,870.2171457,1132.75
2022/12/5 15:00,529.1661341,865.6783416,1084.75
2022/12/5 15:15,473.4438081,864.753571,1104
2022/12/5 15:30,402.5112061,997.8647672,1089.5
2022/12/5 15:45,314.3060011,997.2955651,1092
2022/12/5 16:00,251.9000348,985.4695268,1108.75
2022/12/5 16:15,176.9557097,973.2583802,1096.75
2022/12/5 16:30,105.0384942,990.8146411,1113.5
2022/12/5 16:45,57.96853791,1000.489693,1108.75
2022/12/5 17:00,29.48006386,991.461601,1096.75
2022/12/5 17:15,12.40204747,987.5061803,1101.5
2022/12/5 17:30,4.592366344,992.2306244,1077.5
2022/12/5 17:45,0,993.3083557,1092
2022/12/5 18:00,0,989.0556621,1070.25
2022/12/5 18:15,0,994.0306167,1063
2022/12/5 18:30,0,997.3440726,1029.5
2022/12/5 18:45,0,990.5614813,1060.75
2022/12/5 19:00,0,979.2316831,1027
2022/12/5 19:15,0,976.3668298,1041.5
2022/12/5 19:30,0,973.9667599,1060.75
2022/12/5 19:45,0,971.2604864,1022.25
2022/12/5 20:00,0,967.7840727,1027
2022/12/5 20:15,0,974.0855959,1010.25
2022/12/5 20:30,0,961.9190678,988.75
2022/12/5 20:45,0,945.2250151,1020
2022/12/5 21:00,0,917.637188,991
2022/12/5 21:15,0,911.8515581,991
2022/12/5 21:30,0,903.7100722,1020
2022/12/5 21:45,0,897.7151599,976.75
2022/12/5 22:00,0,902.6191856,1010.25
2022/12/5 22:15,0,892.9757487,988.75
2022/12/5 22:30,0,880.4061146,996
2022/12/5 22:45,0,851.0925124,1027
2022/12/5 23:00,0,839.2345504,1005.5
2022/12/5 23:15,0,833.1629271,998.25
2022/12/5 23:30,0,819.3098685,1027
2022/12/5 23:45,0,824.9113961,981.5
2022/12/6 00:00,0,832.9423279,1012.75
2022/12/6 00:15,0,832.2859894,974.25
2022/12/6 00:30,0,823.071862,986.25
2022/12/6 00:45,0,815.2898023,993.5
2022/12/6 01:00,0,791.7404685,981.5
2022/12/6 01:15,0,775.3247282,991
2022/12/6 01:30,0,793.8384035,1000.75
2022/12/6 01:45,0,774.3273318,972
2022/12/6 02:00,0,755.6435305,1010.25
2022/12/6 02:15,0,778.6745135,974.25
2022/12/6 02:30,0,792.6897336,974.25
2022/12/6 02:45,0,809.1241169,986.25
2022/12/6 03:00,0,833.9635495,962.25
2022/12/6 03:15,0,857.2051363,988.75
2022/12/6 03:30,0,878.3734334,964.75
2022/12/6 03:45,0,902.9012751,967
2022/12/6 04:00,0,936.131543,981.5
2022/12/6 04:15,0,954.0378381,988.75
2022/12/6 04:30,0,961.2623481,967
2022/12/6 04:45,0,965.5971075,1003
2022/12/6 05:00,0,972.1373745,967
2022/12/6 05:15,0,976.9461181,976.75
2022/12/6 05:30,0,974.9832109,986.25
2022/12/6 05:45,0,987.1015496,969.5
2022/12/6 06:00,0,985.3109062,976.75
2022/12/6 06:15,0,1002.526769,991
2022/12/6 06:30,0,1011.350226,960
2022/12/6 06:45,3.575908651,872.6713021,1012.75
2022/12/6 07:00,10.46620627,877.8283188,1027
2022/12/6 07:15,5.866469984,1021.175394,1017.5
2022/12/6 07:30,10.62963075,890.5523155,1046.25
2022/12/6 07:45,14.23833907,1014.998601,1017.5
2022/12/6 08:00,20.02529271,1004.529567,1053.5
2022/12/6 08:15,27.45519031,998.6635829,1036.75
2022/12/6 08:30,77.0125321,998.5418977,1027
2022/12/6 08:45,189.9156431,1002.337032,1046.25
2022/12/6 09:00,220.5055997,999.7238122,1087
2022/12/6 09:15,252.1963871,995.1590441,1084.75
2022/12/6 09:30,303.3090223,866.2887365,1128
2022/12/6 09:45,355.6559411,855.6336088,1094.25
2022/12/6 10:00,403.9660931,848.3804343,1101.5
2022/12/6 10:15,438.5150331,977.0311439,1116
2022/12/6 10:30,470.9797625,989.9979519,1087
2022/12/6 10:45,507.6491931,984.3829451,1144.75
2022/12/6 11:00,551.0844321,983.9534222,1087
2022/12/6 11:15,610.0887972,978.1862633,1106.25
2022/12/6 11:30,656.0644387,979.5432637,1125.5
2022/12/6 11:45,693.5484717,969.2673345,1092
2022/12/6 12:00,712.3968316,979.3720897,1087
2022/12/6 12:15,743.0644963,978.2065001,1092
2022/12/6 12:30,741.8809709,978.4714738,1077.5
2022/12/6 12:45,734.4997225,975.979824,1094.25
2022/12/6 13:00,741.5664449,976.9420671,1096.75
2022/12/6 13:15,732.444433,982.1986894,1092
2022/12/6 13:30,712.4224169,988.9500705,1101.5
2022/12/6 13:45,690.7143118,998.8508859,1084.75
2022/12/6 14:00,669.7629836,1012.975925,1082.25
2022/12/6 14:15,630.0982084,1017.247601,1116
2022/12/6 14:30,587.4868241,892.0744666,1075
2022/12/6 14:45,551.2601286,893.8753308,1120.75
2022/12/6 15:00,512.6598191,890.0702279,1084.75
2022/12/6 15:15,459.6420363,884.2295066,1082.25
2022/12/6 15:30,391.7667856,880.2439253,1125.5
2022/12/6 15:45,319.611105,1010.900856,1099
2022/12/6 16:00,254.6402343,1000.883358,1120.75
2022/12/6 16:15,195.7134676,860.2390128,1123
2022/12/6 16:30,138.4407973,967.8501655,1084.75
2022/12/6 16:45,87.29575168,938.4835967,1144.75
2022/12/6 17:00,43.19178748,897.8010676,1108.75
2022/12/6 17:15,13.03921084,883.9791588,1099
2022/12/6 17:30,4.450547293,881.2365872,1101.5
2022/12/6 17:45,0,877.9883973,1082.25
2022/12/6 18:00,0,890.8359589,1065.5
2022/12/6 18:15,0,911.663192,1082.25
2022/12/6 18:30,0,895.920523,1075
2022/12/6 18:45,0,879.2220166,1060.75
2022/12/6 19:00,0,838.9138221,1072.75
2022/12/6 19:15,0,806.7433698,1044
2022/12/6 19:30,0,792.555304,1068
2022/12/6 19:45,0,786.2104295,1046.25
2022/12/6 20:00,0,791.3171313,1056
2022/12/6 20:15,0,767.9405598,1044
2022/12/6 20:30,0,748.003054,1044
2022/12/6 20:45,0,717.6639054,1068
2022/12/6 21:00,0,682.6967859,1032
2022/12/6 21:15,0,645.3316613,1048.75
2022/12/6 21:30,0,632.7325865,1056
2022/12/6 21:45,0,650.1490266,1027
2022/12/6 22:00,0,659.0801942,1039
2022/12/6 22:15,0,665.9668225,1065.5
2022/12/6 22:30,0,667.3984406,1039
2022/12/6 22:45,0,675.0238877,1044
2022/12/6 23:00,0,679.9465209,1063
2022/12/6 23:15,0,697.2143916,1053.5
2022/12/6 23:30,0,725.4846739,1044
2022/12/6 23:45,0,743.46603,1063
2022/12/7 00:00,0,770.3405164,1041.5
2022/12/7 00:15,0,790.1018128,1032
2022/12/7 00:30,0,807.9673164,1051
2022/12/7 00:45,0,837.8474219,1039
2022/12/7 01:00,0,857.1243727,1024.75
2022/12/7 01:15,0,873.3660496,1017.5
2022/12/7 01:30,0,875.8290862,1046.25
2022/12/7 01:45,0,874.103546,1012.75
2022/12/7 02:00,0,872.4849364,1022.25
2022/12/7 02:15,0,877.3870665,1053.5
2022/12/7 02:30,0,886.6265613,1032
2022/12/7 02:45,0,898.40057,1020
2022/12/7 03:00,0,898.8691843,1048.75
2022/12/7 03:15,0,919.7925227,1010.25
2022/12/7 03:30,0,935.9274699,1020
2022/12/7 03:45,0,941.3715292,1053.5
2022/12/7 04:00,0,952.4348242,1036.75
2022/12/7 04:15,0,966.6608326,1034.25
2022/12/7 04:30,0,972.4798153,1058.25
2022/12/7 04:45,0,971.8807351,1046.25
2022/12/7 05:00,0,970.8962541,1041.5
2022/12/7 05:15,0,968.4539858,1063
2022/12/7 05:30,0,966.7670492,1027
2022/12/7 05:45,0,965.110985,1034.25
2022/12/7 06:00,0,838.9274876,1053.5
2022/12/7 06:15,0,838.5420165,1017.5
2022/12/7 06:30,0,829.2989627,1017.5
2022/12/7 06:45,4.438035281,831.8408556,1034.25
2022/12/7 07:00,28.90257204,831.6340055,1012.75
2022/12/7 07:15,55.76464845,827.3044696,1029.5
2022/12/7 07:30,89.77600063,823.6960851,1041.5
2022/12/7 07:45,135.6716237,825.4078342,1027
2022/12/7 08:00,214.0731358,830.7881839,1036.75
2022/12/7 08:15,278.0289082,838.7217641,1048.75
2022/12/7 08:30,355.6892202,841.9476148,1027
2022/12/7 08:45,437.7698025,974.4837316,1041.5
2022/12/7 09:00,494.7455107,974.409308,1053.5
2022/12/7 09:15,578.240027,978.3685578,1046.25
2022/12/7 09:30,642.8187808,981.0021108,1070.25
2022/12/7 09:45,708.0860592,985.8792756,1089.5
2022/12/7 10:00,757.6812797,860.695692,1094.25
2022/12/7 10:15,797.3191397,866.4213412,1082.25
2022/12/7 10:30,845.7807937,866.0753487,1089.5
2022/12/7 10:45,854.6289772,870.5418902,1075
2022/12/7 11:00,865.7574146,875.6920618,1087
2022/12/7 11:15,896.0316625,1008.335793,1101.5
2022/12/7 11:30,905.3369004,1019.400787,1092
2022/12/7 11:45,919.2947123,1021.163558,1075
2022/12/7 12:00,918.8303437,1026.123846,1092
2022/12/7 12:15,889.8776175,1025.172949,1106.25
2022/12/7 12:30,884.8444184,892.7333357,1084.75
2022/12/7 12:45,845.2283552,892.1684927,1077.5
2022/12/7 13:00,805.7866672,897.2735059,1082.25
2022/12/7 13:15,741.5232728,743.1248302,1089.5
2022/12/7 13:30,708.9577058,896.047602,1068
2022/12/7 13:45,662.6242112,1016.451007,1060.75
2022/12/7 14:00,630.0978992,1016.824382,1075
2022/12/7 14:15,583.5313435,1012.414942,1111
2022/12/7 14:30,555.242793,1010.201609,1096.75
2022/12/7 14:45,532.7857585,1007.265068,1099
2022/12/7 15:00,452.224101,1005.910053,1099
2022/12/7 15:15,405.598322,1011.919308,1089.5
2022/12/7 15:30,326.6842163,1014.830454,1075
2022/12/7 15:45,263.6825361,885.1212942,1096.75
2022/12/7 16:00,193.1013966,879.5161965,1099
2022/12/7 16:15,138.8797412,872.5978948,1118.25
2022/12/7 16:30,95.89009642,991.6794943,1106.25
2022/12/7 16:45,59.04682552,988.3098268,1111
2022/12/7 17:00,29.42071355,966.6418086,1099
2022/12/7 17:15,11.40256027,950.6598413,1087
2022/12/7 17:30,4.451909783,793.6551089,1101.5
2022/12/7 17:45,0,776.0207357,1113.5
2022/12/7 18:00,0,759.4595556,1072.75
2022/12/7 18:15,0,743.0680033,1068
2022/12/7 18:30,0,732.7415393,1092
2022/12/7 18:45,0,867.0994926,1065.5
2022/12/7 19:00,0,846.5824994,1075
2022/12/7 19:15,0,845.502016,1087
2022/12/7 19:30,0,843.5018717,1056
2022/12/7 19:45,0,838.4565973,1063
2022/12/7 20:00,0,825.0959206,1070.25
2022/12/7 20:15,0,821.0200504,1039
2022/12/7 20:30,0,822.0758494,1024.75
2022/12/7 20:45,0,795.2518286,1051
2022/12/7 21:00,0,757.4128128,1039
2022/12/7 21:15,0,700.8914287,1027
2022/12/7 21:30,0,660.8822449,1058.25
2022/12/7 21:45,0,650.1416624,1039
2022/12/7 22:00,0,636.7542517,1034.25
2022/12/7 22:15,0,608.1386113,1048.75
2022/12/7 22:30,0,587.587417,1020
2022/12/7 22:45,0,567.5215644,1027
2022/12/7 23:00,0,543.5296501,1039
2022/12/7 23:15,0,520.6618698,1017.5
2022/12/7 23:30,0,490.722653,1022.25
2022/12/7 23:45,0,453.2676298,1048.75
2022/12/8 00:00,0,434.5834558,1027
2022/12/8 00:15,0,418.6057331,1034.25
2022/12/8 00:30,0,406.4856179,1051
2022/12/8 00:45,0,391.6183651,1034.25
2022/12/8 01:00,0,358.2560591,1039
2022/12/8 01:15,0,347.8319411,1060.75
2022/12/8 01:30,0,318.984115,1036.75
2022/12/8 01:45,0,318.9986023,1027
2022/12/8 02:00,0,311.0916255,1024.75
2022/12/8 02:15,0,293.3073307,1022.25
2022/12/8 02:30,0,288.2703716,1008
2022/12/8 02:45,0,268.343338,1024.75
2022/12/8 03:00,0,253.686063,1012.75
2022/12/8 03:15,0,234.9135198,1000.75
2022/12/8 03:30,0,227.5137245,1022.25
2022/12/8 03:45,0,215.6310759,1022.25
2022/12/8 04:00,0,220.3711204,998.25
2022/12/8 04:15,0,219.267664,1020
2022/12/8 04:30,0,214.7004493,1015
2022/12/8 04:45,0,213.7302444,998.25
2022/12/8 05:00,0,215.8440262,1027
2022/12/8 05:15,0,222.3434425,996
2022/12/8 05:30,0,217.3783362,1012.75
2022/12/8 05:45,0,204.3068753,1022.25
2022/12/8 06:00,0,207.0921668,1003
2022/12/8 06:15,0,207.4263657,1000.75
2022/12/8 06:30,0,200.0975511,1024.75
2022/12/8 06:45,3.33369742,186.2739636,993.5
2022/12/8 07:00,25.28011645,170.7109777,998.25
2022/12/8 07:15,67.19910972,167.1896458,1012.75
2022/12/8 07:30,101.069538,165.1105598,1017.5
2022/12/8 07:45,129.3160488,166.9501814,1005.5
2022/12/8 08:00,188.4134755,170.1570224,1022.25
2022/12/8 08:15,277.0515037,167.2192077,1032
2022/12/8 08:30,365.4995322,170.4879468,1008
2022/12/8 08:45,426.7932821,161.2332873,1005.5
2022/12/8 09:00,475.4010998,164.2007124,1029.5
2022/12/8 09:15,507.4674187,169.924579,1017.5
2022/12/8 09:30,604.2821534,173.5603951,1003
2022/12/8 09:45,683.2344484,172.4228168,1000.75
2022/12/8 10:00,704.2017005,168.3893559,1024.75
2022/12/8 10:15,781.2889742,167.0930361,998.25
2022/12/8 10:30,818.4730916,168.5073109,1005.5
2022/12/8 10:45,860.1529966,173.9518478,1024.75
2022/12/8 11:00,876.8596234,177.6801972,1027
2022/12/8 11:15,869.7372978,178.4967288,1029.5
2022/12/8 11:30,885.4474438,180.3784457,1065.5
2022/12/8 11:45,885.8967043,189.2375736,1063
2022/12/8 12:00,905.8888094,194.9742808,1036.75
2022/12/8 12:15,917.6317533,196.5458122,1099
2022/12/8 12:30,898.98112,194.511756,1070.25
2022/12/8 12:45,863.3826562,194.4635296,1068
2022/12/8 13:00,830.0086833,230.3171769,1080
2022/12/8 13:15,781.4187776,256.1733865,1029.5
2022/12/8 13:30,745.5242925,285.9410752,1058.25
2022/12/8 13:45,736.6148694,361.737894,1075
2022/12/8 14:00,686.1252613,406.9635049,1048.75
2022/12/8 14:15,655.6977442,402.8763927,1044
2022/12/8 14:30,639.5877293,419.7624143,1046.25
2022/12/8 14:45,615.650342,456.4588618,1029.5
2022/12/8 15:00,572.0273014,476.9456872,1041.5
2022/12/8 15:15,504.4599796,478.939746,1056
2022/12/8 15:30,438.6098308,474.3219023,1046.25
2022/12/8 15:45,359.0681961,503.4133641,1041.5
2022/12/8 16:00,286.268495,526.2994457,1065.5
2022/12/8 16:15,194.8176919,518.2991818,1039
2022/12/8 16:30,130.7528943,479.6364497,1053.5
2022/12/8 16:45,88.18825951,452.8371256,1058.25
2022/12/8 17:00,50.2190161,411.7836246,1017.5
2022/12/8 17:15,16.5872923,370.3062999,1017.5
2022/12/8 17:30,6.594315626,326.9989107,1017.5
2022/12/8 17:45,0,284.6362905,991
2022/12/8 18:00,0,246.6518629,1005.5
2022/12/8 18:15,0,237.2243564,1020
2022/12/8 18:30,0,222.4056897,1005.5
2022/12/8 18:45,0,217.2121155,1000.75
2022/12/8 19:00,0,211.712628,1020
2022/12/8 19:15,0,210.6622534,1005.5
2022/12/8 19:30,0,211.5047107,1017.5
2022/12/8 19:45,0,244.501367,1036.75
2022/12/8 20:00,0,271.8145496,1015
2022/12/8 20:15,0,260.4865461,1022.25
2022/12/8 20:30,0,235.0538467,1034.25
2022/12/8 20:45,0,243.6097326,1012.75
2022/12/8 21:00,0,241.53957,1048.75
2022/12/8 21:15,0,260.46417,1010.25
2022/12/8 21:30,0,231.0799358,1024.75
2022/12/8 21:45,0,228.9629693,1024.75
2022/12/8 22:00,0,262.444139,1022.25
2022/12/8 22:15,0,256.2246657,1024.75
2022/12/8 22:30,0,228.8171144,1027
2022/12/8 22:45,0,207.2614737,996
2022/12/8 23:00,0,218.9436202,998.25
2022/12/8 23:15,0,210.0720059,1027
2022/12/8 23:30,0,190.4762007,991
2022/12/8 23:45,0,169.3872668,1012.75
2022/12/9 00:00,0,144.7321055,1012.75
2022/12/9 00:15,0,140.8437085,998.25
2022/12/9 00:30,0,144.0001909,1020
2022/12/9 00:45,0,131.3761527,984
2022/12/9 01:00,0,115.3298952,984
2022/12/9 01:15,0,101.8696415,986.25
2022/12/9 01:30,0,103.3434679,998.25
2022/12/9 01:45,0,92.689745,981.5
2022/12/9 02:00,0,90.14376781,1000.75
2022/12/9 02:15,0,94.82117705,974.25
2022/12/9 02:30,0,115.3776201,962.25
2022/12/9 02:45,0,129.474321,1005.5
2022/12/9 03:00,0,140.8960782,979
2022/12/9 03:15,0,152.0210173,1003
2022/12/9 03:30,0,174.4604599,998.25
2022/12/9 03:45,0,184.3519574,976.75
2022/12/9 04:00,0,155.505408,991
2022/12/9 04:15,0,148.7592155,998.25
2022/12/9 04:30,0,151.8438647,979
2022/12/9 04:45,0,158.7491542,998.25
2022/12/9 05:00,0,165.1477385,984
2022/12/9 05:15,0,142.2624581,981.5
2022/12/9 05:30,0,122.2838803,1005.5
2022/12/9 05:45,0,104.5753255,974.25
2022/12/9 06:00,0,91.95055244,979
2022/12/9 06:15,0,89.26787797,1000.75
2022/12/9 06:30,0,84.12692569,981.5
2022/12/9 06:45,5.183426982,82.09003748,984
2022/12/9 07:00,20.62433914,86.75875315,993.5
2022/12/9 07:15,44.51507299,95.43714324,969.5
2022/12/9 07:30,75.48729881,112.0059028,1044
2022/12/9 07:45,114.08903,128.6560962,1003
2022/12/9 08:00,155.6791189,133.4846677,1032
2022/12/9 08:15,196.8287365,152.1010535,1046.25
2022/12/9 08:30,244.7327532,179.1904202,1022.25
2022/12/9 08:45,272.4711132,201.1398639,1034.25
2022/12/9 09:00,299.205381,238.164846,1058.25
2022/12/9 09:15,328.4409123,243.7958648,1036.75
2022/12/9 09:30,359.2202585,264.8641278,1048.75
2022/12/9 09:45,382.6704458,278.7223069,1070.25
2022/12/9 10:00,426.1675545,269.0262525,1060.75
2022/12/9 10:15,470.5662905,237.6036061,1068
2022/12/9 10:30,528.7518781,219.997781,1080
2022/12/9 10:45,573.6460501,201.5945136,1089.5
2022/12/9 11:00,603.7887455,176.2180621,1060.75
2022/12/9 11:15,677.9960743,155.8954144,1128
2022/12/9 11:30,763.5745399,120.8449026,1128
2022/12/9 11:45,823.0671534,107.7938809,1111
2022/12/9 12:00,813.2072577,103.1304745,1072.75
2022/12/9 12:15,843.3383258,111.9927641,1092
2022/12/9 12:30,845.8210364,128.9018805,1063
2022/12/9 12:45,842.3884142,155.4864445,1080
2022/12/9 13:00,818.3428676,197.7975982,1065.5
2022/12/9 13:15,796.2341336,226.7088682,1075
2022/12/9 13:30,756.9880795,264.5370088,1087
2022/12/9 13:45,724.5894014,302.1399769,1125.5
2022/12/9 14:00,677.3115767,353.5517521,1144.75
2022/12/9 14:15,617.9343739,452.9197509,1144.75
2022/12/9 14:30,565.4915701,497.6769475,1135
2022/12/9 14:45,494.9833771,537.9987941,1096.75
2022/12/9 15:00,433.146029,552.6411419,1120.75
2022/12/9 15:15,381.2215788,569.6668474,1116
2022/12/9 15:30,323.2411814,595.2982887,1087
2022/12/9 15:45,265.5723109,608.873786,1101.5
2022/12/9 16:00,207.1899269,626.2309175,1144.75
2022/12/9 16:15,151.5482549,618.5716544,1120.75
2022/12/9 16:30,102.2448664,629.4383239,1140
2022/12/9 16:45,62.69358157,623.8444382,1113.5
2022/12/9 17:00,33.16842413,598.2816719,1089.5
2022/12/9 17:15,14.08047375,591.2382722,1125.5
2022/12/9 17:30,6.29950036,617.2316873,1099
2022/12/9 17:45,0,624.5376875,1084.75
2022/12/9 18:00,0,631.9135933,1096.75
2022/12/9 18:15,0,619.5551086,1075
2022/12/9 18:30,0,580.7105016,1046.25
2022/12/9 18:45,0,522.1828496,1070.25
2022/12/9 19:00,0,459.629684,1068
2022/12/9 19:15,0,424.1804588,1022.25
2022/12/9 19:30,0,402.0743628,1041.5
2022/12/9 19:45,0,363.3877975,1012.75
2022/12/9 20:00,0,332.8599714,1017.5
2022/12/9 20:15,0,308.7196934,1039
2022/12/9 20:30,0,323.7302488,1022.25
2022/12/9 20:45,0,344.4756366,1010.25
2022/12/9 21:00,0,343.9973925,1046.25
2022/12/9 21:15,0,313.9209097,1000.75
2022/12/9 21:30,0,277.6930856,1041.5
2022/12/9 21:45,0,306.6053195,1017.5
2022/12/9 22:00,0,355.066116,1017.5
2022/12/9 22:15,0,381.2344586,1022.25
2022/12/9 22:30,0,381.8050615,1041.5
2022/12/9 22:45,0,349.5975963,1017.5
2022/12/9 23:00,0,327.5705399,1034.25
2022/12/9 23:15,0,312.4947598,1032
2022/12/9 23:30,0,296.0100798,1022.25
2022/12/9 23:45,0,253.2752555,1027
2022/12/10 00:00,0,255.9676813,1027
2022/12/10 00:15,0,262.131992,1012.75
2022/12/10 00:30,0,352.4928926,1027
2022/12/10 00:45,0,452.7133417,1017.5
2022/12/10 01:00,0,441.9286604,1008
2022/12/10 01:15,0,451.2063622,1020
2022/12/10 01:30,0,496.1036027,1032
2022/12/10 01:45,0,443.8127375,1000.75
2022/12/10 02:00,0,318.0337175,1022.25
2022/12/10 02:15,0,245.5773947,1010.25
2022/12/10 02:30,0,215.6274198,991
2022/12/10 02:45,0,165.2853003,1000.75
2022/12/10 03:00,0,170.5146202,993.5
2022/12/10 03:15,0,245.0070521,981.5
2022/12/10 03:30,0,305.3883669,1039
2022/12/10 03:45,0,357.0621085,1005.5
2022/12/10 04:00,0,397.4652063,1017.5
2022/12/10 04:15,0,477.7778907,1032
2022/12/10 04:30,0,533.6759966,1017.5
2022/12/10 04:45,0,599.0826604,1015
2022/12/10 05:00,0,685.4892753,1065.5
2022/12/10 05:15,0,753.6040601,1024.75
2022/12/10 05:30,0,807.8436485,1036.75
2022/12/10 05:45,0,819.6270068,1039
2022/12/10 06:00,0,840.1526657,1015
2022/12/10 06:15,0,872.6553533,1032
2022/12/10 06:30,0,864.5118429,1034.25
2022/12/10 06:45,3.704365635,848.8370265,1024.75
2022/12/10 07:00,16.84334374,801.3349972,1041.5
2022/12/10 07:15,36.81418804,746.2802048,1036.75
2022/12/10 07:30,61.08769149,727.5522604,1060.75
2022/12/10 07:45,91.92869677,708.8887725,1104
2022/12/10 08:00,125.3859713,696.6251435,1068
2022/12/10 08:15,160.7050316,701.4827838,1087
2022/12/10 08:30,220.7668408,692.0183747,1089.5
2022/12/10 08:45,282.9619137,697.6821563,1068
2022/12/10 09:00,336.0275265,723.5501701,1087
2022/12/10 09:15,407.6098252,758.611058,1135
2022/12/10 09:30,445.7605484,797.5265669,1113.5
2022/12/10 09:45,434.5448252,825.4994829,1154.25
2022/12/10 10:00,462.7984778,874.7787069,1178.25
2022/12/10 10:15,468.5338218,875.0307087,1135
2022/12/10 10:30,455.510338,746.5662577,1123
2022/12/10 10:45,511.982323,894.3229926,1173.5
2022/12/10 11:00,567.7763059,916.1623562,1156.75
2022/12/10 11:15,595.4177946,793.8974263,1164
2022/12/10 11:30,615.6623331,790.2831439,1190.25
2022/12/10 11:45,629.5428315,813.984654,1149.5
2022/12/10 12:00,636.6849942,814.9473442,1152
2022/12/10 12:15,622.0947561,804.7169726,1135
2022/12/10 12:30,630.7920254,789.5602039,1108.75
2022/12/10 12:45,635.924841,930.4164435,1075
2022/12/10 13:00,630.6573249,940.3857215,1123
2022/12/10 13:15,598.3939442,940.0922011,1104
2022/12/10 13:30,579.7561357,944.7082686,1125.5
2022/12/10 13:45,550.3064825,923.4207321,1130.25
2022/12/10 14:00,500.1470902,927.9307195,1104
2022/12/10 14:15,442.1958953,924.3782954,1111
2022/12/10 14:30,403.1139319,927.9163847,1140
2022/12/10 14:45,352.5462722,963.7513589,1101.5
2022/12/10 15:00,301.4961125,955.5726486,1159
2022/12/10 15:15,253.2363545,967.1862161,1144.75
2022/12/10 15:30,204.0190345,838.8936705,1106.25
2022/12/10 15:45,164.1038372,826.8908604,1099
2022/12/10 16:00,135.4711695,967.322635,1106.25
2022/12/10 16:15,101.9071079,972.8632345,1077.5
2022/12/10 16:30,72.79474624,974.4528534,1060.75
2022/12/10 16:45,45.48102792,967.0168717,1111
2022/12/10 17:00,24.35547098,965.3882487,1084.75
2022/12/10 17:15,10.52817417,829.8907569,1099
2022/12/10 17:30,5.754243937,830.1456494,1108.75
2022/12/10 17:45,0,845.9212806,1089.5
2022/12/10 18:00,0,989.8315039,1063
2022/12/10 18:15,0,1000.166121,1082.25
2022/12/10 18:30,0,832.8866933,1046.25
2022/12/10 18:45,0,822.8812839,1029.5
2022/12/10 19:00,0,972.5849338,1053.5
2022/12/10 19:15,0,911.9073418,1015
2022/12/10 19:30,0,888.1727923,1034.25
2022/12/10 19:45,0,921.9383457,1022.25
2022/12/10 20:00,0,965.9750733,1010.25
2022/12/10 20:15,0,1003.592724,1005.5
2022/12/10 20:30,0,1024.614247,1020
2022/12/10 20:45,0,1020.818049,991
2022/12/10 21:00,0,1020.837658,1029.5
2022/12/10 21:15,0,1020.087332,1022.25
2022/12/10 21:30,0,1002.630251,1015
2022/12/10 21:45,0,1002.696934,1039
2022/12/10 22:00,0,992.6835235,1029.5
2022/12/10 22:15,0,1007.329872,1027
2022/12/10 22:30,0,1008.838664,1034.25
2022/12/10 22:45,0,979.0239935,1015
2022/12/10 23:00,0,960.1362558,1005.5
2022/12/10 23:15,0,919.8170158,1039
2022/12/10 23:30,0,891.4817047,1020
2022/12/10 23:45,0,893.312834,1008
2022/12/11 00:00,0,956.9829985,1024.75
2022/12/11 00:15,0,948.26846,1015
2022/12/11 00:30,0,906.012564,1003
2022/12/11 00:45,0,829.8768908,1032
2022/12/11 01:00,0,783.7245263,1003
2022/12/11 01:15,0,804.3711209,1005.5
2022/12/11 01:30,0,813.1665435,1015
2022/12/11 01:45,0,830.8746609,998.25
2022/12/11 02:00,0,761.7952181,1012.75
2022/12/11 02:15,0,719.001507,1005.5
2022/12/11 02:30,0,693.8690143,991
2022/12/11 02:45,0,749.1442886,993.5
2022/12/11 03:00,0,796.017244,1032
2022/12/11 03:15,0,802.0204741,988.75
2022/12/11 03:30,0,824.4040579,1005.5
2022/12/11 03:45,0,805.5732347,1000.75
2022/12/11 04:00,0,791.9955608,979
2022/12/11 04:15,0,767.6837897,996
2022/12/11 04:30,0,756.1540241,1012.75
2022/12/11 04:45,0,761.5768871,1003
2022/12/11 05:00,0,776.5717574,991
2022/12/11 05:15,0,806.8852031,1017.5
2022/12/11 05:30,0,799.5657701,984
2022/12/11 05:45,0,778.9913223,998.25
2022/12/11 06:00,0,797.0500533,1012.75
2022/12/11 06:15,0,810.7356018,998.25
2022/12/11 06:30,0,782.4681683,998.25
2022/12/11 06:45,2.995965296,749.9398751,1048.75
2022/12/11 07:00,17.6095269,716.3790768,1010.25
2022/12/11 07:15,37.22694492,680.85327,1032
2022/12/11 07:30,63.25755652,662.88183,1041.5
2022/12/11 07:45,97.07504569,645.4107284,1022.25
2022/12/11 08:00,135.2260968,629.2780351,1044
2022/12/11 08:15,184.9083205,640.8459283,1058.25
2022/12/11 08:30,227.9253041,634.4643851,1032
2022/12/11 08:45,260.5588121,649.4815219,1036.75
2022/12/11 09:00,287.5285756,669.569634,1051
2022/12/11 09:15,318.2695367,717.5640371,1036.75
2022/12/11 09:30,323.4797103,758.9579124,1063
2022/12/11 09:45,348.3042427,761.0934313,1080
2022/12/11 10:00,362.1464051,762.5461624,1063
2022/12/11 10:15,416.6825882,754.3160676,1080
2022/12/11 10:30,448.3353586,808.7973211,1089.5
2022/12/11 10:45,472.1074038,875.4306197,1096.75
2022/12/11 11:00,541.1232888,864.4855158,1096.75
2022/12/11 11:15,585.9409915,815.6458963,1111
2022/12/11 11:30,587.9738605,753.0932877,1082.25
2022/12/11 11:45,590.0422467,759.7119901,1072.75
2022/12/11 12:00,627.020286,802.0343618,1077.5
2022/12/11 12:15,630.6220702,797.5709776,1068
2022/12/11 12:30,636.7036441,730.9405474,1072.75
2022/12/11 12:45,644.7567289,645.6365056,1082.25
2022/12/11 13:00,629.1525702,662.2120605,1070.25
2022/12/11 13:15,602.3595218,718.9009689,1099
2022/12/11 13:30,572.6727907,765.9223544,1125.5
2022/12/11 13:45,538.0973597,822.4733072,1128
2022/12/11 14:00,503.0647248,845.0990581,1106.25
2022/12/11 14:15,446.6769483,827.0392193,1072.75
2022/12/11 14:30,397.9854052,805.7288976,1099
2022/12/11 14:45,369.5053268,776.3053434,1089.5
2022/12/11 15:00,329.8603794,724.7575309,1130.25
2022/12/11 15:15,282.6832664,646.0892537,1123
2022/12/11 15:30,261.404465,564.761874,1132.75
2022/12/11 15:45,214.9396137,535.6808213,1120.75
2022/12/11 16:00,171.6518592,544.488741,1125.5
2022/12/11 16:15,124.4997948,519.8173744,1137.5
2022/12/11 16:30,84.62637345,479.8572948,1125.5
2022/12/11 16:45,56.00083457,457.2518345,1113.5
2022/12/11 17:00,30.07511813,495.3640832,1125.5
2022/12/11 17:15,13.99914265,580.9027239,1099
2022/12/11 17:30,6.622621908,664.2287611,1092
2022/12/11 17:45,0,738.698181,1116
2022/12/11 18:00,0,781.0672594,1065.5
2022/12/11 18:15,0,725.4334578,1072.75
2022/12/11 18:30,0,657.7718932,1104
2022/12/11 18:45,0,609.9274522,1080
2022/12/11 19:00,0,563.4871121,1080
2022/12/11 19:15,0,509.1905371,1087
2022/12/11 19:30,0,455.9838587,1048.75
2022/12/11 19:45,0,418.2572963,1048.75
2022/12/11 20:00,0,392.5386123,1070.25
2022/12/11 20:15,0,362.5766046,1029.5
2022/12/11 20:30,0,327.1945794,1060.75
2022/12/11 20:45,0,282.2939332,1027
2022/12/11 21:00,0,225.985604,1020
2022/12/11 21:15,0,195.3023628,1027
2022/12/11 21:30,0,178.4827773,1046.25
2022/12/11 21:45,0,164.1204087,1020
2022/12/11 22:00,0,160.1868073,1041.5
2022/12/11 22:15,0,161.1872692,1036.75
2022/12/11 22:30,0,153.5403394,1017.5
2022/12/11 22:45,0,140.5207654,1041.5
2022/12/11 23:00,0,120.5285345,1034.25
2022/12/11 23:15,0,104.0124266,1029.5
2022/12/11 23:30,0,99.3148348,1027
2022/12/11 23:45,0,91.48692172,1039
2022/12/12 00:00,0,76.4208272,1017.5
2022/12/12 00:15,0,63.75369229,1048.75
2022/12/12 00:30,0,55.63461148,1010.25
2022/12/12 00:45,0,48.7625348,1017.5
2022/12/12 01:00,0,49.86847168,1029.5
2022/12/12 01:15,0,55.55477272,1027
2022/12/12 01:30,0,99.08139817,1017.5
2022/12/12 01:45,0,104.5453862,1039
2022/12/12 02:00,0,106.5748722,1012.75
2022/12/12 02:15,0,107.0232215,1017.5
2022/12/12 02:30,0,104.1581619,1034.25
2022/12/12 02:45,0,94.041827,1000.75
2022/12/12 03:00,0,94.60348284,1015
2022/12/12 03:15,0,112.5062584,1029.5
2022/12/12 03:30,0,112.9567295,1008
2022/12/12 03:45,0,108.1439757,1020
2022/12/12 04:00,0,99.3862074,1032
2022/12/12 04:15,0,100.2563549,1005.5
2022/12/12 04:30,0,96.24704558,1041.5
2022/12/12 04:45,0,85.76486164,1017.5
2022/12/12 05:00,0,83.71735275,1015
2022/12/12 05:15,0,81.28342169,1051
2022/12/12 05:30,0,78.83125088,1010.25
2022/12/12 05:45,0,84.30867763,1022.25
2022/12/12 06:00,0,85.25225164,1036.75
2022/12/12 06:15,0,74.87745799,1039
2022/12/12 06:30,0,67.2367997,1072.75
2022/12/12 06:45,3.862990516,63.81640563,1036.75
2022/12/12 07:00,17.20416193,55.58749137,1044
2022/12/12 07:15,40.06791859,48.45911359,1048.75
2022/12/12 07:30,65.48139725,42.80885656,1048.75
2022/12/12 07:45,90.74539207,39.9044603,1080
2022/12/12 08:00,122.8931732,46.5335937,1051
2022/12/12 08:15,159.5984916,46.28104529,1075
2022/12/12 08:30,196.3133116,50.28915605,1048.75
2022/12/12 08:45,230.7416207,56.41313605,1065.5
2022/12/12 09:00,259.7546304,60.47184988,1096.75
2022/12/12 09:15,311.3657137,52.31228932,1070.25
2022/12/12 09:30,339.6865834,56.39005929,1116
2022/12/12 09:45,375.1654327,54.25587868,1125.5
2022/12/12 10:00,408.8392925,45.00559384,1118.25
2022/12/12 10:15,449.7580698,39.11110318,1125.5
2022/12/12 10:30,513.1962007,36.09063969,1147
2022/12/12 10:45,574.5783733,32.44244474,1125.5
2022/12/12 11:00,636.0122506,32.12301617,1156.75
2022/12/12 11:15,683.341099,32.47661298,1171
2022/12/12 11:30,700.4432716,38.72237671,1142.25
2022/12/12 11:45,704.9780078,42.9709425,1154.25
2022/12/12 12:00,735.7049053,32.11569453,1164
2022/12/12 12:15,742.101232,32.0599155,1128
2022/12/12 12:30,750.3707231,35.46910536,1111
2022/12/12 12:45,742.5895554,36.03992901,1123
2022/12/12 13:00,724.5500867,32.97074412,1128
2022/12/12 13:15,696.3306641,34.08321254,1130.25
2022/12/12 13:30,677.0443189,44.25004459,1120.75
2022/12/12 13:45,668.648654,41.34266933,1111
2022/12/12 14:00,648.9373616,31.29946946,1147
2022/12/12 14:15,634.5757116,34.24773027,1142.25
2022/12/12 14:30,570.4377668,37.75381207,1116
2022/12/12 14:45,532.0666161,53.56156608,1116
2022/12/12 15:00,508.80846,53.16699444,1154.25
2022/12/12 15:15,443.0491736,42.88182386,1118.25
2022/12/12 15:30,389.083255,41.41772395,1156.75
2022/12/12 15:45,334.6830789,44.96874141,1113.5
2022/12/12 16:00,277.2418442,46.93226884,1128
2022/12/12 16:15,229.8723771,49.84846471,1154.25
2022/12/12 16:30,166.6384843,49.08006969,1101.5
2022/12/12 16:45,107.1979596,46.20780902,1116
2022/12/12 17:00,54.90459758,41.19695973,1106.25
2022/12/12 17:15,20.44191136,41.72004891,1072.75
2022/12/12 17:30,8.005052038,48.31972006,1104
2022/12/12 17:45,0,71.65401623,1099
2022/12/12 18:00,0,80.27934948,1058.25
2022/12/12 18:15,0,78.2941828,1048.75
2022/12/12 18:30,0,87.82080534,1044
2022/12/12 18:45,0,81.97203995,1020
2022/12/12 19:00,0,75.26795639,1041.5
2022/12/12 19:15,0,77.97427446,1036.75
2022/12/12 19:30,0,71.03165342,1029.5
2022/12/12 19:45,0,72.54709076,1024.75
2022/12/12 20:00,0,69.51789517,1010.25
2022/12/12 20:15,0,60.17230993,1034.25
2022/12/12 20:30,0,50.45828343,996
2022/12/12 20:45,0,46.35587374,993.5
2022/12/12 21:00,0,41.72178237,996
2022/12/12 21:15,0,39.78797753,988.75
2022/12/12 21:30,0,36.14768031,986.25
2022/12/12 21:45,0,33.73507119,1012.75
2022/12/12 22:00,0,32.88329794,979
2022/12/12 22:15,0,29.65474532,1008
2022/12/12 22:30,0,22.1800706,1000.75
2022/12/12 22:45,0,19.13062363,996
2022/12/12 23:00,0,18.81153999,1017.5
2022/12/12 23:15,0,17.78832531,993.5
2022/12/12 23:30,0,13.14240276,991
2022/12/12 23:45,0,4.745844953,1008
2022/12/13 00:00,0,3.936625615,991
2022/12/13 00:15,0,2.90025799,991
2022/12/13 00:30,0,3.231661694,991
2022/12/13 00:45,0,2.301054174,972
2022/12/13 01:00,0,2.516293707,979
2022/12/13 01:15,0,2.531895429,969.5
2022/12/13 01:30,0,3.123990706,957.5
2022/12/13 01:45,0,2.545454137,972
2022/12/13 02:00,0,2.969637135,976.75
2022/12/13 02:15,0,2.898886341,976.75
2022/12/13 02:30,0,2.38777417,962.25
2022/12/13 02:45,0,2.19508647,976.75
2022/12/13 03:00,0,1.69941917,991
2022/12/13 03:15,0,1.308747653,967
2022/12/13 03:30,0,2.290908832,984
2022/12/13 03:45,0,2.674749722,998.25
2022/12/13 04:00,0,2.903357344,979
2022/12/13 04:15,0,3.790119208,981.5
2022/12/13 04:30,0,3.892467133,993.5
2022/12/13 04:45,0,2.473188792,979
2022/12/13 05:00,0,2.110647323,1003
2022/12/13 05:15,0,1.855843909,984
2022/12/13 05:30,0,1.734640478,974.25
2022/12/13 05:45,0,2.358882649,998.25
2022/12/13 06:00,0,1.231884754,976.75
2022/12/13 06:15,0,1.560630399,984
2022/12/13 06:30,0,1.57123866,1003
2022/12/13 06:45,3.518990932,1.615724276,981.5
2022/12/13 07:00,24.46691685,2.979081055,1029.5
2022/12/13 07:15,60.17352753,4.380314214,1060.75
2022/12/13 07:30,110.1071493,10.61204617,1022.25
2022/12/13 07:45,170.1612325,11.18424516,1029.5
2022/12/13 08:00,241.0304572,11.93657562,1056
2022/12/13 08:15,318.2221953,11.5923911,1027
2022/12/13 08:30,403.9093355,13.09968454,1039
2022/12/13 08:45,476.540228,14.23537697,1044
2022/12/13 09:00,546.627958,16.26599002,1096.75
2022/12/13 09:15,610.5176387,17.86098436,1060.75
2022/12/13 09:30,681.5737907,20.72257704,1111
2022/12/13 09:45,744.442765,17.22816033,1140
2022/12/13 10:00,793.7124404,15.92656403,1142.25
2022/12/13 10:15,842.7037058,8.786717933,1128
2022/12/13 10:30,881.8166704,7.785036587,1161.5
2022/12/13 10:45,914.0922884,6.219097759,1149.5
2022/12/13 11:00,942.5492586,5.092229817,1149.5
2022/12/13 11:15,963.0041141,5.120171614,1142.25
2022/12/13 11:30,979.0079901,4.428137204,1104
2022/12/13 11:45,984.9738915,1.850844047,1094.25
2022/12/13 12:00,989.4887858,1.853309532,1065.5
2022/12/13 12:15,987.1971222,2.279283868,1056
2022/12/13 12:30,974.936334,4.823457292,1048.75
2022/12/13 12:45,968.8267247,4.014166013,1046.25
2022/12/13 13:00,949.2811474,3.803549892,1077.5
2022/12/13 13:15,928.5150924,3.570024159,1072.75
2022/12/13 13:30,898.1172505,9.30841048,1075
2022/12/13 13:45,862.5333357,9.940724284,1104
2022/12/13 14:00,803.3995649,10.27217327,1096.75
2022/12/13 14:15,742.4540888,12.44256303,1082.25
2022/12/13 14:30,693.934508,20.65535507,1101.5
2022/12/13 14:45,631.0358096,29.81201041,1101.5
2022/12/13 15:00,576.3058977,25.22831875,1111
2022/12/13 15:15,488.5502089,23.55440335,1101.5
2022/12/13 15:30,414.0067733,21.65405143,1087
2022/12/13 15:45,352.1467526,24.95679796,1099
2022/12/13 16:00,277.2672903,33.09916668,1092
2022/12/13 16:15,193.0741096,40.94069798,1092
2022/12/13 16:30,133.9960492,45.72549863,1075
2022/12/13 16:45,88.79201855,51.64996502,1046.25
2022/12/13 17:00,45.74030891,65.22461104,1046.25
2022/12/13 17:15,18.15193099,91.0396451,1024.75
2022/12/13 17:30,7.822648564,130.9802046,1017.5
2022/12/13 17:45,0.015791178,147.8478525,1015
2022/12/13 18:00,0,135.7862847,1027
2022/12/13 18:15,0,126.5315853,1015
2022/12/13 18:30,0,126.800926,1012.75
2022/12/13 18:45,0,116.6810654,1027
2022/12/13 19:00,0,105.9465261,996
2022/12/13 19:15,0,114.7993427,1000.75
2022/12/13 19:30,0,129.3044903,991
2022/12/13 19:45,0,150.9488178,1010.25
2022/12/13 20:00,0,176.1253754,984
2022/12/13 20:15,0,187.2732491,967
2022/12/13 20:30,0,174.961512,979
2022/12/13 20:45,0,164.6844487,960
2022/12/13 21:00,0,152.7236749,960
2022/12/13 21:15,0,155.9641115,948
2022/12/13 21:30,0,167.2869756,991
2022/12/13 21:45,0,176.9415309,952.75
2022/12/13 22:00,0,177.6526646,969.5
2022/12/13 22:15,0,190.002077,969.5
2022/12/13 22:30,0,190.936623,991
2022/12/13 22:45,0,191.4870288,964.75
2022/12/13 23:00,0,190.2255515,969.5
2022/12/13 23:15,0,184.5709064,981.5
2022/12/13 23:30,0,198.6315429,976.75
2022/12/13 23:45,0,192.3127369,967
2022/12/14 00:00,0,179.5496769,962.25
2022/12/14 00:15,0,172.5924305,996
2022/12/14 00:30,0,177.5506022,972
2022/12/14 00:45,0,184.0943352,962.25
2022/12/14 01:00,0,179.5745908,967
2022/12/14 01:15,0,178.9084079,976.75
2022/12/14 01:30,0,171.9979492,964.75
2022/12/14 01:45,0,170.2369578,955
2022/12/14 02:00,0,163.9970001,960
2022/12/14 02:15,0,161.8873983,955
2022/12/14 02:30,0,161.7103848,976.75
2022/12/14 02:45,0,163.2758265,943
2022/12/14 03:00,0,161.3368083,955
2022/12/14 03:15,0,162.6199793,964.75
2022/12/14 03:30,0,162.2955721,969.5
2022/12/14 03:45,0,164.9449217,964.75
2022/12/14 04:00,0,168.9070134,957.5
2022/12/14 04:15,0,160.581544,967
2022/12/14 04:30,0,149.2597996,976.75
2022/12/14 04:45,0,135.4790071,967
2022/12/14 05:00,0,111.9292583,962.25
2022/12/14 05:15,0,89.81735832,972
2022/12/14 05:30,0,93.63802814,976.75
2022/12/14 05:45,0,101.4469853,962.25
2022/12/14 06:00,0,104.0934565,960
2022/12/14 06:15,0,104.5534478,964.75
2022/12/14 06:30,0,98.05668168,976.75
2022/12/14 06:45,3.711705659,92.24257555,957.5
2022/12/14 07:00,27.46307263,82.39084969,962.25
2022/12/14 07:15,68.60584634,80.78908476,974.25
2022/12/14 07:30,125.700472,83.10067724,972
2022/12/14 07:45,187.2004918,84.59911751,974.25
2022/12/14 08:00,255.1563179,79.17500197,979
2022/12/14 08:15,322.8789824,76.21604805,976.75
2022/12/14 08:30,401.8882187,79.07091192,948
2022/12/14 08:45,450.5393443,94.07849716,957.5
2022/12/14 09:00,491.1965762,117.6561842,955
2022/12/14 09:15,551.0318537,136.6457785,991
2022/12/14 09:30,605.6316646,145.8923196,974.25
2022/12/14 09:45,628.6251405,157.7301282,981.5
2022/12/14 10:00,671.8127825,184.33365,986.25
2022/12/14 10:15,735.0141226,230.2742679,1003
2022/12/14 10:30,779.9209638,251.5427793,993.5
2022/12/14 10:45,814.8355461,261.2361923,1000.75
2022/12/14 11:00,826.4290183,292.850555,1027
2022/12/14 11:15,874.049928,309.0470338,998.25
2022/12/14 11:30,897.2860848,342.8358053,996
2022/12/14 11:45,862.5369199,338.8407653,986.25
2022/12/14 12:00,882.6696829,346.4535492,988.75
2022/12/14 12:15,892.3891942,365.0443598,1005.5
2022/12/14 12:30,854.8738711,386.9073965,986.25
2022/12/14 12:45,879.5373079,419.5477632,996
2022/12/14 13:00,864.5764593,436.9413646,972
2022/12/14 13:15,834.6558809,442.6550716,993.5
2022/12/14 13:30,812.9701373,450.0871734,986.25
2022/12/14 13:45,803.4170945,462.2425578,979
2022/12/14 14:00,757.7386788,456.2572298,972
2022/12/14 14:15,694.4373354,455.0782992,969.5
2022/12/14 14:30,663.9022516,450.9870101,972
2022/12/14 14:45,617.9947992,418.2927544,972
2022/12/14 15:00,570.0905953,378.7680356,984
2022/12/14 15:15,513.9295019,356.7984299,974.25
2022/12/14 15:30,445.8573787,320.0648319,979
2022/12/14 15:45,393.5313041,264.3654936,964.75
2022/12/14 16:00,314.0900742,225.6205832,964.75
2022/12/14 16:15,237.059887,204.8935114,967
2022/12/14 16:30,168.6924964,186.4310024,998.25
2022/12/14 16:45,109.4476098,159.673239,964.75
2022/12/14 17:00,61.6228438,129.6499252,976.75
2022/12/14 17:15,26.24671028,106.0441546,972
2022/12/14 17:30,9.19314535,84.36481168,981.5
2022/12/14 17:45,0.000599814,80.20312345,981.5
2022/12/14 18:00,0,91.74719646,1046.25
2022/12/14 18:15,0,89.61833963,1027
2022/12/14 18:30,0,91.0067192,1029.5
2022/12/14 18:45,0,86.51361186,1000.75
2022/12/14 19:00,0,88.40922067,988.75
2022/12/14 19:15,0,70.15488088,1015
2022/12/14 19:30,0,49.68081872,967
2022/12/14 19:45,0,35.35758135,974.25
2022/12/14 20:00,0,32.7905347,974.25
2022/12/14 20:15,0,34.22670959,984
2022/12/14 20:30,0,34.72443532,964.75
2022/12/14 20:45,0,35.41608697,986.25
2022/12/14 21:00,0,28.70580321,981.5
2022/12/14 21:15,0,29.36808621,964.75
2022/12/14 21:30,0,48.31944243,998.25
2022/12/14 21:45,0,50.98402278,969.5
2022/12/14 22:00,0,49.8500457,981.5
2022/12/14 22:15,0,118.9409214,974.25
2022/12/14 22:30,0,211.4407918,1005.5
2022/12/14 22:45,0,265.8486826,969.5
2022/12/14 23:00,0,354.5614467,974.25
2022/12/14 23:15,0,405.3716834,984
2022/12/14 23:30,0,489.7154369,974.25
2022/12/14 23:45,0,566.1664668,960
2022/12/15 00:00,0,653.2448041,960
2022/12/15 00:15,0,748.7009206,984
2022/12/15 00:30,0,830.3057601,955
2022/12/15 00:45,0,898.6835656,964.75
2022/12/15 01:00,0,949.8857874,979
2022/12/15 01:15,0,981.4065196,950.25
2022/12/15 01:30,0,1058.643318,976.75
2022/12/15 01:45,0,1083.334744,948
2022/12/15 02:00,0,1076.350101,960
2022/12/15 02:15,0,905.4422845,948
2022/12/15 02:30,0,924.9140453,936
2022/12/15 02:45,0,936.1150936,952.75
2022/12/15 03:00,0,945.11366,940.75
2022/12/15 03:15,0,948.4179638,962.25
2022/12/15 03:30,0,814.3936391,931
2022/12/15 03:45,0,808.9843147,938.25
2022/12/15 04:00,0,799.9188294,952.75
2022/12/15 04:15,0,796.2884444,938.25
2022/12/15 04:30,0,806.4111595,957.5
2022/12/15 04:45,0,803.9023474,931
2022/12/15 05:00,0,810.4680904,933.5
2022/12/15 05:15,0,791.6108546,957.5
2022/12/15 05:30,0,758.2379804,933.5
2022/12/15 05:45,0,717.1671521,960
2022/12/15 06:00,0,690.7874984,955
2022/12/15 06:15,0,683.9590782,940.75
2022/12/15 06:30,0,678.3833869,974.25
2022/12/15 06:45,2.943411262,676.5750692,938.25
2022/12/15 07:00,18.46506231,672.4252502,972
2022/12/15 07:15,45.25523187,706.1346956,943
2022/12/15 07:30,82.18754561,749.6010157,938.25
2022/12/15 07:45,125.2622324,788.7045468,984
2022/12/15 08:00,177.5882858,810.7625992,940.75
2022/12/15 08:15,223.6748992,823.3020335,950.25
2022/12/15 08:30,273.9857648,831.1848901,955
2022/12/15 08:45,326.4950151,825.9905321,928.75
2022/12/15 09:00,391.0480329,824.2834287,945.5
2022/12/15 09:15,448.4110288,825.1855356,955
2022/12/15 09:30,532.825488,826.028222,955
2022/12/15 09:45,618.4639868,833.7534237,945.5
2022/12/15 10:00,697.1317307,829.9138408,969.5
2022/12/15 10:15,747.7631456,834.0126487,952.75
2022/12/15 10:30,789.053579,1027.035041,950.25
2022/12/15 10:45,839.5494787,1025.921036,969.5
2022/12/15 11:00,873.0621276,1024.394026,950.25
2022/12/15 11:15,905.4803138,1016.183739,960
2022/12/15 11:30,932.2310275,1007.346725,984
2022/12/15 11:45,943.3776842,819.6265977,962.25
2022/12/15 12:00,938.2744026,820.9659296,964.75
2022/12/15 12:15,938.2904946,822.2392287,988.75
2022/12/15 12:30,924.4223914,818.7613558,964.75
2022/12/15 12:45,911.0338851,822.4441815,967
2022/12/15 13:00,898.6700723,820.2940786,988.75
2022/12/15 13:15,870.1576322,823.5060301,974.25
2022/12/15 13:30,836.3048252,822.5406733,969.5
2022/12/15 13:45,803.0244699,824.4284007,991
2022/12/15 14:00,764.5152957,823.5735815,962.25
2022/12/15 14:15,730.1259376,819.4455621,960
2022/12/15 14:30,685.2645868,823.7880443,984
2022/12/15 14:45,630.1497223,822.4115946,957.5
2022/12/15 15:00,573.3216007,820.2242484,986.25
2022/12/15 15:15,509.5849267,837.0419213,1005.5
2022/12/15 15:30,440.4605914,838.4479019,993.5
2022/12/15 15:45,371.5266839,1026.889557,1015
2022/12/15 16:00,296.4738811,1022.088901,1003
2022/12/15 16:15,220.9383379,1020.968311,1000.75
2022/12/15 16:30,155.8126081,1019.568214,1027
2022/12/15 16:45,97.40630781,1018.657566,1008
2022/12/15 17:00,52.42048437,1022.187706,1000.75
2022/12/15 17:15,23.0577061,1023.71967,1024.75
2022/12/15 17:30,8.405864294,831.481116,1010.25
2022/12/15 17:45,1.300241198,831.0240483,996
2022/12/15 18:00,0,833.0440094,1034.25
2022/12/15 18:15,0,829.4164614,1020
2022/12/15 18:30,0,830.2378737,1024.75
2022/12/15 18:45,0,832.6721597,1020
2022/12/15 19:00,0,831.3990224,1005.5
2022/12/15 19:15,0,1013.21292,1041.5
2022/12/15 19:30,0,1005.969448,993.5
2022/12/15 19:45,0,986.2479871,1010.25
2022/12/15 20:00,0,978.2213279,1000.75
2022/12/15 20:15,0,975.519617,991
2022/12/15 20:30,0,966.205029,1008
2022/12/15 20:45,0,959.3808639,967
2022/12/15 21:00,0,956.6384748,998.25
2022/12/15 21:15,0,949.7151889,991
2022/12/15 21:30,0,954.7924912,1008
2022/12/15 21:45,0,960.9104456,1003
2022/12/15 22:00,0,957.7468834,1008
2022/12/15 22:15,0,951.2258518,1015
2022/12/15 22:30,0,938.8371411,998.25
2022/12/15 22:45,0,922.0798325,1027
2022/12/15 23:00,0,923.330136,1005.5
2022/12/15 23:15,0,922.2796537,1024.75
2022/12/15 23:30,0,922.8714005,1012.75
2022/12/15 23:45,0,923.7851797,1015
2022/12/16 00:00,0,925.5424817,1029.5
2022/12/16 00:15,0,933.4241826,1010.25
2022/12/16 00:30,0,767.3926285,1032
2022/12/16 00:45,0,781.4876757,1000.75
2022/12/16 01:00,0,782.7391569,1032
2022/12/16 01:15,0,778.3710298,996
2022/12/16 01:30,0,779.2024265,1032
2022/12/16 01:45,0,785.7192598,986.25
2022/12/16 02:00,0,783.7138892,1003
2022/12/16 02:15,0,787.3279429,1008
2022/12/16 02:30,0,785.8507362,988.75
2022/12/16 02:45,0,783.1857671,1000.75
2022/12/16 03:00,0,786.0935358,998.25
2022/12/16 03:15,0,793.2246124,1010.25
2022/12/16 03:30,0,799.8070397,1010.25
2022/12/16 03:45,0,803.0424872,1020
2022/12/16 04:00,0,802.3335141,991
2022/12/16 04:15,0,801.1882289,1032
2022/12/16 04:30,0,799.8346442,996
2022/12/16 04:45,0,802.0782708,1015
2022/12/16 05:00,0,797.8585837,1012.75
2022/12/16 05:15,0,799.3804769,1027
2022/12/16 05:30,0,800.4934012,1012.75
2022/12/16 05:45,0,798.1565994,1008
2022/12/16 06:00,0,796.9792859,1027
2022/12/16 06:15,0,793.9467447,996
2022/12/16 06:30,0,787.6493278,1036.75
2022/12/16 06:45,3.424449443,786.005265,1024.75
2022/12/16 07:00,10.42341043,786.2460773,1053.5
2022/12/16 07:15,22.90702321,988.9655385,1044
2022/12/16 07:30,45.28436301,990.3832446,1065.5
2022/12/16 07:45,76.92168518,988.5010078,1116
2022/12/16 08:00,115.5868519,987.9617143,1120.75
2022/12/16 08:15,163.6569707,989.8675121,1075
2022/12/16 08:30,214.0696778,981.7482107,1046.25
2022/12/16 08:45,268.9570871,975.0217197,1089.5
2022/12/16 09:00,321.5051573,966.0715064,1053.5
2022/12/16 09:15,401.329973,954.1190325,1125.5
2022/12/16 09:30,474.4590304,946.2939727,1154.25
2022/12/16 09:45,562.1438427,749.5663568,1197.5
2022/12/16 10:00,664.0178175,762.8556334,1154.25
2022/12/16 10:15,694.2290076,771.7490898,1171
2022/12/16 10:30,728.4502174,782.3789133,1125.5
2022/12/16 10:45,728.6112543,790.5253704,1154.25
2022/12/16 11:00,689.8067276,800.7116469,1156.75
2022/12/16 11:15,663.6325147,798.5596446,1168.75
2022/12/16 11:30,648.4114636,796.2219288,1168.75
2022/12/16 11:45,622.4663008,799.6439531,1154.25
2022/12/16 12:00,616.4416483,800.3509011,1173.5
2022/12/16 12:15,612.5767859,798.609999,1152
2022/12/16 12:30,604.3540758,795.5699406,1135
2022/12/16 12:45,583.1511103,786.9733322,1149.5
2022/12/16 13:00,567.0560916,791.8189502,1123
2022/12/16 13:15,557.7644529,791.7204782,1183
2022/12/16 13:30,547.5698287,781.8327121,1149.5
2022/12/16 13:45,554.5890538,782.250238,1183
2022/12/16 14:00,550.0316489,785.9223857,1192.75
2022/12/16 14:15,530.4968565,798.5094934,1204.75
2022/12/16 14:30,490.8067811,804.7716647,1228.75
2022/12/16 14:45,436.4778313,806.3646412,1200
2022/12/16 15:00,393.1477811,805.7252309,1188
2022/12/16 15:15,340.9633055,807.8486863,1195
2022/12/16 15:30,296.6470482,1126.38633,1149.5
2022/12/16 15:45,255.1095227,1126.931594,1171
2022/12/16 16:00,206.3429604,1124.333423,1101.5
2022/12/16 16:15,157.1003668,1119.243219,1137.5
2022/12/16 16:30,109.3218377,1121.370472,1132.75
2022/12/16 16:45,69.36235076,1115.343212,1140
2022/12/16 17:00,39.16389756,1114.031939,1149.5
2022/12/16 17:15,17.52630736,789.0763188,1125.5
2022/12/16 17:30,7.787683776,798.6319082,1104
2022/12/16 17:45,1.380907261,801.3077336,1149.5
2022/12/16 18:00,0,805.2057882,1104
2022/12/16 18:15,0,813.4757938,1082.25
2022/12/16 18:30,0,814.7679753,1092
2022/12/16 18:45,0,809.4749882,1070.25
2022/12/16 19:00,0,807.805367,1108.75
2022/12/16 19:15,0,807.6151411,1070.25
2022/12/16 19:30,0,807.5012658,1082.25
2022/12/16 19:45,0,808.0491616,1048.75
2022/12/16 20:00,0,807.9951612,1034.25
2022/12/16 20:15,0,809.9447127,1044
2022/12/16 20:30,0,799.2173279,1012.75
2022/12/16 20:45,0,797.2931572,1046.25
2022/12/16 21:00,0,791.4465858,1012.75
2022/12/16 21:15,0,785.84138,1036.75
2022/12/16 21:30,0,777.0525037,1036.75
2022/12/16 21:45,0,775.6793143,1024.75
2022/12/16 22:00,0,772.5686361,1065.5
2022/12/16 22:15,0,773.0607632,1036.75
2022/12/16 22:30,0,770.8180914,1041.5
2022/12/16 22:45,0,760.660062,1032
2022/12/16 23:00,0,751.3307945,1032
2022/12/16 23:15,0,750.5538838,1051
2022/12/16 23:30,0,750.7494033,1029.5
2022/12/16 23:45,0,745.4613339,1051
2022/12/17 00:00,0,732.5485254,1032
2022/12/17 00:15,0,726.7486504,1024.75
2022/12/17 00:30,0,714.6231095,1034.25
2022/12/17 00:45,0,826.5477458,1005.5
2022/12/17 01:00,0,800.0324079,1041.5
2022/12/17 01:15,0,772.687247,1005.5
2022/12/17 01:30,0,729.0060846,1022.25
2022/12/17 01:45,0,703.0525858,1015
2022/12/17 02:00,0,689.8501442,1017.5
2022/12/17 02:15,0,681.8644242,1027
2022/12/17 02:30,0,696.3944754,1005.5
2022/12/17 02:45,0,734.0011987,1036.75
2022/12/17 03:00,0,762.8721325,996
2022/12/17 03:15,0,771.9095152,1015
2022/12/17 03:30,0,759.9540026,1022.25
2022/12/17 03:45,0,745.404882,991
2022/12/17 04:00,0,741.5509953,1027
2022/12/17 04:15,0,710.8139755,1003
2022/12/17 04:30,0,675.6095902,1012.75
2022/12/17 04:45,0,663.8743349,1015
2022/12/17 05:00,0,655.2186584,1000.75
2022/12/17 05:15,0,639.909707,1027
2022/12/17 05:30,0,839.9175044,996
2022/12/17 05:45,0,858.7909193,1020
2022/12/17 06:00,0,880.7140681,1005.5
2022/12/17 06:15,0,904.038241,1008
2022/12/17 06:30,0,922.3436986,1022.25
2022/12/17 06:45,3.591771239,934.5865464,1003
2022/12/17 07:00,24.68174591,744.3760201,1032
2022/12/17 07:15,61.45107358,739.7364811,1027
2022/12/17 07:30,111.0471998,755.3336357,1036.75
2022/12/17 07:45,166.8882581,774.4843282,1132.75
2022/12/17 08:00,233.5826972,803.6055926,1072.75
2022/12/17 08:15,299.2888659,824.2629849,1099
2022/12/17 08:30,358.2404348,834.5841459,1084.75
2022/12/17 08:45,427.4258242,839.5251016,1094.25
2022/12/17 09:00,480.6344822,1028.246629,1108.75
2022/12/17 09:15,526.6235268,1038.843438,1087
2022/12/17 09:30,587.4712403,1056.447198,1120.75
2022/12/17 09:45,639.91923,1073.364328,1137.5
2022/12/17 10:00,663.5277613,1073.813615,1125.5
2022/12/17 10:15,699.3662546,1075.992077,1142.25
2022/12/17 10:30,728.1929336,757.0581852,1128
2022/12/17 10:45,746.9606343,753.8466645,1130.25
2022/12/17 11:00,761.7164963,473.4109216,1183
2022/12/17 11:15,775.0486169,470.2028873,1149.5
2022/12/17 11:30,795.4591055,471.6945173,1178.25
2022/12/17 11:45,803.4504228,471.1969825,1238.25
2022/12/17 12:00,794.8660251,472.5438203,1197.5
2022/12/17 12:15,786.5961371,471.1349511,1147
2022/12/17 12:30,770.7621409,471.243124,1142.25
2022/12/17 12:45,746.6258303,469.6467394,1128
2022/12/17 13:00,730.1103932,466.9845107,1106.25
2022/12/17 13:15,701.0061488,469.6787615,1116
2022/12/17 13:30,661.2631133,474.5897911,1128
2022/12/17 13:45,625.149998,796.2404252,1152
2022/12/17 14:00,586.4759902,796.051144,1178.25
2022/12/17 14:15,543.528875,797.5802378,1137.5
2022/12/17 14:30,504.9382051,799.5199156,1132.75
2022/12/17 14:45,463.9578029,794.8516838,1149.5
2022/12/17 15:00,417.7072776,603.5496077,1144.75
2022/12/17 15:15,360.8723137,605.5774519,1190.25
2022/12/17 15:30,302.3857488,605.7164013,1135
2022/12/17 15:45,254.8450267,611.3713572,1154.25
2022/12/17 16:00,199.8368004,478.1182665,1128
2022/12/17 16:15,149.8891641,608.0403043,1130.25
2022/12/17 16:30,104.106201,606.7811628,1108.75
2022/12/17 16:45,64.21534851,606.368075,1104
2022/12/17 17:00,36.05373891,609.772175,1113.5
2022/12/17 17:15,19.44805869,1125.55143,1077.5
2022/12/17 17:30,14.98979616,1122.119448,1096.75
2022/12/17 17:45,2.028008644,1121.692692,1058.25
2022/12/17 18:00,0,1121.956159,1075
2022/12/17 18:15,0,1119.640946,1075
2022/12/17 18:30,0,843.7396116,1058.25
2022/12/17 18:45,0,849.1387143,1084.75
2022/12/17 19:00,0,849.1643537,1034.25
2022/12/17 19:15,0,718.9527612,1046.25
2022/12/17 19:30,0,714.3568796,1017.5
2022/12/17 19:45,0,707.0723382,1032
2022/12/17 20:00,0,700.4398428,1022.25
2022/12/17 20:15,0,707.0269391,1012.75
2022/12/17 20:30,0,710.5404796,1015
2022/12/17 20:45,0,715.3965794,998.25
2022/12/17 21:00,0,716.762366,1022.25
2022/12/17 21:15,0,709.2331579,996
2022/12/17 21:30,0,696.9814587,1027
2022/12/17 21:45,0,707.5525469,1000.75
2022/12/17 22:00,0,717.3026209,1029.5
2022/12/17 22:15,0,723.5183286,1010.25
2022/12/17 22:30,0,729.005786,1017.5
2022/12/17 22:45,0,735.3630527,1027
2022/12/17 23:00,0,737.3580061,1005.5
2022/12/17 23:15,0,507.3596706,1027
2022/12/17 23:30,0,506.4495211,998.25
2022/12/17 23:45,0,735.7079698,1015
2022/12/18 00:00,0,729.6003478,972
2022/12/18 00:15,0,727.1719568,1008
2022/12/18 00:30,0,721.6364874,984
2022/12/18 00:45,0,713.5528526,1003
2022/12/18 01:00,0,704.2835355,1008
2022/12/18 01:15,0,696.2016823,991
2022/12/18 01:30,0,697.0967686,1015
2022/12/18 01:45,0,700.9595811,986.25
2022/12/18 02:00,0,462.6103793,1012.75
2022/12/18 02:15,0,473.6423747,976.75
2022/12/18 02:30,0,482.5814584,998.25
2022/12/18 02:45,0,481.0366724,991
2022/12/18 03:00,0,704.9495009,991
2022/12/18 03:15,0,709.3250535,996
2022/12/18 03:30,0,707.4913172,998.25
2022/12/18 03:45,0,710.0467835,1012.75
2022/12/18 04:00,0,709.2463328,993.5
2022/12/18 04:15,0,712.7039854,1020
2022/12/18 04:30,0,714.6790258,991
2022/12/18 04:45,0,493.1120373,1022.25
2022/12/18 05:00,0,720.6801547,993.5
2022/12/18 05:15,0,711.6931226,1015
2022/12/18 05:30,0,704.7698677,1012.75
2022/12/18 05:45,0,703.0347849,1008
2022/12/18 06:00,0,703.5128674,1060.75
2022/12/18 06:15,0,715.3704874,1029.5
2022/12/18 06:30,0,716.3782401,1048.75
2022/12/18 06:45,3.127392612,715.8413608,1008
2022/12/18 07:00,16.40541969,717.511841,1077.5
2022/12/18 07:15,40.86366825,722.0392113,1034.25
2022/12/18 07:30,71.78736563,717.8854641,1075
2022/12/18 07:45,108.8833847,712.6459017,1096.75
2022/12/18 08:00,152.76738,715.4303299,1087
2022/12/18 08:15,196.9427934,712.0524455,1123
2022/12/18 08:30,257.0375932,712.2047329,1111
2022/12/18 08:45,317.44691,831.9518836,1108.75
2022/12/18 09:00,395.1786995,829.5996516,1106.25
2022/12/18 09:15,488.8750635,833.839668,1156.75
2022/12/18 09:30,575.4170974,837.6878257,1200
2022/12/18 09:45,651.1874933,844.5228417,1166.25
2022/12/18 10:00,720.3947794,849.9284577,1183
2022/12/18 10:15,765.4246163,857.7897684,1154.25
2022/12/18 10:30,800.0718433,861.856985,1180.75
2022/12/18 10:45,831.5878954,866.4148282,1168.75
2022/12/18 11:00,851.5669871,863.9174842,1176
2022/12/18 11:15,872.9119626,863.2025143,1176
2022/12/18 11:30,888.3807591,861.2968894,1159
2022/12/18 11:45,901.9825495,858.3990789,1183
2022/12/18 12:00,918.3224501,862.6524009,1178.25
2022/12/18 12:15,918.9188661,733.3015065,1212
2022/12/18 12:30,913.4150446,732.3277719,1147
2022/12/18 12:45,891.2433749,732.2434001,1159
2022/12/18 13:00,801.26717,862.8047889,1144.75
2022/12/18 13:15,819.9235262,864.9302447,1144.75
2022/12/18 13:30,791.396825,866.2131834,1159
2022/12/18 13:45,775.1715874,865.3586159,1142.25
2022/12/18 14:00,734.0075926,866.3001164,1152
2022/12/18 14:15,682.5404898,632.7162456,1096.75
2022/12/18 14:30,625.1784029,499.3505867,1168.75
2022/12/18 14:45,564.7954928,629.0774106,1128
2022/12/18 15:00,510.3136372,627.845813,1166.25
2022/12/18 15:15,456.3227596,852.391301,1164
2022/12/18 15:30,405.7953427,847.2348584,1178.25
2022/12/18 15:45,348.5478086,838.1411862,1195
2022/12/18 16:00,283.7466919,833.0890078,1159
2022/12/18 16:15,226.0630574,837.5524595,1195
2022/12/18 16:30,165.8677271,842.1636137,1164
2022/12/18 16:45,107.3044382,840.5821938,1188
2022/12/18 17:00,59.25638486,841.053081,1140
2022/12/18 17:15,30.21007942,833.6841958,1132.75
2022/12/18 17:30,10.41765875,833.9956117,1128
2022/12/18 17:45,1.708954238,823.1572168,1101.5
2022/12/18 18:00,0,819.2730225,1113.5
2022/12/18 18:15,0,822.8607768,1089.5
2022/12/18 18:30,0,832.6262426,1070.25
2022/12/18 18:45,0,829.2244185,1084.75
2022/12/18 19:00,0,831.8923767,1058.25
2022/12/18 19:15,0,835.0929566,1051
2022/12/18 19:30,0,847.9683807,1058.25
2022/12/18 19:45,0,843.8962251,1041.5
2022/12/18 20:00,0,844.2126354,1053.5
2022/12/18 20:15,0,843.4236767,1024.75
2022/12/18 20:30,0,842.7787249,1027
2022/12/18 20:45,0,846.327041,1041.5
2022/12/18 21:00,0,621.9037182,993.5
2022/12/18 21:15,0,621.2362335,1027
2022/12/18 21:30,0,615.7191773,1008
2022/12/18 21:45,0,607.4599365,1000.75
2022/12/18 22:00,0,597.548067,1022.25
2022/12/18 22:15,0,595.1735721,998.25
2022/12/18 22:30,0,607.959572,1020
2022/12/18 22:45,0,599.6758735,1017.5
2022/12/18 23:00,0,593.0557614,1003
2022/12/18 23:15,0,813.8823655,1027
2022/12/18 23:30,0,813.8972448,988.75
2022/12/18 23:45,0,807.6674505,1008
2022/12/19 00:00,0,799.5971602,1015
2022/12/19 00:15,0,786.7546784,998.25
2022/12/19 00:30,0,778.906641,1017.5
2022/12/19 00:45,0,774.0346128,1003
2022/12/19 01:00,0,774.3155393,1008
2022/12/19 01:15,0,763.0586942,1036.75
2022/12/19 01:30,0,761.8599612,1000.75
2022/12/19 01:45,0,775.2588046,1017.5
2022/12/19 02:00,0,789.6880328,1000.75
2022/12/19 02:15,0,797.1021133,974.25
2022/12/19 02:30,0,798.6563207,1003
2022/12/19 02:45,0,798.6104112,972
2022/12/19 03:00,0,792.260029,979
2022/12/19 03:15,0,771.5308106,993.5
2022/12/19 03:30,0,760.7540675,969.5
2022/12/19 03:45,0,747.4994967,993.5
2022/12/19 04:00,0,713.1492512,988.75
2022/12/19 04:15,0,687.6524242,981.5
2022/12/19 04:30,0,660.2336361,1008
2022/12/19 04:45,0,661.8712472,976.75
2022/12/19 05:00,0,635.9914533,993.5
2022/12/19 05:15,0,657.7961642,1000.75
2022/12/19 05:30,0,658.8991211,979
2022/12/19 05:45,0,653.5513058,1005.5
2022/12/19 06:00,0,688.2093819,986.25
2022/12/19 06:15,0,693.3384614,988.75
2022/12/19 06:30,0,693.7379609,1010.25
2022/12/19 06:45,3.82704298,684.4270086,981.5
2022/12/19 07:00,23.86989681,675.1240003,1017.5
2022/12/19 07:15,57.05138924,650.3008067,998.25
2022/12/19 07:30,100.8474501,614.6098966,998.25
2022/12/19 07:45,159.5346299,562.3738597,1036.75
2022/12/19 08:00,232.7233989,512.5212567,1010.25
2022/12/19 08:15,317.3671505,482.5262239,1008
2022/12/19 08:30,399.9834436,486.8719232,1032
2022/12/19 08:45,475.5905051,502.5601873,984
2022/12/19 09:00,545.5799515,521.8558527,1039
2022/12/19 09:15,620.3901233,550.056114,1068
2022/12/19 09:30,686.7335908,580.5183117,1060.75
2022/12/19 09:45,752.9680659,635.338715,1046.25
2022/12/19 10:00,812.1960039,693.2506655,1072.75
2022/12/19 10:15,864.156844,740.2724811,1053.5
2022/12/19 10:30,888.1235985,780.1152424,1012.75
2022/12/19 10:45,913.6483615,797.5909228,988.75
2022/12/19 11:00,931.3315702,808.7422685,976.75
2022/12/19 11:15,952.0768383,817.8777935,967
2022/12/19 11:30,981.579674,822.6365778,964.75
2022/12/19 11:45,1008.941115,807.3040758,950.25
2022/12/19 12:00,1022.405669,809.6418654,926.25
2022/12/19 12:15,1014.897965,812.267593,921.5
2022/12/19 12:30,1007.539516,802.5803032,940.75
2022/12/19 12:45,1008.163277,790.1700846,909.5
2022/12/19 13:00,981.4520462,773.7260107,912
2022/12/19 13:15,956.6061717,762.202699,921.5
2022/12/19 13:30,926.4888993,791.4565954,914.25
2022/12/19 13:45,893.5298239,810.418309,900
2022/12/19 14:00,850.8916384,811.4866866,888
2022/12/19 14:15,801.6030248,809.7791464,888
2022/12/19 14:30,752.1867926,817.7207462,890.25
2022/12/19 14:45,702.5116419,691.6111698,876
2022/12/19 15:00,637.4919235,690.1170979,885.5
2022/12/19 15:15,573.1588111,688.0435248,912
2022/12/19 15:30,500.9423497,687.0296449,912
2022/12/19 15:45,418.5476604,686.731684,936
2022/12/19 16:00,339.4255598,677.8359809,936
2022/12/19 16:15,258.961383,667.622157,921.5
2022/12/19 16:30,186.3950152,671.0873883,907
2022/12/19 16:45,120.6259137,673.4576693,916.75
2022/12/19 17:00,67.72159868,674.1668429,897.5
2022/12/19 17:15,31.91308097,789.4139933,904.75
2022/12/19 17:30,11.24818364,741.1715067,902.25
2022/12/19 17:45,2.014572199,735.4061282,902.25
2022/12/19 18:00,0,726.768046,914.25
2022/12/19 18:15,0,721.2135181,880.75
2022/12/19 18:30,0,717.6156566,919
2022/12/19 18:45,0,751.5296362,873.5
2022/12/19 19:00,0,749.0557583,907
2022/12/19 19:15,0,750.1600157,900
2022/12/19 19:30,0,751.9233697,868.75
2022/12/19 19:45,0,737.8064147,895
2022/12/19 20:00,0,734.3179975,854.25
2022/12/19 20:15,0,718.5172542,895
2022/12/19 20:30,0,703.8744501,847
2022/12/19 20:45,0,689.2729789,876
2022/12/19 21:00,0,687.793182,866.25
2022/12/19 21:15,0,680.0567628,859
2022/12/19 21:30,0,666.7195304,885.5
2022/12/19 21:45,0,653.3835533,852
2022/12/19 22:00,0,643.8830012,888
2022/12/19 22:15,0,648.6036504,861.5
2022/12/19 22:30,0,661.1777982,892.75
2022/12/19 22:45,0,674.7857854,873.5
2022/12/19 23:00,0,682.0194682,866.25
2022/12/19 23:15,0,675.9875845,888
2022/12/19 23:30,0,666.5674414,861.5
2022/12/19 23:45,0,650.5794766,895
2022/12/20 00:00,0,645.4022116,856.75
2022/12/20 00:15,0,642.5354715,885.5
2022/12/20 00:30,0,640.4989405,864
2022/12/20 00:45,0,635.9469179,876
2022/12/20 01:00,0,624.4922359,883
2022/12/20 01:15,0,633.5045415,864
2022/12/20 01:30,0,662.2585172,892.75
2022/12/20 01:45,0,675.7517421,859
2022/12/20 02:00,0,684.620301,880.75
2022/12/20 02:15,0,699.1180978,871
2022/12/20 02:30,0,733.9760755,864
2022/12/20 02:45,0,787.382253,880.75
2022/12/20 03:00,0,814.9401658,861.5
2022/12/20 03:15,0,839.7070444,892.75
2022/12/20 03:30,0,848.192439,854.25
2022/12/20 03:45,0,854.2529551,890.25
2022/12/20 04:00,0,860.9131527,873.5
2022/12/20 04:15,0,863.7979005,892.75
2022/12/20 04:30,0,861.8958694,885.5
2022/12/20 04:45,0,867.3681573,878.25
2022/12/20 05:00,0,862.9116799,895
2022/12/20 05:15,0,731.0234442,864
2022/12/20 05:30,0,725.5702563,902.25
2022/12/20 05:45,0,721.1558316,856.75
2022/12/20 06:00,0,852.1990582,892.75
2022/12/20 06:15,0,859.9013551,849.5
2022/12/20 06:30,0,866.2238335,880.75
2022/12/20 06:45,3.654592866,873.5437043,871
2022/12/20 07:00,23.62634835,877.3694766,890.25
2022/12/20 07:15,54.35071373,889.6904969,897.5
2022/12/20 07:30,89.02716503,765.1110877,856.75
2022/12/20 07:45,128.0901511,763.3032447,895
2022/12/20 08:00,169.0043304,762.8863846,856.75
2022/12/20 08:15,219.6272017,761.2489858,888
2022/12/20 08:30,279.2938059,752.5808487,859
2022/12/20 08:45,341.4623265,749.2181518,871
2022/12/20 09:00,370.5951427,744.5813534,878.25
2022/12/20 09:15,444.9995037,735.0414493,871
2022/12/20 09:30,514.9831396,733.1414694,897.5
2022/12/20 09:45,548.8413106,867.9842867,876
2022/12/20 10:00,604.0292712,871.2379354,904.75
2022/12/20 10:15,642.8726967,883.8308889,878.25
2022/12/20 10:30,686.4224698,889.4637311,919
2022/12/20 10:45,724.7395159,887.757413,873.5
2022/12/20 11:00,753.3969263,889.4506453,902.25
2022/12/20 11:15,774.6133169,896.7150633,888
2022/12/20 11:30,777.6063092,903.0865095,895
2022/12/20 11:45,802.9650255,905.5085434,902.25
2022/12/20 12:00,797.336882,907.6845287,888
2022/12/20 12:15,802.7045186,908.570061,912
2022/12/20 12:30,786.7449977,779.5397435,880.75
2022/12/20 12:45,782.3416218,783.0906722,909.5
2022/12/20 13:00,758.3573937,783.0200025,883
2022/12/20 13:15,711.1227154,784.5517173,885.5
2022/12/20 13:30,692.7187795,778.3562951,892.75
2022/12/20 13:45,679.1783455,775.7634558,883
2022/12/20 14:00,638.1673993,774.117794,900
2022/12/20 14:15,587.2892398,770.678986,859
2022/12/20 14:30,559.5594774,774.7462196,890.25
2022/12/20 14:45,502.8016059,776.4850007,876
2022/12/20 15:00,429.5801583,783.495751,864
2022/12/20 15:15,362.6573757,782.872206,885.5
2022/12/20 15:30,301.3124898,782.658446,871
2022/12/20 15:45,251.4149457,779.5655134,909.5
2022/12/20 16:00,216.4176243,780.5120517,871
2022/12/20 16:15,173.4163475,776.8812262,907
2022/12/20 16:30,124.4338081,778.5446374,876
2022/12/20 16:45,83.0609291,774.269998,892.75
2022/12/20 17:00,48.63313673,897.8899688,885.5
2022/12/20 17:15,22.60890967,902.2739908,883
2022/12/20 17:30,9.808550502,903.3061708,895
2022/12/20 17:45,2.277780968,896.9851961,871
2022/12/20 18:00,0,894.0268888,904.75
2022/12/20 18:15,0,755.9817459,868.75
2022/12/20 18:30,0,749.1206997,895
2022/12/20 18:45,0,742.134583,890.25
2022/12/20 19:00,0,861.1849034,885.5
2022/12/20 19:15,0,851.0912677,890.25
2022/12/20 19:30,0,844.1739051,871
2022/12/20 19:45,0,828.9350625,897.5
2022/12/20 20:00,0,824.4357177,859
2022/12/20 20:15,0,690.8821076,897.5
2022/12/20 20:30,0,686.1403793,849.5
2022/12/20 20:45,0,692.6954574,876
2022/12/20 21:00,0,686.1281944,856.75
2022/12/20 21:15,0,677.5177432,866.25
2022/12/20 21:30,0,684.1531786,871
2022/12/20 21:45,0,705.1733212,873.5
2022/12/20 22:00,0,722.858518,883
2022/12/20 22:15,0,737.1442732,868.75
2022/12/20 22:30,0,748.879502,892.75
2022/12/20 22:45,0,756.2532514,861.5
2022/12/20 23:00,0,768.202661,878.25
2022/12/20 23:15,0,767.1414859,873.5
2022/12/20 23:30,0,764.530189,878.25
2022/12/20 23:45,0,764.2280811,888
2022/12/21 00:00,0,762.9226205,868.75
2022/12/21 00:15,0,760.8258845,895
2022/12/21 00:30,0,755.6048351,866.25
2022/12/21 00:45,0,759.4165716,895
2022/12/21 01:00,0,752.4964801,864
2022/12/21 01:15,0,744.8041344,876
2022/12/21 01:30,0,742.8637511,868.75
2022/12/21 01:45,0,738.7451452,859
2022/12/21 02:00,0,866.3081437,876
2022/12/21 02:15,0,864.7677328,849.5
2022/12/21 02:30,0,865.8090993,873.5
2022/12/21 02:45,0,863.3881334,840
2022/12/21 03:00,0,869.6337339,866.25
2022/12/21 03:15,0,870.5598095,844.75
2022/12/21 03:30,0,860.7374117,861.5
2022/12/21 03:45,0,840.3722464,876
2022/12/21 04:00,0,827.0467985,852
2022/12/21 04:15,0,821.0781295,890.25
2022/12/21 04:30,0,842.0394949,854.25
2022/12/21 04:45,0,858.4869294,876
2022/12/21 05:00,0,870.7432137,873.5
2022/12/21 05:15,0,876.467139,861.5
2022/12/21 05:30,0,860.2420401,885.5
2022/12/21 05:45,0,836.0575278,849.5
2022/12/21 06:00,0,845.5309807,885.5
2022/12/21 06:15,0,854.3955923,844.75
2022/12/21 06:30,0,858.2183618,868.75
2022/12/21 06:45,3.675996148,859.8781027,859
2022/12/21 07:00,25.46298999,847.8934549,854.25
2022/12/21 07:15,62.53015314,841.4449073,861.5
2022/12/21 07:30,104.5616166,841.0639547,835
2022/12/21 07:45,156.2235674,831.6207981,866.25
2022/12/21 08:00,217.1978658,810.0864692,823
2022/12/21 08:15,286.4452475,765.1645224,849.5
2022/12/21 08:30,364.9504876,738.5842285,823
2022/12/21 08:45,425.977027,739.4113005,830.25
2022/12/21 09:00,492.3874901,712.2376929,835
2022/12/21 09:15,567.963783,729.1801671,823
2022/12/21 09:30,621.1079473,759.642624,866.25
2022/12/21 09:45,674.4368089,742.7072379,837.5
2022/12/21 10:00,711.404127,708.398224,861.5
2022/12/21 10:15,745.695186,698.4925365,859
2022/12/21 10:30,801.475786,709.8698192,861.5
2022/12/21 10:45,842.5816766,708.3173514,880.75
2022/12/21 11:00,874.5645279,731.3517464,849.5
2022/12/21 11:15,904.6250211,782.984079,888
2022/12/21 11:30,925.9072222,798.8905953,847
2022/12/21 11:45,950.6379602,752.9351091,892.75
2022/12/21 12:00,974.1254861,767.854999,844.75
2022/12/21 12:15,979.1004392,723.463294,880.75
2022/12/21 12:30,977.3448128,733.6210657,852
2022/12/21 12:45,966.301209,778.3027037,866.25
2022/12/21 13:00,943.6096419,793.922015,885.5
2022/12/21 13:15,923.5447796,818.879032,844.75
2022/12/21 13:30,898.392405,830.1255839,888
2022/12/21 13:45,865.6758457,834.8525148,844.75
2022/12/21 14:00,833.9625946,833.6615294,871
2022/12/21 14:15,786.5969758,836.0833327,844.75
2022/12/21 14:30,733.684386,831.6974705,859
2022/12/21 14:45,681.0277531,814.4762692,856.75
2022/12/21 15:00,626.3649158,628.1791117,842.25
2022/12/21 15:15,565.6356413,620.6248731,871
2022/12/21 15:30,497.0937422,655.5269514,852
2022/12/21 15:45,418.0031488,649.2054288,890.25
2022/12/21 16:00,336.2204785,648.1453339,849.5
2022/12/21 16:15,255.8195059,778.89102,885.5
2022/12/21 16:30,184.9833552,776.4833815,859
2022/12/21 16:45,119.8124712,749.4582587,878.25
2022/12/21 17:00,69.31458519,693.2054273,854.25
2022/12/21 17:15,33.6304165,695.6764342,868.75
2022/12/21 17:30,12.67989153,701.3696486,876
2022/12/21 17:45,2.658451607,704.7067186,873.5
2022/12/21 18:00,0,704.7694385,873.5
2022/12/21 18:15,0,692.2209743,868.75
2022/12/21 18:30,0,647.3069632,878.25
2022/12/21 18:45,0,648.51842,849.5
2022/12/21 19:00,0,590.452576,885.5
2022/12/21 19:15,0,548.8609993,837.5
2022/12/21 19:30,0,491.5141018,880.75
2022/12/21 19:45,0,401.2708446,837.5
2022/12/21 20:00,0,293.7609006,866.25
2022/12/21 20:15,0,245.5808648,849.5
2022/12/21 20:30,0,230.5332913,852
2022/12/21 20:45,0,227.3397593,859
2022/12/21 21:00,0,237.3272287,835
2022/12/21 21:15,0,247.730387,868.75
2022/12/21 21:30,0,271.7078491,842.25
2022/12/21 21:45,0,277.1336503,868.75
2022/12/21 22:00,0,289.5417111,847
2022/12/21 22:15,0,284.7270499,866.25
2022/12/21 22:30,0,261.266978,861.5
2022/12/21 22:45,0,247.5316581,861.5
2022/12/21 23:00,0,238.421954,871
2022/12/21 23:15,0,225.7964418,856.75
2022/12/21 23:30,0,195.7720198,873.5
2022/12/21 23:45,0,197.8260173,859
2022/12/22 00:00,0,202.9739275,880.75
2022/12/22 00:15,0,223.6462423,854.25
2022/12/22 00:30,0,275.3022004,885.5
2022/12/22 00:45,0,294.4403222,844.75
2022/12/22 01:00,0,293.0043375,873.5
2022/12/22 01:15,0,286.473489,844.75
2022/12/22 01:30,0,314.9261283,871
2022/12/22 01:45,0,356.8996855,840
2022/12/22 02:00,0,350.8842329,871
2022/12/22 02:15,0,310.2272338,847
2022/12/22 02:30,0,280.1568485,847
2022/12/22 02:45,0,272.938467,844.75
2022/12/22 03:00,0,266.5495169,847
2022/12/22 03:15,0,273.172244,871
2022/12/22 03:30,0,268.0196127,842.25
2022/12/22 03:45,0,258.0061278,885.5
2022/12/22 04:00,0,264.6108823,835
2022/12/22 04:15,0,258.0054281,888
2022/12/22 04:30,0,240.7559791,847
2022/12/22 04:45,0,258.4087151,873.5
2022/12/22 05:00,0,245.4276686,871
2022/12/22 05:15,0,245.2389784,861.5
2022/12/22 05:30,0,253.8677445,880.75
2022/12/22 05:45,0,256.7825751,864
2022/12/22 06:00,0,275.3670967,885.5
2022/12/22 06:15,0,295.2241896,854.25
2022/12/22 06:30,0,311.5746518,876
2022/12/22 06:45,3.624477144,304.35516,854.25
2022/12/22 07:00,16.00263201,282.7631738,880.75
2022/12/22 07:15,36.54146856,285.5473031,849.5
2022/12/22 07:30,64.92331059,285.0904997,871
2022/12/22 07:45,99.9725264,274.1136772,840
2022/12/22 08:00,145.9366322,262.9064958,854.25
2022/12/22 08:15,202.3550587,253.3359127,849.5
2022/12/22 08:30,272.8189699,248.6407606,852
2022/12/22 08:45,365.5016365,254.1604581,847
2022/12/22 09:00,454.4113321,246.2601178,837.5
2022/12/22 09:15,522.0406503,240.9169172,866.25
2022/12/22 09:30,598.53557,230.538511,835
2022/12/22 09:45,670.8301111,227.3695593,876
2022/12/22 10:00,730.9370135,231.2110135,844.75
2022/12/22 10:15,778.8561395,227.1256478,868.75
2022/12/22 10:30,836.8402971,209.5542721,868.75
2022/12/22 10:45,903.1705026,193.8257579,856.75
2022/12/22 11:00,955.9026962,188.5035058,885.5
2022/12/22 11:15,988.938129,196.00861,847
2022/12/22 11:30,1014.991443,188.1759075,885.5
2022/12/22 11:45,1043.147243,165.5807387,852
2022/12/22 12:00,1050.924386,149.9910354,885.5
2022/12/22 12:15,1057.144462,223.9586724,852
2022/12/22 12:30,1053.786409,182.1542252,866.25
2022/12/22 12:45,1040.100171,148.7389731,871
2022/12/22 13:00,1025.024389,141.815146,861.5
2022/12/22 13:15,1003.214294,152.5555661,883
2022/12/22 13:30,972.0956262,161.387047,854.25
2022/12/22 13:45,934.214695,158.8239347,885.5
2022/12/22 14:00,889.2920484,168.182174,844.75
2022/12/22 14:15,846.3040893,174.6795029,871
2022/12/22 14:30,788.5125152,173.6227651,840
2022/12/22 14:45,725.4061447,203.8163184,859
2022/12/22 15:00,643.8114791,239.4890346,844.75
2022/12/22 15:15,559.784232,241.9155623,856.75
2022/12/22 15:30,482.4756058,218.191274,871
2022/12/22 15:45,415.3093112,211.9711757,859
2022/12/22 16:00,350.7263945,232.2385378,878.25
2022/12/22 16:15,267.5908437,224.3522361,864
2022/12/22 16:30,184.8520207,211.5780701,878.25
2022/12/22 16:45,127.4770671,208.4729255,859
2022/12/22 17:00,74.39156373,219.6694712,880.75
2022/12/22 17:15,33.98152726,225.6028079,852
2022/12/22 17:30,11.84740797,223.3082973,883
2022/12/22 17:45,3.993330839,213.9431059,856.75
2022/12/22 18:00,0,193.1684731,888
2022/12/22 18:15,0,185.0009419,849.5
2022/12/22 18:30,0,172.3329191,876
2022/12/22 18:45,0,162.0232162,868.75
2022/12/22 19:00,0,146.9344642,856.75
2022/12/22 19:15,0,136.7216833,873.5
2022/12/22 19:30,0,120.5091122,842.25
2022/12/22 19:45,0,109.4978933,871
2022/12/22 20:00,0,106.5167839,832.75
2022/12/22 20:15,0,95.61948842,868.75
2022/12/22 20:30,0,95.64310378,825.5
2022/12/22 20:45,0,100.0134873,859
2022/12/22 21:00,0,103.0663628,842.25
2022/12/22 21:15,0,98.31104155,854.25
2022/12/22 21:30,0,96.18504308,859
2022/12/22 21:45,0,94.55517527,847
2022/12/22 22:00,0,109.26798,876
2022/12/22 22:15,0,187.4031596,844.75
2022/12/22 22:30,0,256.2790131,890.25
2022/12/22 22:45,0,286.0809389,849.5
2022/12/22 23:00,0,346.201011,878.25
2022/12/22 23:15,0,349.8975132,854.25
2022/12/22 23:30,0,395.0381259,868.75
2022/12/22 23:45,0,421.1172519,871
2022/12/23 00:00,0,472.0256726,864
2022/12/23 00:15,0,501.6478654,876
2022/12/23 00:30,0,539.6454456,856.75
2022/12/23 00:45,0,554.749369,873.5
2022/12/23 01:00,0,561.2093913,852
2022/12/23 01:15,0,543.7067512,871
2022/12/23 01:30,0,562.8077519,854.25
2022/12/23 01:45,0,559.242554,859
2022/12/23 02:00,0,578.3869492,861.5
2022/12/23 02:15,0,612.6234256,849.5
2022/12/23 02:30,0,625.9250869,852
2022/12/23 02:45,0,638.981279,835
2022/12/23 03:00,0,637.3160513,856.75
2022/12/23 03:15,0,628.3352704,832.75
2022/12/23 03:30,0,624.0041213,880.75
2022/12/23 03:45,0,612.7249374,835
2022/12/23 04:00,0,625.8035586,876
2022/12/23 04:15,0,638.748729,854.25
2022/12/23 04:30,0,644.7813041,873.5
2022/12/23 04:45,0,646.7652059,878.25
2022/12/23 05:00,0,651.5059888,852
2022/12/23 05:15,0,659.1009205,888
2022/12/23 05:30,0,670.1148923,842.25
2022/12/23 05:45,0,670.542374,873.5
2022/12/23 06:00,0,651.8699551,861.5
2022/12/23 06:15,0,639.7295996,868.75
2022/12/23 06:30,0,646.3126858,876
2022/12/23 06:45,3.401438872,656.1304559,859
2022/12/23 07:00,14.51025591,668.0137143,883
2022/12/23 07:15,36.76220659,664.1354585,847
2022/12/23 07:30,67.83740958,666.2211532,885.5
2022/12/23 07:45,102.2877026,670.8862575,832.75
2022/12/23 08:00,145.9249775,672.9393285,873.5
2022/12/23 08:15,201.1352288,701.6279547,852
2022/12/23 08:30,268.3680717,752.4251948,840
2022/12/23 08:45,337.6515174,776.3772952,854.25
2022/12/23 09:00,393.820013,808.2311984,837.5
2022/12/23 09:15,446.6825478,837.1388111,880.75
2022/12/23 09:30,492.2548639,875.2683995,847
2022/12/23 09:45,532.4261059,918.6793928,890.25
2022/12/23 10:00,579.6081898,956.6623952,849.5
2022/12/23 10:15,645.8210113,975.1665388,888
2022/12/23 10:30,683.8319026,990.0346054,856.75
2022/12/23 10:45,703.1172024,993.9427098,866.25
2022/12/23 11:00,721.3396913,874.6097952,876
2022/12/23 11:15,741.9587701,890.4683463,859
2022/12/23 11:30,765.4455828,915.7253124,880.75
2022/12/23 11:45,776.630044,941.6011075,868.75
2022/12/23 12:00,778.0549503,967.2383477,880.75
2022/12/23 12:15,758.6712329,987.8050084,868.75
2022/12/23 12:30,731.7276527,997.7147112,880.75
2022/12/23 12:45,700.0095465,1003.723291,859
2022/12/23 13:00,680.6929177,1007.853571,890.25
2022/12/23 13:15,673.6328243,1003.278182,847
2022/12/23 13:30,678.8277167,997.2391309,880.75
2022/12/23 13:45,669.3163445,987.423087,837.5
2022/12/23 14:00,637.6729419,977.4278647,883
2022/12/23 14:15,598.9749475,969.8141166,835
2022/12/23 14:30,568.8349394,965.4329997,878.25
2022/12/23 14:45,532.9526548,971.8296611,835
2022/12/23 15:00,493.2031248,1103.426632,868.75
2022/12/23 15:15,447.1757409,1107.684028,844.75
2022/12/23 15:30,392.2385487,1109.528932,861.5
2022/12/23 15:45,351.9859246,1085.800512,868.75
2022/12/23 16:00,295.3715832,1063.735253,861.5
2022/12/23 16:15,232.5385364,1040.229394,876
2022/12/23 16:30,172.6360716,1010.784531,861.5
2022/12/23 16:45,118.5627968,1015.071626,883
2022/12/23 17:00,72.66001409,1033.416706,854.25
2022/12/23 17:15,37.86992339,1046.258053,895
2022/12/23 17:30,13.64541201,1042.883976,854.25
2022/12/23 17:45,4.204952815,1058.231763,885.5
2022/12/23 18:00,0,1073.557265,852
2022/12/23 18:15,0,1052.990838,873.5
2022/12/23 18:30,0,1013.301029,856.75
2022/12/23 18:45,0,992.2397939,868.75
2022/12/23 19:00,0,995.1644169,883
2022/12/23 19:15,0,1035.152193,844.75
2022/12/23 19:30,0,1090.899113,888
2022/12/23 19:45,0,1138.367785,835
2022/12/23 20:00,0,1162.568472,885.5
2022/12/23 20:15,0,1183.451155,828
2022/12/23 20:30,0,1189.776441,852
2022/12/23 20:45,0,1068.036007,842.25
2022/12/23 21:00,0,1066.91469,835
2022/12/23 21:15,0,956.9618109,849.5
2022/12/23 21:30,0,964.9714669,835
2022/12/23 21:45,0,1084.443767,878.25
2022/12/23 22:00,0,1078.905495,852
2022/12/23 22:15,0,1084.986243,876
2022/12/23 22:30,0,1093.930594,849.5
2022/12/23 22:45,0,827.0316081,868.75
2022/12/23 23:00,0,828.8761756,852
2022/12/23 23:15,0,1087.029441,861.5
2022/12/23 23:30,0,1089.50715,871
2022/12/23 23:45,0,1094.054021,859
2022/12/24 00:00,0,1086.603165,871
2022/12/24 00:15,0,1086.480749,844.75
2022/12/24 00:30,0,1092.17267,873.5
2022/12/24 00:45,0,1088.89768,844.75
2022/12/24 01:00,0,1089.992811,880.75
2022/12/24 01:15,0,1088.173974,835
2022/12/24 01:30,0,1094.161368,866.25
2022/12/24 01:45,0,1103.160647,840
2022/12/24 02:00,0,1101.353587,852
2022/12/24 02:15,0,1103.326737,856.75
2022/12/24 02:30,0,1106.067706,828
2022/12/24 02:45,0,1104.02866,849.5
2022/12/24 03:00,0,1105.678055,828
2022/12/24 03:15,0,1103.487918,876
2022/12/24 03:30,0,1101.680656,830.25
2022/12/24 03:45,0,1098.588438,885.5
2022/12/24 04:00,0,1100.45759,866.25
2022/12/24 04:15,0,1096.783174,878.25
2022/12/24 04:30,0,1082.721326,871
2022/12/24 04:45,0,1067.654592,873.5
2022/12/24 05:00,0,1053.260845,890.25
2022/12/24 05:15,0,1044.927781,880.75
2022/12/24 05:30,0,1023.961708,902.25
2022/12/24 05:45,0,989.3807529,883
2022/12/24 06:00,0,984.8293398,909.5
2022/12/24 06:15,0,972.7613627,883
2022/12/24 06:30,0,965.372269,909.5
2022/12/24 06:45,2.890620201,961.1827697,883
2022/12/24 07:00,14.62506272,966.0295719,940.75
2022/12/24 07:15,30.53066268,941.1667428,888
2022/12/24 07:30,50.78884099,934.7036954,924
2022/12/24 07:45,77.75592335,920.5945466,892.75
2022/12/24 08:00,112.894337,909.4609023,928.75
2022/12/24 08:15,157.9118955,893.2019712,888
2022/12/24 08:30,210.0766931,875.6928744,921.5
2022/12/24 08:45,270.2042758,858.5239297,876
2022/12/24 09:00,322.3478749,837.6379507,909.5
2022/12/24 09:15,384.8688899,837.7870597,885.5
2022/12/24 09:30,469.0362931,836.1163834,912
2022/12/24 09:45,551.9909051,838.6402388,895
2022/12/24 10:00,616.8868429,836.0357048,919
2022/12/24 10:15,684.4286817,835.6275965,919
2022/12/24 10:30,732.2409072,834.3146109,919
2022/12/24 10:45,749.2289866,828.8412349,931
2022/12/24 11:00,799.7785166,837.7566363,928.75
2022/12/24 11:15,850.3042553,831.2034056,945.5
2022/12/24 11:30,878.0392144,831.1934034,926.25
2022/12/24 11:45,920.7304574,840.7731817,955
2022/12/24 12:00,942.4442819,840.8073083,921.5
2022/12/24 12:15,941.717296,839.5496235,955
2022/12/24 12:30,945.9164463,839.2416927,916.75
2022/12/24 12:45,952.8003689,838.6473002,955
2022/12/24 13:00,923.040486,840.0144823,926.25
2022/12/24 13:15,896.7477817,844.9708487,960
2022/12/24 13:30,865.7153035,847.8707365,926.25
2022/12/24 13:45,833.0961125,850.3135817,960
2022/12/24 14:00,790.6938829,847.8729433,943
2022/12/24 14:15,730.2339296,842.3592606,948
2022/12/24 14:30,670.1198766,841.1205898,957.5
2022/12/24 14:45,614.7833469,844.1574692,936
2022/12/24 15:00,568.6073398,837.3863209,972
2022/12/24 15:15,522.4795748,838.9887793,952.75
2022/12/24 15:30,458.5161984,828.2649375,938.25
2022/12/24 15:45,396.122627,840.6995866,979
2022/12/24 16:00,332.7182013,841.0819,955
2022/12/24 16:15,262.5682949,839.7794951,964.75
2022/12/24 16:30,191.9151592,841.1942423,993.5
2022/12/24 16:45,131.0595144,843.443636,957.5
2022/12/24 17:00,78.81501959,840.0725305,974.25
2022/12/24 17:15,39.5200679,839.7266098,1005.5
2022/12/24 17:30,13.60551005,838.9658394,957.5
2022/12/24 17:45,4.14799339,843.3500749,979
2022/12/24 18:00,0,878.8639457,998.25
2022/12/24 18:15,0,880.4498833,960
2022/12/24 18:30,0,884.9998918,974.25
2022/12/24 18:45,0,889.7358133,991
2022/12/24 19:00,0,876.8930325,986.25
2022/12/24 19:15,0,850.8435833,960
2022/12/24 19:30,0,847.2947439,986.25
2022/12/24 19:45,0,840.6087457,1008
2022/12/24 20:00,0,830.5499061,957.5
2022/12/24 20:15,0,828.4237662,969.5
2022/12/24 20:30,0,832.0640344,986.25
2022/12/24 20:45,0,838.3422327,972
2022/12/24 21:00,0,838.2688186,950.25
2022/12/24 21:15,0,838.0514137,976.75
2022/12/24 21:30,0,837.2092764,1000.75
2022/12/24 21:45,0,837.3131921,964.75
2022/12/24 22:00,0,838.4322252,979
2022/12/24 22:15,0,964.3505094,1008
2022/12/24 22:30,0,963.0123623,1003
2022/12/24 22:45,0,966.9393917,969.5
2022/12/24 23:00,0,996.7954891,998.25
2022/12/24 23:15,0,998.668281,1015
2022/12/24 23:30,0,866.9224203,984
2022/12/24 23:45,0,870.1043246,986.25
2022/12/25 00:00,0,883.2374764,1015
2022/12/25 00:15,0,1013.713368,1022.25
2022/12/25 00:30,0,1016.606207,996
2022/12/25 00:45,0,1007.959958,996
2022/12/25 01:00,0,1006.294513,1012.75
2022/12/25 01:15,0,1015.705568,1017.5
2022/12/25 01:30,0,875.4351527,979
2022/12/25 01:45,0,889.9727037,981.5
2022/12/25 02:00,0,888.4941109,998.25
2022/12/25 02:15,0,889.6974923,1000.75
2022/12/25 02:30,0,890.390697,964.75
2022/12/25 02:45,0,882.997503,957.5
2022/12/25 03:00,0,874.3668741,986.25
2022/12/25 03:15,0,870.1922976,1003
2022/12/25 03:30,0,892.1860405,955
2022/12/25 03:45,0,892.7335007,974.25
2022/12/25 04:00,0,892.571785,1005.5
2022/12/25 04:15,0,894.1402215,1017.5
2022/12/25 04:30,0,890.5423859,955
2022/12/25 04:45,0,894.5536671,993.5
2022/12/25 05:00,0,1019.753864,1000.75
2022/12/25 05:15,0,995.9647073,1003
2022/12/25 05:30,0,986.3710155,969.5
2022/12/25 05:45,0,988.8032215,991
2022/12/25 06:00,0,989.5045192,1005.5
2022/12/25 06:15,0,989.5116244,984
2022/12/25 06:30,0,979.7594515,972
2022/12/25 06:45,4.66912594,977.7332815,986.25
2022/12/25 07:00,28.89038721,968.9226726,1012.75
2022/12/25 07:15,65.7685875,965.6594156,967
2022/12/25 07:30,115.2151818,933.6002116,964.75
2022/12/25 07:45,174.3274871,952.8883075,979
2022/12/25 08:00,237.7227328,843.2279853,1000.75
2022/12/25 08:15,313.6950339,855.0994553,948
2022/12/25 08:30,394.5848257,855.0579517,943
2022/12/25 08:45,465.3487083,999.509916,972
2022/12/25 09:00,538.8741575,995.5496505,960
2022/12/25 09:15,609.1226889,985.8033224,936
2022/12/25 09:30,677.114845,992.2147597,969.5
2022/12/25 09:45,744.200335,986.3571864,988.75
2022/12/25 10:00,809.3571432,859.0152071,955
2022/12/25 10:15,868.2633531,853.9000225,960
2022/12/25 10:30,916.8044726,855.1496233,988.75
2022/12/25 10:45,959.4232319,857.6801947,967
2022/12/25 11:00,1001.699872,850.8579877,960
2022/12/25 11:15,1037.654497,977.1602171,986.25
2022/12/25 11:30,1060.035557,972.219408,950.25
2022/12/25 11:45,1070.705971,962.0196468,964.75
2022/12/25 12:00,1072.899938,961.7609937,984
2022/12/25 12:15,1079.494537,962.8785926,945.5
2022/12/25 12:30,1071.212977,952.8423779,984
2022/12/25 12:45,1057.188946,953.8901226,940.75
2022/12/25 13:00,1041.244294,950.4804621,972
2022/12/25 13:15,1013.123478,953.7934394,938.25
2022/12/25 13:30,986.0469747,968.5029135,943
2022/12/25 13:45,947.5179504,982.1971649,955
2022/12/25 14:00,907.8591647,997.1259427,926.25
2022/12/25 14:15,848.5348293,1008.45773,950.25
2022/12/25 14:30,802.8738341,1014.99963,914.25
2022/12/25 14:45,742.8609851,1007.901944,948
2022/12/25 15:00,676.863353,988.3124699,912
2022/12/25 15:15,598.8315029,979.4868167,952.75
2022/12/25 15:30,532.6784023,966.8872205,909.5
2022/12/25 15:45,452.1702917,944.0434714,962.25
2022/12/25 16:00,374.2652981,923.2501528,921.5
2022/12/25 16:15,275.9448347,872.9845997,964.75
2022/12/25 16:30,190.1133098,911.0607215,914.25
2022/12/25 16:45,129.9204364,902.0055484,952.75
2022/12/25 17:00,80.0810615,880.4565646,919
2022/12/25 17:15,39.08797634,855.7728254,952.75
2022/12/25 17:30,13.79705703,863.8844983,933.5
2022/12/25 17:45,4.330332249,858.4235053,948
2022/12/25 18:00,0,830.6376131,933.5
2022/12/25 18:15,0,809.7989776,933.5
2022/12/25 18:30,0,777.6271996,938.25
2022/12/25 18:45,0,722.7262293,931
2022/12/25 19:00,0,696.2934809,945.5
2022/12/25 19:15,0,636.2384234,921.5
2022/12/25 19:30,0,599.1316763,945.5
2022/12/25 19:45,0,567.3422211,909.5
2022/12/25 20:00,0,519.7352239,940.75
2022/12/25 20:15,0,482.2613596,895
2022/12/25 20:30,0,455.0392099,928.75
2022/12/25 20:45,0,436.6316788,883
2022/12/25 21:00,0,404.7978842,926.25
2022/12/25 21:15,0,380.3901644,888
2022/12/25 21:30,0,347.0779011,936
2022/12/25 21:45,0,320.1734726,902.25
2022/12/25 22:00,0,311.7759755,940.75
2022/12/25 22:15,0,307.3146307,909.5
2022/12/25 22:30,0,290.0233399,936
2022/12/25 22:45,0,276.8923325,912
2022/12/25 23:00,0,256.1403068,926.25
2022/12/25 23:15,0,238.7207108,916.75
2022/12/25 23:30,0,240.4601818,928.75
2022/12/25 23:45,0,242.2363941,907
2022/12/26 00:00,0,242.9078945,919
2022/12/26 00:15,0,239.251772,907
2022/12/26 00:30,0,231.940388,916.75
2022/12/26 00:45,0,225.6339619,907
2022/12/26 01:00,0,214.1788172,914.25
2022/12/26 01:15,0,208.0157639,909.5
2022/12/26 01:30,0,196.2535188,904.75
2022/12/26 01:45,0,196.7428456,904.75
2022/12/26 02:00,0,213.4040967,902.25
2022/12/26 02:15,0,217.5877979,897.5
2022/12/26 02:30,0,215.6584029,895
2022/12/26 02:45,0,231.8059894,895
2022/12/26 03:00,0,250.3957519,890.25
2022/12/26 03:15,0,250.5199482,900
2022/12/26 03:30,0,255.2243709,895
2022/12/26 03:45,0,250.0168322,916.75
2022/12/26 04:00,0,244.5797555,902.25
2022/12/26 04:15,0,225.0423147,919
2022/12/26 04:30,0,206.9653746,902.25
2022/12/26 04:45,0,192.201878,912
2022/12/26 05:00,0,171.7668589,897.5
2022/12/26 05:15,0,165.4016959,919
2022/12/26 05:30,0,163.7940894,897.5
2022/12/26 05:45,0,155.6905508,928.75
2022/12/26 06:00,0,139.7595873,900
2022/12/26 06:15,0,128.2628088,928.75
2022/12/26 06:30,0,123.7697139,900
2022/12/26 06:45,4.736141137,122.9845879,928.75
2022/12/26 07:00,29.65711083,124.2591922,900
2022/12/26 07:15,66.90605695,123.1535724,926.25
2022/12/26 07:30,111.5470838,117.145402,885.5
2022/12/26 07:45,164.9613705,118.6840306,916.75
2022/12/26 08:00,228.1301602,124.3067622,888
2022/12/26 08:15,292.346996,125.3274982,902.25
2022/12/26 08:30,359.1646642,143.2303096,883
2022/12/26 08:45,425.0180622,167.3142905,888
2022/12/26 09:00,487.6551322,212.6118674,878.25
2022/12/26 09:15,553.6718918,261.9665781,880.75
2022/12/26 09:30,616.587549,289.7177252,888
2022/12/26 09:45,675.1953319,302.9860465,885.5
2022/12/26 10:00,738.9280889,307.3219903,890.25
2022/12/26 10:15,786.1061681,362.4950248,876
2022/12/26 10:30,818.9118189,408.6694412,904.75
2022/12/26 10:45,844.8797018,446.0488425,868.75
2022/12/26 11:00,862.4990794,469.6466012,904.75
2022/12/26 11:15,876.3968351,495.5239632,861.5
2022/12/26 11:30,887.7828465,498.3356959,902.25
2022/12/26 11:45,890.5726653,516.6299885,876
2022/12/26 12:00,896.4200704,490.1216784,883
2022/12/26 12:15,901.0754859,451.0868471,883
2022/12/26 12:30,896.3510678,443.0734236,878.25
2022/12/26 12:45,885.090697,447.8440823,895
2022/12/26 13:00,883.0588357,432.7295472,871
2022/12/26 13:15,864.4241794,422.2042592,902.25
2022/12/26 13:30,846.1644193,439.6746228,861.5
2022/12/26 13:45,805.3795617,436.2360861,892.75
2022/12/26 14:00,771.0015585,440.2295365,878.25
2022/12/26 14:15,725.559233,440.9004955,878.25
2022/12/26 14:30,681.2554477,460.3305793,876
2022/12/26 14:45,633.674839,482.0168282,866.25
2022/12/26 15:00,587.0915293,482.0538108,880.75
2022/12/26 15:15,534.6796265,446.9301047,866.25
2022/12/26 15:30,473.7806803,419.9507364,892.75
2022/12/26 15:45,418.779596,414.680085,861.5
2022/12/26 16:00,355.275404,386.4167282,897.5
2022/12/26 16:15,292.4135338,355.7233119,871
2022/12/26 16:30,215.3497082,352.1106333,895
2022/12/26 16:45,143.5286845,380.5499333,880.75
2022/12/26 17:00,85.44738313,428.7640011,876
2022/12/26 17:15,41.08221706,443.0416568,895
2022/12/26 17:30,15.46149748,427.2134871,866.25
2022/12/26 17:45,5.018090557,426.7323022,904.75
2022/12/26 18:00,0,442.1911748,864
2022/12/26 18:15,0,456.6549809,895
2022/12/26 18:30,0,456.9746458,868.75
2022/12/26 18:45,0,463.3740025,885.5
2022/12/26 19:00,0,484.9055622,878.25
2022/12/26 19:15,0,506.6031898,871
2022/12/26 19:30,0,512.0024893,890.25
2022/12/26 19:45,0,503.5945608,866.25
2022/12/26 20:00,0,517.9138073,897.5
2022/12/26 20:15,0,543.7192637,849.5
2022/12/26 20:30,0,546.5955511,876
2022/12/26 20:45,0,544.5255826,852
2022/12/26 21:00,0,534.9919496,864
2022/12/26 21:15,0,530.6309971,868.75
2022/12/26 21:30,0,522.2863516,866.25
2022/12/26 21:45,0,512.3512994,876
2022/12/26 22:00,0,493.2191916,861.5
2022/12/26 22:15,0,465.8024401,880.75
2022/12/26 22:30,0,461.9129377,861.5
2022/12/26 22:45,0,446.2351353,883
2022/12/26 23:00,0,444.6440541,854.25
2022/12/26 23:15,0,420.9299302,890.25
2022/12/26 23:30,0,395.0862286,854.25
2022/12/26 23:45,0,418.6798089,883
2022/12/27 00:00,0,458.1596879,868.75
2022/12/27 00:15,0,482.4590155,871
2022/12/27 00:30,0,507.5949719,878.25
2022/12/27 00:45,0,550.7366051,871
2022/12/27 01:00,0,588.7131708,880.75
2022/12/27 01:15,0,652.4521881,864
2022/12/27 01:30,0,684.5812088,890.25
2022/12/27 01:45,0,696.4636923,866.25
2022/12/27 02:00,0,682.3975876,892.75
2022/12/27 02:15,0,670.7263523,859
2022/12/27 02:30,0,666.8247421,885.5
2022/12/27 02:45,0,701.1688921,852
2022/12/27 03:00,0,713.1378854,885.5
2022/12/27 03:15,0,764.975734,854.25
2022/12/27 03:30,0,831.0511033,892.75
2022/12/27 03:45,0,890.6996541,864
2022/12/27 04:00,0,922.7219779,897.5
2022/12/27 04:15,0,934.886738,885.5
2022/12/27 04:30,0,951.0761169,900
2022/12/27 04:45,0,987.9029056,890.25
2022/12/27 05:00,0,1011.336659,890.25
2022/12/27 05:15,0,1032.309433,897.5
2022/12/27 05:30,0,1043.248507,883
2022/12/27 05:45,0,1055.388782,902.25
2022/12/27 06:00,0,1062.333687,880.75
2022/12/27 06:15,0,1073.249105,909.5
2022/12/27 06:30,0,1105.806609,883
2022/12/27 06:45,4.868650224,1117.553195,924
2022/12/27 07:00,27.03110459,1140.882622,890.25
2022/12/27 07:15,64.8728924,1147.251826,924
2022/12/27 07:30,117.5587656,1152.43027,914.25
2022/12/27 07:45,176.4893127,1163.620673,936
2022/12/27 08:00,242.2766128,1173.813936,926.25
2022/12/27 08:15,318.9731023,1044.004372,938.25
2022/12/27 08:30,392.6653456,1038.654227,948
2022/12/27 08:45,458.1148811,1031.615054,938.25
2022/12/27 09:00,528.0297499,1030.348899,943
2022/12/27 09:15,589.2481414,1016.21523,950.25
2022/12/27 09:30,665.8978328,1018.23832,967
2022/12/27 09:45,723.5752015,1019.78038,948
2022/12/27 10:00,788.593992,1023.304973,976.75
2022/12/27 10:15,830.1406617,1025.687607,962.25
2022/12/27 10:30,874.6621582,1029.39105,988.75
2022/12/27 10:45,906.5550322,1030.502085,960
2022/12/27 11:00,938.6838045,1031.486539,1003
2022/12/27 11:15,960.8463575,1032.152156,964.75
2022/12/27 11:30,977.7226095,1036.153833,988.75
2022/12/27 11:45,992.6462901,1028.660228,991
2022/12/27 12:00,997.9051739,1030.721714,972
2022/12/27 12:15,996.9962583,1020.952697,1005.5
2022/12/27 12:30,989.8371909,1019.991137,960
2022/12/27 12:45,981.3197155,1019.593245,991
2022/12/27 13:00,965.4257376,1020.406371,1008
2022/12/27 13:15,943.8727005,1020.402619,974.25
2022/12/27 13:30,916.4862378,1024.368649,1012.75
2022/12/27 13:45,886.4136544,1027.561782,974.25
2022/12/27 14:00,847.8838205,1029.573704,986.25
2022/12/27 14:15,800.8681199,1015.864376,1005.5
2022/12/27 14:30,755.3008851,1001.664567,967
2022/12/27 14:45,696.1970906,996.9336931,972
2022/12/27 15:00,636.4452985,992.0732266,1017.5
2022/12/27 15:15,576.6823628,979.2664644,964.75
2022/12/27 15:30,506.8125911,963.0965108,996
2022/12/27 15:45,437.5299033,964.2111724,1015
2022/12/27 16:00,358.6652637,966.3124418,969.5
2022/12/27 16:15,282.4272737,975.4297111,996
2022/12/27 16:30,208.530689,981.7903598,1012.75
2022/12/27 16:45,141.8122304,990.9298442,981.5
2022/12/27 17:00,86.41330484,1003.952981,979
2022/12/27 17:15,44.59013633,1011.769574,1020
2022/12/27 17:30,17.22417136,1018.356314,998.25
2022/12/27 17:45,5.291571082,1024.15471,974.25
2022/12/27 18:00,0,1036.219172,1003
2022/12/27 18:15,0,1041.642779,1008
2022/12/27 18:30,0,1039.089969,969.5
2022/12/27 18:45,0,1035.90627,1003
2022/12/27 19:00,0,1037.116308,1017.5
2022/12/27 19:15,0,1033.935027,976.75
2022/12/27 19:30,0,1031.333258,1000.75
2022/12/27 19:45,0,1038.213085,1020
2022/12/27 20:00,0,1019.700826,991
2022/12/27 20:15,0,985.3990394,986.25
2022/12/27 20:30,0,1107.022324,988.75
2022/12/27 20:45,0,1106.119747,1015
2022/12/27 21:00,0,1106.071379,972
2022/12/27 21:15,0,1106.058613,981.5
2022/12/27 21:30,0,1110.137647,1010.25
2022/12/27 21:45,0,1181.560727,1017.5
2022/12/27 22:00,0,1184.958056,972
2022/12/27 22:15,0,1192.920851,1008
2022/12/27 22:30,0,1190.053921,1020
2022/12/27 22:45,0,1193.379172,991
2022/12/27 23:00,0,1195.209057,988.75
2022/12/27 23:15,0,1192.475067,1003
2022/12/27 23:30,0,1189.869045,1032
2022/12/27 23:45,0,1188.062368,976.75
2022/12/28 00:00,0,1186.697829,998.25
2022/12/28 00:15,0,1188.546575,1012.75
2022/12/28 00:30,0,1189.109188,1010.25
2022/12/28 00:45,0,1190.919245,981.5
2022/12/28 01:00,0,1182.707738,1005.5
2022/12/28 01:15,0,1156.517145,1015
2022/12/28 01:30,0,1135.06936,1017.5
2022/12/28 01:45,0,1123.587109,984
2022/12/28 02:00,0,1134.071627,1010.25
2022/12/28 02:15,0,1146.2615,1012.75
2022/12/28 02:30,0,1149.846528,1010.25
2022/12/28 02:45,0,1138.606788,986.25
2022/12/28 03:00,0,1131.557208,986.25
2022/12/28 03:15,0,1013.189353,1012.75
2022/12/28 03:30,0,1006.678225,1024.75
2022/12/28 03:45,0,1002.568017,981.5
2022/12/28 04:00,0,1003.305666,998.25
2022/12/28 04:15,0,1009.450249,1027
2022/12/28 04:30,0,1015.880038,1032
2022/12/28 04:45,0,1017.895246,988.75
2022/12/28 05:00,0,1021.016217,1015
2022/12/28 05:15,0,1012.402727,1017.5
2022/12/28 05:30,0,1013.406796,1036.75
2022/12/28 05:45,0,1005.436869,1022.25
2022/12/28 06:00,0,1007.654355,996
2022/12/28 06:15,0,1011.329611,1008
2022/12/28 06:30,0,1021.186359,1029.5
2022/12/28 06:45,5.574447976,1020.973525,1041.5
2022/12/28 07:00,28.19040814,1026.376479,1008
2022/12/28 07:15,60.14367908,1146.436384,996
2022/12/28 07:30,106.7992283,1150.61344,1017.5
2022/12/28 07:45,162.6078137,1152.158302,1034.25
2022/12/28 08:00,220.5584815,1151.95826,1039
2022/12/28 08:15,282.3276616,1155.347876,1000.75
2022/12/28 08:30,346.137628,1038.805796,993.5
2022/12/28 08:45,413.0038061,1037.480583,1008
2022/12/28 09:00,471.2368274,1050.926006,1010.25
2022/12/28 09:15,532.4346339,1052.524228,1024.75
2022/12/28 09:30,593.7026378,1048.637331,1000.75
2022/12/28 09:45,643.4219219,1048.657354,988.75
2022/12/28 10:00,685.4041444,1171.6103,1015
2022/12/28 10:15,718.7799756,1168.165223,1017.5
2022/12/28 10:30,765.0290343,1164.138729,1010.25
2022/12/28 10:45,790.4945692,1165.820129,988.75
2022/12/28 11:00,824.8223164,1164.5785,1010.25
2022/12/28 11:15,856.375729,1162.259565,1024.75
2022/12/28 11:30,871.0905176,1157.574594,1022.25
2022/12/28 11:45,870.5820806,1156.070829,986.25
2022/12/28 12:00,877.9474637,1152.931617,1008
2022/12/28 12:15,865.5297411,1155.305235,1020
2022/12/28 12:30,888.9828518,1150.439252,998.25
2022/12/28 12:45,877.9857798,1153.924879,986.25
2022/12/28 13:00,878.9403151,1147.929447,1008
2022/12/28 13:15,862.6301025,1146.791693,1017.5
2022/12/28 13:30,843.5013144,1146.48885,986.25
2022/12/28 13:45,825.8017208,1021.296112,993.5
2022/12/28 14:00,797.1688979,1144.171102,1024.75
2022/12/28 14:15,764.7105267,1143.583623,984
2022/12/28 14:30,712.366051,1136.961978,984
2022/12/28 14:45,661.5779904,1140.056003,996
2022/12/28 15:00,616.6784184,1129.82906,1010.25
2022/12/28 15:15,552.9302948,1129.702932,969.5
2022/12/28 15:30,492.9760235,1125.522248,998.25
2022/12/28 15:45,430.8627676,1123.990818,1015
2022/12/28 16:00,353.7413633,1135.955431,993.5
2022/12/28 16:15,278.8460267,1135.084766,991
2022/12/28 16:30,209.7469852,1129.039908,1005.5
2022/12/28 16:45,144.9660572,1126.292299,1010.25
2022/12/28 17:00,88.59628329,1123.690661,991
2022/12/28 17:15,44.61338071,1117.96955,1003
2022/12/28 17:30,16.6260147,1105.300792,1032
2022/12/28 17:45,5.0043427,1098.023002,991
2022/12/28 18:00,0,1096.030494,988.75
2022/12/28 18:15,0,1086.687569,1024.75
2022/12/28 18:30,0,1076.201219,1003
2022/12/28 18:45,0,1084.674148,984
2022/12/28 19:00,0,1080.882814,1010.25
2022/12/28 19:15,0,1087.580093,1022.25
2022/12/28 19:30,0,1093.898868,996
2022/12/28 19:45,0,1104.231643,1000.75
2022/12/28 20:00,0,1104.440098,1005.5
2022/12/28 20:15,0,1104.979849,1027
2022/12/28 20:30,0,1098.309222,979
2022/12/28 20:45,0,1090.912821,974.25
2022/12/28 21:00,0,1084.483179,991
2022/12/28 21:15,0,1084.185644,1015
2022/12/28 21:30,0,1072.528737,962.25
2022/12/28 21:45,0,1054.261972,993.5
2022/12/28 22:00,0,1035.533595,996
2022/12/28 22:15,0,1025.485664,1003
2022/12/28 22:30,0,886.9497438,974.25
2022/12/28 22:45,0,866.5975779,986.25
2022/12/28 23:00,0,833.3103648,1010.25
2022/12/28 23:15,0,811.1491454,998.25
2022/12/28 23:30,0,923.6813603,969.5
2022/12/28 23:45,0,930.58249,1000.75
2022/12/29 00:00,0,920.8563758,1005.5
2022/12/29 00:15,0,918.0380305,988.75
2022/12/29 00:30,0,919.2190136,981.5
2022/12/29 00:45,0,917.2178438,986.25
2022/12/29 01:00,0,919.8571657,1012.75
2022/12/29 01:15,0,801.0012065,996
2022/12/29 01:30,0,792.3828099,967
2022/12/29 01:45,0,798.255054,1005.5
2022/12/29 02:00,0,908.567308,1005.5
2022/12/29 02:15,0,920.1283574,962.25
2022/12/29 02:30,0,938.9583921,986.25
2022/12/29 02:45,0,935.9717135,993.5
2022/12/29 03:00,0,929.3087726,955
2022/12/29 03:15,0,926.6349925,972
2022/12/29 03:30,0,937.1445104,996
2022/12/29 03:45,0,936.951598,988.75
2022/12/29 04:00,0,944.4356142,957.5
2022/12/29 04:15,0,950.5227819,986.25
2022/12/29 04:30,0,953.8579032,1003
2022/12/29 04:45,0,950.8630147,972
2022/12/29 05:00,0,943.5041522,979
2022/12/29 05:15,0,935.6769293,1003
2022/12/29 05:30,0,934.7962182,984
2022/12/29 05:45,0,925.7274961,969.5
2022/12/29 06:00,0,921.2174988,993.5
2022/12/29 06:15,0,921.1211647,1000.75
2022/12/29 06:30,0,923.1951167,957.5
2022/12/29 06:45,4.655482229,925.5595464,984
2022/12/29 07:00,25.71321916,934.9261636,1000.75
2022/12/29 07:15,59.42829367,927.068488,984
2022/12/29 07:30,108.568594,946.3133807,967
2022/12/29 07:45,169.6632247,966.1375249,993.5
2022/12/29 08:00,237.2053755,985.1018619,998.25
2022/12/29 08:15,314.756373,991.2477757,948
2022/12/29 08:30,389.3837236,991.4234767,974.25
2022/12/29 08:45,469.7657028,982.7181583,976.75
2022/12/29 09:00,544.7531044,957.992729,945.5
2022/12/29 09:15,613.65033,940.5919823,981.5
2022/12/29 09:30,687.1745333,937.6254643,948
2022/12/29 09:45,748.9456467,923.0424439,1003
2022/12/29 10:00,822.0875162,903.6550949,1027
2022/12/29 10:15,870.2499603,872.4953966,1020
2022/12/29 10:30,916.1959842,863.3463373,1017.5
2022/12/29 10:45,956.0707625,858.8007639,988.75
2022/12/29 11:00,973.9620955,858.4226289,1000.75
2022/12/29 11:15,992.246429,887.1580703,986.25
2022/12/29 11:30,1023.099818,955.068458,1017.5
2022/12/29 11:45,1034.835786,1030.894004,960
2022/12/29 12:00,1029.492804,1089.874993,1012.75
2022/12/29 12:15,1008.140339,1126.545989,976.75
2022/12/29 12:30,976.7403057,1152.131758,996
2022/12/29 12:45,957.9276239,1051.112647,976.75
2022/12/29 13:00,934.1331203,1051.881872,993.5
2022/12/29 13:15,906.3592727,1053.452356,948
2022/12/29 13:30,862.0137749,1051.055572,996
2022/12/29 13:45,834.9134043,1052.552617,943
2022/12/29 14:00,815.8269738,1050.726549,991
2022/12/29 14:15,802.8034714,1043.959163,962.25
2022/12/29 14:30,765.5797893,1039.679297,957.5
2022/12/29 14:45,736.2258584,1031.777555,960
2022/12/29 15:00,682.1931628,1027.914855,967
2022/12/29 15:15,615.0306781,765.8348161,957.5
2022/12/29 15:30,532.4546287,1010.822968,976.75
2022/12/29 15:45,452.8059886,1015.13808,960
2022/12/29 16:00,371.6486855,1016.304555,967
2022/12/29 16:15,299.7348443,1018.567058,988.75
2022/12/29 16:30,211.2362343,1004.148673,960
2022/12/29 16:45,138.1874744,1000.946096,998.25
2022/12/29 17:00,84.01856657,998.1104621,976.75
2022/12/29 17:15,41.03231699,1118.62827,976.75
2022/12/29 17:30,15.83515408,1113.788444,972
2022/12/29 17:45,5.263210447,1104.050952,998.25
2022/12/29 18:00,0,1087.634212,950.25
2022/12/29 18:15,0,1076.76423,1003
2022/12/29 18:30,0,1056.53433,952.75
2022/12/29 18:45,0,1029.867084,998.25
2022/12/29 19:00,0,1021.243638,964.75
2022/12/29 19:15,0,999.3492657,979
2022/12/29 19:30,0,976.0940325,950.25
2022/12/29 19:45,0,950.2430368,993.5
2022/12/29 20:00,0,937.0223688,940.75
2022/12/29 20:15,0,933.6336189,972
2022/12/29 20:30,0,930.044626,945.5
2022/12/29 20:45,0,930.4149122,955
2022/12/29 21:00,0,930.1183608,955
2022/12/29 21:15,0,929.8067856,952.75
2022/12/29 21:30,0,909.6590504,957.5
2022/12/29 21:45,0,907.6054882,972
2022/12/29 22:00,0,906.7093869,948
2022/12/29 22:15,0,913.3406631,969.5
2022/12/29 22:30,0,906.97524,974.25
2022/12/29 22:45,0,917.0946222,952.75
2022/12/29 23:00,0,913.7659885,984
2022/12/29 23:15,0,873.1600875,955
2022/12/29 23:30,0,843.2236049,974.25
2022/12/29 23:45,0,848.3237791,969.5
2022/12/30 00:00,0,867.4900962,979
2022/12/30 00:15,0,891.1458883,952.75
2022/12/30 00:30,0,897.9927448,1003
2022/12/30 00:45,0,889.1882139,933.5
2022/12/30 01:00,0,866.0852284,998.25
2022/12/30 01:15,0,861.6908163,960
2022/12/30 01:30,0,844.8951805,972
2022/12/30 01:45,0,846.5919556,976.75
2022/12/30 02:00,0,867.3647374,984
2022/12/30 02:15,0,875.8166381,962.25
2022/12/30 02:30,0,911.7470392,984
2022/12/30 02:45,0,936.0590538,955
2022/12/30 03:00,0,951.1741095,972
2022/12/30 03:15,0,971.8505638,986.25
2022/12/30 03:30,0,974.7544772,960
2022/12/30 03:45,0,962.5363799,993.5
2022/12/30 04:00,0,959.2084085,981.5
2022/12/30 04:15,0,957.6132951,993.5
2022/12/30 04:30,0,950.2238923,984
2022/12/30 04:45,0,947.7216517,1008
2022/12/30 05:00,0,951.3719159,976.75
2022/12/30 05:15,0,953.232579,1005.5
2022/12/30 05:30,0,952.5847823,996
2022/12/30 05:45,0,953.0489382,991
2022/12/30 06:00,0,938.5095447,1034.25
2022/12/30 06:15,0,934.6054275,969.5
2022/12/30 06:30,0,925.8673945,1024.75
2022/12/30 06:45,6.999056715,924.0228095,1022.25
2022/12/30 07:00,35.65760021,908.2873223,984
2022/12/30 07:15,81.23971319,883.8205825,1048.75
2022/12/30 07:30,142.9941673,867.0999348,1012.75
2022/12/30 07:45,218.8066556,864.2133221,1022.25
2022/12/30 08:00,302.7775879,864.9377896,1075
2022/12/30 08:15,392.987563,860.6912051,1032
2022/12/30 08:30,480.4262595,855.8065762,1101.5
2022/12/30 08:45,564.7036557,856.4846444,1104
2022/12/30 09:00,642.2373394,860.3050295,1113.5
2022/12/30 09:15,715.2651058,854.5001592,1144.75
2022/12/30 09:30,787.8796993,853.0580436,1171
2022/12/30 09:45,850.9905171,849.6565123,1180.75
2022/12/30 10:00,904.4261309,842.1380763,1171
2022/12/30 10:15,954.0259682,831.1918455,1207
2022/12/30 10:30,1002.268331,838.5643356,1178.25
2022/12/30 10:45,1033.421286,865.090078,1183
2022/12/30 11:00,1062.382775,885.1619928,1195
2022/12/30 11:15,1088.459661,911.5909991,1168.75
2022/12/30 11:30,1103.721789,951.8148794,1228.75
2022/12/30 11:45,1119.493137,999.8105432,1202.25
2022/12/30 12:00,1132.45116,1021.315887,1173.5
2022/12/30 12:15,1130.900831,1033.736651,1219
2022/12/30 12:30,1126.937237,1047.774601,1166.25
2022/12/30 12:45,1121.600153,1062.41451,1173.5
2022/12/30 13:00,1106.729036,1078.574289,1209.5
2022/12/30 13:15,1081.235499,1075.041843,1176
2022/12/30 13:30,1051.115473,1082.590533,1200
2022/12/30 13:45,1016.279865,1086.304525,1214.25
2022/12/30 14:00,972.2826524,982.6704542,1178.25
2022/12/30 14:15,922.5697352,992.2684304,1190.25
2022/12/30 14:30,864.669964,994.8262303,1202.25
2022/12/30 14:45,802.4175753,1007.68807,1171
2022/12/30 15:00,740.85323,1021.251964,1183
2022/12/30 15:15,669.3213007,1021.794467,1166.25
2022/12/30 15:30,594.3933169,1018.315313,1207
2022/12/30 15:45,515.1305963,1017.875808,1176
2022/12/30 16:00,426.6597646,1015.611444,1195
2022/12/30 16:15,342.5327546,1012.909366,1204.75
2022/12/30 16:30,255.3406096,733.8784991,1190.25
2022/12/30 16:45,174.000893,995.5620608,1195
2022/12/30 17:00,107.4130861,978.851011,1149.5
2022/12/30 17:15,55.89967747,948.0732918,1176
2022/12/30 17:30,22.12436321,921.0577591,1140
2022/12/30 17:45,6.492150995,1011.72925,1161.5
2022/12/30 18:00,0,968.9252322,1159
2022/12/30 18:15,0,899.5134606,1142.25
2022/12/30 18:30,0,805.7406828,1164
2022/12/30 18:45,0,734.6735588,1140
2022/12/30 19:00,0,695.0442234,1152
2022/12/30 19:15,0,653.6608967,1104
2022/12/30 19:30,0,627.8441194,1123
2022/12/30 19:45,0,633.8864073,1099
2022/12/30 20:00,0,615.5327271,1104
2022/12/30 20:15,0,614.6568788,1099
2022/12/30 20:30,0,590.5413084,1068
2022/12/30 20:45,0,564.9337451,1108.75
2022/12/30 21:00,0,535.7410462,1070.25
2022/12/30 21:15,0,489.6631193,1094.25
2022/12/30 21:30,0,467.5686657,1094.25
2022/12/30 21:45,0,445.4844078,1084.75
2022/12/30 22:00,0,411.0831284,1120.75
2022/12/30 22:15,0,379.519982,1070.25
2022/12/30 22:30,0,350.4520075,1104
2022/12/30 22:45,0,318.317867,1113.5
2022/12/30 23:00,0,276.8554135,1096.75
2022/12/30 23:15,0,241.9107027,1130.25
2022/12/30 23:30,0,210.1442403,1101.5
2022/12/30 23:45,0,174.4104936,1108.75
2022/12/31 00:00,0,153.2133502,1135
2022/12/31 00:15,0,142.7505368,1092
2022/12/31 00:30,0,140.7918966,1116
2022/12/31 00:45,0,135.4725763,1118.25
2022/12/31 01:00,0,136.2850567,1089.5
2022/12/31 01:15,0,143.0682149,1116
2022/12/31 01:30,0,151.2716477,1113.5
2022/12/31 01:45,0,150.4439842,1106.25
2022/12/31 02:00,0,163.3818729,1120.75
2022/12/31 02:15,0,174.3940496,1135
2022/12/31 02:30,0,173.186357,1092
2022/12/31 02:45,0,172.8592832,1120.75
2022/12/31 03:00,0,186.5330335,1120.75
2022/12/31 03:15,0,189.0911517,1118.25
2022/12/31 03:30,0,183.3413206,1089.5
2022/12/31 03:45,0,185.5560193,1116
2022/12/31 04:00,0,190.8405022,1135
2022/12/31 04:15,0,193.1506493,1101.5
2022/12/31 04:30,0,193.566364,1108.75
2022/12/31 04:45,0,184.8814553,1147
2022/12/31 05:00,0,172.5055096,1140
2022/12/31 05:15,0,157.3638475,1113.5
2022/12/31 05:30,0,154.7420808,1142.25
2022/12/31 05:45,0,160.3983842,1154.25
2022/12/31 06:00,0,163.4095295,1118.25
2022/12/31 06:15,0,162.4217294,1125.5
2022/12/31 06:30,0,156.1670015,1154.25
2022/12/31 06:45,8.473338531,146.426726,1156.75
2022/12/31 07:00,35.78311233,145.2002984,1123
2022/12/31 07:15,80.8130445,137.6978748,1135
2022/12/31 07:30,142.0332967,131.2091786,1164
2022/12/31 07:45,216.6086191,125.5500717,1166.25
2022/12/31 08:00,295.9757968,111.0914099,1137.5
2022/12/31 08:15,386.1021162,102.1166073,1168.75
2022/12/31 08:30,459.497475,103.5374393,1164
2022/12/31 08:45,541.7767899,103.9905845,1137.5
2022/12/31 09:00,621.1280769,93.65047407,1173.5
2022/12/31 09:15,687.2951359,85.83483267,1161.5
2022/12/31 09:30,759.3193662,74.31269588,1171
2022/12/31 09:45,825.7238728,65.7080871,1192.75
2022/12/31 10:00,880.5692963,66.82993812,1176
2022/12/31 10:15,926.2520226,67.35166519,1207
2022/12/31 10:30,966.8054652,63.86049513,1168.75
2022/12/31 10:45,1011.965729,60.92286252,1209.5
2022/12/31 11:00,1045.151594,61.86890843,1190.25
2022/12/31 11:15,1072.986628,57.071575,1231
2022/12/31 11:30,1094.239662,57.46160807,1219
2022/12/31 11:45,1110.259207,55.8640468,1204.75
2022/12/31 12:00,1116.311136,50.48230977,1200
2022/12/31 12:15,1118.65074,45.62830918,1176
2022/12/31 12:30,1115.199708,45.16602837,1168.75
2022/12/31 12:45,1106.25061,53.176936,1147
2022/12/31 13:00,1090.724216,56.34280505,1183
2022/12/31 13:15,1071.347098,50.99721742,1137.5
2022/12/31 13:30,1043.706139,49.82263169,1176
2022/12/31 13:45,1012.20451,51.22145722,1149.5
2022/12/31 14:00,970.2563002,50.50745357,1200
2022/12/31 14:15,921.7011044,50.50674716,1144.75
2022/12/31 14:30,868.1155441,54.77591555,1171
2022/12/31 14:45,808.736452,54.72701895,1147
2022/12/31 15:00,743.1002235,57.80456354,1161.5
2022/12/31 15:15,668.8179347,56.98847205,1178.25
2022/12/31 15:30,591.3911687,54.48442173,1178.25
2022/12/31 15:45,509.6897684,55.69668982,1192.75
2022/12/31 16:00,423.7931241,54.52197729,1190.25
2022/12/31 16:15,337.0713684,51.4545569,1216.75
2022/12/31 16:30,251.2377777,46.45264872,1185.5
2022/12/31 16:45,173.5067448,45.45700274,1166.25
2022/12/31 17:00,108.4409163,41.88835983,1137.5
2022/12/31 17:15,57.37639015,43.2501696,1123
2022/12/31 17:30,22.84488153,43.70122831,1140
2022/12/31 17:45,7.634678973,43.44355878,1104
2022/12/31 18:00,0,39.1289486,1130.25
2022/12/31 18:15,0,36.08281411,1089.5
2022/12/31 18:30,0,29.32852444,1113.5
2022/12/31 18:45,0,25.17788371,1118.25
2022/12/31 19:00,0,22.25186113,1111
2022/12/31 19:15,0,18.09098143,1113.5
2022/12/31 19:30,0,9.614532857,1068
2022/12/31 19:45,0,11.17430778,1089.5
2022/12/31 20:00,0,12.92726721,1039
2022/12/31 20:15,0,12.55448875,1070.25
2022/12/31 20:30,0,12.33816602,1029.5
2022/12/31 20:45,0,12.80742407,1046.25
2022/12/31 21:00,0,15.68166122,1048.75
2022/12/31 21:15,0,18.2898191,1044
2022/12/31 21:30,0,18.60739917,1082.25
2022/12/31 21:45,0,20.19110335,1058.25
2022/12/31 22:00,0,19.43830916,1089.5
2022/12/31 22:15,0,18.46067646,1053.5
2022/12/31 22:30,0,18.0147286,1099
2022/12/31 22:45,0,18.74671478,1092
2022/12/31 23:00,0,19.67608879,1080
2022/12/31 23:15,0,17.6745584,1111
2022/12/31 23:30,0,14.66735771,1094.25
2022/12/31 23:45,0,11.65652064,1120.75
2023/1/1 00:00,0,10.49628693,1082.25
2023/1/1 00:15,0,9.125198442,1104
2023/1/1 00:30,0,11.56059948,1070.25
2023/1/1 00:45,0,12.66620943,1094.25
2023/1/1 01:00,0,12.20615569,1089.5
2023/1/1 01:15,0,10.93617931,1087
2023/1/1 01:30,0,9.369203002,1104
2023/1/1 01:45,0,7.592042768,1080
2023/1/1 02:00,0,8.648461976,1118.25
2023/1/1 02:15,0,4.936067194,1065.5
2023/1/1 02:30,0,2.916106476,1101.5
2023/1/1 02:45,0,2.580769517,1068
2023/1/1 03:00,0,2.440286282,1089.5
2023/1/1 03:15,0,3.825399346,1080
2023/1/1 03:30,0,4.254628042,1094.25
2023/1/1 03:45,0,5.447919415,1094.25
2023/1/1 04:00,0,7.285295753,1087
2023/1/1 04:15,0,11.52252037,1096.75
2023/1/1 04:30,0,13.00372881,1087
2023/1/1 04:45,0,19.41883013,1111
2023/1/1 05:00,0,17.86847997,1087
2023/1/1 05:15,0,19.60375173,1120.75
2023/1/1 05:30,0,28.15256933,1092
2023/1/1 05:45,0,41.09961846,1135
2023/1/1 06:00,0,49.49385544,1087
2023/1/1 06:15,0,53.79189371,1128
2023/1/1 06:30,0,59.28942406,1087
2023/1/1 06:45,8.140431535,71.90245532,1120.75
2023/1/1 07:00,32.8022931,73.18352936,1108.75
2023/1/1 07:15,72.00740943,68.8008652,1135
2023/1/1 07:30,118.4403643,71.42668522,1144.75
2023/1/1 07:45,167.151794,70.57468718,1176
2023/1/1 08:00,233.5920447,70.35722961,1164
2023/1/1 08:15,304.5208544,247.9753246,1164
2023/1/1 08:30,371.4063886,254.8988253,1171
2023/1/1 08:45,438.3333488,256.9435235,1140
2023/1/1 09:00,496.8561006,254.5270351,1173.5
2023/1/1 09:15,540.3815362,256.7629655,1156.75
2023/1/1 09:30,574.1923561,37.77529498,1200
2023/1/1 09:45,624.310843,30.67030354,1161.5
2023/1/1 10:00,665.6324167,23.19862142,1216.75
2023/1/1 10:15,685.2191559,15.80443794,1202.25
2023/1/1 10:30,693.19082,14.64206525,1228.75
2023/1/1 10:45,689.4835997,89.49049782,1221.5
2023/1/1 11:00,700.4653963,88.03835805,1195
2023/1/1 11:15,695.8308256,103.8374451,1209.5
2023/1/1 11:30,724.0193339,55.71729166,1207
2023/1/1 11:45,723.964887,50.36634382,1190.25
2023/1/1 12:00,735.8316644,50.83405006,1216.75
2023/1/1 12:15,728.0259726,54.70741007,1171
2023/1/1 12:30,684.72715,30.31028241,1161.5
2023/1/1 12:45,661.6877127,30.11664733,1173.5
2023/1/1 13:00,657.3195933,47.83735992,1164
2023/1/1 13:15,659.4191315,60.11722488,1171
2023/1/1 13:30,678.2694969,76.41532867,1185.5
2023/1/1 13:45,697.0665485,90.43549888,1166.25
2023/1/1 14:00,692.4826881,102.0672145,1188
2023/1/1 14:15,650.5367947,114.5730807,1188
2023/1/1 14:30,606.3746469,119.3254559,1144.75
2023/1/1 14:45,574.3472001,123.4874331,1166.25
2023/1/1 15:00,519.2279407,122.7901347,1171
2023/1/1 15:15,489.2878535,133.2256753,1166.25
2023/1/1 15:30,439.5208697,140.7971517,1164
2023/1/1 15:45,378.4310013,145.2811341,1197.5
2023/1/1 16:00,317.5216496,163.599268,1159
2023/1/1 16:15,247.2578723,174.5434065,1171
2023/1/1 16:30,182.0720443,193.0470515,1171
2023/1/1 16:45,126.2264565,215.6642715,1135
2023/1/1 17:00,79.86018184,216.0050993,1123
2023/1/1 17:15,43.5065262,224.4461866,1140
2023/1/1 17:30,17.25881328,241.2320119,1104
2023/1/1 17:45,6.634509458,251.4912891,1130.25
2023/1/1 18:00,0,254.7920681,1137.5
2023/1/1 18:15,0,258.8608833,1113.5
2023/1/1 18:30,0,263.0007575,1125.5
2023/1/1 18:45,0,258.4877363,1118.25
2023/1/1 19:00,0,244.1968064,1104
2023/1/1 19:15,0,240.8380125,1108.75
2023/1/1 19:30,0,261.9705239,1108.75
2023/1/1 19:45,0,270.1936347,1084.75
2023/1/1 20:00,0,269.4285346,1120.75
2023/1/1 20:15,0,293.3593214,1065.5
2023/1/1 20:30,0,311.9572684,1075
2023/1/1 20:45,0,295.4932176,1084.75
2023/1/1 21:00,0,272.9031072,1060.75
2023/1/1 21:15,0,258.9297072,1089.5
2023/1/1 21:30,0,257.751995,1070.25
2023/1/1 21:45,0,252.1166896,1070.25
2023/1/1 22:00,0,243.5795101,1089.5
2023/1/1 22:15,0,238.5944656,1065.5
2023/1/1 22:30,0,233.5107178,1075
2023/1/1 22:45,0,239.3411561,1072.75
2023/1/1 23:00,0,240.0373208,1048.75
2023/1/1 23:15,0,230.8220062,1075
2023/1/1 23:30,0,256.3682582,1044
2023/1/1 23:45,0,266.8564293,1056
2023/1/2 00:00,0,266.830074,1063
2023/1/2 00:15,0,499.2186829,1041.5
2023/1/2 00:30,0,677.3966671,1060.75
2023/1/2 00:45,0,714.2753731,1060.75
2023/1/2 01:00,0,746.1093524,1034.25
2023/1/2 01:15,0,795.957171,1060.75
2023/1/2 01:30,0,863.8185899,1044
2023/1/2 01:45,0,929.9542301,1046.25
2023/1/2 02:00,0,958.2457864,1087
2023/1/2 02:15,0,993.6631319,1051
2023/1/2 02:30,0,1086.494916,1063
2023/1/2 02:45,0,1116.841487,1063
2023/1/2 03:00,0,1148.702583,1058.25
2023/1/2 03:15,0,1174.247066,1075
2023/1/2 03:30,0,1176.081397,1058.25
2023/1/2 03:45,0,1179.776339,1082.25
2023/1/2 04:00,0,1183.034354,1053.5
2023/1/2 04:15,0,1191.519008,1087
2023/1/2 04:30,0,1204.966351,1053.5
2023/1/2 04:45,0,1211.089698,1089.5
2023/1/2 05:00,0,1209.037006,1051
2023/1/2 05:15,0,1082.69539,1070.25
2023/1/2 05:30,0,971.3344824,1082.25
2023/1/2 05:45,0,971.217182,1060.75
2023/1/2 06:00,0,977.0080462,1092
2023/1/2 06:15,0,970.8884035,1051
2023/1/2 06:30,0,966.2790238,1096.75
2023/1/2 06:45,7.469628708,963.3260171,1068
2023/1/2 07:00,27.72067109,967.1019818,1084.75
2023/1/2 07:15,60.26411069,1086.810883,1108.75
2023/1/2 07:30,104.0711979,1083.200043,1084.75
2023/1/2 07:45,155.394755,1072.518745,1142.25
2023/1/2 08:00,213.7851505,1184.936812,1096.75
2023/1/2 08:15,277.173344,1196.270224,1135
2023/1/2 08:30,339.1472478,1211.296021,1123
2023/1/2 08:45,420.9312241,1211.595071,1123
2023/1/2 09:00,498.5212486,1213.200311,1168.75
2023/1/2 09:15,570.8442693,1218.459223,1168.75
2023/1/2 09:30,633.4710259,1228.947616,1212
2023/1/2 09:45,692.0104396,1234.130819,1178.25
2023/1/2 10:00,744.5150136,1236.151539,1195
2023/1/2 10:15,793.4550726,1216.706661,1233.5
2023/1/2 10:30,829.5829975,1205.432037,1238.25
2023/1/2 10:45,879.1708476,1215.808505,1260
2023/1/2 11:00,904.9669333,1218.050894,1219
2023/1/2 11:15,930.3661712,1093.316474,1245.5
2023/1/2 11:30,941.6658952,1099.4028,1224
2023/1/2 11:45,956.7187917,1101.028268,1224
2023/1/2 12:00,964.3732686,1102.376098,1236
2023/1/2 12:15,963.6567605,1103.285317,1190.25
2023/1/2 12:30,958.148656,1102.72172,1207
2023/1/2 12:45,948.9885972,1101.994553,1176
2023/1/2 13:00,930.5458379,1095.059738,1204.75
2023/1/2 13:15,907.3603037,1094.210506,1180.75
2023/1/2 13:30,885.4359444,1094.346049,1202.25
2023/1/2 13:45,858.7202899,1096.318388,1209.5
2023/1/2 14:00,821.2093819,1095.902622,1202.25
2023/1/2 14:15,780.761668,1094.861427,1200
2023/1/2 14:30,734.3018386,1091.879227,1176
2023/1/2 14:45,686.498717,1089.023091,1202.25
2023/1/2 15:00,632.0250735,1089.055427,1159
2023/1/2 15:15,575.8582202,1086.833166,1176
2023/1/2 15:30,511.1436742,1084.138719,1137.5
2023/1/2 15:45,442.6449313,1082.056783,1171
2023/1/2 16:00,369.3148126,1077.594427,1132.75
2023/1/2 16:15,294.2375894,1076.827773,1152
2023/1/2 16:30,223.5703622,1065.433209,1166.25
2023/1/2 16:45,157.3071513,1055.244763,1142.25
2023/1/2 17:00,101.6593762,1180.825259,1166.25
2023/1/2 17:15,55.83992171,1181.873833,1137.5
2023/1/2 17:30,23.12207333,1175.623466,1161.5
2023/1/2 17:45,9.084149472,1175.150826,1111
2023/1/2 18:00,0,1197.224622,1130.25
2023/1/2 18:15,0,1214.799838,1108.75
2023/1/2 18:30,0,1207.660462,1096.75
2023/1/2 18:45,0,1193.590088,1108.75
2023/1/2 19:00,0,1195.033089,1060.75
2023/1/2 19:15,0,1197.869876,1075
2023/1/2 19:30,0,1202.748525,1039
2023/1/2 19:45,0,1200.351224,1070.25
2023/1/2 20:00,0,1192.231711,1034.25
2023/1/2 20:15,0,1187.040722,1053.5
2023/1/2 20:30,0,1180.215879,1029.5
2023/1/2 20:45,0,1178.420636,1027
2023/1/2 21:00,0,1169.841988,1022.25
2023/1/2 21:15,0,1159.329252,1020
2023/1/2 21:30,0,1161.129939,1051
2023/1/2 21:45,0,1162.327548,1015
2023/1/2 22:00,0,1159.409328,1058.25
2023/1/2 22:15,0,1150.100965,1027
2023/1/2 22:30,0,1147.82837,1036.75
2023/1/2 22:45,0,1140.168095,1036.75
2023/1/2 23:00,0,1128.769341,1022.25
2023/1/2 23:15,0,1118.470533,1039
2023/1/2 23:30,0,1112.361516,1015
2023/1/2 23:45,0,1097.185223,1051
2023/1/3 00:00,0,1074.091986,1003
2023/1/3 00:15,0,1062.014903,1032
2023/1/3 00:30,0,1063.374747,1017.5
2023/1/3 00:45,0,1075.10757,1015
2023/1/3 01:00,0,1077.673507,1029.5
2023/1/3 01:15,0,1081.463295,1010.25
2023/1/3 01:30,0,1071.430776,1034.25
2023/1/3 01:45,0,1066.931306,1000.75
2023/1/3 02:00,0,1066.473499,1024.75
2023/1/3 02:15,0,1069.154653,996
2023/1/3 02:30,0,1060.502885,1003
2023/1/3 02:45,0,1060.782063,1015
2023/1/3 03:00,0,1065.141579,988.75
2023/1/3 03:15,0,1086.296595,1029.5
2023/1/3 03:30,0,1089.974376,993.5
2023/1/3 03:45,0,1077.375482,1032
2023/1/3 04:00,0,1065.979516,1005.5
2023/1/3 04:15,0,1067.992302,1024.75
2023/1/3 04:30,0,1082.383913,1039
2023/1/3 04:45,0,1088.28014,1003
2023/1/3 05:00,0,1090.119151,1044
2023/1/3 05:15,0,1088.288577,1000.75
2023/1/3 05:30,0,1095.944919,1029.5
2023/1/3 05:45,0,1106.395577,1020
2023/1/3 06:00,0,1122.598933,1017.5
2023/1/3 06:15,0,1140.238334,1063
2023/1/3 06:30,0,1148.085485,1060.75
2023/1/3 06:45,7.223625282,886.7442611,1068
2023/1/3 07:00,23.46916415,870.4589875,1041.5
2023/1/3 07:15,49.61758375,855.5561554,1063
2023/1/3 07:30,82.77669751,844.5389549,1092
2023/1/3 07:45,120.7580937,812.9097883,1075
2023/1/3 08:00,165.7139787,774.401157,1116
2023/1/3 08:15,215.5208445,716.3842833,1084.75
2023/1/3 08:30,269.1559441,703.0037202,1111
2023/1/3 08:45,327.3527399,745.3353513,1113.5
2023/1/3 09:00,385.0295679,791.9963541,1125.5
2023/1/3 09:15,437.254804,825.7253965,1166.25
2023/1/3 09:30,509.6197415,828.2791339,1149.5
2023/1/3 09:45,592.8095691,837.8440177,1190.25
2023/1/3 10:00,657.3272293,837.4061939,1190.25
2023/1/3 10:15,685.8697605,867.6189071,1200
2023/1/3 10:30,749.4899745,883.5814549,1226.25
2023/1/3 10:45,813.4019332,882.3814199,1195
2023/1/3 11:00,804.0466715,883.2224603,1219
2023/1/3 11:15,789.9297604,886.1885892,1176
2023/1/3 11:30,771.8032773,890.0923802,1180.75
2023/1/3 11:45,793.8703505,900.7361449,1192.75
2023/1/3 12:00,847.9693623,903.5719446,1152
2023/1/3 12:15,845.3877164,906.5555381,1156.75
2023/1/3 12:30,861.8108375,902.5518911,1106.25
2023/1/3 12:45,867.217526,904.5212121,1147
2023/1/3 13:00,863.4610407,1100.557135,1132.75
2023/1/3 13:15,829.6952394,1109.404479,1168.75
2023/1/3 13:30,795.0686529,1117.402169,1180.75
2023/1/3 13:45,766.8612855,1113.728869,1168.75
2023/1/3 14:00,745.575053,873.5681192,1219
2023/1/3 14:15,699.0800368,994.2457449,1200
2023/1/3 14:30,655.6145966,989.2843676,1197.5
2023/1/3 14:45,597.9043235,980.983073,1166.25
2023/1/3 15:00,551.1325479,977.8767556,1161.5
2023/1/3 15:15,477.8203337,1101.320491,1183
2023/1/3 15:30,408.343756,1069.953457,1159
2023/1/3 15:45,362.3285154,1071.845385,1180.75
2023/1/3 16:00,306.483582,1098.82311,1140
2023/1/3 16:15,247.6336248,1084.357969,1164
2023/1/3 16:30,183.2968599,1073.198271,1168.75
2023/1/3 16:45,121.2975122,1070.450319,1166.25
2023/1/3 17:00,75.37646673,1082.90216,1166.25
2023/1/3 17:15,37.88975154,1090.280283,1144.75
2023/1/3 17:30,17.14391322,1097.02941,1173.5
2023/1/3 17:45,8.131361175,1103.430246,1132.75
2023/1/3 18:00,0,1168.825482,1147
2023/1/3 18:15,0,1164.379985,1106.25
2023/1/3 18:30,0,1153.571984,1130.25
2023/1/3 18:45,0,1135.873539,1108.75
2023/1/3 19:00,0,1140.559479,1101.5
2023/1/3 19:15,0,1138.331157,1101.5
2023/1/3 19:30,0,1114.794648,1070.25
2023/1/3 19:45,0,1076.948293,1101.5
2023/1/3 20:00,0,1026.089797,1058.25
2023/1/3 20:15,0,975.2781441,1087
2023/1/3 20:30,0,981.8442759,1058.25
2023/1/3 20:45,0,967.2238263,1068
2023/1/3 21:00,0,948.4036233,1063
2023/1/3 21:15,0,923.4097568,1063
2023/1/3 21:30,0,897.6654353,1075
2023/1/3 21:45,0,890.6510516,1046.25
2023/1/3 22:00,0,856.8315974,1077.5
2023/1/3 22:15,0,844.7272625,1041.5
2023/1/3 22:30,0,856.8493585,1060.75
2023/1/3 22:45,0,807.982825,1046.25
2023/1/3 23:00,0,822.5978126,1058.25
2023/1/3 23:15,0,829.1308787,1056
2023/1/3 23:30,0,780.4181378,1048.75
2023/1/3 23:45,0,747.9434675,1065.5
2023/1/4 00:00,0,705.5357462,1044
2023/1/4 00:15,0,692.2993628,1070.25
2023/1/4 00:30,0,686.6558469,1041.5
2023/1/4 00:45,0,729.9189355,1068
2023/1/4 01:00,0,805.1664769,1048.75
2023/1/4 01:15,0,887.5367575,1053.5
2023/1/4 01:30,0,991.7391218,1051
2023/1/4 01:45,0,971.9641313,1039
2023/1/4 02:00,0,833.3716726,1053.5
2023/1/4 02:15,0,793.6645871,1017.5
2023/1/4 02:30,0,849.5781267,1046.25
2023/1/4 02:45,0,887.7392772,1029.5
2023/1/4 03:00,0,880.7495468,1036.75
2023/1/4 03:15,0,849.9804923,1051
2023/1/4 03:30,0,832.6043823,1029.5
2023/1/4 03:45,0,966.6534556,1065.5
2023/1/4 04:00,0,1101.415959,1027
2023/1/4 04:15,0,1154.635224,1072.75
2023/1/4 04:30,0,1151.520619,1027
2023/1/4 04:45,0,1139.9741,1063
2023/1/4 05:00,0,1092.724109,1034.25
2023/1/4 05:15,0,1004.110598,1041.5
2023/1/4 05:30,0,831.6610911,1060.75
2023/1/4 05:45,0,824.4333467,1027
2023/1/4 06:00,0,771.9096936,1056
2023/1/4 06:15,0,809.7263781,1034.25
2023/1/4 06:30,0,880.8637643,1072.75
2023/1/4 06:45,8.555480713,931.3070281,1072.75
2023/1/4 07:00,31.0048243,968.1432528,1058.25
2023/1/4 07:15,65.54610029,1016.940996,1084.75
2023/1/4 07:30,109.1706878,1046.231055,1072.75
2023/1/4 07:45,171.3553733,1075.533156,1094.25
2023/1/4 08:00,219.1783863,1050.169577,1080
2023/1/4 08:15,264.6552333,943.923587,1101.5
2023/1/4 08:30,340.1107847,763.4161729,1070.25
2023/1/4 08:45,405.9335347,588.4188068,1087
2023/1/4 09:00,478.0521013,504.6383806,1077.5
2023/1/4 09:15,566.0156183,466.0888984,1099
2023/1/4 09:30,643.6077616,513.9018217,1082.25
2023/1/4 09:45,651.8868063,587.4603024,1104
2023/1/4 10:00,706.5957318,825.2238198,1092
2023/1/4 10:15,721.9362863,950.1668518,1087
2023/1/4 10:30,752.0343568,997.8795177,1125.5
2023/1/4 10:45,796.0223587,1014.678298,1094.25
2023/1/4 11:00,841.3158263,1016.549395,1130.25
2023/1/4 11:15,902.6280879,1014.337777,1082.25
2023/1/4 11:30,923.0141228,1019.702486,1113.5
2023/1/4 11:45,906.9262414,1017.409818,1094.25
2023/1/4 12:00,907.6693136,1004.810629,1108.75
2023/1/4 12:15,866.3576405,1026.556595,1108.75
2023/1/4 12:30,839.8924922,1041.050272,1099
2023/1/4 12:45,800.7475383,1085.375112,1111
2023/1/4 13:00,779.6360972,1104.408508,1087
2023/1/4 13:15,760.9945319,1098.653578,1123
2023/1/4 13:30,733.5216023,1101.550652,1089.5
2023/1/4 13:45,711.4070994,1081.775298,1111
2023/1/4 14:00,668.6119644,1078.412786,1092
2023/1/4 14:15,624.1428601,1098.798583,1096.75
2023/1/4 14:30,571.5260561,1108.362775,1101.5
2023/1/4 14:45,498.9606856,1102.970672,1082.25
2023/1/4 15:00,444.4649549,1106.518803,1099
2023/1/4 15:15,389.5187199,1095.360701,1080
2023/1/4 15:30,351.3233465,1087.789643,1099
2023/1/4 15:45,317.9963435,1086.510365,1113.5
2023/1/4 16:00,258.8302533,1103.780068,1101.5
2023/1/4 16:15,189.2506926,1178.7792,1116
2023/1/4 16:30,129.6778516,1181.640734,1096.75
2023/1/4 16:45,90.48755398,1179.648151,1118.25
2023/1/4 17:00,58.50695993,1161.973653,1089.5
2023/1/4 17:15,27.4205982,1147.392019,1099
2023/1/4 17:30,12.38074503,1041.982412,1101.5
2023/1/4 17:45,8.411965168,1047.866105,1092
2023/1/4 18:00,0,1131.930312,1099
2023/1/4 18:15,0,1109.460414,1087
2023/1/4 18:30,0,1174.003122,1132.75
2023/1/4 18:45,0,1163.068459,1101.5
2023/1/4 19:00,0,1164.991683,1089.5
2023/1/4 19:15,0,1174.865189,1065.5
2023/1/4 19:30,0,1160.714139,1075
2023/1/4 19:45,0,1157.439645,1072.75
2023/1/4 20:00,0,1050.172168,1077.5
2023/1/4 20:15,0,929.4041612,1084.75
2023/1/4 20:30,0,1153.255671,1046.25
2023/1/4 20:45,0,1140.354119,1051
2023/1/4 21:00,0,1090.070933,1046.25
2023/1/4 21:15,0,1030.254034,1053.5
2023/1/4 21:30,0,961.9817807,1053.5
2023/1/4 21:45,0,961.5410216,1051
2023/1/4 22:00,0,882.9303908,1077.5
2023/1/4 22:15,0,914.1534323,1044
2023/1/4 22:30,0,966.5841319,1080
2023/1/4 22:45,0,1045.794767,1051
2023/1/4 23:00,0,1065.597114,1080
2023/1/4 23:15,0,1049.060616,1053.5
2023/1/4 23:30,0,981.4559474,1065.5
2023/1/4 23:45,0,923.7850313,1084.75
2023/1/5 00:00,0,914.4956308,1041.5
2023/1/5 00:15,0,929.4982822,1087
2023/1/5 00:30,0,955.1096211,1041.5
2023/1/5 00:45,0,976.3497753,1077.5
2023/1/5 01:00,0,990.4248237,1056
2023/1/5 01:15,0,1000.632233,1063
2023/1/5 01:30,0,1005.087918,1072.75
2023/1/5 01:45,0,1009.274709,1029.5
2023/1/5 02:00,0,1020.373654,1089.5
2023/1/5 02:15,0,1027.524649,1022.25
2023/1/5 02:30,0,1032.716614,1068
2023/1/5 02:45,0,1053.034866,1044
2023/1/5 03:00,0,1065.576893,1046.25
2023/1/5 03:15,0,1073.51884,1048.75
2023/1/5 03:30,0,1072.502884,1029.5
2023/1/5 03:45,0,1065.467261,1065.5
2023/1/5 04:00,0,1078.659057,1032
2023/1/5 04:15,0,1094.710464,1068
2023/1/5 04:30,0,1099.346383,1039
2023/1/5 04:45,0,1093.968471,1065.5
2023/1/5 05:00,0,1052.431367,1044
2023/1/5 05:15,0,979.2006272,1048.75
2023/1/5 05:30,0,860.5129828,1068
2023/1/5 05:45,0,774.2314836,1048.75
2023/1/5 06:00,0,783.0480941,1065.5
2023/1/5 06:15,0,875.6821205,1044
2023/1/5 06:30,0,749.0617243,1060.75
2023/1/5 06:45,6.460681046,797.6377316,1046.25
2023/1/5 07:00,17.82112409,797.1023819,1063
2023/1/5 07:15,34.65545921,746.8291235,1058.25
2023/1/5 07:30,54.72559769,694.9856934,1080
2023/1/5 07:45,82.97426486,627.8512232,1072.75
2023/1/5 08:00,114.2374419,585.2557384,1075
2023/1/5 08:15,146.530772,545.3358528,1087
2023/1/5 08:30,188.7488148,641.229655,1070.25
2023/1/5 08:45,229.7305104,678.1025855,1068
2023/1/5 09:00,271.1453437,905.2712655,1072.75
2023/1/5 09:15,312.8045905,937.3430801,1082.25
2023/1/5 09:30,367.6663697,972.9740366,1080
2023/1/5 09:45,413.950654,1026.97348,1072.75
2023/1/5 10:00,458.3822168,1059.166192,1092
2023/1/5 10:15,502.9570472,985.326468,1063
2023/1/5 10:30,550.3416218,985.2528295,1099
2023/1/5 10:45,592.3411903,978.4688131,1082.25
2023/1/5 11:00,627.1542135,985.6364072,1099
2023/1/5 11:15,652.2460114,969.2801107,1096.75
2023/1/5 11:30,693.121755,920.8858114,1072.75
2023/1/5 11:45,705.6083784,845.5573885,1101.5
2023/1/5 12:00,713.1467047,823.6989546,1065.5
2023/1/5 12:15,718.6454578,850.7491425,1092
2023/1/5 12:30,698.4338811,891.5786367,1070.25
2023/1/5 12:45,693.5683852,877.2904535,1077.5
2023/1/5 13:00,664.6646613,902.0063811,1092
2023/1/5 13:15,640.0141176,927.9911344,1058.25
2023/1/5 13:30,592.9827981,965.6251848,1094.25
2023/1/5 13:45,500.7948742,909.7451875,1051
2023/1/5 14:00,390.3664637,960.1128271,1092
2023/1/5 14:15,331.6289146,979.4598801,1075
2023/1/5 14:30,301.8945001,1009.625115,1063
2023/1/5 14:45,257.785569,990.6503596,1087
2023/1/5 15:00,211.0549826,972.7305368,1044
2023/1/5 15:15,183.1180667,964.3339029,1084.75
2023/1/5 15:30,158.0294397,945.8985759,1048.75
2023/1/5 15:45,131.6325701,977.9268995,1082.25
2023/1/5 16:00,111.6697619,959.3897633,1075
2023/1/5 16:15,91.68889756,950.4920705,1065.5
2023/1/5 16:30,76.04842738,956.0026969,1096.75
2023/1/5 16:45,61.51198775,937.4139375,1051
2023/1/5 17:00,43.10718105,930.1042306,1082.25
2023/1/5 17:15,26.77002007,917.8803902,1053.5
2023/1/5 17:30,13.18774977,884.6436146,1065.5
2023/1/5 17:45,7.362166106,847.2163203,1070.25
2023/1/5 18:00,0,813.5321695,1041.5
2023/1/5 18:15,0,802.2581017,1084.75
2023/1/5 18:30,0,743.2264278,1034.25
2023/1/5 18:45,0,681.9320721,1077.5
2023/1/5 19:00,0,655.3145758,1051
2023/1/5 19:15,0,660.39933,1053.5
2023/1/5 19:30,0,673.3662291,1065.5
2023/1/5 19:45,0,657.2205012,1034.25
2023/1/5 20:00,0,640.3232034,1087
2023/1/5 20:15,0,652.0380908,1036.75
2023/1/5 20:30,0,626.9003138,1065.5
2023/1/5 20:45,0,611.9855222,1053.5
2023/1/5 21:00,0,629.7327267,1039
2023/1/5 21:15,0,615.1195292,1068
2023/1/5 21:30,0,610.4665762,1032
2023/1/5 21:45,0,630.4379798,1068
2023/1/5 22:00,0,626.8951435,1063
2023/1/5 22:15,0,619.5931451,1046.25
2023/1/5 22:30,0,635.8346326,1080
2023/1/5 22:45,0,665.0441297,1044
2023/1/5 23:00,0,719.4964886,1089.5
2023/1/5 23:15,0,744.3217925,1044
2023/1/5 23:30,0,781.8826643,1075
2023/1/5 23:45,0,771.4869494,1060.75
2023/1/6 00:00,0,796.9753566,1036.75
2023/1/6 00:15,0,815.22377,1065.5
2023/1/6 00:30,0,773.9557,1032
2023/1/6 00:45,0,770.3622396,1080
2023/1/6 01:00,0,799.2486753,1041.5
2023/1/6 01:15,0,747.4826505,1048.75
2023/1/6 01:30,0,661.469402,1044
2023/1/6 01:45,0,600.8537071,1041.5
2023/1/6 02:00,0,544.4991634,1065.5
2023/1/6 02:15,0,514.7278675,1027
2023/1/6 02:30,0,503.9465363,1060.75
2023/1/6 02:45,0,486.6091485,1022.25
2023/1/6 03:00,0,414.042131,1039
2023/1/6 03:15,0,353.0965163,1036.75
2023/1/6 03:30,0,309.4606442,1036.75
2023/1/6 03:45,0,273.0972082,1056
2023/1/6 04:00,0,247.917247,1034.25
2023/1/6 04:15,0,229.1546095,1060.75
2023/1/6 04:30,0,169.3848381,1034.25
2023/1/6 04:45,0,121.7405385,1053.5
2023/1/6 05:00,0,108.0091911,1034.25
2023/1/6 05:15,0,136.9655214,1046.25
2023/1/6 05:30,0,191.2020256,1041.5
2023/1/6 05:45,0,226.1934172,1044
2023/1/6 06:00,0,257.3161272,1092
2023/1/6 06:15,0,256.936578,1039
2023/1/6 06:30,0,285.0222793,1080
2023/1/6 06:45,8.270987197,226.6120071,1041.5
2023/1/6 07:00,21.41129849,198.7773829,1087
2023/1/6 07:15,48.90814404,222.7891684,1070.25
2023/1/6 07:30,70.25530414,361.887934,1132.75
2023/1/6 07:45,91.53671922,267.7052284,1111
2023/1/6 08:00,110.7040182,235.1203691,1113.5
2023/1/6 08:15,132.4105828,294.3251515,1140
2023/1/6 08:30,169.5015641,272.4319991,1106.25
2023/1/6 08:45,202.8270168,299.574329,1159
2023/1/6 09:00,224.66847,275.9707431,1132.75
2023/1/6 09:15,248.254304,180.5855458,1180.75
2023/1/6 09:30,270.8745109,128.5661833,1202.25
2023/1/6 09:45,279.6174334,120.4663266,1192.75
2023/1/6 10:00,286.9930964,153.4523695,1240.75
2023/1/6 10:15,338.0119271,147.1528384,1202.25
2023/1/6 10:30,408.7937028,159.3986567,1240.75
2023/1/6 10:45,422.4474881,157.3265487,1209.5
2023/1/6 11:00,430.9647919,134.3662374,1188
2023/1/6 11:15,461.8600491,140.9729629,1221.5
2023/1/6 11:30,532.1056938,145.9956504,1173.5
2023/1/6 11:45,560.6283016,118.6738453,1209.5
2023/1/6 12:00,632.3296676,96.09323597,1164
2023/1/6 12:15,637.5920596,84.56673837,1183
2023/1/6 12:30,607.3188565,63.54740996,1149.5
2023/1/6 12:45,576.6945442,51.61516033,1166.25
2023/1/6 13:00,559.2364547,45.09987594,1185.5
2023/1/6 13:15,517.837951,50.22405379,1188
2023/1/6 13:30,506.5008979,47.50805159,1204.75
2023/1/6 13:45,469.4534205,58.89362394,1200
2023/1/6 14:00,456.0698009,72.74490647,1204.75
2023/1/6 14:15,485.3698479,76.25841704,1200
2023/1/6 14:30,442.3894411,75.25078949,1221.5
2023/1/6 14:45,406.6247036,76.89591435,1168.75
2023/1/6 15:00,354.7416824,74.37471568,1185.5
2023/1/6 15:15,309.6225694,84.90985753,1154.25
2023/1/6 15:30,268.5040893,92.39186767,1183
2023/1/6 15:45,234.7406873,100.7742613,1166.25
2023/1/6 16:00,203.9063347,100.8764678,1173.5
2023/1/6 16:15,162.4993416,105.789889,1188
2023/1/6 16:30,119.6419179,93.59281824,1147
2023/1/6 16:45,86.84278167,95.4537759,1200
2023/1/6 17:00,57.18066288,93.9081413,1144.75
2023/1/6 17:15,31.78631691,101.2594267,1149.5
2023/1/6 17:30,13.65300095,84.50278716,1104
2023/1/6 17:45,8.342155507,79.37396115,1123
2023/1/6 18:00,1.576085836,84.34872408,1116
2023/1/6 18:15,0,77.22126071,1125.5
2023/1/6 18:30,0,64.28736864,1154.25
2023/1/6 18:45,0,62.37757931,1128
2023/1/6 19:00,0,67.00544177,1144.75
2023/1/6 19:15,0,72.59799772,1116
2023/1/6 19:30,0,80.28053446,1130.25
2023/1/6 19:45,0,85.14952105,1101.5
2023/1/6 20:00,0,81.37004221,1111
2023/1/6 20:15,0,67.25536308,1099
2023/1/6 20:30,0,67.1708829,1101.5
2023/1/6 20:45,0,63.25388937,1070.25
2023/1/6 21:00,0,60.31193536,1072.75
2023/1/6 21:15,0,55.58558238,1106.25
2023/1/6 21:30,0,44.76529397,1063
2023/1/6 21:45,0,35.01259817,1094.25
2023/1/6 22:00,0,27.08409763,1072.75
2023/1/6 22:15,0,24.844107,1089.5
2023/1/6 22:30,0,31.19858393,1092
2023/1/6 22:45,0,32.5656729,1077.5
2023/1/6 23:00,0,23.04288333,1106.25
2023/1/6 23:15,0,16.56434321,1082.25
2023/1/6 23:30,0,13.5294444,1140
2023/1/6 23:45,0,13.29208931,1056
2023/1/7 00:00,0,19.84850672,1096.75
2023/1/7 00:15,0,28.34483772,1063
2023/1/7 00:30,0,37.08108715,1077.5
2023/1/7 00:45,0,33.84617269,1077.5
2023/1/7 01:00,0,29.70343175,1070.25
2023/1/7 01:15,0,35.82473272,1108.75
2023/1/7 01:30,0,36.75619078,1080
2023/1/7 01:45,0,42.42540907,1113.5
2023/1/7 02:00,0,73.8404941,1084.75
2023/1/7 02:15,0,125.4316523,1108.75
2023/1/7 02:30,0,171.4848571,1065.5
2023/1/7 02:45,0,188.5411288,1080
2023/1/7 03:00,0,189.0926064,1092
2023/1/7 03:15,0,188.5665395,1082.25
2023/1/7 03:30,0,189.060468,1089.5
2023/1/7 03:45,0,221.4249459,1063
2023/1/7 04:00,0,229.0340493,1087
2023/1/7 04:15,0,250.0896662,1058.25
2023/1/7 04:30,0,260.770261,1082.25
2023/1/7 04:45,0,292.026826,1063
2023/1/7 05:00,0,349.7640854,1072.75
2023/1/7 05:15,0,377.9100902,1087
2023/1/7 05:30,0,404.0607196,1060.75
2023/1/7 05:45,0,416.0553374,1094.25
2023/1/7 06:00,0,436.7278518,1053.5
2023/1/7 06:15,0,404.5348721,1111
2023/1/7 06:30,0,378.2960194,1075
2023/1/7 06:45,8.257660076,410.6070234,1084.75
2023/1/7 07:00,26.49164306,414.2271279,1108.75
2023/1/7 07:15,53.94704265,429.9531883,1077.5
2023/1/7 07:30,88.85754555,446.2369947,1130.25
2023/1/7 07:45,128.115357,418.067553,1092
2023/1/7 08:00,170.1694128,382.1823914,1147
2023/1/7 08:15,210.3514662,348.124371,1094.25
2023/1/7 08:30,253.6433372,351.4037255,1140
2023/1/7 08:45,307.9955814,393.6030397,1140
2023/1/7 09:00,377.0119107,401.9341574,1147
2023/1/7 09:15,449.4436284,419.0455922,1195
2023/1/7 09:30,524.3085539,462.568984,1164
2023/1/7 09:45,613.0122242,541.5797747,1200
2023/1/7 10:00,696.4496407,557.8029881,1173.5
2023/1/7 10:15,768.6694681,555.8579367,1197.5
2023/1/7 10:30,817.3717952,553.6470864,1190.25
2023/1/7 10:45,868.0172631,520.5972797,1168.75
2023/1/7 11:00,912.6569413,533.8766237,1200
2023/1/7 11:15,944.0858075,593.3775204,1171
2023/1/7 11:30,958.8940615,622.8559625,1219
2023/1/7 11:45,953.2675866,674.4046946,1178.25
2023/1/7 12:00,945.7355072,764.6833732,1190.25
2023/1/7 12:15,922.2356951,849.1344269,1171
2023/1/7 12:30,904.6946462,908.360816,1159
2023/1/7 12:45,897.2760417,943.2824295,1154.25
2023/1/7 13:00,884.239788,978.2862056,1149.5
2023/1/7 13:15,863.1354019,1011.750359,1149.5
2023/1/7 13:30,838.1737474,1013.217584,1156.75
2023/1/7 13:45,799.9848886,1021.432245,1149.5
2023/1/7 14:00,757.7623843,1027.368245,1161.5
2023/1/7 14:15,714.5333901,1029.69756,1156.75
2023/1/7 14:30,669.0506735,1030.503105,1154.25
2023/1/7 14:45,618.5720823,1008.959474,1128
2023/1/7 15:00,573.6714639,977.5962462,1168.75
2023/1/7 15:15,521.5840096,966.8655987,1137.5
2023/1/7 15:30,463.1926933,985.5949523,1164
2023/1/7 15:45,402.0174915,1000.065555,1144.75
2023/1/7 16:00,338.231214,1019.176843,1154.25
2023/1/7 16:15,270.3041217,1032.679233,1166.25
2023/1/7 16:30,206.646459,1021.493575,1149.5
2023/1/7 16:45,149.5293982,1005.810827,1183
2023/1/7 17:00,98.55118836,1002.895981,1140
2023/1/7 17:15,55.06416439,1004.864733,1183
2023/1/7 17:30,24.2899733,1023.317269,1135
2023/1/7 17:45,9.022874274,1034.533815,1154.25
2023/1/7 18:00,1.754265574,1045.365596,1147
2023/1/7 18:15,0,1048.993094,1137.5
2023/1/7 18:30,0,1040.361377,1156.75
2023/1/7 18:45,0,1035.481042,1125.5
2023/1/7 19:00,0,1054.84559,1154.25
2023/1/7 19:15,0,1085.56942,1116
2023/1/7 19:30,0,1145.278458,1113.5
2023/1/7 19:45,0,1189.683298,1118.25
2023/1/7 20:00,0,1181.33545,1082.25
2023/1/7 20:15,0,1167.218261,1101.5
2023/1/7 20:30,0,1032.60338,1082.25
2023/1/7 20:45,0,1148.470688,1118.25
2023/1/7 21:00,0,1138.840596,1070.25
2023/1/7 21:15,0,1126.796901,1087
2023/1/7 21:30,0,1128.88956,1106.25
2023/1/7 21:45,0,1127.499673,1092
2023/1/7 22:00,0,1108.059871,1113.5
2023/1/7 22:15,0,1102.525911,1082.25
2023/1/7 22:30,0,1085.650301,1116
2023/1/7 22:45,0,1059.550706,1096.75
2023/1/7 23:00,0,1039.215017,1106.25
2023/1/7 23:15,0,1025.443126,1092
2023/1/7 23:30,0,1000.126089,1094.25
2023/1/7 23:45,0,1023.749346,1104
2023/1/8 00:00,0,1037.194909,1082.25
2023/1/8 00:15,0,1034.222016,1116
2023/1/8 00:30,0,1042.554824,1075
2023/1/8 00:45,0,1063.772681,1116
2023/1/8 01:00,0,1074.162158,1072.75
2023/1/8 01:15,0,1099.772124,1099
2023/1/8 01:30,0,1117.032865,1106.25
2023/1/8 01:45,0,1123.719664,1082.25
2023/1/8 02:00,0,1098.989858,1118.25
2023/1/8 02:15,0,1053.912459,1063
2023/1/8 02:30,0,992.5001602,1106.25
2023/1/8 02:45,0,932.1469558,1048.75
2023/1/8 03:00,0,909.6887017,1087
2023/1/8 03:15,0,911.2989513,1075
2023/1/8 03:30,0,971.0426422,1070.25
2023/1/8 03:45,0,1050.0028,1096.75
2023/1/8 04:00,0,1095.754256,1068
2023/1/8 04:15,0,1105.935293,1111
2023/1/8 04:30,0,1137.034542,1080
2023/1/8 04:45,0,1148.862121,1108.75
2023/1/8 05:00,0,1150.672903,1080
2023/1/8 05:15,0,1141.858048,1089.5
2023/1/8 05:30,0,1120.845261,1099
2023/1/8 05:45,0,1069.63456,1082.25
2023/1/8 06:00,0,1001.535519,1094.25
2023/1/8 06:15,0,1001.003771,1099
2023/1/8 06:30,0,1048.86106,1104
2023/1/8 06:45,8.643512764,1082.42466,1082.25
2023/1/8 07:00,22.88694653,1135.36596,1120.75
2023/1/8 07:15,43.84519984,1141.672467,1101.5
2023/1/8 07:30,70.25160169,1085.068815,1144.75
2023/1/8 07:45,103.8605706,1027.652468,1130.25
2023/1/8 08:00,144.3809021,1008.983194,1161.5
2023/1/8 08:15,187.9195717,1074.189536,1161.5
2023/1/8 08:30,227.8957683,1084.678965,1152
2023/1/8 08:45,272.7660393,1082.139609,1188
2023/1/8 09:00,323.1053483,1075.431151,1154.25
2023/1/8 09:15,375.198308,1055.622012,1231
2023/1/8 09:30,432.9425348,1019.726221,1185.5
2023/1/8 09:45,488.6637516,1006.192182,1221.5
2023/1/8 10:00,543.7487017,1015.240526,1240.75
2023/1/8 10:15,596.9053898,1043.723868,1231
2023/1/8 10:30,636.0233334,1060.561688,1279
2023/1/8 10:45,682.7126567,1073.650112,1236
2023/1/8 11:00,742.3748119,1087.09131,1248
2023/1/8 11:15,786.0996134,1098.395421,1257.5
2023/1/8 11:30,836.7130557,1093.522759,1202.25
2023/1/8 11:45,874.3904,1102.836577,1224
2023/1/8 12:00,907.857141,818.6695162,1176
2023/1/8 12:15,920.3952635,820.2459995,1183
2023/1/8 12:30,923.0686464,827.9189228,1159
2023/1/8 12:45,914.5285666,835.2142534,1149.5
2023/1/8 13:00,899.2111231,849.4090618,1197.5
2023/1/8 13:15,865.1188259,852.9815025,1183
2023/1/8 13:30,836.4086297,866.2092692,1204.75
2023/1/8 13:45,812.1333401,878.522998,1243
2023/1/8 14:00,774.8249497,885.6299434,1209.5
2023/1/8 14:15,741.4031818,890.1009422,1240.75
2023/1/8 14:30,692.5804199,901.8164408,1214.25
2023/1/8 14:45,627.7252463,912.0400908,1231
2023/1/8 15:00,568.8513039,922.7663391,1221.5
2023/1/8 15:15,504.8204614,930.286174,1188
2023/1/8 15:30,442.9343868,805.8855884,1226.25
2023/1/8 15:45,375.8958852,809.4357896,1236
2023/1/8 16:00,304.8692635,814.378579,1192.75
2023/1/8 16:15,237.390008,945.811555,1231
2023/1/8 16:30,178.7323461,940.1757612,1185.5
2023/1/8 16:45,126.3111762,944.739255,1200
2023/1/8 17:00,80.31932522,943.8421638,1188
2023/1/8 17:15,44.57586917,923.7868059,1164
2023/1/8 17:30,20.74231993,911.6225823,1183
2023/1/8 17:45,8.668141993,897.6579031,1120.75
2023/1/8 18:00,1.910339787,881.3630076,1168.75
2023/1/8 18:15,0,868.9089622,1149.5
2023/1/8 18:30,0,857.7988721,1147
2023/1/8 18:45,0,860.2646319,1149.5
2023/1/8 19:00,0,857.3960362,1125.5
2023/1/8 19:15,0,852.8258995,1137.5
2023/1/8 19:30,0,865.5159062,1123
2023/1/8 19:45,0,891.3290342,1125.5
2023/1/8 20:00,0,1211.0302,1123
2023/1/8 20:15,0,1214.886762,1116
2023/1/8 20:30,0,1203.232612,1137.5
2023/1/8 20:45,0,1180.160556,1094.25
2023/1/8 21:00,0,1160.694535,1113.5
2023/1/8 21:15,0,1167.993547,1101.5
2023/1/8 21:30,0,876.276698,1101.5
2023/1/8 21:45,0,889.6053892,1120.75
2023/1/8 22:00,0,880.544994,1104
2023/1/8 22:15,0,860.2359799,1113.5
2023/1/8 22:30,0,844.1883441,1084.75
2023/1/8 22:45,0,814.8928907,1104
2023/1/8 23:00,0,806.164988,1101.5
2023/1/8 23:15,0,821.3988808,1075
2023/1/8 23:30,0,868.3991748,1082.25
2023/1/8 23:45,0,906.3576906,1084.75
2023/1/9 00:00,0,911.1145399,1072.75
2023/1/9 00:15,0,898.7191506,1084.75
2023/1/9 00:30,0,887.8185278,1080
2023/1/9 00:45,0,882.2120488,1096.75
2023/1/9 01:00,0,897.8490438,1060.75
2023/1/9 01:15,0,896.7819174,1092
2023/1/9 01:30,0,864.5165014,1070.25
2023/1/9 01:45,0,808.5866889,1106.25
2023/1/9 02:00,0,747.040479,1087
2023/1/9 02:15,0,727.0028741,1087
2023/1/9 02:30,0,734.0928168,1094.25
2023/1/9 02:45,0,751.2659876,1065.5
2023/1/9 03:00,0,754.7978315,1089.5
2023/1/9 03:15,0,738.4069403,1068
2023/1/9 03:30,0,735.8850297,1108.75
2023/1/9 03:45,0,739.9586717,1068
2023/1/9 04:00,0,726.7356807,1099
2023/1/9 04:15,0,707.5669013,1084.75
2023/1/9 04:30,0,687.1942924,1111
2023/1/9 04:45,0,672.1607738,1099
2023/1/9 05:00,0,648.0650166,1106.25
2023/1/9 05:15,0,661.9143515,1106.25
2023/1/9 05:30,0,665.5130968,1096.75
2023/1/9 05:45,0,650.5783866,1101.5
2023/1/9 06:00,0,638.2730489,1096.75
2023/1/9 06:15,0,606.5464629,1120.75
2023/1/9 06:30,0,573.0124358,1089.5
2023/1/9 06:45,7.057260779,549.188987,1125.5
2023/1/9 07:00,17.93249806,515.6430996,1096.75
2023/1/9 07:15,37.50038469,439.6110023,1144.75
2023/1/9 07:30,59.33225934,402.0444627,1125.5
2023/1/9 07:45,90.02466468,387.698227,1147
2023/1/9 08:00,120.4478796,365.4906403,1144.75
2023/1/9 08:15,155.1490948,356.7550686,1135
2023/1/9 08:30,196.5449077,348.6724443,1161.5
2023/1/9 08:45,243.0564692,315.8472938,1135
2023/1/9 09:00,299.0851311,287.626175,1176
2023/1/9 09:15,363.2274831,259.8259933,1176
2023/1/9 09:30,447.5301941,226.7227553,1197.5
2023/1/9 09:45,547.4518888,200.0605405,1204.75
2023/1/9 10:00,617.8610871,182.7334093,1178.25
2023/1/9 10:15,675.5066873,184.9877708,1252.75
2023/1/9 10:30,734.5483545,203.0652662,1209.5
2023/1/9 10:45,757.0794789,197.3463922,1257.5
2023/1/9 11:00,788.3666844,205.7480112,1219
2023/1/9 11:15,811.5259123,214.477877,1238.25
2023/1/9 11:30,826.680698,254.8550394,1183
2023/1/9 11:45,809.0212788,334.5938924,1195
2023/1/9 12:00,780.5876515,400.2893521,1178.25
2023/1/9 12:15,742.7938343,410.0813137,1147
2023/1/9 12:30,694.0422762,398.3490442,1171
2023/1/9 12:45,636.6347849,369.8774164,1152
2023/1/9 13:00,564.8804312,359.7032749,1183
2023/1/9 13:15,517.2945038,327.6279397,1214.25
2023/1/9 13:30,490.5491816,275.4928059,1204.75
2023/1/9 13:45,472.8529574,247.860116,1233.5
2023/1/9 14:00,478.9017298,236.6281949,1212
2023/1/9 14:15,473.3105132,235.6598124,1202.25
2023/1/9 14:30,477.9310163,237.3323741,1221.5
2023/1/9 14:45,476.9127371,224.150533,1183
2023/1/9 15:00,475.225126,223.2895785,1224
2023/1/9 15:15,444.5082345,225.2204472,1231
2023/1/9 15:30,423.9686024,220.9008152,1236
2023/1/9 15:45,374.7231787,215.4544371,1231
2023/1/9 16:00,324.8544913,219.7480181,1195
2023/1/9 16:15,263.7028669,224.8222134,1231
2023/1/9 16:30,206.2270205,208.011263,1183
2023/1/9 16:45,154.2894195,196.1221734,1204.75
2023/1/9 17:00,107.5693521,188.772109,1178.25
2023/1/9 17:15,64.10140779,162.032352,1204.75
2023/1/9 17:30,28.91829156,129.5565024,1176
2023/1/9 17:45,10.7781848,104.5183648,1164
2023/1/9 18:00,1.748194881,87.05915864,1156.75
2023/1/9 18:15,0,62.94727941,1137.5
2023/1/9 18:30,0,49.64001497,1171
2023/1/9 18:45,0,42.57264785,1130.25
2023/1/9 19:00,0,30.34856325,1123
2023/1/9 19:15,0,15.21294666,1116
2023/1/9 19:30,0,10.42459665,1087
2023/1/9 19:45,0,7.200577811,1128
2023/1/9 20:00,0,5.155472111,1077.5
2023/1/9 20:15,0,6.591110362,1104
2023/1/9 20:30,0,6.499870065,1104
2023/1/9 20:45,0,6.373311716,1072.75
2023/1/9 21:00,0,7.456499669,1116
2023/1/9 21:15,0,4.200303934,1072.75
2023/1/9 21:30,0,6.116049705,1108.75
2023/1/9 21:45,0,11.03305393,1070.25
2023/1/9 22:00,0,6.902512311,1089.5
2023/1/9 22:15,0,5.886258052,1080
2023/1/9 22:30,0,5.254166235,1092
2023/1/9 22:45,0,5.279723171,1084.75
2023/1/9 23:00,0,7.882379186,1089.5
2023/1/9 23:15,0,9.540896249,1094.25
2023/1/9 23:30,0,12.52541966,1070.25
2023/1/9 23:45,0,17.26756449,1096.75
2023/1/10 00:00,0,21.5195589,1075
2023/1/10 00:15,0,19.8156786,1077.5
2023/1/10 00:30,0,21.92707376,1075
2023/1/10 00:45,0,16.88330767,1060.75
2023/1/10 01:00,0,14.00647246,1087
2023/1/10 01:15,0,15.12269515,1046.25
2023/1/10 01:30,0,15.92191473,1070.25
2023/1/10 01:45,0,13.95017533,1065.5
2023/1/10 02:00,0,14.24233395,1058.25
2023/1/10 02:15,0,14.39837481,1080
2023/1/10 02:30,0,18.37158922,1048.75
2023/1/10 02:45,0,21.69692583,1060.75
2023/1/10 03:00,0,23.42345695,1048.75
2023/1/10 03:15,0,21.61903687,1044
2023/1/10 03:30,0,19.53244184,1063
2023/1/10 03:45,0,29.9845506,1032
2023/1/10 04:00,0,28.09434801,1072.75
2023/1/10 04:15,0,30.95221918,1034.25
2023/1/10 04:30,0,32.26227135,1077.5
2023/1/10 04:45,0,19.4743658,1051
2023/1/10 05:00,0,16.59239012,1058.25
2023/1/10 05:15,0,19.14138403,1077.5
2023/1/10 05:30,0,20.6215413,1041.5
2023/1/10 05:45,0,25.53952524,1080
2023/1/10 06:00,0,32.0387064,1060.75
2023/1/10 06:15,0,37.70501383,1063
2023/1/10 06:30,0.005106453,37.40052206,1084.75
2023/1/10 06:45,11.43393918,40.66156723,1056
2023/1/10 07:00,39.99004995,56.19575162,1101.5
2023/1/10 07:15,84.63701449,62.55284152,1068
2023/1/10 07:30,144.2713337,72.27225571,1154.25
2023/1/10 07:45,212.8949858,74.95251336,1123
2023/1/10 08:00,288.9258074,105.3146833,1111
2023/1/10 08:15,359.088417,130.2048248,1149.5
2023/1/10 08:30,435.171019,139.8734072,1130.25
2023/1/10 08:45,500.809191,161.0114761,1142.25
2023/1/10 09:00,544.909259,207.8606157,1132.75
2023/1/10 09:15,571.7168261,255.4227137,1130.25
2023/1/10 09:30,595.0368821,281.0583793,1176
2023/1/10 09:45,616.9416796,296.6528349,1204.75
2023/1/10 10:00,627.884654,332.8036195,1216.75
2023/1/10 10:15,630.4429617,367.6952632,1202.25
2023/1/10 10:30,620.602157,353.5694861,1178.25
2023/1/10 10:45,616.0361157,328.0999944,1212
2023/1/10 11:00,624.1645782,311.5350081,1168.75
2023/1/10 11:15,616.8676654,301.4173661,1228.75
2023/1/10 11:30,610.7997079,311.9892205,1202.25
2023/1/10 11:45,656.3490867,368.0103737,1185.5
2023/1/10 12:00,733.7973733,389.4210786,1214.25
2023/1/10 12:15,806.7691667,407.3183061,1176
2023/1/10 12:30,829.6121196,430.8114503,1195
2023/1/10 12:45,800.7624981,446.1595668,1173.5
2023/1/10 13:00,794.5416313,455.9914984,1168.75
2023/1/10 13:15,787.6956926,463.9973043,1202.25
2023/1/10 13:30,749.7477945,478.0946813,1166.25
2023/1/10 13:45,687.1806946,468.3171397,1212
2023/1/10 14:00,672.9893315,450.7100447,1195
2023/1/10 14:15,647.3399466,463.8297032,1183
2023/1/10 14:30,608.6061729,742.9326801,1185.5
2023/1/10 14:45,581.9123238,879.1716621,1149.5
2023/1/10 15:00,538.8802854,1012.641903,1166.25
2023/1/10 15:15,482.4305401,1065.222687,1166.25
2023/1/10 15:30,424.0084193,1074.07595,1173.5
2023/1/10 15:45,372.095725,1073.241944,1168.75
2023/1/10 16:00,318.6720455,1065.536381,1180.75
2023/1/10 16:15,262.8830444,1024.350538,1178.25
2023/1/10 16:30,206.4609029,960.1580395,1233.5
2023/1/10 16:45,149.3034762,884.3599641,1233.5
2023/1/10 17:00,99.2433129,834.2541097,1200
2023/1/10 17:15,59.68720968,734.5418036,1214.25
2023/1/10 17:30,28.5045858,612.9666196,1171
2023/1/10 17:45,11.46198543,518.1876294,1188
2023/1/10 18:00,2.169346169,495.8026124,1166.25
2023/1/10 18:15,0,567.205914,1147
2023/1/10 18:30,0,845.6914359,1156.75
2023/1/10 18:45,0,1112.997332,1113.5
2023/1/10 19:00,0,1232.261276,1159
2023/1/10 19:15,0,1246.762039,1104
2023/1/10 19:30,0,1251.18628,1130.25
2023/1/10 19:45,0,1218.911938,1106.25
2023/1/10 20:00,0,1201.493066,1101.5
2023/1/10 20:15,0,1159.54159,1116
2023/1/10 20:30,0,1116.864794,1077.5
2023/1/10 20:45,0,1048.841335,1120.75
2023/1/10 21:00,0,918.2291491,1080
2023/1/10 21:15,0,754.6507867,1092
2023/1/10 21:30,0,630.5405748,1096.75
2023/1/10 21:45,0,515.4310891,1072.75
2023/1/10 22:00,0,406.2270127,1108.75
2023/1/10 22:15,0,364.9873742,1077.5
2023/1/10 22:30,0,411.0338989,1089.5
2023/1/10 22:45,0,540.9117714,1104
2023/1/10 23:00,0,677.0665226,1053.5
2023/1/10 23:15,0,777.3524595,1087
2023/1/10 23:30,0,805.4435535,1077.5
2023/1/10 23:45,0,735.3981887,1068
2023/1/11 00:00,0,638.5338496,1108.75
2023/1/11 00:15,0,573.7329759,1046.25
2023/1/11 00:30,0,531.4897042,1118.25
2023/1/11 00:45,0,519.630451,1087
2023/1/11 01:00,0,515.7456564,1111
2023/1/11 01:15,0,522.8102526,1104
2023/1/11 01:30,0,561.8930629,1084.75
2023/1/11 01:45,0,555.4295224,1111
2023/1/11 02:00,0,559.8877166,1077.5
2023/1/11 02:15,0,600.8124161,1092
2023/1/11 02:30,0,611.220082,1058.25
2023/1/11 02:45,0,562.3440637,1080
2023/1/11 03:00,0,492.4704833,1053.5
2023/1/11 03:15,0,421.7918524,1070.25
2023/1/11 03:30,0,358.3238079,1063
2023/1/11 03:45,0,302.8972241,1063
2023/1/11 04:00,0,267.467156,1080
2023/1/11 04:15,0,252.6681025,1053.5
2023/1/11 04:30,0,237.394048,1072.75
2023/1/11 04:45,0,299.5527562,1084.75
2023/1/11 05:00,0,374.6274069,1060.75
2023/1/11 05:15,0,474.0300709,1080
2023/1/11 05:30,0,616.2718204,1046.25
2023/1/11 05:45,0,661.5420717,1065.5
2023/1/11 06:00,0,679.7253,1068
2023/1/11 06:15,0,679.985572,1080
2023/1/11 06:30,0.087433839,679.8788121,1128
2023/1/11 06:45,15.41555177,636.3705382,1092
2023/1/11 07:00,46.16331472,541.5508172,1104
2023/1/11 07:15,86.93498491,447.8683956,1096.75
2023/1/11 07:30,128.1971175,388.7587053,1135
2023/1/11 07:45,169.2846417,377.5387418,1092
2023/1/11 08:00,211.4550294,334.995796,1149.5
2023/1/11 08:15,269.6241605,352.6972016,1111
2023/1/11 08:30,319.5159073,435.3006556,1137.5
2023/1/11 08:45,361.0767437,503.6780442,1144.75
2023/1/11 09:00,416.6683341,521.3642546,1125.5
2023/1/11 09:15,468.2211439,480.5257554,1164
2023/1/11 09:30,514.0952528,378.1924858,1147
2023/1/11 09:45,593.2554924,368.7420699,1154.25
2023/1/11 10:00,656.3998636,383.3546965,1183
2023/1/11 10:15,709.3230898,364.5388007,1140
2023/1/11 10:30,753.4587214,353.3555481,1192.75
2023/1/11 10:45,795.7075779,339.1671797,1164
2023/1/11 11:00,848.6917518,333.9072661,1156.75
2023/1/11 11:15,898.9664921,358.8468322,1149.5
2023/1/11 11:30,916.1531381,371.4090455,1111
2023/1/11 11:45,936.0241975,365.8816925,1154.25
2023/1/11 12:00,955.101602,389.5102263,1099
2023/1/11 12:15,958.6388674,409.3324273,1140
2023/1/11 12:30,949.305631,427.6581973,1099
2023/1/11 12:45,936.0832739,422.5509951,1130.25
2023/1/11 13:00,920.117712,416.7784748,1111
2023/1/11 13:15,916.7167407,406.9812184,1116
2023/1/11 13:30,904.2904981,413.7311027,1140
2023/1/11 13:45,875.7440476,417.1162189,1113.5
2023/1/11 14:00,834.222778,419.1307029,1156.75
2023/1/11 14:15,795.9904473,423.4749972,1125.5
2023/1/11 14:30,747.7588791,406.0894162,1106.25
2023/1/11 14:45,696.0884889,372.8910776,1120.75
2023/1/11 15:00,645.190707,337.979079,1080
2023/1/11 15:15,595.2583646,309.9340685,1101.5
2023/1/11 15:30,540.4731909,272.3867766,1075
2023/1/11 15:45,476.9150105,246.2518448,1084.75
2023/1/11 16:00,412.9175478,216.5888408,1106.25
2023/1/11 16:15,340.4172138,198.4678883,1094.25
2023/1/11 16:30,263.5519658,185.3675625,1111
2023/1/11 16:45,193.0521514,188.4947667,1099
2023/1/11 17:00,129.1768462,192.4144951,1106.25
2023/1/11 17:15,77.20113138,188.4384777,1101.5
2023/1/11 17:30,36.17511724,175.5079939,1101.5
2023/1/11 17:45,12.15947557,170.7674703,1099
2023/1/11 18:00,2.228499186,161.4318208,1099
2023/1/11 18:15,0,160.6188387,1096.75
2023/1/11 18:30,0,168.9275947,1096.75
2023/1/11 18:45,0,170.4756359,1118.25
2023/1/11 19:00,0,166.0693403,1080
2023/1/11 19:15,0,166.2292584,1101.5
2023/1/11 19:30,0,166.5483439,1087
2023/1/11 19:45,0,163.0233078,1068
2023/1/11 20:00,0,153.3926614,1120.75
2023/1/11 20:15,0,137.0128715,1084.75
2023/1/11 20:30,0,127.0890194,1106.25
2023/1/11 20:45,0,114.8224586,1075
2023/1/11 21:00,0,106.9784933,1087
2023/1/11 21:15,0,108.2593404,1099
2023/1/11 21:30,0,107.6311192,1063
2023/1/11 21:45,0,88.11925891,1101.5
2023/1/11 22:00,0,93.7539233,1070.25
2023/1/11 22:15,0,110.1666554,1108.75
2023/1/11 22:30,0,134.873266,1080
2023/1/11 22:45,0,167.0553482,1099
2023/1/11 23:00,0,194.5124955,1113.5
2023/1/11 23:15,0,199.1377128,1096.75
2023/1/11 23:30,0,195.2782796,1140
2023/1/11 23:45,0,186.4079022,1106.25
2023/1/12 00:00,0,182.1307546,1132.75
2023/1/12 00:15,0,163.5486713,1101.5
2023/1/12 00:30,0,141.9615858,1099
2023/1/12 00:45,0,137.9747663,1113.5
2023/1/12 01:00,0,141.1548556,1096.75
2023/1/12 01:15,0,139.2319719,1104
2023/1/12 01:30,0,132.2047035,1084.75
2023/1/12 01:45,0,127.795815,1104
2023/1/12 02:00,0,128.7020619,1082.25
2023/1/12 02:15,0,127.7936586,1094.25
2023/1/12 02:30,0,135.426603,1094.25
2023/1/12 02:45,0,139.3914504,1080
2023/1/12 03:00,0,136.6705179,1096.75
2023/1/12 03:15,0,134.4561784,1053.5
2023/1/12 03:30,0,129.1109615,1075
2023/1/12 03:45,0,143.8350128,1065.5
2023/1/12 04:00,0,157.8026551,1072.75
2023/1/12 04:15,0,156.9780527,1072.75
2023/1/12 04:30,0,160.7030056,1065.5
2023/1/12 04:45,0,159.9555251,1092
2023/1/12 05:00,0,155.1295119,1058.25
2023/1/12 05:15,0,139.7194065,1099
2023/1/12 05:30,0,127.7248743,1075
2023/1/12 05:45,0,114.9643826,1084.75
2023/1/12 06:00,0,101.9532789,1104
2023/1/12 06:15,0,87.04689196,1063
2023/1/12 06:30,0.427318019,68.33855803,1096.75
2023/1/12 06:45,14.9256297,54.88470274,1075
2023/1/12 07:00,41.68291372,43.86511443,1084.75
2023/1/12 07:15,82.10978256,34.79586664,1140
2023/1/12 07:30,140.2814039,29.84549877,1096.75
2023/1/12 07:45,207.8582233,26.07428512,1137.5
2023/1/12 08:00,284.9250175,23.61202827,1106.25
2023/1/12 08:15,374.7777908,16.39989198,1123
2023/1/12 08:30,463.6560077,10.10081887,1135
2023/1/12 08:45,560.3277244,4.126335646,1101.5
2023/1/12 09:00,646.7413515,4.56090655,1132.75
2023/1/12 09:15,722.6698693,5.008860771,1094.25
2023/1/12 09:30,790.8974856,6.291302123,1144.75
2023/1/12 09:45,849.320094,4.741872693,1106.25
2023/1/12 10:00,895.1711039,5.342773915,1132.75
2023/1/12 10:15,939.7513549,1.938425683,1144.75
2023/1/12 10:30,975.241888,2.866626603,1118.25
2023/1/12 10:45,1013.592136,3.370650277,1144.75
2023/1/12 11:00,1047.921367,4.252203271,1149.5
2023/1/12 11:15,1070.844637,9.824561963,1118.25
2023/1/12 11:30,1092.844021,52.69848932,1147
2023/1/12 11:45,1098.534173,122.2961354,1092
2023/1/12 12:00,1098.31437,181.0690036,1125.5
2023/1/12 12:15,1084.310216,269.6231358,1116
2023/1/12 12:30,1063.240478,229.9288888,1108.75
2023/1/12 12:45,1042.409665,229.4314224,1144.75
2023/1/12 13:00,1020.688113,225.970921,1111
2023/1/12 13:15,984.3274835,209.6645934,1144.75
2023/1/12 13:30,934.0252441,167.2547972,1106.25
2023/1/12 13:45,878.3619147,138.6007752,1118.25
2023/1/12 14:00,856.9605831,121.5277084,1111
2023/1/12 14:15,820.1691462,106.1852733,1089.5
2023/1/12 14:30,786.6620854,95.94916003,1116
2023/1/12 14:45,734.9831274,89.47859157,1070.25
2023/1/12 15:00,682.9656088,76.15373255,1108.75
2023/1/12 15:15,641.3606068,57.38449281,1106.25
2023/1/12 15:30,578.913894,53.93886559,1089.5
2023/1/12 15:45,500.5855669,46.70761797,1128
2023/1/12 16:00,437.5261693,33.79522512,1089.5
2023/1/12 16:15,363.5731122,24.4619232,1128
2023/1/12 16:30,284.5814333,16.83638512,1104
2023/1/12 16:45,200.754417,12.70859456,1096.75
2023/1/12 17:00,130.5884187,6.086075042,1130.25
2023/1/12 17:15,74.21817389,6.640415059,1087
2023/1/12 17:30,33.3828263,5.615401291,1113.5
2023/1/12 17:45,12.33373943,3.985283106,1116
2023/1/12 18:00,2.508690692,2.580896673,1092
2023/1/12 18:15,0,1.705416995,1116
2023/1/12 18:30,0,2.593914004,1080
2023/1/12 18:45,0,2.315217026,1111
2023/1/12 19:00,0,3.700075285,1094.25
2023/1/12 19:15,0,4.067718248,1077.5
2023/1/12 19:30,0,3.401903418,1111
2023/1/12 19:45,0,2.666039318,1072.75
2023/1/12 20:00,0,3.316304285,1113.5
2023/1/12 20:15,0,3.220834033,1075
2023/1/12 20:30,0,3.408046193,1087
2023/1/12 20:45,0,1.695535398,1084.75
2023/1/12 21:00,0,1.370436387,1068
2023/1/12 21:15,0,0.703739655,1108.75
2023/1/12 21:30,0,0.292358376,1068
2023/1/12 21:45,0,0.221257425,1092
2023/1/12 22:00,0,0.349834575,1096.75
2023/1/12 22:15,0,0.794359465,1072.75
2023/1/12 22:30,0,2.656407289,1111
2023/1/12 22:45,0,2.940456313,1080
2023/1/12 23:00,0,3.051030151,1104
2023/1/12 23:15,0,2.813228981,1101.5
2023/1/12 23:30,0,2.496345351,1072.75
2023/1/12 23:45,0,1.695617659,1123
2023/1/13 00:00,0,2.595314872,1075
2023/1/13 00:15,0,3.558930399,1123
2023/1/13 00:30,0,3.132786183,1084.75
2023/1/13 00:45,0,2.819710117,1082.25
2023/1/13 01:00,0,2.386359877,1096.75
2023/1/13 01:15,0,1.772813956,1075
2023/1/13 01:30,0,2.81142157,1104
2023/1/13 01:45,0,4.043483739,1080
2023/1/13 02:00,0,6.456214811,1099
2023/1/13 02:15,0,12.12758918,1070.25
2023/1/13 02:30,0,14.84400613,1080
2023/1/13 02:45,0,18.02443436,1082.25
2023/1/13 03:00,0,20.22881593,1065.5
2023/1/13 03:15,0,26.55455259,1087
2023/1/13 03:30,0,39.52027339,1070.25
2023/1/13 03:45,0,50.80355089,1075
2023/1/13 04:00,0,62.95006499,1108.75
2023/1/13 04:15,0,71.69447759,1075
2023/1/13 04:30,0,87.20902279,1108.75
2023/1/13 04:45,0,94.0464919,1077.5
2023/1/13 05:00,0,91.34462722,1082.25
2023/1/13 05:15,0,98.16485477,1070.25
2023/1/13 05:30,0,106.1308073,1068
2023/1/13 05:45,0,121.7776895,1082.25
2023/1/13 06:00,0,136.7814868,1060.75
2023/1/13 06:15,0,139.3877647,1092
2023/1/13 06:30,0.509796207,135.8242951,1063
2023/1/13 06:45,17.2702467,134.8278789,1077.5
2023/1/13 07:00,49.88130004,143.4153804,1084.75
2023/1/13 07:15,98.09482528,150.1276111,1082.25
2023/1/13 07:30,159.6339636,167.3505964,1111
2023/1/13 07:45,250.2813289,194.6421597,1092
2023/1/13 08:00,343.3548969,233.1764879,1120.75
2023/1/13 08:15,430.0980832,285.2107443,1128
2023/1/13 08:30,512.1876773,368.2771212,1142.25
2023/1/13 08:45,590.3164193,423.9869833,1159
2023/1/13 09:00,662.4809032,431.1716156,1140
2023/1/13 09:15,732.0896329,429.105656,1159
2023/1/13 09:30,797.6857362,445.6232685,1185.5
2023/1/13 09:45,851.9384906,458.4210864,1190.25
2023/1/13 10:00,895.3752247,460.8916492,1176
2023/1/13 10:15,946.6042156,444.3768147,1176
2023/1/13 10:30,976.3276754,431.6405383,1166.25
2023/1/13 10:45,1013.311015,404.480269,1185.5
2023/1/13 11:00,1051.722372,373.0690383,1192.75
2023/1/13 11:15,1078.003909,348.5381314,1171
2023/1/13 11:30,1098.879215,382.9600331,1171
2023/1/13 11:45,1109.962536,467.7510014,1166.25
2023/1/13 12:00,1114.442941,527.5645096,1168.75
2023/1/13 12:15,1121.307052,537.3355316,1166.25
2023/1/13 12:30,1113.875127,559.2880412,1149.5
2023/1/13 12:45,1101.66383,590.3539805,1168.75
2023/1/13 13:00,1091.609654,586.6598339,1188
2023/1/13 13:15,1065.64662,606.5115103,1180.75
2023/1/13 13:30,1030.35938,606.5973755,1219
2023/1/13 13:45,975.0588395,602.6367659,1348.75
2023/1/13 14:00,907.407416,612.7122936,1341.5
2023/1/13 14:15,851.36771,553.2966889,1312.75
2023/1/13 14:30,792.4786114,460.410505,1324.75
2023/1/13 14:45,729.4436163,450.0490989,1279
2023/1/13 15:00,668.0365813,439.5591321,1286.25
2023/1/13 15:15,607.0599952,417.2334528,1344
2023/1/13 15:30,539.5619932,394.9672409,1293.5
2023/1/13 15:45,459.6777833,384.7853218,1329.5
2023/1/13 16:00,382.118998,388.1159736,1329.5
2023/1/13 16:15,301.828412,446.5494933,1147
2023/1/13 16:30,221.9391907,535.0962818,1185.5
2023/1/13 16:45,153.7582474,662.5302049,1156.75
2023/1/13 17:00,96.86610368,756.1155002,1178.25
2023/1/13 17:15,52.70388899,819.5997718,1185.5
2023/1/13 17:30,24.18213937,895.8064866,1147
2023/1/13 17:45,10.86166804,955.1437982,1176
2023/1/13 18:00,2.782202235,969.4892253,1130.25
2023/1/13 18:15,0,1005.653866,1168.75
2023/1/13 18:30,0,1002.330695,1149.5
2023/1/13 18:45,0,1041.454378,1140
2023/1/13 19:00,0,1057.320887,1152
2023/1/13 19:15,0,1086.64382,1118.25
2023/1/13 19:30,0,978.4384401,1147
2023/1/13 19:45,0,1016.442108,1082.25
2023/1/13 20:00,0,1031.164864,1116
2023/1/13 20:15,0,1069.064551,1084.75
2023/1/13 20:30,0,1087.032304,1099
2023/1/13 20:45,0,1112.731909,1087
2023/1/13 21:00,0,1119.897436,1089.5
2023/1/13 21:15,0,1105.570794,1101.5
2023/1/13 21:30,0,1095.750537,1077.5
2023/1/13 21:45,0,1108.31248,1111
2023/1/13 22:00,0,1108.59171,1084.75
2023/1/13 22:15,0,1098.842241,1092
2023/1/13 22:30,0,1110.535419,1060.75
2023/1/13 22:45,0,1118.678179,1068
2023/1/13 23:00,0,1120.14706,1051
2023/1/13 23:15,0,1121.943948,1039
2023/1/13 23:30,0,1119.945257,1070.25
2023/1/13 23:45,0,1116.177739,1046.25
2023/1/14 00:00,0,1122.83298,1058.25
2023/1/14 00:15,0,811.8776737,1056
2023/1/14 00:30,0,816.4535327,1046.25
2023/1/14 00:45,0,803.8305302,1080
2023/1/14 01:00,0,1107.298362,1046.25
2023/1/14 01:15,0,1119.18012,1111
2023/1/14 01:30,0,1116.873049,1075
2023/1/14 01:45,0,1125.058724,1075
2023/1/14 02:00,0,1136.327127,1092
2023/1/14 02:15,0,1135.353535,1058.25
2023/1/14 02:30,0,1132.580071,1092
2023/1/14 02:45,0,1130.845502,1060.75
2023/1/14 03:00,0,1133.470252,1070.25
2023/1/14 03:15,0,1134.940936,1070.25
2023/1/14 03:30,0,1138.831977,1058.25
2023/1/14 03:45,0,1145.040674,1084.75
2023/1/14 04:00,0,1143.889259,1075
2023/1/14 04:15,0,1142.283599,1092
2023/1/14 04:30,0,1138.322717,1070.25
2023/1/14 04:45,0,1140.354465,1099
2023/1/14 05:00,0,1140.588361,1080
2023/1/14 05:15,0,1140.290792,1082.25
2023/1/14 05:30,0,1142.353394,1111
2023/1/14 05:45,0,1136.875924,1080
2023/1/14 06:00,0,1139.135858,1116
2023/1/14 06:15,0,1139.390224,1087
2023/1/14 06:30,0.514736667,1137.437606,1094.25
2023/1/14 06:45,8.878332485,1132.817229,1099
2023/1/14 07:00,15.25183194,1123.90335,1101.5
2023/1/14 07:15,31.38670608,1127.074445,1116
2023/1/14 07:30,54.91367049,1128.372941,1101.5
2023/1/14 07:45,81.19022831,1120.558904,1144.75
2023/1/14 08:00,101.1431218,1122.081032,1144.75
2023/1/14 08:15,124.1088658,1124.786869,1168.75
2023/1/14 08:30,179.8985951,1125.42201,1188
2023/1/14 08:45,239.5878945,1117.947767,1166.25
2023/1/14 09:00,304.5908999,1108.031906,1180.75
2023/1/14 09:15,305.2574531,1080.869944,1171
2023/1/14 09:30,345.9320533,1047.334524,1192.75
2023/1/14 09:45,391.615739,1049.155391,1171
2023/1/14 10:00,383.8216555,1087.27778,1207
2023/1/14 10:15,389.1296308,1124.575771,1219
2023/1/14 10:30,379.9379758,1015.515526,1212
2023/1/14 10:45,351.4176017,1029.049212,1216.75
2023/1/14 11:00,317.2888385,1033.230511,1185.5
2023/1/14 11:15,282.974976,1091.579869,1212
2023/1/14 11:30,264.1283806,1162.48398,1197.5
2023/1/14 11:45,254.5408438,1158.391392,1195
2023/1/14 12:00,245.8058185,1155.227801,1209.5
2023/1/14 12:15,231.5545435,1155.375318,1180.75
2023/1/14 12:30,208.3660429,1152.436967,1212
2023/1/14 12:45,178.4674135,1152.289537,1168.75
2023/1/14 13:00,152.5612554,1153.404612,1238.25
2023/1/14 13:15,138.4843919,1151.295389,1202.25
2023/1/14 13:30,140.8733282,1146.514519,1233.5
2023/1/14 13:45,139.5491529,1141.35021,1221.5
2023/1/14 14:00,134.653071,1144.542482,1243
2023/1/14 14:15,139.2096825,1140.744059,1279
2023/1/14 14:30,139.7460349,1149.195301,1264.75
2023/1/14 14:45,133.5756487,1149.495933,1286.25
2023/1/14 15:00,133.1225475,1140.008474,1262.25
2023/1/14 15:15,121.2227493,1141.594072,1284
2023/1/14 15:30,114.0436316,1151.703889,1231
2023/1/14 15:45,102.3683744,1151.056642,1250.25
2023/1/14 16:00,92.56493482,1152.48794,1245.5
2023/1/14 16:15,81.00504312,1154.822772,1250.25
2023/1/14 16:30,73.87794634,1159.289712,1286.25
2023/1/14 16:45,61.4012645,1153.696493,1250.25
2023/1/14 17:00,48.63514499,1150.21825,1274.25
2023/1/14 17:15,30.8756667,1157.259573,1231
2023/1/14 17:30,16.59761299,1174.865957,1238.25
2023/1/14 17:45,9.598454658,1165.535691,1216.75
2023/1/14 18:00,1.986025304,1164.773356,1190.25
2023/1/14 18:15,0,1163.595419,1200
2023/1/14 18:30,0,1168.45863,1164
2023/1/14 18:45,0,1167.604071,1197.5
2023/1/14 19:00,0,1164.340552,1159
2023/1/14 19:15,0,1168.399243,1183
2023/1/14 19:30,0,1169.996108,1154.25
2023/1/14 19:45,0,1179.647758,1147
2023/1/14 20:00,0,1180.733517,1130.25
2023/1/14 20:15,0,1187.196849,1135
2023/1/14 20:30,0,1189.23638,1132.75
2023/1/14 20:45,0,1191.095487,1116
2023/1/14 21:00,0,1191.694714,1130.25
2023/1/14 21:15,0,1199.387794,1099
2023/1/14 21:30,0,1202.779351,1130.25
2023/1/14 21:45,0,1201.912658,1113.5
2023/1/14 22:00,0,1202.458805,1137.5
2023/1/14 22:15,0,1199.030235,1123
2023/1/14 22:30,0,1199.176273,1128
2023/1/14 22:45,0,1189.00924,1135
2023/1/14 23:00,0,1186.240156,1113.5
2023/1/14 23:15,0,1183.80218,1140
2023/1/14 23:30,0,1186.629341,1101.5
2023/1/14 23:45,0,1183.026796,1135
2023/1/15 00:00,0,1177.712548,1118.25
2023/1/15 00:15,0,1173.421714,1149.5
2023/1/15 00:30,0,1178.795612,1135
2023/1/15 00:45,0,1179.183515,1140
2023/1/15 01:00,0,1185.055472,1142.25
2023/1/15 01:15,0,1182.710931,1123
2023/1/15 01:30,0,1186.858617,1144.75
2023/1/15 01:45,0,1189.479525,1116
2023/1/15 02:00,0,1183.650223,1154.25
2023/1/15 02:15,0,1184.105928,1118.25
2023/1/15 02:30,0,1182.208337,1154.25
2023/1/15 02:45,0,1183.020544,1128
2023/1/15 03:00,0,1181.543161,1140
2023/1/15 03:15,0,1184.726653,1154.25
2023/1/15 03:30,0,1180.991025,1128
2023/1/15 03:45,0,1182.944758,1164
2023/1/15 04:00,0,1180.405377,1125.5
2023/1/15 04:15,0,1175.070789,1166.25
2023/1/15 04:30,0,1174.2923,1144.75
2023/1/15 04:45,0,1185.11994,1149.5
2023/1/15 05:00,0,1184.610106,1168.75
2023/1/15 05:15,0,1180.643369,1132.75
2023/1/15 05:30,0,1178.010979,1183
2023/1/15 05:45,0,1174.722697,1140
2023/1/15 06:00,0,1168.568728,1173.5
2023/1/15 06:15,0,1168.644096,1185.5
2023/1/15 06:30,0.5162467,1167.073149,1164
2023/1/15 06:45,10.34088522,1167.756809,1195
2023/1/15 07:00,22.66654867,1153.654423,1204.75
2023/1/15 07:15,45.92408058,1155.538693,1221.5
2023/1/15 07:30,76.37582485,1153.257295,1228.75
2023/1/15 07:45,109.116654,1148.684764,1228.75
2023/1/15 08:00,151.7296286,1148.851521,1226.25
2023/1/15 08:15,206.6900793,1152.693715,1262.25
2023/1/15 08:30,262.1134045,1151.38787,1288.75
2023/1/15 08:45,307.4145311,1153.690798,1255
2023/1/15 09:00,349.1496831,1151.988817,1264.75
2023/1/15 09:15,401.5931096,1160.892255,1320
2023/1/15 09:30,449.8879999,1291.466719,1324.75
2023/1/15 09:45,507.4774692,1291.074148,1305.5
2023/1/15 10:00,572.6242623,1288.015222,1329.5
2023/1/15 10:15,619.4720822,1290.28974,1341.5
2023/1/15 10:30,673.5849208,1288.250361,1315
2023/1/15 10:45,717.2305377,1157.660425,1327
2023/1/15 11:00,763.6301153,1159.773734,1368
2023/1/15 11:15,785.4925071,1158.580079,1394.25
2023/1/15 11:30,813.3566224,1162.880154,1322.25
2023/1/15 11:45,845.6175493,1176.156832,1317.5
2023/1/15 12:00,870.5525819,1189.104296,1329.5
2023/1/15 12:15,869.6652448,1190.928058,1322.25
2023/1/15 12:30,870.8803948,1188.731418,1288.75
2023/1/15 12:45,875.9636449,1191.04625,1284
2023/1/15 13:00,877.5222054,1190.913334,1320
2023/1/15 13:15,873.350444,1190.385707,1300.75
2023/1/15 13:30,856.9134136,1188.22496,1303
2023/1/15 13:45,815.8155972,1181.911036,1315
2023/1/15 14:00,788.642707,1184.145333,1351
2023/1/15 14:15,748.6016342,1187.506889,1336.75
2023/1/15 14:30,699.805276,1193.689688,1310.25
2023/1/15 14:45,641.8344652,1197.994761,1336.75
2023/1/15 15:00,596.2429645,1201.080006,1322.25
2023/1/15 15:15,551.6664889,1203.425917,1310.25
2023/1/15 15:30,486.8815445,1202.920009,1336.75
2023/1/15 15:45,424.2870535,1195.530851,1370.25
2023/1/15 16:00,354.0968055,1199.188351,1336.75
2023/1/15 16:15,283.0693197,1196.176855,1312.75
2023/1/15 16:30,219.455392,1193.6172,1336.75
2023/1/15 16:45,161.5487234,1195.578479,1341.5
2023/1/15 17:00,109.8766904,1194.615424,1269.5
2023/1/15 17:15,66.75286911,1193.963678,1276.75
2023/1/15 17:30,33.24561842,1198.312724,1293.5
2023/1/15 17:45,12.31875067,1189.306103,1284
2023/1/15 18:00,4.180096748,1189.354484,1250.25
2023/1/15 18:15,0,1189.668242,1257.5
2023/1/15 18:30,0,1190.017347,1284
2023/1/15 18:45,0,1182.480918,1260
2023/1/15 19:00,0,1182.437545,1226.25
2023/1/15 19:15,0,1180.511505,1243
2023/1/15 19:30,0,1175.331908,1228.75
2023/1/15 19:45,0,1305.58053,1185.5
2023/1/15 20:00,0,1303.200708,1183
2023/1/15 20:15,0,1297.216195,1204.75
2023/1/15 20:30,0,1292.31427,1200
2023/1/15 20:45,0,1297.699498,1171
2023/1/15 21:00,0,1296.820516,1173.5
2023/1/15 21:15,0,1292.831816,1195
2023/1/15 21:30,0,1164.140245,1166.25
2023/1/15 21:45,0,1167.564467,1180.75
2023/1/15 22:00,0,1171.563093,1209.5
2023/1/15 22:15,0,1170.478954,1219
2023/1/15 22:30,0,1175.366414,1202.25
2023/1/15 22:45,0,1169.580898,1176
2023/1/15 23:00,0,1159.778876,1197.5
2023/1/15 23:15,0,1150.755919,1212
2023/1/15 23:30,0,1140.270785,1180.75
2023/1/15 23:45,0,1138.583037,1176
2023/1/16 00:00,0,1136.148006,1202.25
2023/1/16 00:15,0,1121.572787,1216.75
2023/1/16 00:30,0,1119.391765,1168.75
2023/1/16 00:45,0,1107.059037,1190.25
2023/1/16 01:00,0,1104.372077,1197.5
2023/1/16 01:15,0,1098.592361,1207
2023/1/16 01:30,0,1090.520842,1154.25
2023/1/16 01:45,0,1111.763061,1156.75
2023/1/16 02:00,0,1116.637783,1178.25
2023/1/16 02:15,0,1116.024457,1164
2023/1/16 02:30,0,1110.370883,1137.5
2023/1/16 02:45,0,1119.460961,1144.75
2023/1/16 03:00,0,1124.103159,1166.25
2023/1/16 03:15,0,1128.063557,1140
2023/1/16 03:30,0,1129.187506,1132.75
2023/1/16 03:45,0,1254.262915,1147
2023/1/16 04:00,0,1248.076178,1168.75
2023/1/16 04:15,0,1249.61812,1142.25
2023/1/16 04:30,0,1233.466625,1137.5
2023/1/16 04:45,0,1227.663327,1164
2023/1/16 05:00,0,1084.983345,1178.25
2023/1/16 05:15,0,1077.421312,1156.75
2023/1/16 05:30,0,1070.503104,1147
2023/1/16 05:45,0,1061.189216,1161.5
2023/1/16 06:00,0,1056.551374,1197.5
2023/1/16 06:15,0,1046.953194,1166.25
2023/1/16 06:30,0.518372561,1027.905386,1154.25
2023/1/16 06:45,17.51005022,1000.5091,1180.75
2023/1/16 07:00,45.13225738,954.698957,1231
2023/1/16 07:15,84.29797773,917.9658913,1173.5
2023/1/16 07:30,133.4080736,869.5946104,1195
2023/1/16 07:45,201.6453381,868.9680231,1236
2023/1/16 08:00,283.486746,859.4190279,1224
2023/1/16 08:15,379.863298,857.8798811,1221.5
2023/1/16 08:30,460.8496806,991.0618414,1250.25
2023/1/16 08:45,548.610147,997.5158166,1231
2023/1/16 09:00,624.0353101,1005.911079,1216.75
2023/1/16 09:15,696.9626855,1033.961734,1260
2023/1/16 09:30,763.8835726,1059.691191,1248
2023/1/16 09:45,822.6816953,1106.169947,1276.75
2023/1/16 10:00,881.4847165,1142.930007,1305.5
2023/1/16 10:15,925.046199,1167.729217,1296
2023/1/16 10:30,957.4640359,1174.636851,1298.25
2023/1/16 10:45,991.1126003,1185.986636,1322.25
2023/1/16 11:00,1016.071172,1212.178383,1252.75
2023/1/16 11:15,1035.84902,1233.043434,1341.5
2023/1/16 11:30,1057.566714,1248.620619,1281.5
2023/1/16 11:45,1089.078275,1264.985471,1296
2023/1/16 12:00,1092.345571,1140.769425,1296
2023/1/16 12:15,1113.957473,1141.568463,1257.5
2023/1/16 12:30,1117.85834,1149.022546,1267
2023/1/16 12:45,1102.580487,1141.711553,1226.25
2023/1/16 13:00,1075.487162,1138.729651,1272
2023/1/16 13:15,1045.808759,1145.272265,1219
2023/1/16 13:30,1016.197349,1151.506041,1250.25
2023/1/16 13:45,981.9800431,1144.451915,1216.75
2023/1/16 14:00,935.4242934,1145.194252,1260
2023/1/16 14:15,888.1913761,1153.954438,1255
2023/1/16 14:30,845.5816393,1154.331805,1255
2023/1/16 14:45,788.1392016,1160.337809,1267
2023/1/16 15:00,734.2931758,1162.656999,1248
2023/1/16 15:15,665.700042,1175.726774,1288.75
2023/1/16 15:30,575.9975836,1180.509543,1272
2023/1/16 15:45,484.6409287,1178.335505,1288.75
2023/1/16 16:00,393.2338982,1180.859773,1228.75
2023/1/16 16:15,320.1105086,1177.122226,1296
2023/1/16 16:30,247.3951967,1174.505459,1231
2023/1/16 16:45,181.6024457,1168.504239,1236
2023/1/16 17:00,124.2620067,1161.403398,1221.5
2023/1/16 17:15,73.03567577,1153.566229,1221.5
2023/1/16 17:30,33.84876981,1135.599463,1190.25
2023/1/16 17:45,11.96600007,1125.453534,1190.25
2023/1/16 18:00,3.979354595,1101.95747,1197.5
2023/1/16 18:15,0,1090.23056,1178.25
2023/1/16 18:30,0,1095.158339,1197.5
2023/1/16 18:45,0,1221.368788,1166.25
2023/1/16 19:00,0,1207.248342,1192.75
2023/1/16 19:15,0,1202.094691,1154.25
2023/1/16 19:30,0,1192.672963,1185.5
2023/1/16 19:45,0,1173.726691,1137.5
2023/1/16 20:00,0,1154.810829,1173.5
2023/1/16 20:15,0,1138.612679,1135
2023/1/16 20:30,0,1120.254693,1156.75
2023/1/16 20:45,0,1119.22307,1118.25
2023/1/16 21:00,0,1114.990401,1130.25
2023/1/16 21:15,0,1113.487119,1116
2023/1/16 21:30,0,1099.59057,1120.75
2023/1/16 21:45,0,1068.424706,1130.25
2023/1/16 22:00,0,1042.489074,1120.75
2023/1/16 22:15,0,1012.716756,1140
2023/1/16 22:30,0,953.3903825,1116
2023/1/16 22:45,0,884.7279974,1137.5
2023/1/16 23:00,0,830.903342,1106.25
2023/1/16 23:15,0,749.5982526,1142.25
2023/1/16 23:30,0,663.2105033,1094.25
2023/1/16 23:45,0,589.1590832,1137.5
2023/1/17 00:00,0,521.4017582,1092
2023/1/17 00:15,0,457.3682235,1128
2023/1/17 00:30,0,444.0222213,1096.75
2023/1/17 00:45,0,433.682953,1116
2023/1/17 01:00,0,431.9098613,1096.75
2023/1/17 01:15,0,410.3454302,1106.25
2023/1/17 01:30,0,405.8680483,1096.75
2023/1/17 01:45,0,401.9682456,1099
2023/1/17 02:00,0,409.7566413,1108.75
2023/1/17 02:15,0,407.7627771,1106.25
2023/1/17 02:30,0,357.0964143,1118.25
2023/1/17 02:45,0,435.029497,1087
2023/1/17 03:00,0,452.5467841,1118.25
2023/1/17 03:15,0,457.1643429,1094.25
2023/1/17 03:30,0,441.7691737,1128
2023/1/17 03:45,0,413.707326,1101.5
2023/1/17 04:00,0,381.0822038,1132.75
2023/1/17 04:15,0,345.0049334,1092
2023/1/17 04:30,0,305.85027,1135
2023/1/17 04:45,0,267.3537582,1096.75
2023/1/17 05:00,0,247.7416231,1130.25
2023/1/17 05:15,0,224.9619648,1099
2023/1/17 05:30,0,213.2102272,1108.75
2023/1/17 05:45,0,215.8026906,1099
2023/1/17 06:00,0,236.5534125,1111
2023/1/17 06:15,0,268.4605172,1116
2023/1/17 06:30,0.974754429,266.5623691,1099
2023/1/17 06:45,19.2311606,242.1110237,1116
2023/1/17 07:00,51.64106424,214.4662755,1096.75
2023/1/17 07:15,102.2049272,182.0768131,1144.75
2023/1/17 07:30,168.8704232,173.5943179,1161.5
2023/1/17 07:45,251.0808344,163.3735194,1192.75
2023/1/17 08:00,331.9852668,155.6857118,1147
2023/1/17 08:15,421.1972312,151.8536656,1185.5
2023/1/17 08:30,510.1982821,140.7297931,1154.25
2023/1/17 08:45,592.8204934,152.8201557,1171
2023/1/17 09:00,673.61641,168.2287746,1152
2023/1/17 09:15,750.7513761,198.1298096,1166.25
2023/1/17 09:30,809.5051472,237.4902663,1166.25
2023/1/17 09:45,878.2842347,268.5648846,1195
2023/1/17 10:00,933.9136384,311.5000057,1171
2023/1/17 10:15,984.5714762,358.1745789,1130.25
2023/1/17 10:30,1033.197253,396.0215631,1164
2023/1/17 10:45,1071.897927,434.8463908,1137.5
2023/1/17 11:00,1087.782439,496.5437048,1178.25
2023/1/17 11:15,1114.369285,546.842837,1183
2023/1/17 11:30,1132.756752,569.3134922,1156.75
2023/1/17 11:45,1138.354403,629.3180595,1171
2023/1/17 12:00,1137.364506,691.8019947,1128
2023/1/17 12:15,1130.627321,729.1381754,1159
2023/1/17 12:30,1115.471694,776.993886,1128
2023/1/17 12:45,1097.581624,794.1564078,1166.25
2023/1/17 13:00,1064.560908,795.1076674,1173.5
2023/1/17 13:15,1047.739925,788.8486384,1168.75
2023/1/17 13:30,1009.84451,780.4649923,1161.5
2023/1/17 13:45,985.5909446,778.6929155,1168.75
2023/1/17 14:00,955.856852,777.9071879,1178.25
2023/1/17 14:15,919.8737821,793.6053735,1156.75
2023/1/17 14:30,873.0795794,818.2289953,1173.5
2023/1/17 14:45,824.4779955,808.0749439,1142.25
2023/1/17 15:00,759.6709553,783.7828384,1180.75
2023/1/17 15:15,691.1697484,748.3929887,1152
2023/1/17 15:30,623.1360256,758.0302495,1192.75
2023/1/17 15:45,544.0161663,781.3379611,1190.25
2023/1/17 16:00,460.6727257,761.731073,1173.5
2023/1/17 16:15,376.8897414,757.5309349,1161.5
2023/1/17 16:30,291.3035512,746.7492356,1164
2023/1/17 16:45,215.8087957,732.387287,1197.5
2023/1/17 17:00,142.6132592,731.0268756,1152
2023/1/17 17:15,84.51130745,735.4995224,1161.5
2023/1/17 17:30,43.98384657,738.2445312,1123
2023/1/17 17:45,14.18651748,734.614676,1123
2023/1/17 18:00,4.921378807,758.7066256,1123
2023/1/17 18:15,0,745.5286084,1101.5
2023/1/17 18:30,0,726.6235189,1128
2023/1/17 18:45,0,672.4599107,1111
2023/1/17 19:00,0,605.4441507,1130.25
2023/1/17 19:15,0,549.1150874,1111
2023/1/17 19:30,0,517.3508829,1099
2023/1/17 19:45,0,484.2257762,1106.25
2023/1/17 20:00,0,449.3683824,1089.5
2023/1/17 20:15,0,425.7920639,1092
2023/1/17 20:30,0,376.0566885,1068
2023/1/17 20:45,0,348.9546357,1072.75
2023/1/17 21:00,0,315.2991405,1041.5
2023/1/17 21:15,0,272.5577191,1053.5
2023/1/17 21:30,0,244.9215864,1036.75
2023/1/17 21:45,0,224.6843426,1072.75
2023/1/17 22:00,0,212.7091361,1048.75
2023/1/17 22:15,0,204.7726722,1099
2023/1/17 22:30,0,187.0643461,1065.5
2023/1/17 22:45,0,183.1902481,1075
2023/1/17 23:00,0,189.4240444,1077.5
2023/1/17 23:15,0,182.5105159,1070.25
2023/1/17 23:30,0,168.1645633,1082.25
2023/1/17 23:45,0,169.8133964,1056
2023/1/18 00:00,0,173.5285839,1089.5
2023/1/18 00:15,0,166.6161291,1056
2023/1/18 00:30,0,168.5277242,1084.75
2023/1/18 00:45,0,176.5605214,1075
2023/1/18 01:00,0,198.9346817,1070.25
2023/1/18 01:15,0,210.0552669,1075
2023/1/18 01:30,0,200.3990386,1053.5
2023/1/18 01:45,0,205.8158175,1075
2023/1/18 02:00,0,221.2669721,1039
2023/1/18 02:15,0,229.4920797,1075
2023/1/18 02:30,0,216.7383985,1034.25
2023/1/18 02:45,0,212.8614024,1072.75
2023/1/18 03:00,0,213.979602,1027
2023/1/18 03:15,0,225.0513634,1058.25
2023/1/18 03:30,0,219.9123094,1034.25
2023/1/18 03:45,0,220.3072713,1056
2023/1/18 04:00,0,241.299852,1053.5
2023/1/18 04:15,0,244.6797416,1051
2023/1/18 04:30,0,221.2929418,1070.25
2023/1/18 04:45,0,218.5525912,1046.25
2023/1/18 05:00,0,212.8327318,1082.25
2023/1/18 05:15,0,206.4806651,1039
2023/1/18 05:30,0,211.4056318,1070.25
2023/1/18 05:45,0,205.2220662,1046.25
2023/1/18 06:00,0,200.1086889,1053.5
2023/1/18 06:15,0,191.6726129,1063
2023/1/18 06:30,1.101331464,184.5654915,1044
2023/1/18 06:45,14.78968818,185.9844017,1072.75
2023/1/18 07:00,37.51860007,180.5109485,1041.5
2023/1/18 07:15,75.59306829,175.8053746,1056
2023/1/18 07:30,127.3856824,172.3800236,1077.5
2023/1/18 07:45,191.6333747,173.3808365,1058.25
2023/1/18 08:00,269.946197,171.4102494,1096.75
2023/1/18 08:15,354.3139441,175.6994222,1060.75
2023/1/18 08:30,456.0211344,182.5009941,1082.25
2023/1/18 08:45,567.6242615,188.2900092,1070.25
2023/1/18 09:00,661.1403793,200.0633961,1068
2023/1/18 09:15,748.6308683,215.7447401,1092
2023/1/18 09:30,818.018796,233.8948718,1068
2023/1/18 09:45,876.2488916,274.0235717,1118.25
2023/1/18 10:00,942.7605805,277.4698091,1072.75
2023/1/18 10:15,993.9211057,301.627214,1099
2023/1/18 10:30,1042.20389,324.242971,1082.25
2023/1/18 10:45,1076.916525,341.6574356,1101.5
2023/1/18 11:00,1099.757768,343.0097373,1094.25
2023/1/18 11:15,1129.26103,332.6845066,1089.5
2023/1/18 11:30,1142.648051,330.6434274,1096.75
2023/1/18 11:45,1157.068327,342.7252183,1084.75
2023/1/18 12:00,1161.47542,374.0893807,1123
2023/1/18 12:15,1166.95529,393.4658751,1077.5
2023/1/18 12:30,1147.64286,398.8421307,1118.25
2023/1/18 12:45,1134.104011,392.2179805,1087
2023/1/18 13:00,1113.341371,426.1906417,1101.5
2023/1/18 13:15,1087.246087,444.9155014,1082.25
2023/1/18 13:30,1057.154157,432.2316847,1094.25
2023/1/18 13:45,1013.494896,432.1821426,1077.5
2023/1/18 14:00,968.146252,426.2573005,1094.25
2023/1/18 14:15,927.5517773,437.5978547,1106.25
2023/1/18 14:30,871.1560093,439.6495727,1070.25
2023/1/18 14:45,815.5193589,408.5297365,1077.5
2023/1/18 15:00,754.9355304,387.1191092,1082.25
2023/1/18 15:15,673.1096842,344.8254144,1063
2023/1/18 15:30,592.3735239,310.7673441,1084.75
2023/1/18 15:45,518.7155517,301.0708021,1082.25
2023/1/18 16:00,431.8516333,291.369142,1084.75
2023/1/18 16:15,367.0890049,269.9786452,1101.5
2023/1/18 16:30,301.8933763,249.3431526,1056
2023/1/18 16:45,239.4606424,222.6059979,1096.75
2023/1/18 17:00,167.231525,190.0061635,1060.75
2023/1/18 17:15,101.4793427,156.7248809,1104
2023/1/18 17:30,44.37689412,141.1292196,1065.5
2023/1/18 17:45,17.15380159,120.7906895,1080
2023/1/18 18:00,4.828604721,96.82572815,1075
2023/1/18 18:15,0,90.48620013,1072.75
2023/1/18 18:30,0,83.3859657,1101.5
2023/1/18 18:45,0,79.10475046,1060.75
2023/1/18 19:00,0,76.39907938,1075
2023/1/18 19:15,0,76.65159477,1084.75
2023/1/18 19:30,0,73.87918021,1056
2023/1/18 19:45,0,72.40371467,1094.25
2023/1/18 20:00,0,66.73915205,1065.5
2023/1/18 20:15,0,64.17629541,1068
2023/1/18 20:30,0,64.00264619,1087
2023/1/18 20:45,0,63.49266666,1051
2023/1/18 21:00,0,57.6675157,1075
2023/1/18 21:15,0,47.12911409,1058.25
2023/1/18 21:30,0,39.35524823,1089.5
2023/1/18 21:45,0,31.80255862,1065.5
2023/1/18 22:00,0,24.47144653,1104
2023/1/18 22:15,0,19.94338256,1060.75
2023/1/18 22:30,0,16.65540489,1092
2023/1/18 22:45,0,38.12202315,1101.5
2023/1/18 23:00,0,46.60293955,1051
2023/1/18 23:15,0,43.56625355,1096.75
2023/1/18 23:30,0,39.31436849,1053.5
2023/1/18 23:45,0,37.27103939,1065.5
2023/1/19 00:00,0,29.10794702,1087
2023/1/19 00:15,0,24.27720896,1036.75
2023/1/19 00:30,0,23.47438794,1089.5
2023/1/19 00:45,0,26.27640428,1084.75
2023/1/19 01:00,0,26.69816393,1051
2023/1/19 01:15,0,28.52407013,1094.25
2023/1/19 01:30,0,34.80519826,1039
2023/1/19 01:45,0,43.62247302,1080
2023/1/19 02:00,0,48.01361647,1075
2023/1/19 02:15,0,49.79006417,1039
2023/1/19 02:30,0,54.78362272,1080
2023/1/19 02:45,0,57.29242099,1036.75
2023/1/19 03:00,0,53.2928781,1065.5
2023/1/19 03:15,0,48.05632585,1072.75
2023/1/19 03:30,0,58.12399248,1046.25
2023/1/19 03:45,0,74.64012173,1096.75
2023/1/19 04:00,0,91.31479233,1108.75
2023/1/19 04:15,0,108.8480224,1065.5
2023/1/19 04:30,0,131.3694228,1118.25
2023/1/19 04:45,0,166.4424287,1065.5
2023/1/19 05:00,0,170.0037184,1092
2023/1/19 05:15,0,177.9649418,1104
2023/1/19 05:30,0,196.9123694,1053.5
2023/1/19 05:45,0,208.7621753,1094.25
2023/1/19 06:00,0,207.2014129,1104
2023/1/19 06:15,0,213.4657985,1056
2023/1/19 06:30,4.037380461,228.6081069,1099
2023/1/19 06:45,19.19552319,244.1103537,1075
2023/1/19 07:00,38.57566822,290.1958823,1072.75
2023/1/19 07:15,63.19038888,312.235949,1106.25
2023/1/19 07:30,106.7378258,340.6703078,1084.75
2023/1/19 07:45,156.2810315,391.0843318,1082.25
2023/1/19 08:00,213.3483242,451.665784,1101.5
2023/1/19 08:15,282.5068561,534.2694906,1072.75
2023/1/19 08:30,358.4348449,645.0470265,1099
2023/1/19 08:45,438.6363594,706.1615166,1101.5
2023/1/19 09:00,490.4938999,749.3357781,1065.5
2023/1/19 09:15,566.5252052,786.5732962,1108.75
2023/1/19 09:30,667.3165778,764.4097872,1077.5
2023/1/19 09:45,760.6978018,765.5677777,1125.5
2023/1/19 10:00,856.0443811,797.0771835,1135
2023/1/19 10:15,921.987617,935.8552743,1092
2023/1/19 10:30,966.0626948,1124.26102,1116
2023/1/19 10:45,989.6040955,1160.758883,1116
2023/1/19 11:00,1007.596465,1225.546475,1113.5
2023/1/19 11:15,998.431005,1266.306487,1144.75
2023/1/19 11:30,1002.905487,1294.316382,1113.5
2023/1/19 11:45,981.7267315,1189.565962,1135
2023/1/19 12:00,966.6206153,1144.3299,1128
2023/1/19 12:15,921.7675275,1147.060666,1101.5
2023/1/19 12:30,905.4239386,1151.033438,1132.75
2023/1/19 12:45,891.3588098,1212.453626,1089.5
2023/1/19 13:00,868.253183,1208.155388,1116
2023/1/19 13:15,864.9009309,1205.680301,1128
2023/1/19 13:30,844.696444,1206.011916,1084.75
2023/1/19 13:45,822.776134,1198.114848,1106.25
2023/1/19 14:00,807.16632,1198.37788,1108.75
2023/1/19 14:15,788.2691775,1194.118595,1108.75
2023/1/19 14:30,752.5621654,1189.091114,1135
2023/1/19 14:45,703.5214268,1178.93824,1068
2023/1/19 15:00,638.1147112,1177.521406,1116
2023/1/19 15:15,593.0204119,1179.635924,1104
2023/1/19 15:30,533.6042224,1172.137187,1084.75
2023/1/19 15:45,492.9901119,1169.474628,1144.75
2023/1/19 16:00,435.4975653,1166.17292,1106.25
2023/1/19 16:15,357.8909397,1168.620763,1089.5
2023/1/19 16:30,284.0607871,1174.213015,1092
2023/1/19 16:45,218.6132609,1171.511017,1065.5
2023/1/19 17:00,159.1539323,1171.835282,1084.75
2023/1/19 17:15,108.5208751,1170.54648,1060.75
2023/1/19 17:30,57.36150731,1170.778995,1068
2023/1/19 17:45,23.46659067,1171.444751,1053.5
2023/1/19 18:00,5.290415127,1174.701114,1056
2023/1/19 18:15,0,1173.108185,1060.75
2023/1/19 18:30,0,1168.809581,1036.75
2023/1/19 18:45,0,1167.853991,1065.5
2023/1/19 19:00,0,1162.352929,1029.5
2023/1/19 19:15,0,1173.795781,1063
2023/1/19 19:30,0,1171.472592,1034.25
2023/1/19 19:45,0,1166.424768,1060.75
2023/1/19 20:00,0,1167.85966,1048.75
2023/1/19 20:15,0,1166.296613,1048.75
2023/1/19 20:30,0,1161.598361,1041.5
2023/1/19 20:45,0,1158.661527,1046.25
2023/1/19 21:00,0,1158.961647,1034.25
2023/1/19 21:15,0,1165.169306,1048.75
2023/1/19 21:30,0,1170.230887,1046.25
2023/1/19 21:45,0,1173.770069,1065.5
2023/1/19 22:00,0,1172.024731,1044
2023/1/19 22:15,0,1169.252503,1060.75
2023/1/19 22:30,0,1163.019577,1056
2023/1/19 22:45,0,1165.09677,1053.5
2023/1/19 23:00,0,1163.377256,1046.25
2023/1/19 23:15,0,1154.891506,1053.5
2023/1/19 23:30,0,1150.474315,1056
2023/1/19 23:45,0,1141.351291,1036.75
2023/1/20 00:00,0,1137.441154,1070.25
2023/1/20 00:15,0,1130.632392,1048.75
2023/1/20 00:30,0,1123.90651,1077.5
2023/1/20 00:45,0,1124.522712,1046.25
2023/1/20 01:00,0,1126.630851,1068
2023/1/20 01:15,0,1126.93326,1080
2023/1/20 01:30,0,1126.778943,1053.5
2023/1/20 01:45,0,1134.925537,1087
2023/1/20 02:00,0,1136.132266,1056
2023/1/20 02:15,0,1126.870878,1094.25
2023/1/20 02:30,0,1127.860245,1065.5
2023/1/20 02:45,0,1136.584567,1065.5
2023/1/20 03:00,0,1134.234001,1077.5
2023/1/20 03:15,0,1110.672262,1063
2023/1/20 03:30,0,1087.117896,1101.5
2023/1/20 03:45,0,1071.370882,1075
2023/1/20 04:00,0,1060.743237,1111
2023/1/20 04:15,0,1066.190713,1089.5
2023/1/20 04:30,0,1062.640455,1104
2023/1/20 04:45,0,1059.130756,1108.75
2023/1/20 05:00,0,1058.912724,1087
2023/1/20 05:15,0,1058.449576,1118.25
2023/1/20 05:30,0,1054.536338,1080
2023/1/20 05:45,0,1055.363523,1125.5
2023/1/20 06:00,0,1056.340722,1084.75
2023/1/20 06:15,0,1053.242368,1125.5
2023/1/20 06:30,3.758750668,1047.824455,1111
2023/1/20 06:45,24.42518606,1049.558095,1118.25
2023/1/20 07:00,50.62398576,1050.586169,1118.25
2023/1/20 07:15,86.56380172,1041.850969,1118.25
2023/1/20 07:30,143.3183116,1043.152824,1185.5
2023/1/20 07:45,209.8678371,1046.206061,1147
2023/1/20 08:00,284.2096531,1174.366763,1164
2023/1/20 08:15,372.7015294,1179.927591,1149.5
2023/1/20 08:30,445.4650982,1189.072696,1183
2023/1/20 08:45,510.8959412,1186.164175,1147
2023/1/20 09:00,584.1224564,1183.893274,1173.5
2023/1/20 09:15,655.6385118,1191.767989,1118.25
2023/1/20 09:30,720.4195363,1197.11169,1159
2023/1/20 09:45,785.1846131,1223.355504,1140
2023/1/20 10:00,843.4379545,1111.510386,1164
2023/1/20 10:15,867.6815169,1109.031592,1173.5
2023/1/20 10:30,907.7924524,1108.315493,1168.75
2023/1/20 10:45,935.1653019,1104.615735,1176
2023/1/20 11:00,931.7858673,1101.579737,1152
2023/1/20 11:15,909.6479482,1080.833795,1176
2023/1/20 11:30,901.3411481,1079.53483,1152
2023/1/20 11:45,905.659142,1080.906166,1183
2023/1/20 12:00,910.3102795,1073.020793,1140
2023/1/20 12:15,918.5996987,1072.751976,1168.75
2023/1/20 12:30,925.6422208,1082.224218,1137.5
2023/1/20 12:45,940.0181441,1072.128452,1147
2023/1/20 13:00,935.4129766,1070.67702,1156.75
2023/1/20 13:15,924.2574299,1075.001506,1180.75
2023/1/20 13:30,916.9960601,1077.42362,1185.5
2023/1/20 13:45,877.6610955,1079.415227,1156.75
2023/1/20 14:00,848.2200859,1065.1639,1197.5
2023/1/20 14:15,823.6425187,1055.06691,1166.25
2023/1/20 14:30,778.8217533,1041.823845,1183
2023/1/20 14:45,719.113023,1041.848802,1171
2023/1/20 15:00,657.7849041,1023.696508,1142.25
2023/1/20 15:15,590.0218054,1027.511526,1154.25
2023/1/20 15:30,523.1776089,1030.686827,1130.25
2023/1/20 15:45,461.5696781,1036.766099,1161.5
2023/1/20 16:00,394.1559127,1023.638756,1137.5
2023/1/20 16:15,324.7431439,1018.007788,1183
2023/1/20 16:30,253.7168854,1016.103154,1137.5
2023/1/20 16:45,184.5260662,1007.285154,1168.75
2023/1/20 17:00,125.908263,992.2382859,1137.5
2023/1/20 17:15,78.84275329,948.5957682,1192.75
2023/1/20 17:30,43.43246285,897.0056358,1171
2023/1/20 17:45,17.89654646,1003.729274,1168.75
2023/1/20 18:00,5.857823909,970.0442126,1166.25
2023/1/20 18:15,0,949.0060985,1152
2023/1/20 18:30,0,915.8813587,1173.5
2023/1/20 18:45,0,902.9272461,1144.75
2023/1/20 19:00,0,897.7410025,1173.5
2023/1/20 19:15,0,897.4196265,1135
2023/1/20 19:30,0,889.9573533,1159
2023/1/20 19:45,0,889.7488265,1149.5
2023/1/20 20:00,0,894.1269343,1173.5
2023/1/20 20:15,0,895.8407423,1185.5
2023/1/20 20:30,0,897.4955312,1142.25
2023/1/20 20:45,0,894.0160383,1130.25
2023/1/20 21:00,0,893.3302729,1099
2023/1/20 21:15,0,903.7422055,1132.75
2023/1/20 21:30,0,908.904376,1096.75
2023/1/20 21:45,0,921.8180372,1149.5
2023/1/20 22:00,0,932.717396,1120.75
2023/1/20 22:15,0,909.1920102,1135
2023/1/20 22:30,0,908.9443406,1132.75
2023/1/20 22:45,0,905.6800182,1128
2023/1/20 23:00,0,908.4586114,1144.75
2023/1/20 23:15,0,885.5862222,1113.5
2023/1/20 23:30,0,882.1399637,1137.5
2023/1/20 23:45,0,882.5321009,1106.25
2023/1/21 00:00,0,883.5595372,1140
2023/1/21 00:15,0,884.7843754,1101.5
2023/1/21 00:30,0,895.4467915,1120.75
2023/1/21 00:45,0,916.7881072,1123
2023/1/21 01:00,0,903.3763616,1128
2023/1/21 01:15,0,780.691951,1125.5
2023/1/21 01:30,0,790.6351498,1106.25
2023/1/21 01:45,0,775.4444819,1135
2023/1/21 02:00,0,777.1974031,1099
2023/1/21 02:15,0,774.7261107,1132.75
2023/1/21 02:30,0,780.0494085,1087
2023/1/21 02:45,0,788.4197519,1111
2023/1/21 03:00,0,794.6125418,1082.25
2023/1/21 03:15,0,805.8362367,1094.25
2023/1/21 03:30,0,843.3806779,1099
2023/1/21 03:45,0,849.6624712,1089.5
2023/1/21 04:00,0,840.5531025,1108.75
2023/1/21 04:15,0,832.6083035,1092
2023/1/21 04:30,0,849.4953003,1123
2023/1/21 04:45,0,851.7039895,1087
2023/1/21 05:00,0,852.2752298,1142.25
2023/1/21 05:15,0,844.1581936,1101.5
2023/1/21 05:30,0,829.6378946,1125.5
2023/1/21 05:45,0,807.8144529,1092
2023/1/21 06:00,0,807.8520106,1120.75
2023/1/21 06:15,0,807.2250131,1125.5
2023/1/21 06:30,3.494020602,806.5611815,1120.75
2023/1/21 06:45,13.38265303,801.0360679,1140
2023/1/21 07:00,30.20409683,798.6241314,1130.25
2023/1/21 07:15,57.79512462,799.3106684,1161.5
2023/1/21 07:30,91.49655622,802.3985641,1190.25
2023/1/21 07:45,129.0706996,801.4394722,1221.5
2023/1/21 08:00,170.2241509,797.3701267,1200
2023/1/21 08:15,209.4032984,795.6038427,1233.5
2023/1/21 08:30,249.9885946,818.3883967,1221.5
2023/1/21 08:45,294.0152366,828.5352866,1224
2023/1/21 09:00,320.4790835,825.6593766,1252.75
2023/1/21 09:15,362.1663067,809.7978447,1214.25
2023/1/21 09:30,412.8025663,801.4405209,1274.25
2023/1/21 09:45,455.3963603,800.8672974,1272
2023/1/21 10:00,485.1535699,810.4996337,1317.5
2023/1/21 10:15,523.4535138,829.9836688,1315
2023/1/21 10:30,567.0271508,828.15321,1308
2023/1/21 10:45,603.6800956,812.7101573,1320
2023/1/21 11:00,652.8785452,806.3120615,1288.75
2023/1/21 11:15,701.8120801,813.9021998,1315
2023/1/21 11:30,738.9758087,815.2700179,1252.75
2023/1/21 11:45,755.8572365,809.2749349,1284
2023/1/21 12:00,747.8094372,784.7535988,1255
2023/1/21 12:15,738.2383369,777.3883967,1243
2023/1/21 12:30,747.9404011,898.4649911,1240.75
2023/1/21 12:45,753.0665781,896.8592248,1226.25
2023/1/21 13:00,730.7307093,897.7358345,1269.5
2023/1/21 13:15,705.6977489,902.6199367,1262.25
2023/1/21 13:30,688.532829,897.9185907,1310.25
2023/1/21 13:45,679.3133803,855.2496015,1279
2023/1/21 14:00,675.5416725,890.0787169,1312.75
2023/1/21 14:15,635.1224315,894.7912981,1255
2023/1/21 14:30,614.1647607,878.9648976,1262.25
2023/1/21 14:45,523.6217161,876.361527,1248
2023/1/21 15:00,537.3504267,866.6779084,1248
2023/1/21 15:15,501.6301792,873.7743361,1262.25
2023/1/21 15:30,458.9126908,859.5086055,1238.25
2023/1/21 15:45,408.5863032,716.9125859,1286.25
2023/1/21 16:00,349.2980366,712.1500372,1264.75
2023/1/21 16:15,286.2713481,710.6998351,1279
2023/1/21 16:30,224.9636656,711.315166,1260
2023/1/21 16:45,172.4804049,713.4374241,1276.75
2023/1/21 17:00,110.3701049,715.8290017,1262.25
2023/1/21 17:15,67.15661715,715.7033552,1272
2023/1/21 17:30,42.9195184,716.4738163,1269.5
2023/1/21 17:45,17.92856601,713.4913568,1243
2023/1/21 18:00,5.237760469,716.2362349,1264.75
2023/1/21 18:15,0,736.1447546,1228.75
2023/1/21 18:30,0,743.4548864,1262.25
2023/1/21 18:45,0,736.0538652,1207
2023/1/21 19:00,0,721.554616,1236
2023/1/21 19:15,0,730.7896905,1207
2023/1/21 19:30,0,741.4437748,1221.5
2023/1/21 19:45,0,772.7122828,1216.75
2023/1/21 20:00,0,799.1889698,1183
2023/1/21 20:15,0,808.8455311,1214.25
2023/1/21 20:30,0,822.1849266,1183
2023/1/21 20:45,0,857.1009217,1212
2023/1/21 21:00,0,879.9265042,1176
2023/1/21 21:15,0,882.1573591,1204.75
2023/1/21 21:30,0,879.2233506,1156.75
2023/1/21 21:45,0,887.2016051,1204.75
2023/1/21 22:00,0,883.5399857,1173.5
2023/1/21 22:15,0,890.563803,1197.5
2023/1/21 22:30,0,894.6958156,1178.25
2023/1/21 22:45,0,902.630633,1207
2023/1/21 23:00,0,919.6993535,1190.25
2023/1/21 23:15,0,925.4047147,1176
2023/1/21 23:30,0,940.4462731,1197.5
2023/1/21 23:45,0,940.5490564,1166.25
2023/1/22 00:00,0,935.8761356,1195
2023/1/22 00:15,0,942.0038191,1152
2023/1/22 00:30,0,954.0008071,1195
2023/1/22 00:45,0,967.6323367,1166.25
2023/1/22 01:00,0,1011.098533,1180.75
2023/1/22 01:15,0,1039.124421,1171
2023/1/22 01:30,0,1041.757107,1171
2023/1/22 01:45,0,1031.031793,1185.5
2023/1/22 02:00,0,1035.855495,1176
2023/1/22 02:15,0,1039.765225,1200
2023/1/22 02:30,0,1035.328922,1168.75
2023/1/22 02:45,0,1040.119102,1197.5
2023/1/22 03:00,0,1065.782762,1164
2023/1/22 03:15,0,1083.171068,1178.25
2023/1/22 03:30,0,1080.043211,1168.75
2023/1/22 03:45,0,1082.445758,1168.75
2023/1/22 04:00,0,1090.114359,1176
2023/1/22 04:15,0,1094.055408,1152
2023/1/22 04:30,0,1096.350737,1185.5
2023/1/22 04:45,0,1092.934585,1152
2023/1/22 05:00,0,1092.19925,1183
2023/1/22 05:15,0,1094.420678,1147
2023/1/22 05:30,0,1088.643332,1159
2023/1/22 05:45,0,1094.157669,1144.75
2023/1/22 06:00,0,1090.616252,1149.5
2023/1/22 06:15,0,1087.704448,1156.75
2023/1/22 06:30,3.815288943,1083.716205,1137.5
2023/1/22 06:45,23.90171015,1088.069503,1168.75
2023/1/22 07:00,55.65399789,1091.984061,1159
2023/1/22 07:15,100.1508978,1083.632136,1197.5
2023/1/22 07:30,153.0769443,1088.810653,1173.5
2023/1/22 07:45,208.8903293,1094.350552,1219
2023/1/22 08:00,267.1572497,1092.932221,1192.75
2023/1/22 08:15,344.4786541,1081.571155,1221.5
2023/1/22 08:30,425.087568,1077.647103,1221.5
2023/1/22 08:45,496.131064,1085.828105,1214.25
2023/1/22 09:00,574.8539219,1088.523943,1219
2023/1/22 09:15,650.2774235,1093.499958,1173.5
2023/1/22 09:30,706.2290395,1082.565281,1231
2023/1/22 09:45,762.7415338,1104.324543,1214.25
2023/1/22 10:00,810.9112393,1104.956531,1202.25
2023/1/22 10:15,832.534856,1244.131784,1226.25
2023/1/22 10:30,847.2286426,1250.114513,1195
2023/1/22 10:45,926.8510006,1247.57708,1236
2023/1/22 11:00,953.18951,1247.79738,1207
2023/1/22 11:15,979.1535017,1250.014043,1188
2023/1/22 11:30,953.4128964,1243.105505,1204.75
2023/1/22 11:45,1015.821155,1244.288883,1183
2023/1/22 12:00,1015.332175,1237.475193,1209.5
2023/1/22 12:15,1010.207671,1243.643702,1178.25
2023/1/22 12:30,1003.891367,1119.258547,1178.25
2023/1/22 12:45,977.2797451,1118.557559,1156.75
2023/1/22 13:00,951.0338421,1113.355337,1207
2023/1/22 13:15,923.5999632,1117.121802,1202.25
2023/1/22 13:30,887.9964213,1111.72891,1255
2023/1/22 13:45,849.2300341,1112.832863,1252.75
2023/1/22 14:00,800.1858019,1117.44297,1262.25
2023/1/22 14:15,746.6347689,1119.2044,1238.25
2023/1/22 14:30,689.0643925,1121.836772,1238.25
2023/1/22 14:45,631.7759598,1120.121696,1219
2023/1/22 15:00,574.9091247,1116.187361,1236
2023/1/22 15:15,519.2056217,1099.660355,1226.25
2023/1/22 15:30,458.5896782,1100.406949,1221.5
2023/1/22 15:45,394.4318611,1115.670977,1236
2023/1/22 16:00,334.632298,1122.475803,1228.75
2023/1/22 16:15,266.8145726,1126.066441,1238.25
2023/1/22 16:30,200.6131133,1124.534866,1202.25
2023/1/22 16:45,141.9602982,1112.410511,1209.5
2023/1/22 17:00,91.44863093,1129.983278,1144.75
2023/1/22 17:15,53.52361147,1131.30712,1178.25
2023/1/22 17:30,27.30292846,1144.254566,1142.25
2023/1/22 17:45,12.02355811,1143.336543,1176
2023/1/22 18:00,5.253654164,1144.689561,1159
2023/1/22 18:15,0,1143.882878,1166.25
2023/1/22 18:30,0,1138.645822,1171
2023/1/22 18:45,0,1134.8918,1159
2023/1/22 19:00,0,1128.58732,1180.75
2023/1/22 19:15,0,1118.895707,1137.5
2023/1/22 19:30,0,1111.584521,1130.25
2023/1/22 19:45,0,1101.09855,1147
2023/1/22 20:00,0,1091.594145,1118.25
2023/1/22 20:15,0,1078.826706,1123
2023/1/22 20:30,0,1191.993919,1149.5
2023/1/22 20:45,0,1180.04019,1106.25
2023/1/22 21:00,0,1165.934057,1154.25
2023/1/22 21:15,0,1136.449229,1089.5
2023/1/22 21:30,0,1096.997573,1104
2023/1/22 21:45,0,1050.937606,1135
2023/1/22 22:00,0,1014.252306,1108.75
2023/1/22 22:15,0,959.1179611,1137.5
2023/1/22 22:30,0,934.7671489,1130.25
2023/1/22 22:45,0,923.5747975,1132.75
2023/1/22 23:00,0,908.8865617,1156.75
2023/1/22 23:15,0,890.5346248,1120.75
2023/1/22 23:30,0,887.5484347,1152
2023/1/22 23:45,0,871.7920488,1132.75
2023/1/23 00:00,0,867.7913701,1130.25
2023/1/23 00:15,0,869.8223972,1135
2023/1/23 00:30,0,876.5915767,1094.25
2023/1/23 00:45,0,870.2307324,1140
2023/1/23 01:00,0,845.2884553,1099
2023/1/23 01:15,0,815.0995461,1137.5
2023/1/23 01:30,0,797.0475001,1101.5
2023/1/23 01:45,0,742.3540595,1140
2023/1/23 02:00,0,690.3539929,1108.75
2023/1/23 02:15,0,693.0811599,1118.25
2023/1/23 02:30,0,690.3851533,1125.5
2023/1/23 02:45,0,692.5241712,1113.5
2023/1/23 03:00,0,714.6206847,1137.5
2023/1/23 03:15,0,740.4118849,1106.25
2023/1/23 03:30,0,791.9588378,1130.25
2023/1/23 03:45,0,800.9257042,1108.75
2023/1/23 04:00,0,841.8511967,1108.75
2023/1/23 04:15,0,873.7092995,1132.75
2023/1/23 04:30,0,934.1267478,1113.5
2023/1/23 04:45,0,1029.234775,1135
2023/1/23 05:00,0,1097.004183,1106.25
2023/1/23 05:15,0,1136.587201,1099
2023/1/23 05:30,0,1154.830206,1118.25
2023/1/23 05:45,0,1168.738747,1089.5
2023/1/23 06:00,0,1179.013275,1140
2023/1/23 06:15,0,1184.686678,1096.75
2023/1/23 06:30,3.481599296,1183.898462,1118.25
2023/1/23 06:45,16.7831934,1050.658716,1096.75
2023/1/23 07:00,37.45020809,1043.834067,1137.5
2023/1/23 07:15,66.19318056,1045.205347,1116
2023/1/23 07:30,100.265033,1043.481592,1166.25
2023/1/23 07:45,135.2841136,1044.669439,1171
2023/1/23 08:00,174.600207,1045.411901,1154.25
2023/1/23 08:15,217.4928385,1043.577266,1195
2023/1/23 08:30,258.5028693,1041.091231,1164
2023/1/23 08:45,313.1245028,1040.944527,1207
2023/1/23 09:00,360.4958125,1031.318443,1190.25
2023/1/23 09:15,412.4536029,1035.457652,1228.75
2023/1/23 09:30,471.9073331,1035.653651,1188
2023/1/23 09:45,529.0660035,1046.458615,1228.75
2023/1/23 10:00,570.5210974,1059.329636,1216.75
2023/1/23 10:15,619.3094721,1061.421334,1228.75
2023/1/23 10:30,667.8585594,812.4924417,1245.5
2023/1/23 10:45,698.4903298,812.5732905,1233.5
2023/1/23 11:00,733.00364,815.0114261,1260
2023/1/23 11:15,778.8863677,813.9192629,1209.5
2023/1/23 11:30,831.4534348,810.0206766,1228.75
2023/1/23 11:45,866.4987035,800.5968241,1197.5
2023/1/23 12:00,899.0719125,796.6124828,1226.25
2023/1/23 12:15,917.3684944,791.7222142,1190.25
2023/1/23 12:30,922.7025797,796.2745534,1207
2023/1/23 12:45,915.2052307,803.6271954,1190.25
2023/1/23 13:00,904.4335882,798.2931935,1207
2023/1/23 13:15,894.012782,791.7603378,1195
2023/1/23 13:30,880.3554306,787.7615173,1204.75
2023/1/23 13:45,864.1644931,789.4830818,1209.5
2023/1/23 14:00,820.7094308,792.8931756,1176
2023/1/23 14:15,783.9458913,787.2162673,1188
2023/1/23 14:30,737.5176023,909.7569716,1212
2023/1/23 14:45,688.064698,903.0389934,1214.25
2023/1/23 15:00,642.931141,894.7944961,1192.75
2023/1/23 15:15,594.3705509,895.9892066,1233.5
2023/1/23 15:30,535.8698592,889.3236127,1195
2023/1/23 15:45,468.6698307,891.2513913,1226.25
2023/1/23 16:00,399.9131461,892.9682806,1212
2023/1/23 16:15,329.9165717,898.19772,1216.75
2023/1/23 16:30,264.1104042,896.6711173,1209.5
2023/1/23 16:45,196.2341311,891.5204356,1212
2023/1/23 17:00,134.1305484,898.820525,1197.5
2023/1/23 17:15,79.12045433,910.29357,1171
2023/1/23 17:30,41.03718505,899.8934361,1197.5
2023/1/23 17:45,18.5010236,889.6445959,1147
2023/1/23 18:00,8.448376819,885.249102,1180.75
2023/1/23 18:15,0,882.1590204,1178.25
2023/1/23 18:30,0,892.6934168,1164
2023/1/23 18:45,0,904.1103446,1178.25
2023/1/23 19:00,0,907.9711029,1149.5
2023/1/23 19:15,0,916.9496778,1171
2023/1/23 19:30,0,798.9592339,1125.5
2023/1/23 19:45,0,800.2399855,1166.25
2023/1/23 20:00,0,797.918099,1156.75
2023/1/23 20:15,0,792.8422684,1132.75
2023/1/23 20:30,0,793.4962843,1168.75
2023/1/23 20:45,0,786.0652782,1111
2023/1/23 21:00,0,776.5260369,1142.25
2023/1/23 21:15,0,776.172169,1106.25
2023/1/23 21:30,0,781.9380107,1113.5
2023/1/23 21:45,0,893.5003593,1128
2023/1/23 22:00,0,860.9120829,1101.5
2023/1/23 22:15,0,816.2199033,1140
2023/1/23 22:30,0,825.4448438,1092
2023/1/23 22:45,0,870.126581,1130.25
2023/1/23 23:00,0,894.6299875,1108.75
2023/1/23 23:15,0,894.2448455,1094.25
2023/1/23 23:30,0,892.6125315,1120.75
2023/1/23 23:45,0,891.7999164,1080
2023/1/24 00:00,0,766.859347,1113.5
2023/1/24 00:15,0,768.4084382,1092
2023/1/24 00:30,0,892.9621038,1111
2023/1/24 00:45,0,883.7086846,1104
2023/1/24 01:00,0,893.6543641,1075
2023/1/24 01:15,0,910.8114742,1104
2023/1/24 01:30,0,906.0928073,1070.25
2023/1/24 01:45,0,908.195996,1096.75
2023/1/24 02:00,0,771.1801301,1075
2023/1/24 02:15,0,895.7721692,1111
2023/1/24 02:30,0,891.1434224,1094.25
2023/1/24 02:45,0,890.5231942,1106.25
2023/1/24 03:00,0,893.9212801,1099
2023/1/24 03:15,0,890.5771961,1070.25
2023/1/24 03:30,0,901.7858801,1099
2023/1/24 03:45,0,913.9215009,1072.75
2023/1/24 04:00,0,917.6576773,1116
2023/1/24 04:15,0,908.2170393,1082.25
2023/1/24 04:30,0,789.7239214,1118.25
2023/1/24 04:45,0,817.7798863,1104
2023/1/24 05:00,0,823.4383212,1116
2023/1/24 05:15,0,820.9135336,1101.5
2023/1/24 05:30,0,951.7470502,1101.5
2023/1/24 05:45,0,947.7895654,1125.5
2023/1/24 06:00,0,954.9412298,1092
2023/1/24 06:15,0,951.7769056,1156.75
2023/1/24 06:30,6.034798406,936.7695014,1106.25
2023/1/24 06:45,18.96943531,802.7586744,1144.75
2023/1/24 07:00,33.03743807,794.5128315,1106.25
2023/1/24 07:15,57.61837801,792.2956739,1132.75
2023/1/24 07:30,89.53178456,913.0116371,1125.5
2023/1/24 07:45,123.8757912,906.5798637,1123
2023/1/24 08:00,161.0137112,918.4775749,1156.75
2023/1/24 08:15,206.7691114,930.9386877,1132.75
2023/1/24 08:30,256.2663592,939.7975862,1176
2023/1/24 08:45,302.7082412,952.643373,1132.75
2023/1/24 09:00,340.8616116,832.2404792,1159
2023/1/24 09:15,386.096188,842.831385,1168.75
2023/1/24 09:30,427.3765763,846.1583989,1161.5
2023/1/24 09:45,461.6362734,848.2932961,1168.75
2023/1/24 10:00,508.9091028,537.4636196,1197.5
2023/1/24 10:15,552.1671907,537.2005333,1188
2023/1/24 10:30,596.7262531,539.4313219,1185.5
2023/1/24 10:45,639.8437564,538.7047605,1216.75
2023/1/24 11:00,686.7547465,538.0088496,1178.25
2023/1/24 11:15,716.1143463,538.9604571,1221.5
2023/1/24 11:30,743.8218429,538.3132534,1190.25
2023/1/24 11:45,764.2825258,539.6137678,1212
2023/1/24 12:00,783.3733081,541.2564646,1209.5
2023/1/24 12:15,796.4882856,542.7991797,1168.75
2023/1/24 12:30,810.6044526,542.5413535,1164
2023/1/24 12:45,810.8895927,542.6779365,1190.25
2023/1/24 13:00,817.7441511,985.428502,1176
2023/1/24 13:15,812.3171472,986.7477472,1178.25
2023/1/24 13:30,793.1024159,987.2892778,1204.75
2023/1/24 13:45,762.8832744,989.3719353,1152
2023/1/24 14:00,727.4605238,988.9684802,1192.75
2023/1/24 14:15,687.981701,990.4058137,1185.5
2023/1/24 14:30,659.2056097,988.8984902,1224
2023/1/24 14:45,625.9881979,989.1524766,1221.5
2023/1/24 15:00,579.9787457,990.335638,1209.5
2023/1/24 15:15,524.0645439,862.0973008,1202.25
2023/1/24 15:30,474.5869619,862.5881794,1197.5
2023/1/24 15:45,413.0022773,860.3920924,1173.5
2023/1/24 16:00,363.3202346,860.3784499,1216.75
2023/1/24 16:15,302.6278969,865.3333672,1152
2023/1/24 16:30,242.0970283,864.7177594,1183
2023/1/24 16:45,180.7976937,861.020113,1164
2023/1/24 17:00,127.6440101,829.7117793,1207
2023/1/24 17:15,78.08665349,822.8854578,1197.5
2023/1/24 17:30,41.72802105,867.841974,1202.25
2023/1/24 17:45,16.98189525,870.176865,1173.5
2023/1/24 18:00,7.697386655,866.8508498,1173.5
2023/1/24 18:15,0,864.2668965,1159
2023/1/24 18:30,0,863.4505249,1140
2023/1/24 18:45,0,1111.02234,1140
2023/1/24 19:00,0,1107.829351,1135
2023/1/24 19:15,0,1107.919437,1140
2023/1/24 19:30,0,1109.200584,1113.5
2023/1/24 19:45,0,1116.236612,1147
2023/1/24 20:00,0,867.0955044,1108.75
2023/1/24 20:15,0,866.876697,1130.25
2023/1/24 20:30,0,841.7250529,1106.25
2023/1/24 20:45,0,833.5380895,1125.5
2023/1/24 21:00,0,831.3857093,1137.5
2023/1/24 21:15,0,833.6047179,1113.5
2023/1/24 21:30,0,852.698789,1147
2023/1/24 21:45,0,855.5370393,1147
2023/1/24 22:00,0,855.4493491,1154.25
2023/1/24 22:15,0,853.673888,1156.75
2023/1/24 22:30,0,856.9532161,1149.5
2023/1/24 22:45,0,855.7947145,1164
2023/1/24 23:00,0,857.2166748,1137.5
2023/1/24 23:15,0,838.5389466,1166.25
2023/1/24 23:30,0,859.5749352,1130.25
2023/1/24 23:45,0,860.954042,1154.25
2023/1/25 00:00,0,860.6801421,1142.25
2023/1/25 00:15,0,866.1763018,1135
2023/1/25 00:30,0,868.1087524,1149.5
2023/1/25 00:45,0,866.278671,1125.5
2023/1/25 01:00,0,865.4599358,1152
2023/1/25 01:15,0,858.5560239,1123
2023/1/25 01:30,0,855.7055445,1140
2023/1/25 01:45,0,855.3283245,1140
2023/1/25 02:00,0,853.2372494,1125.5
2023/1/25 02:15,0,853.6073347,1135
2023/1/25 02:30,0,852.5957017,1116
2023/1/25 02:45,0,853.6850356,1140
2023/1/25 03:00,0,853.7802823,1108.75
2023/1/25 03:15,0,853.1190485,1123
2023/1/25 03:30,0,852.4524081,1128
2023/1/25 03:45,0,848.6421626,1118.25
2023/1/25 04:00,0,852.2960145,1152
2023/1/25 04:15,0,851.588125,1108.75
2023/1/25 04:30,0,848.1172914,1140
2023/1/25 04:45,0,850.3573565,1111
2023/1/25 05:00,0,850.2042718,1125.5
2023/1/25 05:15,0,852.4386113,1118.25
2023/1/25 05:30,0,849.9926861,1108.75
2023/1/25 05:45,0,851.72365,1132.75
2023/1/25 06:00,0,852.689512,1106.25
2023/1/25 06:15,0,851.8887252,1140
2023/1/25 06:30,4.40052993,847.2464156,1094.25
2023/1/25 06:45,16.37736403,841.3525784,1125.5
2023/1/25 07:00,34.24894341,843.813503,1113.5
2023/1/25 07:15,60.2767323,843.1925784,1123
2023/1/25 07:30,89.86774884,846.3456748,1147
2023/1/25 07:45,123.7090684,853.3876798,1130.25
2023/1/25 08:00,164.0408519,850.3252787,1156.75
2023/1/25 08:15,204.8467458,853.0837433,1135
2023/1/25 08:30,248.8125953,851.1368412,1144.75
2023/1/25 08:45,283.5899645,852.1155105,1130.25
2023/1/25 09:00,313.1712559,851.1109248,1123
2023/1/25 09:15,342.2625951,851.2591944,1149.5
2023/1/25 09:30,388.9034894,830.614154,1130.25
2023/1/25 09:45,437.324358,851.8545116,1149.5
2023/1/25 10:00,470.6984231,822.394773,1180.75
2023/1/25 10:15,501.8967458,819.5391747,1183
2023/1/25 10:30,550.8150272,823.3753738,1188
2023/1/25 10:45,598.3577547,820.3059924,1156.75
2023/1/25 11:00,647.4814071,820.1479472,1176
2023/1/25 11:15,682.9224481,817.911028,1156.75
2023/1/25 11:30,726.7419127,798.6719687,1149.5
2023/1/25 11:45,773.5609798,796.28851,1168.75
2023/1/25 12:00,824.902304,797.9404957,1147
2023/1/25 12:15,833.1667277,793.819966,1164
2023/1/25 12:30,813.9085841,814.2553254,1132.75
2023/1/25 12:45,798.9449525,810.0273946,1156.75
2023/1/25 13:00,796.3357933,805.5461908,1137.5
2023/1/25 13:15,764.6586457,804.5813084,1135
2023/1/25 13:30,722.3713224,830.1792763,1149.5
2023/1/25 13:45,674.1421361,832.8019177,1125.5
2023/1/25 14:00,616.9293795,829.4424683,1154.25
2023/1/25 14:15,582.0313335,829.5366361,1156.75
2023/1/25 14:30,545.2175053,828.2550496,1161.5
2023/1/25 14:45,485.0111151,827.0062314,1171
2023/1/25 15:00,440.808539,829.2888236,1142.25
2023/1/25 15:15,390.8551872,829.9147576,1166.25
2023/1/25 15:30,345.4300534,827.3904904,1128
2023/1/25 15:45,293.5069744,822.9262022,1176
2023/1/25 16:00,236.9203398,824.8779824,1159
2023/1/25 16:15,188.0926059,815.1199191,1164
2023/1/25 16:30,142.2689513,799.2555948,1135
2023/1/25 16:45,104.4407043,775.8925265,1125.5
2023/1/25 17:00,70.70343507,763.6342365,1135
2023/1/25 17:15,42.24820654,733.0081861,1118.25
2023/1/25 17:30,21.45651756,713.7372416,1140
2023/1/25 17:45,11.54616761,708.8517214,1116
2023/1/25 18:00,7.099003435,860.6624169,1137.5
2023/1/25 18:15,0,857.9166821,1132.75
2023/1/25 18:30,0,849.9910184,1132.75
2023/1/25 18:45,0,848.0485163,1142.25
2023/1/25 19:00,0,840.5149625,1118.25
2023/1/25 19:15,0,818.7512254,1154.25
2023/1/25 19:30,0,827.9284899,1116
2023/1/25 19:45,0,816.9867157,1154.25
2023/1/25 20:00,0,818.2655111,1140
2023/1/25 20:15,0,821.4157771,1159
2023/1/25 20:30,0,815.4157124,1156.75
2023/1/25 20:45,0,804.1233578,1147
2023/1/25 21:00,0,785.4831276,1144.75
2023/1/25 21:15,0,798.4385757,1142.25
2023/1/25 21:30,0,825.9950496,1188
2023/1/25 21:45,0,850.987274,1137.5
2023/1/25 22:00,0,841.7713872,1195
2023/1/25 22:15,0,817.088152,1154.25
2023/1/25 22:30,0,812.0880344,1200
2023/1/25 22:45,0,806.1731459,1161.5
2023/1/25 23:00,0,802.3334006,1192.75
2023/1/25 23:15,0,796.6926066,1176
2023/1/25 23:30,0,759.5797548,1192.75
2023/1/25 23:45,0,745.0356591,1188
2023/1/26 00:00,0,737.5505984,1176
2023/1/26 00:15,0,750.9736192,1183
2023/1/26 00:30,0,756.5597118,1156.75
2023/1/26 00:45,0,758.725193,1188
2023/1/26 01:00,0,779.7141299,1147
2023/1/26 01:15,0,750.3934535,1176
2023/1/26 01:30,0,751.7674093,1144.75
2023/1/26 01:45,0,763.8747448,1178.25
2023/1/26 02:00,0,756.1427106,1144.75
2023/1/26 02:15,0,751.2764447,1168.75
2023/1/26 02:30,0,758.6973741,1164
2023/1/26 02:45,0,758.7445328,1159
2023/1/26 03:00,0,748.7726136,1161.5
2023/1/26 03:15,0,749.719318,1130.25
2023/1/26 03:30,0,748.8823302,1164
2023/1/26 03:45,0,747.7048353,1135
2023/1/26 04:00,0,743.3934709,1176
2023/1/26 04:15,0,742.5703355,1144.75
2023/1/26 04:30,0,745.5233135,1156.75
2023/1/26 04:45,0,757.0498067,1164
2023/1/26 05:00,0,783.3613393,1142.25
2023/1/26 05:15,0,825.2186273,1176
2023/1/26 05:30,0,816.6603457,1125.5
2023/1/26 05:45,0,833.2031209,1166.25
2023/1/26 06:00,0,899.2612197,1137.5
2023/1/26 06:15,0,952.2146095,1164
2023/1/26 06:30,8.219136749,993.2744042,1152
2023/1/26 06:45,18.88327849,993.9289038,1156.75
2023/1/26 07:00,37.86481432,990.5883548,1164
2023/1/26 07:15,66.89069541,985.786857,1147
2023/1/26 07:30,103.9833928,987.2661047,1197.5
2023/1/26 07:45,149.2670031,989.6149718,1156.75
2023/1/26 08:00,201.4714607,986.4597077,1188
2023/1/26 08:15,254.2734055,990.2554892,1183
2023/1/26 08:30,296.6141512,984.6473297,1190.25
2023/1/26 08:45,351.0645627,990.2164758,1195
2023/1/26 09:00,408.4909071,998.8360585,1164
2023/1/26 09:15,464.3379762,1008.076397,1190.25
2023/1/26 09:30,511.2031355,1005.974817,1159
2023/1/26 09:45,543.0544438,1017.502994,1185.5
2023/1/26 10:00,596.5441833,1034.155052,1178.25
2023/1/26 10:15,672.9539338,1035.290071,1209.5
2023/1/26 10:30,738.1832687,1048.566277,1180.75
2023/1/26 10:45,825.5044137,1063.157208,1219
2023/1/26 11:00,880.9172085,1067.989476,1183
2023/1/26 11:15,934.2454286,1071.252977,1202.25
2023/1/26 11:30,955.5225435,1071.18689,1171
2023/1/26 11:45,956.6069069,1070.971169,1178.25
2023/1/26 12:00,967.1969171,1072.843301,1171
2023/1/26 12:15,976.6589952,1066.434747,1171
2023/1/26 12:30,980.3088503,1058.801671,1173.5
2023/1/26 12:45,981.2240289,1060.059752,1166.25
2023/1/26 13:00,952.1410082,1060.64631,1178.25
2023/1/26 13:15,925.2569662,1059.170276,1161.5
2023/1/26 13:30,890.0722224,1056.339327,1185.5
2023/1/26 13:45,845.3176045,1058.403192,1142.25
2023/1/26 14:00,811.9082225,1069.592688,1190.25
2023/1/26 14:15,775.6870771,1077.198215,1152
2023/1/26 14:30,731.1946674,1080.087324,1188
2023/1/26 14:45,690.5672799,1083.621241,1140
2023/1/26 15:00,643.6537351,1087.027697,1154.25
2023/1/26 15:15,576.416409,1088.391005,1132.75
2023/1/26 15:30,519.2280099,1093.664586,1142.25
2023/1/26 15:45,453.4315558,1092.626806,1152
2023/1/26 16:00,391.4112013,1093.948313,1159
2023/1/26 16:15,326.8204721,1094.079844,1178.25
2023/1/26 16:30,262.933456,1091.759437,1164
2023/1/26 16:45,198.7305737,1092.218303,1190.25
2023/1/26 17:00,141.654311,1087.812412,1144.75
2023/1/26 17:15,90.83037294,1074.775039,1183
2023/1/26 17:30,50.09780691,1064.329477,1142.25
2023/1/26 17:45,19.60990121,1068.044834,1156.75
2023/1/26 18:00,7.47200322,1068.350486,1156.75
2023/1/26 18:15,0,1064.82221,1154.25
2023/1/26 18:30,0,1066.981851,1178.25
2023/1/26 18:45,0,1060.025345,1149.5
2023/1/26 19:00,0,1055.15311,1185.5
2023/1/26 19:15,0,1067.714865,1144.75
2023/1/26 19:30,0,1073.170366,1185.5
2023/1/26 19:45,0,1070.339801,1128
2023/1/26 20:00,0,1068.389353,1176
2023/1/26 20:15,0,1072.385029,1154.25
2023/1/26 20:30,0,1077.227291,1176
2023/1/26 20:45,0,1068.264461,1159
2023/1/26 21:00,0,1064.410641,1164
2023/1/26 21:15,0,1053.690663,1159
2023/1/26 21:30,0,1046.028859,1147
2023/1/26 21:45,0,1041.04079,1159
2023/1/26 22:00,0,1039.900437,1161.5
2023/1/26 22:15,0,1037.629677,1185.5
2023/1/26 22:30,0,1021.877387,1164
2023/1/26 22:45,0,1005.417498,1214.25
2023/1/26 23:00,0,1008.443872,1149.5
2023/1/26 23:15,0,1008.518366,1185.5
2023/1/26 23:30,0,1117.778362,1144.75
2023/1/26 23:45,0,1069.213644,1159
2023/1/27 00:00,0,1059.879083,1132.75
2023/1/27 00:15,0,1051.809082,1142.25
2023/1/27 00:30,0,1035.15615,1144.75
2023/1/27 00:45,0,1045.098739,1142.25
2023/1/27 01:00,0,1060.945751,1152
2023/1/27 01:15,0,1068.258299,1135
2023/1/27 01:30,0,1070.792812,1154.25
2023/1/27 01:45,0,1065.81578,1137.5
2023/1/27 02:00,0,1050.593227,1164
2023/1/27 02:15,0,1042.235354,1142.25
2023/1/27 02:30,0,1052.493975,1176
2023/1/27 02:45,0,1049.988521,1130.25
2023/1/27 03:00,0,1031.78194,1164
2023/1/27 03:15,0,1007.917145,1128
2023/1/27 03:30,0,989.0642273,1152
2023/1/27 03:45,0,1006.795858,1123
2023/1/27 04:00,0,997.9152233,1164
2023/1/27 04:15,0,868.8690007,1135
2023/1/27 04:30,0,860.2328023,1161.5
2023/1/27 04:45,0,851.1900867,1149.5
2023/1/27 05:00,0,857.7676347,1137.5
2023/1/27 05:15,0,863.1571448,1152
2023/1/27 05:30,0,863.4482612,1132.75
2023/1/27 05:45,0,882.6257634,1149.5
2023/1/27 06:00,0,887.7587831,1120.75
2023/1/27 06:15,0,884.5561016,1156.75
2023/1/27 06:30,9.076279196,868.0768052,1120.75
2023/1/27 06:45,32.39360875,853.627933,1168.75
2023/1/27 07:00,66.97540647,983.3185097,1128
2023/1/27 07:15,113.9840353,997.6154247,1154.25
2023/1/27 07:30,170.5107717,998.8569551,1149.5
2023/1/27 07:45,240.4406648,996.138282,1159
2023/1/27 08:00,319.2335168,1000.079507,1156.75
2023/1/27 08:15,402.3177071,1002.352943,1147
2023/1/27 08:30,482.6547442,1003.129904,1166.25
2023/1/27 08:45,561.9723072,1028.417247,1142.25
2023/1/27 09:00,644.8240879,1054.874163,1171
2023/1/27 09:15,729.2363912,1064.293298,1142.25
2023/1/27 09:30,809.4803437,1084.19472,1178.25
2023/1/27 09:45,871.7862958,1113.36979,1144.75
2023/1/27 10:00,932.5636163,1135.412624,1164
2023/1/27 10:15,985.4627607,1156.628434,1166.25
2023/1/27 10:30,1037.001689,1171.191837,1161.5
2023/1/27 10:45,1073.845934,1064.593389,1183
2023/1/27 11:00,1105.900306,1086.859931,1147
2023/1/27 11:15,1132.037222,1091.749732,1200
2023/1/27 11:30,1152.895313,1093.85271,1171
2023/1/27 11:45,1161.203547,1095.875957,1185.5
2023/1/27 12:00,1158.92979,1095.8436,1188
2023/1/27 12:15,1164.324475,1104.766958,1178.25
2023/1/27 12:30,1167.926604,1109.01825,1212
2023/1/27 12:45,1161.965738,1107.147839,1159
2023/1/27 13:00,1139.821098,1097.881687,1195
2023/1/27 13:15,1112.839894,1113.91638,1180.75
2023/1/27 13:30,1074.902413,1119.651609,1180.75
2023/1/27 13:45,1038.212002,1118.753798,1209.5
2023/1/27 14:00,993.833224,1107.022656,1171
2023/1/27 14:15,952.7692975,1114.559437,1197.5
2023/1/27 14:30,896.9913105,1114.521899,1176
2023/1/27 14:45,830.3635254,1112.623961,1183
2023/1/27 15:00,765.9279402,1117.329933,1188
2023/1/27 15:15,690.0199254,1117.104533,1159
2023/1/27 15:30,595.6441979,1090.317405,1200
2023/1/27 15:45,518.0749984,1102.594211,1178.25
2023/1/27 16:00,441.0183642,1090.456373,1190.25
2023/1/27 16:15,361.7046486,1084.130478,1192.75
2023/1/27 16:30,275.7680859,1080.237548,1168.75
2023/1/27 16:45,205.5386857,1071.502921,1192.75
2023/1/27 17:00,144.2100393,1084.17916,1149.5
2023/1/27 17:15,92.30238289,1096.372258,1166.25
2023/1/27 17:30,49.19664238,1089.033123,1176
2023/1/27 17:45,18.92453267,1078.628854,1140
2023/1/27 18:00,8.50265226,1059.934854,1161.5
2023/1/27 18:15,0,1052.570717,1144.75
2023/1/27 18:30,0,1032.077727,1144.75
2023/1/27 18:45,0,1011.138936,1156.75
2023/1/27 19:00,0,1105.128238,1135
2023/1/27 19:15,0,1031.494615,1164
2023/1/27 19:30,0,921.5669793,1132.75
2023/1/27 19:45,0,852.2484751,1149.5
2023/1/27 20:00,0,798.6742487,1154.25
2023/1/27 20:15,0,760.255516,1130.25
2023/1/27 20:30,0,748.8571936,1168.75
2023/1/27 20:45,0,721.9204306,1118.25
2023/1/27 21:00,0,695.314413,1137.5
2023/1/27 21:15,0,641.3345109,1130.25
2023/1/27 21:30,0,582.9546596,1120.75
2023/1/27 21:45,0,515.4350036,1142.25
2023/1/27 22:00,0,465.8396059,1120.75
2023/1/27 22:15,0,418.3634572,1144.75
2023/1/27 22:30,0,390.8484168,1116
2023/1/27 22:45,0,374.2172446,1120.75
2023/1/27 23:00,0,345.4539075,1128
2023/1/27 23:15,0,316.2286059,1111
2023/1/27 23:30,0,292.6554984,1137.5
2023/1/27 23:45,0,260.7116703,1120.75
2023/1/28 00:00,0,238.2840682,1118.25
2023/1/28 00:15,0,229.0663419,1137.5
2023/1/28 00:30,0,207.4747971,1123
2023/1/28 00:45,0,191.1683375,1142.25
2023/1/28 01:00,0,185.6144759,1118.25
2023/1/28 01:15,0,177.1786103,1120.75
2023/1/28 01:30,0,174.5135769,1130.25
2023/1/28 01:45,0,168.9248495,1106.25
2023/1/28 02:00,0,166.460073,1144.75
2023/1/28 02:15,0,165.7045191,1111
2023/1/28 02:30,0,160.4324174,1113.5
2023/1/28 02:45,0,155.7606768,1113.5
2023/1/28 03:00,0,147.4438199,1094.25
2023/1/28 03:15,0,139.1374025,1113.5
2023/1/28 03:30,0,135.1917571,1080
2023/1/28 03:45,0,131.4962299,1111
2023/1/28 04:00,0,133.1489315,1089.5
2023/1/28 04:15,0,132.1890864,1087
2023/1/28 04:30,0,130.5783161,1101.5
2023/1/28 04:45,0,127.8061708,1084.75
2023/1/28 05:00,0,128.4952141,1099
2023/1/28 05:15,0,135.2121051,1070.25
2023/1/28 05:30,0,130.8692538,1104
2023/1/28 05:45,0,127.1494112,1070.25
2023/1/28 06:00,0,121.9480103,1092
2023/1/28 06:15,0,116.6821226,1084.75
2023/1/28 06:30,9.734556563,116.8408859,1070.25
2023/1/28 06:45,31.27876689,121.3973789,1099
2023/1/28 07:00,65.33602154,116.464917,1065.5
2023/1/28 07:15,109.028438,110.6396193,1099
2023/1/28 07:30,161.3587304,112.8774884,1080
2023/1/28 07:45,220.2738514,112.2418976,1096.75
2023/1/28 08:00,288.0847919,113.4305427,1101.5
2023/1/28 08:15,352.9095327,121.1420642,1094.25
2023/1/28 08:30,430.1842654,129.8163904,1128
2023/1/28 08:45,513.856385,131.5230382,1094.25
2023/1/28 09:00,608.669854,125.6252249,1101.5
2023/1/28 09:15,701.5040247,123.6996385,1123
2023/1/28 09:30,776.4957816,123.1729423,1087
2023/1/28 09:45,840.0626768,122.3358311,1118.25
2023/1/28 10:00,899.3804283,120.8101759,1125.5
2023/1/28 10:15,948.8636266,118.5923615,1113.5
2023/1/28 10:30,1005.712358,119.2072769,1125.5
2023/1/28 10:45,1041.64023,123.3626449,1130.25
2023/1/28 11:00,1079.985501,139.2268823,1101.5
2023/1/28 11:15,1116.564,158.0011215,1108.75
2023/1/28 11:30,1135.760221,170.2782033,1118.25
2023/1/28 11:45,1150.171387,187.5011484,1099
2023/1/28 12:00,1164.977449,219.7374571,1101.5
2023/1/28 12:15,1162.220174,258.3933327,1116
2023/1/28 12:30,1152.897889,320.3824109,1096.75
2023/1/28 12:45,1140.713267,381.7691275,1108.75
2023/1/28 13:00,1115.071174,440.1714067,1099
2023/1/28 13:15,1084.524873,475.6200832,1096.75
2023/1/28 13:30,1052.751565,467.9176771,1094.25
2023/1/28 13:45,1008.280018,463.5879181,1111
2023/1/28 14:00,956.6779872,471.9100313,1104
2023/1/28 14:15,897.5477761,472.4737932,1116
2023/1/28 14:30,835.2189893,443.2068896,1116
2023/1/28 14:45,772.2611594,430.135827,1149.5
2023/1/28 15:00,704.7158081,425.9059885,1099
2023/1/28 15:15,637.1390857,453.8194658,1132.75
2023/1/28 15:30,562.7911292,452.6381786,1111
2023/1/28 15:45,475.3664718,458.5386669,1132.75
2023/1/28 16:00,403.0067401,464.5373524,1116
2023/1/28 16:15,329.353225,441.6203562,1137.5
2023/1/28 16:30,256.0219051,404.1494601,1101.5
2023/1/28 16:45,187.9333434,376.4620805,1120.75
2023/1/28 17:00,126.8257082,359.7161983,1094.25
2023/1/28 17:15,80.12046897,356.6498196,1113.5
2023/1/28 17:30,42.58788014,337.4936273,1092
2023/1/28 17:45,18.10824715,307.0290659,1113.5
2023/1/28 18:00,9.20233872,278.2658889,1092
2023/1/28 18:15,0,236.5083396,1128
2023/1/28 18:30,0,197.9148269,1072.75
2023/1/28 18:45,0,166.0199338,1113.5
2023/1/28 19:00,0,155.0385245,1087
2023/1/28 19:15,0,151.0355177,1089.5
2023/1/28 19:30,0,148.7390743,1113.5
2023/1/28 19:45,0,130.9559132,1092
2023/1/28 20:00,0,121.8412615,1147
2023/1/28 20:15,0,104.660352,1096.75
2023/1/28 20:30,0,88.71160101,1113.5
2023/1/28 20:45,0,83.43962518,1108.75
2023/1/28 21:00,0,77.93115037,1084.75
2023/1/28 21:15,0,72.9872065,1123
2023/1/28 21:30,0,78.32487739,1075
2023/1/28 21:45,0,71.85410401,1125.5
2023/1/28 22:00,0,65.32339733,1096.75
2023/1/28 22:15,0,59.73684229,1101.5
2023/1/28 22:30,0,60.9135252,1099
2023/1/28 22:45,0,59.98856832,1099
2023/1/28 23:00,0,57.00732809,1113.5
2023/1/28 23:15,0,46.66571905,1084.75
2023/1/28 23:30,0,40.70239159,1118.25
2023/1/28 23:45,0,31.74433311,1070.25
2023/1/29 00:00,0,25.83755901,1123
2023/1/29 00:15,0,17.30812899,1068
2023/1/29 00:30,0,13.86324931,1094.25
2023/1/29 00:45,0,10.94188201,1087
2023/1/29 01:00,0,9.365224708,1080
2023/1/29 01:15,0,11.14567247,1116
2023/1/29 01:30,0,10.81524177,1068
2023/1/29 01:45,0,7.978591312,1099
2023/1/29 02:00,0,10.40929032,1092
2023/1/29 02:15,0,13.14597812,1077.5
2023/1/29 02:30,0,14.63997515,1099
2023/1/29 02:45,0,24.93767118,1060.75
2023/1/29 03:00,0,31.39219446,1101.5
2023/1/29 03:15,0,35.18107819,1075
2023/1/29 03:30,0,44.25063709,1101.5
2023/1/29 03:45,0,46.47170138,1116
2023/1/29 04:00,0,50.70487067,1080
2023/1/29 04:15,0,47.73459409,1125.5
2023/1/29 04:30,0,44.38556894,1082.25
2023/1/29 04:45,0,41.65387836,1111
2023/1/29 05:00,0,40.21033834,1068
2023/1/29 05:15,0,39.14601195,1108.75
2023/1/29 05:30,0,34.74878075,1068
2023/1/29 05:45,0,28.03898018,1099
2023/1/29 06:00,0,24.20004092,1094.25
2023/1/29 06:15,0,23.6756671,1087
2023/1/29 06:30,6.774087077,20.8166492,1108.75
2023/1/29 06:45,29.58876052,18.09417979,1075
2023/1/29 07:00,64.15716134,17.94129374,1178.25
2023/1/29 07:15,110.0645875,20.43022712,1120.75
2023/1/29 07:30,166.2467294,21.64152376,1178.25
2023/1/29 07:45,231.2972191,23.00729633,1156.75
2023/1/29 08:00,301.81832,25.63261364,1176
2023/1/29 08:15,373.3763514,30.72744343,1173.5
2023/1/29 08:30,451.309354,33.96731472,1183
2023/1/29 08:45,536.966204,31.15186811,1152
2023/1/29 09:00,621.3132,29.31643379,1183
2023/1/29 09:15,701.0243538,31.69523223,1137.5
2023/1/29 09:30,776.9393316,35.44754982,1188
2023/1/29 09:45,838.4857189,46.11680663,1180.75
2023/1/29 10:00,887.1695568,53.13528064,1195
2023/1/29 10:15,932.627349,59.21194632,1156.75
2023/1/29 10:30,962.8464207,65.65536516,1180.75
2023/1/29 10:45,1013.417099,70.74756246,1166.25
2023/1/29 11:00,1075.726996,85.44552278,1202.25
2023/1/29 11:15,1116.695983,96.04373638,1197.5
2023/1/29 11:30,1142.879283,109.4930883,1204.75
2023/1/29 11:45,1159.817472,118.4075662,1204.75
2023/1/29 12:00,1173.22384,116.2694469,1185.5
2023/1/29 12:15,1176.481416,112.8471843,1156.75
2023/1/29 12:30,1176.250249,107.2441329,1159
2023/1/29 12:45,1169.312066,104.2252199,1130.25
2023/1/29 13:00,1154.102417,114.6407051,1156.75
2023/1/29 13:15,1132.842361,143.180747,1149.5
2023/1/29 13:30,1103.181684,172.4750927,1180.75
2023/1/29 13:45,1065.966071,196.600258,1183
2023/1/29 14:00,1020.122767,234.2671527,1185.5
2023/1/29 14:15,974.3940626,303.2749797,1200
2023/1/29 14:30,920.4018179,384.5738049,1231
2023/1/29 14:45,862.4006192,487.2958288,1212
2023/1/29 15:00,791.0355703,556.7822834,1238.25
2023/1/29 15:15,718.2233217,591.4733333,1204.75
2023/1/29 15:30,641.0856433,626.4821535,1250.25
2023/1/29 15:45,562.5101372,689.4202362,1209.5
2023/1/29 16:00,482.8517187,767.8288608,1240.75
2023/1/29 16:15,397.7148049,823.1753813,1221.5
2023/1/29 16:30,315.5252084,879.3532745,1212
2023/1/29 16:45,236.9736948,927.2466705,1168.75
2023/1/29 17:00,169.0911745,983.9346102,1192.75
2023/1/29 17:15,111.7246386,1020.428545,1168.75
2023/1/29 17:30,66.7787009,1018.015857,1188
2023/1/29 17:45,34.897426,1015.008126,1180.75
2023/1/29 18:00,22.7395504,1018.937332,1125.5
2023/1/29 18:15,0,1004.507764,1154.25
2023/1/29 18:30,0,977.3764196,1130.25
2023/1/29 18:45,0,945.3350045,1149.5
2023/1/29 19:00,0,906.8376916,1180.75
2023/1/29 19:15,0,931.6642323,1120.75
2023/1/29 19:30,0,957.9105645,1144.75
2023/1/29 19:45,0,976.5782087,1147
2023/1/29 20:00,0,1011.584127,1116
2023/1/29 20:15,0,1031.55333,1161.5
2023/1/29 20:30,0,1041.201653,1111
2023/1/29 20:45,0,1037.948143,1142.25
2023/1/29 21:00,0,1041.793,1142.25
2023/1/29 21:15,0,1048.430333,1099
2023/1/29 21:30,0,1047.963212,1132.75
2023/1/29 21:45,0,1054.660005,1089.5
2023/1/29 22:00,0,1062.597971,1120.75
2023/1/29 22:15,0,951.3000352,1089.5
2023/1/29 22:30,0,978.9111783,1125.5
2023/1/29 22:45,0,982.4479484,1084.75
2023/1/29 23:00,0,988.2671248,1116
2023/1/29 23:15,0,1007.783691,1096.75
2023/1/29 23:30,0,1011.369054,1099
2023/1/29 23:45,0,1001.686826,1087
2023/1/30 00:00,0,1011.712361,1077.5
2023/1/30 00:15,0,1029.760728,1113.5
2023/1/30 00:30,0,1031.756728,1080
2023/1/30 00:45,0,1154.575561,1116
2023/1/30 01:00,0,1159.91322,1101.5
2023/1/30 01:15,0,1168.359425,1094.25
2023/1/30 01:30,0,1175.940922,1123
2023/1/30 01:45,0,1163.830697,1092
2023/1/30 02:00,0,1159.679447,1111
2023/1/30 02:15,0,1176.984082,1132.75
2023/1/30 02:30,0,1062.515461,1113.5
2023/1/30 02:45,0,1081.854704,1120.75
2023/1/30 03:00,0,1090.164489,1123
2023/1/30 03:15,0,1110.847917,1106.25
2023/1/30 03:30,0,1120.044362,1125.5
2023/1/30 03:45,0,1114.410215,1123
2023/1/30 04:00,0,1111.648079,1123
2023/1/30 04:15,0,1122.099071,1154.25
2023/1/30 04:30,0,1123.542113,1113.5
2023/1/30 04:45,0,1110.187035,1147
2023/1/30 05:00,0,1107.239741,1130.25
2023/1/30 05:15,0,1109.827103,1128
2023/1/30 05:30,0,1114.892066,1154.25
2023/1/30 05:45,0,1115.938142,1111
2023/1/30 06:00,0,1118.79682,1147
2023/1/30 06:15,0.027391147,1125.688102,1144.75
2023/1/30 06:30,22.26616102,1128.399884,1140
2023/1/30 06:45,54.2893752,1118.896801,1159
2023/1/30 07:00,93.35135541,1114.494508,1137.5
2023/1/30 07:15,144.3746573,1118.685465,1178.25
2023/1/30 07:30,202.8463424,1134.093881,1149.5
2023/1/30 07:45,267.1508634,1124.014775,1185.5
2023/1/30 08:00,340.1143308,1113.923733,1195
2023/1/30 08:15,411.161365,1114.77558,1192.75
2023/1/30 08:30,480.0575308,1120.298647,1231
2023/1/30 08:45,553.7698253,1126.450311,1197.5
2023/1/30 09:00,621.7078645,1133.00185,1219
2023/1/30 09:15,683.2951621,1142.074739,1236
2023/1/30 09:30,737.5106334,1153.36536,1250.25
2023/1/30 09:45,789.3854539,1152.204078,1252.75
2023/1/30 10:00,838.692515,1148.425983,1231
2023/1/30 10:15,879.7458783,1141.868697,1236
2023/1/30 10:30,925.0464754,1144.098917,1260
2023/1/30 10:45,968.3582487,1136.808402,1233.5
2023/1/30 11:00,999.5154632,1126.563357,1257.5
2023/1/30 11:15,1021.933016,1125.201613,1243
2023/1/30 11:30,1040.816189,1137.890702,1238.25
2023/1/30 11:45,1059.69372,1140.258368,1262.25
2023/1/30 12:00,1074.167891,1138.532547,1226.25
2023/1/30 12:15,1082.825383,1138.18742,1243
2023/1/30 12:30,1078.42655,1153.138965,1207
2023/1/30 12:45,1066.390709,1148.984956,1231
2023/1/30 13:00,1058.959698,1140.007705,1267
2023/1/30 13:15,1033.09274,1141.608941,1255
2023/1/30 13:30,1001.717702,1151.466325,1257.5
2023/1/30 13:45,962.7794689,1152.575492,1272
2023/1/30 14:00,935.7035553,1144.985131,1269.5
2023/1/30 14:15,887.7501346,1144.679688,1293.5
2023/1/30 14:30,836.2902121,1159.177085,1276.75
2023/1/30 14:45,779.1430898,1156.243873,1303
2023/1/30 15:00,718.0421476,1146.061227,1276.75
2023/1/30 15:15,651.0921921,1277.949282,1281.5
2023/1/30 15:30,584.5917259,1289.037142,1305.5
2023/1/30 15:45,515.0580535,1293.949618,1312.75
2023/1/30 16:00,437.5187748,1282.036215,1317.5
2023/1/30 16:15,360.4460665,1282.613185,1267
2023/1/30 16:30,284.9462076,1296.95741,1305.5
2023/1/30 16:45,213.9209611,1297.706614,1250.25
2023/1/30 17:00,150.9132371,1286.335184,1269.5
2023/1/30 17:15,98.02420422,1279.431721,1272
2023/1/30 17:30,56.57066557,1165.23165,1224
2023/1/30 17:45,22.68735703,1164.605754,1224
2023/1/30 18:00,9.032494777,1148.417244,1204.75
2023/1/30 18:15,0,1140.815199,1224
2023/1/30 18:30,0,1146.228789,1204.75
2023/1/30 18:45,0,1143.346449,1216.75
2023/1/30 19:00,0,1124.608594,1192.75
2023/1/30 19:15,0,1115.276687,1207
2023/1/30 19:30,0,1115.785836,1178.25
2023/1/30 19:45,0,1133.570887,1190.25
2023/1/30 20:00,0,1132.348746,1200
2023/1/30 20:15,0,1136.573679,1180.75
2023/1/30 20:30,0,1137.772024,1173.5
2023/1/30 20:45,0,1137.591517,1164
2023/1/30 21:00,0,1121.898767,1164
2023/1/30 21:15,0,1110.376554,1156.75
2023/1/30 21:30,0,1109.110802,1180.75
2023/1/30 21:45,0,1117.690778,1156.75
2023/1/30 22:00,0,1095.768276,1192.75
2023/1/30 22:15,0,1084.207119,1152
2023/1/30 22:30,0,1088.464827,1190.25
2023/1/30 22:45,0,1105.775043,1144.75
2023/1/30 23:00,0,1104.1822,1192.75
2023/1/30 23:15,0,1100.333822,1135
2023/1/30 23:30,0,1100.81518,1178.25
2023/1/30 23:45,0,1107.11027,1142.25
2023/1/31 00:00,0,1097.330732,1161.5
2023/1/31 00:15,0,1090.558608,1156.75
2023/1/31 00:30,0,1114.71909,1171
2023/1/31 00:45,0,1127.537456,1149.5
2023/1/31 01:00,0,1122.550538,1164
2023/1/31 01:15,0,1109.809169,1154.25
2023/1/31 01:30,0,1102.166806,1161.5
2023/1/31 01:45,0,1098.061068,1161.5
2023/1/31 02:00,0,1080.865614,1156.75
2023/1/31 02:15,0,1069.397152,1168.75
2023/1/31 02:30,0,1185.236265,1147
2023/1/31 02:45,0,1172.740657,1149.5
2023/1/31 03:00,0,1154.065771,1118.25
2023/1/31 03:15,0,1123.136319,1154.25
2023/1/31 03:30,0,1104.870757,1125.5
2023/1/31 03:45,0,1074.436946,1161.5
2023/1/31 04:00,0,1039.336763,1123
2023/1/31 04:15,0,990.8412916,1168.75
2023/1/31 04:30,0,972.4518575,1125.5
2023/1/31 04:45,0,964.2636449,1168.75
2023/1/31 05:00,0,977.2804283,1135
2023/1/31 05:15,0,1012.448549,1173.5
2023/1/31 05:30,0,1040.24025,1137.5
2023/1/31 05:45,0,1060.631349,1178.25
2023/1/31 06:00,0,1035.596307,1149.5
2023/1/31 06:15,0.306544376,999.2443839,1185.5
2023/1/31 06:30,14.62185004,975.3800804,1166.25
2023/1/31 06:45,43.07844391,938.2653143,1178.25
2023/1/31 07:00,83.26579581,927.8351723,1171
2023/1/31 07:15,134.3166302,917.7294934,1164
2023/1/31 07:30,195.715959,905.0639921,1197.5
2023/1/31 07:45,266.9732001,914.9826251,1202.25
2023/1/31 08:00,340.6723251,913.1741266,1224
2023/1/31 08:15,413.3858394,891.8320543,1243
2023/1/31 08:30,484.3892961,911.4341363,1288.75
2023/1/31 08:45,557.8669606,921.265786,1262.25
2023/1/31 09:00,630.3972774,917.5456512,1288.75
2023/1/31 09:15,696.9102457,926.4576414,1264.75
2023/1/31 09:30,762.6129571,938.9268261,1308
2023/1/31 09:45,834.7555509,964.0082444,1305.5
2023/1/31 10:00,898.4003687,990.5047006,1317.5
2023/1/31 10:15,942.9177591,1012.946652,1305.5
2023/1/31 10:30,982.7887235,1018.087535,1286.25
2023/1/31 10:45,1014.370032,1040.922547,1284
2023/1/31 11:00,1047.339627,1076.44046,1264.75
2023/1/31 11:15,1069.282003,1109.95759,1303
2023/1/31 11:30,1093.092479,1154.631397,1264.75
2023/1/31 11:45,1104.327402,1182.779439,1272
2023/1/31 12:00,1110.307459,1204.204351,1264.75
2023/1/31 12:15,1118.196586,1202.319385,1231
2023/1/31 12:30,1108.890517,1206.319316,1226.25
2023/1/31 12:45,1098.994152,1210.60747,1195
2023/1/31 13:00,1072.465048,1205.796703,1252.75
2023/1/31 13:15,1035.83416,1075.879485,1226.25
2023/1/31 13:30,1010.284531,1087.406748,1252.75
2023/1/31 13:45,979.6331527,1111.959328,1264.75
2023/1/31 14:00,932.5832488,1122.57758,1243
2023/1/31 14:15,885.1029465,1107.864297,1293.5
2023/1/31 14:30,843.8537574,1094.530233,1224
2023/1/31 14:45,793.1027311,1100.736347,1231
2023/1/31 15:00,733.5093087,1104.257464,1228.75
2023/1/31 15:15,675.4917568,1089.439235,1197.5
2023/1/31 15:30,604.1405554,1077.282805,1228.75
2023/1/31 15:45,530.2656433,1070.675573,1207
2023/1/31 16:00,456.4379206,1067.087954,1204.75
2023/1/31 16:15,376.316944,1054.550453,1224
2023/1/31 16:30,299.2805398,709.1408311,1214.25
2023/1/31 16:45,229.5335525,704.440913,1214.25
2023/1/31 17:00,163.1418617,698.8370688,1212
2023/1/31 17:15,107.4074059,677.8361981,1161.5
2023/1/31 17:30,60.39957406,666.5910455,1176
2023/1/31 17:45,24.85805947,989.0949617,1156.75
2023/1/31 18:00,9.829677854,976.7851374,1168.75
2023/1/31 18:15,0,945.4656187,1209.5
2023/1/31 18:30,0,929.868534,1168.75
2023/1/31 18:45,0,1025.693058,1188
2023/1/31 19:00,0,957.2323684,1168.75
2023/1/31 19:15,0,912.8752651,1173.5
2023/1/31 19:30,0,848.0788293,1156.75
2023/1/31 19:45,0,814.589154,1123
2023/1/31 20:00,0,804.5677705,1149.5
2023/1/31 20:15,0,755.1921201,1123
2023/1/31 20:30,0,683.7488484,1149.5
2023/1/31 20:45,0,619.4205717,1135
2023/1/31 21:00,0,564.2365011,1132.75
2023/1/31 21:15,0,505.3083684,1140
2023/1/31 21:30,0,438.7585302,1101.5
2023/1/31 21:45,0,386.4823379,1164
2023/1/31 22:00,0,391.0857549,1120.75
2023/1/31 22:15,0,428.9448996,1161.5
2023/1/31 22:30,0,429.7946916,1125.5
2023/1/31 22:45,0,395.1807871,1144.75
2023/1/31 23:00,0,358.1052707,1135
2023/1/31 23:15,0,335.9876187,1106.25
2023/1/31 23:30,0,349.783925,1120.75
2023/1/31 23:45,0,367.5145189,1099
2023/2/1 00:00,0,376.4245313,1128
2023/2/1 00:15,0,425.523087,1094.25
2023/2/1 00:30,0,485.2698902,1130.25
2023/2/1 00:45,0,535.305708,1120.75
2023/2/1 01:00,0,566.8343152,1135
2023/2/1 01:15,0,580.0960197,1144.75
2023/2/1 01:30,0,546.0108104,1123
2023/2/1 01:45,0,484.2130329,1154.25
2023/2/1 02:00,0,457.696322,1123
2023/2/1 02:15,0,410.6979578,1149.5
2023/2/1 02:30,0,351.2298582,1123
2023/2/1 02:45,0,313.817971,1125.5
2023/2/1 03:00,0,280.7343927,1111
2023/2/1 03:15,0,301.8804866,1104
2023/2/1 03:30,0,390.9952935,1125.5
2023/2/1 03:45,0,558.4887324,1099
2023/2/1 04:00,0,757.3353235,1147
2023/2/1 04:15,0,809.8341016,1101.5
2023/2/1 04:30,0,749.7831929,1101.5
2023/2/1 04:45,0,645.5400408,1111
2023/2/1 05:00,0,610.6685949,1092
2023/2/1 05:15,0,617.725384,1113.5
2023/2/1 05:30,0,726.0077241,1075
2023/2/1 05:45,0,827.17621,1116
2023/2/1 06:00,0,913.0949426,1108.75
2023/2/1 06:15,0.426790861,954.4413961,1123
2023/2/1 06:30,15.6278935,973.4395982,1128
2023/2/1 06:45,40.68361341,1014.478281,1118.25
2023/2/1 07:00,75.71233916,968.008904,1147
2023/2/1 07:15,126.6392842,946.3018971,1123
2023/2/1 07:30,182.033072,927.0460564,1152
2023/2/1 07:45,243.6870217,898.8448624,1140
2023/2/1 08:00,308.2396435,872.9953601,1152
2023/2/1 08:15,377.5671896,835.1490244,1159
2023/2/1 08:30,443.7343235,795.2694843,1142.25
2023/2/1 08:45,521.8403837,753.5176431,1171
2023/2/1 09:00,593.3087621,739.7783322,1149.5
2023/2/1 09:15,656.9085348,756.1617533,1164
2023/2/1 09:30,724.8078953,741.355478,1173.5
2023/2/1 09:45,784.4839156,788.5146189,1168.75
2023/2/1 10:00,850.2120364,838.3254825,1202.25
2023/2/1 10:15,907.981373,892.6264043,1178.25
2023/2/1 10:30,958.7488712,920.1339343,1176
2023/2/1 10:45,991.4900373,947.7447863,1204.75
2023/2/1 11:00,1019.635555,991.5529376,1154.25
2023/2/1 11:15,1053.517669,1026.783671,1171
2023/2/1 11:30,1082.785501,1072.586069,1185.5
2023/2/1 11:45,1092.78787,1080.094864,1152
2023/2/1 12:00,1102.885112,1086.755991,1168.75
2023/2/1 12:15,1096.792375,1090.61932,1190.25
2023/2/1 12:30,1084.936294,974.93099,1164
2023/2/1 12:45,1086.312766,981.33111,1176
2023/2/1 13:00,1069.918378,993.9025872,1180.75
2023/2/1 13:15,1042.155868,994.7095444,1183
2023/2/1 13:30,1015.831981,1003.272156,1207
2023/2/1 13:45,977.4762093,1015.634972,1195
2023/2/1 14:00,947.0209553,1014.447065,1178.25
2023/2/1 14:15,906.1000694,1041.914247,1200
2023/2/1 14:30,866.0143033,1054.614509,1171
2023/2/1 14:45,805.6470104,1049.392831,1168.75
2023/2/1 15:00,741.47034,1047.939647,1192.75
2023/2/1 15:15,676.5568654,1058.141615,1166.25
2023/2/1 15:30,604.7890957,1055.252596,1178.25
2023/2/1 15:45,531.4176627,1040.046209,1192.75
2023/2/1 16:00,462.5717053,1050.363767,1161.5
2023/2/1 16:15,387.0797039,1048.857972,1173.5
2023/2/1 16:30,310.3563855,1045.25911,1176
2023/2/1 16:45,235.3693086,1027.56576,1173.5
2023/2/1 17:00,166.1382274,1023.795349,1176
2023/2/1 17:15,106.8213163,1019.352027,1142.25
2023/2/1 17:30,60.25886431,1024.585759,1137.5
2023/2/1 17:45,26.1098642,1002.066612,1152
2023/2/1 18:00,10.36435452,989.9482454,1130.25
2023/2/1 18:15,0,991.6508231,1161.5
2023/2/1 18:30,0,1092.280187,1161.5
2023/2/1 18:45,0,1062.124334,1144.75
2023/2/1 19:00,0,1047.442267,1183
2023/2/1 19:15,0,1038.735142,1159
2023/2/1 19:30,0,1034.887215,1180.75
2023/2/1 19:45,0,1013.850537,1180.75
2023/2/1 20:00,0,999.9916393,1171
2023/2/1 20:15,0,983.437264,1178.25
2023/2/1 20:30,0,965.0815091,1183
2023/2/1 20:45,0,933.9493092,1197.5
2023/2/1 21:00,0,913.9194239,1161.5
2023/2/1 21:15,0,901.8233528,1192.75
2023/2/1 21:30,0,907.4678179,1180.75
2023/2/1 21:45,0,910.9998756,1207
2023/2/1 22:00,0,901.3641596,1209.5
2023/2/1 22:15,0,888.708899,1207
2023/2/1 22:30,0,890.9751681,1221.5
2023/2/1 22:45,0,875.0385286,1188
2023/2/1 23:00,0,865.6503359,1224
2023/2/1 23:15,0,847.651027,1178.25
2023/2/1 23:30,0,814.0980482,1197.5
2023/2/1 23:45,0,817.2513974,1173.5
2023/2/2 00:00,0,832.5682087,1202.25
2023/2/2 00:15,0,845.5214357,1204.75
2023/2/2 00:30,0,853.2980326,1216.75
2023/2/2 00:45,0,857.32141,1224
2023/2/2 01:00,0,856.0319276,1207
2023/2/2 01:15,0,857.2969385,1248
2023/2/2 01:30,0,850.5325265,1212
2023/2/2 01:45,0,869.7342454,1267
2023/2/2 02:00,0,873.5357644,1214.25
2023/2/2 02:15,0,893.6033492,1260
2023/2/2 02:30,0,926.1072521,1250.25
2023/2/2 02:45,0,918.9088588,1240.75
2023/2/2 03:00,0,916.4820846,1286.25
2023/2/2 03:15,0,929.1562151,1236
2023/2/2 03:30,0,944.971446,1257.5
2023/2/2 03:45,0,946.2444472,1279
2023/2/2 04:00,0,941.3527716,1255
2023/2/2 04:15,0,942.6034909,1286.25
2023/2/2 04:30,0,943.448303,1260
2023/2/2 04:45,0,933.514387,1248
2023/2/2 05:00,0,909.9950519,1262.25
2023/2/2 05:15,0,904.3662457,1209.5
2023/2/2 05:30,0,907.7015205,1228.75
2023/2/2 05:45,0,912.7896624,1240.75
2023/2/2 06:00,0,907.4538717,1216.75
2023/2/2 06:15,0.642957218,902.0351563,1260
2023/2/2 06:30,21.78528454,905.8963559,1219
2023/2/2 06:45,55.14376907,917.9566899,1250.25
2023/2/2 07:00,105.8014461,917.4793699,1248
2023/2/2 07:15,170.3422649,916.6399432,1236
2023/2/2 07:30,245.5534237,938.5421944,1262.25
2023/2/2 07:45,328.5373628,953.9960021,1243
2023/2/2 08:00,414.2685986,957.6599506,1262.25
2023/2/2 08:15,496.543761,968.0173804,1248
2023/2/2 08:30,578.2658539,1002.170975,1264.75
2023/2/2 08:45,659.3999558,1022.288009,1250.25
2023/2/2 09:00,735.0294774,1036.986214,1260
2023/2/2 09:15,805.913942,1045.358475,1245.5
2023/2/2 09:30,864.1438164,1063.634865,1276.75
2023/2/2 09:45,932.8256603,1084.575309,1243
2023/2/2 10:00,988.0329387,1086.770768,1296
2023/2/2 10:15,1036.679921,1106.703137,1284
2023/2/2 10:30,1081.09558,1128.843963,1272
2023/2/2 10:45,1116.810307,1153.395374,1288.75
2023/2/2 11:00,1148.870414,1167.896987,1252.75
2023/2/2 11:15,1174.962262,1176.086409,1284
2023/2/2 11:30,1195.069824,1193.327445,1245.5
2023/2/2 11:45,1209.259479,1208.566951,1260
2023/2/2 12:00,1214.264574,1206.15216,1240.75
2023/2/2 12:15,1220.201075,1190.950834,1264.75
2023/2/2 12:30,1209.740091,1185.13777,1257.5
2023/2/2 12:45,1202.257578,1187.857075,1269.5
2023/2/2 13:00,1182.221396,1177.948243,1252.75
2023/2/2 13:15,1156.655129,1182.803974,1267
2023/2/2 13:30,1118.643453,1195.865688,1264.75
2023/2/2 13:45,1088.161426,1084.69847,1257.5
2023/2/2 14:00,1053.170881,1083.192763,1272
2023/2/2 14:15,1004.594196,787.7955747,1240.75
2023/2/2 14:30,950.8409878,791.0300816,1260
2023/2/2 14:45,893.1252792,798.6265547,1209.5
2023/2/2 15:00,825.7731223,1086.730363,1207
2023/2/2 15:15,750.2520107,1081.18206,1236
2023/2/2 15:30,682.8723994,1078.150913,1231
2023/2/2 15:45,601.2056962,1091.750858,1255
2023/2/2 16:00,520.6238271,1084.974769,1224
2023/2/2 16:15,434.9971569,1081.4267,1250.25
2023/2/2 16:30,352.5512783,1093.518174,1243
2023/2/2 16:45,268.4174706,1110.817102,1245.5
2023/2/2 17:00,191.5455614,1106.350751,1231
2023/2/2 17:15,124.0851832,1091.47986,1221.5
2023/2/2 17:30,70.7635621,1095.522551,1245.5
2023/2/2 17:45,32.58820677,1106.689524,1190.25
2023/2/2 18:00,13.71279116,1102.520088,1231
2023/2/2 18:15,0.000605192,1086.337589,1212
2023/2/2 18:30,0,1080.202133,1226.25
2023/2/2 18:45,0,1076.215292,1200
2023/2/2 19:00,0,1062.77722,1204.75
2023/2/2 19:15,0,1026.208841,1226.25
2023/2/2 19:30,0,1009.008473,1204.75
2023/2/2 19:45,0,1138.375193,1240.75
2023/2/2 20:00,0,1126.357577,1216.75
2023/2/2 20:15,0,1088.542904,1231
2023/2/2 20:30,0,1064.254098,1197.5
2023/2/2 20:45,0,1040.342105,1250.25
2023/2/2 21:00,0,990.8504487,1200
2023/2/2 21:15,0,945.0619499,1240.75
2023/2/2 21:30,0,897.7878889,1202.25
2023/2/2 21:45,0,866.1596324,1231
2023/2/2 22:00,0,845.3999732,1200
2023/2/2 22:15,0,812.4352853,1204.75
2023/2/2 22:30,0,768.0761808,1200
2023/2/2 22:45,0,747.9976715,1195
2023/2/2 23:00,0,722.712325,1195
2023/2/2 23:15,0,686.5192465,1152
2023/2/2 23:30,0,627.6663278,1178.25
2023/2/2 23:45,0,591.29705,1149.5
2023/2/3 00:00,0,567.5649365,1188
2023/2/3 00:15,0,549.8895648,1176
2023/2/3 00:30,0,532.4968369,1207
2023/2/3 00:45,0,507.942243,1178.25
2023/2/3 01:00,0,487.1445342,1204.75
2023/2/3 01:15,0,486.8155883,1171
2023/2/3 01:30,0,471.770535,1204.75
2023/2/3 01:45,0,471.5944361,1190.25
2023/2/3 02:00,0,480.4118823,1183
2023/2/3 02:15,0,491.3844953,1185.5
2023/2/3 02:30,0,470.6762263,1183
2023/2/3 02:45,0,454.9946127,1202.25
2023/2/3 03:00,0,423.4384513,1192.75
2023/2/3 03:15,0,396.5864786,1214.25
2023/2/3 03:30,0,390.2117844,1168.75
2023/2/3 03:45,0,363.4655297,1214.25
2023/2/3 04:00,0,345.031737,1168.75
2023/2/3 04:15,0,321.5271988,1207
2023/2/3 04:30,0,313.0941547,1159
2023/2/3 04:45,0,292.4041538,1202.25
2023/2/3 05:00,0,282.8325442,1168.75
2023/2/3 05:15,0,276.485424,1178.25
2023/2/3 05:30,0,275.6597809,1188
2023/2/3 05:45,0,278.6499553,1164
2023/2/3 06:00,0,280.5476644,1200
2023/2/3 06:15,0.779130066,275.1191479,1180.75
2023/2/3 06:30,26.73840434,279.0085885,1216.75
2023/2/3 06:45,63.35090816,270.149354,1180.75
2023/2/3 07:00,117.0379294,262.8941359,1224
2023/2/3 07:15,181.4520414,251.2342285,1204.75
2023/2/3 07:30,259.0229583,249.3600218,1250.25
2023/2/3 07:45,342.9185246,250.9502592,1224
2023/2/3 08:00,425.9309402,246.6253081,1264.75
2023/2/3 08:15,503.6466061,245.7299469,1248
2023/2/3 08:30,587.4145992,254.1614822,1264.75
2023/2/3 08:45,666.0472393,275.6077893,1252.75
2023/2/3 09:00,737.4747463,274.3072892,1262.25
2023/2/3 09:15,803.4318687,295.2282783,1279
2023/2/3 09:30,864.3688934,301.9957492,1264.75
2023/2/3 09:45,920.2929968,329.0363607,1327
2023/2/3 10:00,970.0957729,380.2643948,1334.25
2023/2/3 10:15,1016.500556,451.6350143,1348.75
2023/2/3 10:30,1059.288385,537.842708,1360.75
2023/2/3 10:45,1097.848283,618.4290799,1332
2023/2/3 11:00,1127.947584,668.7803352,1363
2023/2/3 11:15,1153.248972,707.3051858,1320
2023/2/3 11:30,1163.597138,715.6754119,1324.75
2023/2/3 11:45,1177.956438,742.4050207,1298.25
2023/2/3 12:00,1189.775749,768.0358254,1267
2023/2/3 12:15,1197.404057,781.3822302,1317.5
2023/2/3 12:30,1192.761738,798.6579419,1262.25
2023/2/3 12:45,1183.163054,801.8561004,1281.5
2023/2/3 13:00,1170.160755,812.9469367,1279
2023/2/3 13:15,1146.553012,824.3414381,1300.75
2023/2/3 13:30,1116.057648,829.6606342,1327
2023/2/3 13:45,1082.821578,830.4678575,1293.5
2023/2/3 14:00,1036.563555,841.5482251,1336.75
2023/2/3 14:15,993.6350028,841.7646705,1284
2023/2/3 14:30,931.5585692,849.4856504,1327
2023/2/3 14:45,871.5500622,837.9056491,1296
2023/2/3 15:00,803.4208848,837.5844031,1308
2023/2/3 15:15,730.1008893,826.5822404,1296
2023/2/3 15:30,658.4378728,823.7775228,1272
2023/2/3 15:45,585.1434053,827.3544668,1284
2023/2/3 16:00,509.7214775,814.0555899,1269.5
2023/2/3 16:15,425.1913803,813.7645066,1317.5
2023/2/3 16:30,344.5977692,793.8614566,1284
2023/2/3 16:45,264.2788571,776.2580486,1329.5
2023/2/3 17:00,186.7363443,761.6743273,1293.5
2023/2/3 17:15,121.7972381,740.4737213,1303
2023/2/3 17:30,69.69365171,727.9843742,1252.75
2023/2/3 17:45,30.04689402,700.6870689,1269.5
2023/2/3 18:00,10.50058046,650.2451386,1262.25
2023/2/3 18:15,0.000216781,574.7462589,1276.75
2023/2/3 18:30,0,474.9449564,1276.75
2023/2/3 18:45,0,406.3950095,1264.75
2023/2/3 19:00,0,354.3346752,1250.25
2023/2/3 19:15,0,320.4547388,1231
2023/2/3 19:30,0,288.7552827,1214.25
2023/2/3 19:45,0,262.3487273,1197.5
2023/2/3 20:00,0,241.3130527,1212
2023/2/3 20:15,0,227.1008078,1190.25
2023/2/3 20:30,0,214.5475511,1207
2023/2/3 20:45,0,199.3514073,1185.5
2023/2/3 21:00,0,178.78791,1195
2023/2/3 21:15,0,169.5401467,1164
2023/2/3 21:30,0,158.3954917,1188
2023/2/3 21:45,0,156.6448177,1168.75
2023/2/3 22:00,0,145.5177668,1212
2023/2/3 22:15,0,134.8379616,1176
2023/2/3 22:30,0,122.7998051,1221.5
2023/2/3 22:45,0,106.7801369,1171
2023/2/3 23:00,0,86.44744201,1197.5
2023/2/3 23:15,0,74.80858667,1171
2023/2/3 23:30,0,65.00466702,1168.75
2023/2/3 23:45,0,60.96031045,1161.5
2023/2/4 00:00,0,57.61654059,1159
2023/2/4 00:15,0,50.42390428,1183
2023/2/4 00:30,0,45.89614983,1176
2023/2/4 00:45,0,43.66362453,1178.25
2023/2/4 01:00,0,37.52326606,1166.25
2023/2/4 01:15,0,33.12327259,1178.25
2023/2/4 01:30,0,29.17039659,1159
2023/2/4 01:45,0,26.87037622,1190.25
2023/2/4 02:00,0,24.75169306,1154.25
2023/2/4 02:15,0,22.6058284,1192.75
2023/2/4 02:30,0,21.15056713,1147
2023/2/4 02:45,0,21.73186859,1183
2023/2/4 03:00,0,22.4090793,1140
2023/2/4 03:15,0,25.81894346,1178.25
2023/2/4 03:30,0,28.3482732,1140
2023/2/4 03:45,0,27.72463015,1168.75
2023/2/4 04:00,0,28.87773684,1166.25
2023/2/4 04:15,0,29.97055724,1178.25
2023/2/4 04:30,0,30.48777768,1159
2023/2/4 04:45,0,31.90061152,1156.75
2023/2/4 05:00,0,32.84599656,1183
2023/2/4 05:15,0,34.01444516,1149.5
2023/2/4 05:30,0,31.27127518,1166.25
2023/2/4 05:45,0,29.21757296,1147
2023/2/4 06:00,0,31.15384157,1192.75
2023/2/4 06:15,1.446507427,32.38040726,1168.75
2023/2/4 06:30,24.38449101,32.62638867,1204.75
2023/2/4 06:45,59.52408555,30.91152692,1166.25
2023/2/4 07:00,108.0114705,29.52700776,1202.25
2023/2/4 07:15,168.1207214,31.35905314,1171
2023/2/4 07:30,241.2973024,30.37778923,1204.75
2023/2/4 07:45,313.8179361,28.6873146,1185.5
2023/2/4 08:00,390.8068656,27.34240447,1214.25
2023/2/4 08:15,464.3837269,24.89999985,1200
2023/2/4 08:30,549.0770972,27.68843518,1216.75
2023/2/4 08:45,628.1882718,27.56427942,1209.5
2023/2/4 09:00,703.4951555,27.50718445,1233.5
2023/2/4 09:15,781.4624686,28.01715261,1260
2023/2/4 09:30,845.7646785,28.04508764,1255
2023/2/4 09:45,908.5005576,33.21021982,1288.75
2023/2/4 10:00,956.1409717,34.20696368,1260
2023/2/4 10:15,996.0227228,32.44319753,1260
2023/2/4 10:30,1033.617304,31.71746866,1286.25
2023/2/4 10:45,1060.033485,33.11161047,1260
2023/2/4 11:00,1075.356236,30.22426908,1279
2023/2/4 11:15,1112.048671,26.3723727,1260
2023/2/4 11:30,1123.030051,24.80943644,1216.75
2023/2/4 11:45,1140.917092,27.25828171,1228.75
2023/2/4 12:00,1146.2134,27.17186728,1197.5
2023/2/4 12:15,1148.170949,27.35232404,1197.5
2023/2/4 12:30,1149.264638,25.7466745,1214.25
2023/2/4 12:45,1145.857501,28.99698781,1185.5
2023/2/4 13:00,1138.824472,28.94086686,1224
2023/2/4 13:15,1120.301822,27.11090247,1219
2023/2/4 13:30,1092.576249,34.10442461,1202.25
2023/2/4 13:45,1066.95652,42.76920027,1276.75
2023/2/4 14:00,1025.148485,59.33574802,1250.25
2023/2/4 14:15,977.332422,76.57302392,1264.75
2023/2/4 14:30,922.2663365,92.60282015,1286.25
2023/2/4 14:45,867.3758386,122.0423845,1250.25
2023/2/4 15:00,798.590716,158.1356938,1233.5
2023/2/4 15:15,727.7869742,162.8803595,1252.75
2023/2/4 15:30,649.2192241,145.3284413,1233.5
2023/2/4 15:45,568.6275288,132.377456,1269.5
2023/2/4 16:00,485.4444605,126.7116839,1250.25
2023/2/4 16:15,401.7404751,114.4936193,1226.25
2023/2/4 16:30,318.881127,94.28420076,1252.75
2023/2/4 16:45,239.6247669,71.87019117,1209.5
2023/2/4 17:00,167.5415178,52.89579222,1221.5
2023/2/4 17:15,107.1951459,35.66772471,1221.5
2023/2/4 17:30,59.082661,27.59843131,1195
2023/2/4 17:45,24.86597638,19.84834466,1221.5
2023/2/4 18:00,9.994115635,12.95913563,1209.5
2023/2/4 18:15,1.923441067,10.62074733,1221.5
2023/2/4 18:30,0,5.934796561,1200
2023/2/4 18:45,0,5.410834686,1183
2023/2/4 19:00,0,4.907138605,1195
2023/2/4 19:15,0,4.25515208,1171
2023/2/4 19:30,0,3.478846296,1168.75
2023/2/4 19:45,0,3.896368764,1192.75
2023/2/4 20:00,0,4.827001095,1166.25
2023/2/4 20:15,0,5.409739413,1190.25
2023/2/4 20:30,0,5.887976555,1171
2023/2/4 20:45,0,5.789709294,1161.5
2023/2/4 21:00,0,3.41876858,1173.5
2023/2/4 21:15,0,2.256713874,1142.25
2023/2/4 21:30,0,1.681639272,1164
2023/2/4 21:45,0,1.62057317,1140
2023/2/4 22:00,0,1.933171962,1161.5
2023/2/4 22:15,0,2.627800606,1140
2023/2/4 22:30,0,3.284963859,1142.25
2023/2/4 22:45,0,3.387310403,1156.75
2023/2/4 23:00,0,3.777177331,1137.5
2023/2/4 23:15,0,3.956291033,1147
2023/2/4 23:30,0,5.761433114,1125.5
2023/2/4 23:45,0,8.239710253,1147
2023/2/5 00:00,0,10.04920303,1147
2023/2/5 00:15,0,11.20264085,1154.25
2023/2/5 00:30,0,11.46240911,1188
2023/2/5 00:45,0,12.97876543,1161.5
2023/2/5 01:00,0,14.10073311,1216.75
2023/2/5 01:15,0,14.657314,1190.25
2023/2/5 01:30,0,13.60589879,1207
2023/2/5 01:45,0,11.83287151,1188
2023/2/5 02:00,0,12.65778723,1171
2023/2/5 02:15,0,13.18518279,1178.25
2023/2/5 02:30,0,11.20693956,1159
2023/2/5 02:45,0,12.41222397,1180.75
2023/2/5 03:00,0,16.27535757,1156.75
2023/2/5 03:15,0,16.42429748,1180.75
2023/2/5 03:30,0,16.61144123,1149.5
2023/2/5 03:45,0,14.42055511,1176
2023/2/5 04:00,0,11.97456309,1166.25
2023/2/5 04:15,0,4.003630569,1171
2023/2/5 04:30,0,2.906127433,1178.25
2023/2/5 04:45,0,2.471549657,1154.25
2023/2/5 05:00,0,2.265610131,1159
2023/2/5 05:15,0,2.48312804,1118.25
2023/2/5 05:30,0,2.382241933,1142.25
2023/2/5 05:45,0,2.213486258,1137.5
2023/2/5 06:00,0,2.722362408,1149.5
2023/2/5 06:15,1.923812433,2.28649936,1176
2023/2/5 06:30,25.40633113,1.46694209,1166.25
2023/2/5 06:45,59.43563829,0.818536144,1190.25
2023/2/5 07:00,108.1399865,0.915595881,1166.25
2023/2/5 07:15,169.3431836,0.650268384,1204.75
2023/2/5 07:30,236.8202875,0.308367716,1192.75
2023/2/5 07:45,311.6738463,0.272653908,1216.75
2023/2/5 08:00,390.4872066,0.395118273,1219
2023/2/5 08:15,463.7661697,0.608457862,1204.75
2023/2/5 08:30,543.2718987,0.311436444,1236
2023/2/5 08:45,614.4538874,0.177231871,1200
2023/2/5 09:00,685.9547386,0.342516907,1226.25
2023/2/5 09:15,751.0479157,0.779400786,1269.5
2023/2/5 09:30,812.4781211,0.883147682,1248
2023/2/5 09:45,863.6755474,0.960134203,1267
2023/2/5 10:00,915.5250301,1.565442656,1279
2023/2/5 10:15,968.32972,1.978393569,1224
2023/2/5 10:30,1012.082771,1.782483878,1209.5
2023/2/5 10:45,1042.905619,2.139068108,1238.25
2023/2/5 11:00,1072.198165,4.056769644,1216.75
2023/2/5 11:15,1097.014097,6.957631936,1202.25
2023/2/5 11:30,1120.763517,10.84545947,1207
2023/2/5 11:45,1133.495433,14.26985976,1236
2023/2/5 12:00,1140.753939,16.47391663,1231
2023/2/5 12:15,1148.038679,19.20387529,1226.25
2023/2/5 12:30,1145.486377,19.77979059,1219
2023/2/5 12:45,1131.120777,21.69878082,1243
2023/2/5 13:00,1114.567695,24.84518453,1238.25
2023/2/5 13:15,1094.977527,25.3005543,1252.75
2023/2/5 13:30,1067.413409,24.11836635,1262.25
2023/2/5 13:45,1030.86186,21.3727851,1264.75
2023/2/5 14:00,986.1014532,19.31797802,1255
2023/2/5 14:15,937.3558852,16.6415291,1286.25
2023/2/5 14:30,887.402124,12.58800667,1272
2023/2/5 14:45,828.348439,10.17553611,1279
2023/2/5 15:00,762.8802352,10.06371824,1303
2023/2/5 15:15,693.7909455,10.20236906,1262.25
2023/2/5 15:30,621.0945829,9.942076918,1276.75
2023/2/5 15:45,546.1565336,9.79852127,1303
2023/2/5 16:00,470.8326123,9.953134991,1276.75
2023/2/5 16:15,390.5404583,12.10920645,1286.25
2023/2/5 16:30,310.6052694,14.49233645,1276.75
2023/2/5 16:45,235.6327041,13.7394661,1272
2023/2/5 17:00,168.1604452,14.16644523,1250.25
2023/2/5 17:15,109.6642141,12.5871856,1269.5
2023/2/5 17:30,61.26159748,11.13552339,1226.25
2023/2/5 17:45,25.63957591,9.096504241,1245.5
2023/2/5 18:00,9.671589992,8.682789145,1238.25
2023/2/5 18:15,1.939480721,5.343997912,1231
2023/2/5 18:30,0,3.102638313,1248
2023/2/5 18:45,0,2.301053604,1240.75
2023/2/5 19:00,0,2.572444728,1214.25
2023/2/5 19:15,0,1.41132668,1216.75
2023/2/5 19:30,0,0.845175827,1209.5
2023/2/5 19:45,0,0.159008382,1190.25
2023/2/5 20:00,0,0.120964832,1195
2023/2/5 20:15,0,0.074881004,1190.25
2023/2/5 20:30,0,0.044217583,1161.5
2023/2/5 20:45,0,0.031157316,1180.75
2023/2/5 21:00,0,0.038071993,1166.25
2023/2/5 21:15,0,0.042971646,1140
2023/2/5 21:30,0,0.270377504,1147
2023/2/5 21:45,0,0.822496991,1140
2023/2/5 22:00,0,0.736593999,1132.75
2023/2/5 22:15,0,0.987918024,1152
2023/2/5 22:30,0,1.410195294,1140
2023/2/5 22:45,0,1.36062876,1132.75
2023/2/5 23:00,0,1.503043279,1147
2023/2/5 23:15,0,1.457756181,1113.5
2023/2/5 23:30,0,1.77273433,1113.5
2023/2/5 23:45,0,1.651910182,1101.5
2023/2/6 00:00,0,2.055272828,1099
2023/2/6 00:15,0,1.931986302,1128
2023/2/6 00:30,0,1.324173786,1111
2023/2/6 00:45,0,3.691391212,1125.5
2023/2/6 01:00,0,10.04554209,1142.25
2023/2/6 01:15,0,23.62893879,1116
2023/2/6 01:30,0,19.86690071,1156.75
2023/2/6 01:45,0,11.96472746,1128
2023/2/6 02:00,0,7.373692384,1123
2023/2/6 02:15,0,4.303912795,1166.25
2023/2/6 02:30,0,0.360027786,1125.5
2023/2/6 02:45,0,0.048272487,1159
2023/2/6 03:00,0,0.072660975,1123
2023/2/6 03:15,0,0.556555401,1128
2023/2/6 03:30,0,0.794788056,1142.25
2023/2/6 03:45,0,0.790724614,1096.75
2023/2/6 04:00,0,0.606333834,1135
2023/2/6 04:15,0,0.415133973,1108.75
2023/2/6 04:30,0,1.924395769,1108.75
2023/2/6 04:45,0,1.964928993,1125.5
2023/2/6 05:00,0,2.389413969,1082.25
2023/2/6 05:15,0,2.477418084,1164
2023/2/6 05:30,0,4.071113549,1092
2023/2/6 05:45,0,7.178214281,1137.5
2023/2/6 06:00,0,11.65292391,1096.75
2023/2/6 06:15,3.387647907,19.12592153,1142.25
2023/2/6 06:30,21.50936889,22.67169974,1106.25
2023/2/6 06:45,50.95131872,22.99558513,1149.5
2023/2/6 07:00,90.36290909,24.58412479,1128
2023/2/6 07:15,134.9578632,21.71971241,1164
2023/2/6 07:30,188.2390893,22.83578265,1166.25
2023/2/6 07:45,258.3721865,24.2297577,1166.25
2023/2/6 08:00,327.6883562,18.95307918,1200
2023/2/6 08:15,398.9747951,6.845989761,1180.75
2023/2/6 08:30,464.5749095,3.296705465,1190.25
2023/2/6 08:45,536.5671133,7.208011992,1221.5
2023/2/6 09:00,611.1792686,26.8108382,1200
2023/2/6 09:15,695.0879739,43.58590785,1221.5
2023/2/6 09:30,772.3709896,61.01799769,1228.75
2023/2/6 09:45,821.1041718,65.49233324,1248
2023/2/6 10:00,866.3552705,77.1046704,1233.5
2023/2/6 10:15,906.2529549,75.0865177,1279
2023/2/6 10:30,955.0449203,89.02922195,1257.5
2023/2/6 10:45,996.5447554,137.5346802,1274.25
2023/2/6 11:00,1030.47073,158.6720127,1293.5
2023/2/6 11:15,1063.547227,174.4681722,1267
2023/2/6 11:30,1089.911679,201.3272165,1252.75
2023/2/6 11:45,1101.982252,208.9937399,1238.25
2023/2/6 12:00,1134.305436,212.5297293,1257.5
2023/2/6 12:15,1137.053117,217.6917335,1260
2023/2/6 12:30,1140.558075,211.2891182,1231
2023/2/6 12:45,1134.110391,196.043332,1243
2023/2/6 13:00,1118.973846,191.5508392,1260
2023/2/6 13:15,1098.97194,210.9375689,1293.5
2023/2/6 13:30,1071.317572,268.9395236,1298.25
2023/2/6 13:45,1034.117236,314.6602103,1288.75
2023/2/6 14:00,992.8103747,315.5404226,1317.5
2023/2/6 14:15,945.6507864,324.3454247,1303
2023/2/6 14:30,895.0201143,333.9371272,1303
2023/2/6 14:45,837.7996938,345.5588697,1272
2023/2/6 15:00,774.0382366,352.2105633,1279
2023/2/6 15:15,705.1875564,380.0724772,1312.75
2023/2/6 15:30,635.3590705,434.3104931,1310.25
2023/2/6 15:45,562.2338679,497.5308016,1305.5
2023/2/6 16:00,487.5130791,550.336412,1303
2023/2/6 16:15,408.2602932,557.6971362,1291
2023/2/6 16:30,328.3083387,577.1588467,1269.5
2023/2/6 16:45,250.9084192,582.9401695,1250.25
2023/2/6 17:00,179.2516806,558.3420762,1250.25
2023/2/6 17:15,116.7126935,523.021688,1238.25
2023/2/6 17:30,68.20650784,543.9519563,1224
2023/2/6 17:45,32.04318459,564.7454242,1226.25
2023/2/6 18:00,14.0438113,581.8916665,1238.25
2023/2/6 18:15,2.114789571,553.8983397,1272
2023/2/6 18:30,0,496.8226956,1260
2023/2/6 18:45,0,492.9765688,1260
2023/2/6 19:00,0,500.4024178,1272
2023/2/6 19:15,0,485.3274289,1262.25
2023/2/6 19:30,0,462.4227615,1228.75
2023/2/6 19:45,0,474.8183984,1216.75
2023/2/6 20:00,0,492.6901622,1214.25
2023/2/6 20:15,0,506.5724772,1197.5
2023/2/6 20:30,0,544.4901007,1197.5
2023/2/6 20:45,0,538.4239915,1219
2023/2/6 21:00,0,520.4293118,1176
2023/2/6 21:15,0,508.7901834,1164
2023/2/6 21:30,0,497.8139474,1192.75
2023/2/6 21:45,0,504.8768861,1164
2023/2/6 22:00,0,528.269444,1192.75
2023/2/6 22:15,0,550.0424443,1207
2023/2/6 22:30,0,520.4476905,1195
2023/2/6 22:45,0,505.0246818,1209.5
2023/2/6 23:00,0,501.6607769,1173.5
2023/2/6 23:15,0,488.8383659,1178.25
2023/2/6 23:30,0,481.0727047,1171
2023/2/6 23:45,0,478.575906,1152
2023/2/7 00:00,0,451.8489179,1173.5
2023/2/7 00:15,0,428.7218301,1178.25
2023/2/7 00:30,0,436.4695794,1168.75
2023/2/7 00:45,0,483.0648044,1190.25
2023/2/7 01:00,0,547.5000132,1178.25
2023/2/7 01:15,0,562.2351729,1180.75
2023/2/7 01:30,0,560.9977898,1216.75
2023/2/7 01:45,0,581.0035615,1192.75
2023/2/7 02:00,0,562.6153989,1185.5
2023/2/7 02:15,0,559.0020204,1204.75
2023/2/7 02:30,0,561.2846838,1183
2023/2/7 02:45,0,537.680606,1176
2023/2/7 03:00,0,493.6007548,1185.5
2023/2/7 03:15,0,434.2900874,1161.5
2023/2/7 03:30,0,391.1887854,1161.5
2023/2/7 03:45,0,351.6137504,1168.75
2023/2/7 04:00,0,302.2804748,1142.25
2023/2/7 04:15,0,266.3022273,1152
2023/2/7 04:30,0,247.1558799,1154.25
2023/2/7 04:45,0,247.6236005,1137.5
2023/2/7 05:00,0,253.5727758,1128
2023/2/7 05:15,0,249.6334837,1125.5
2023/2/7 05:30,0,249.1744483,1104
2023/2/7 05:45,0,255.4742704,1130.25
2023/2/7 06:00,0,256.8903439,1120.75
2023/2/7 06:15,4.461319407,247.6629573,1142.25
2023/2/7 06:30,27.94667986,243.5979485,1154.25
2023/2/7 06:45,67.13937526,244.2597015,1132.75
2023/2/7 07:00,121.2224627,242.9026361,1168.75
2023/2/7 07:15,187.74145,240.3146954,1178.25
2023/2/7 07:30,262.0918352,242.0760119,1173.5
2023/2/7 07:45,340.9232046,251.4479863,1197.5
2023/2/7 08:00,422.1795676,255.7220305,1204.75
2023/2/7 08:15,499.9274315,273.9691684,1207
2023/2/7 08:30,580.0808874,303.4111216,1214.25
2023/2/7 08:45,657.5715633,335.8953183,1286.25
2023/2/7 09:00,728.5619507,373.2215501,1260
2023/2/7 09:15,795.7123848,433.2085594,1257.5
2023/2/7 09:30,861.2404421,471.907463,1276.75
2023/2/7 09:45,917.5903039,488.3939477,1296
2023/2/7 10:00,969.4888297,497.2701939,1269.5
2023/2/7 10:15,1010.274269,540.0779529,1260
2023/2/7 10:30,1048.397059,562.1279284,1281.5
2023/2/7 10:45,1088.116096,559.0490656,1272
2023/2/7 11:00,1115.158318,584.6243105,1260
2023/2/7 11:15,1141.669193,601.230462,1262.25
2023/2/7 11:30,1159.145685,610.248772,1245.5
2023/2/7 11:45,1172.904553,622.1638945,1236
2023/2/7 12:00,1174.726977,651.9560928,1243
2023/2/7 12:15,1171.550377,677.7757171,1240.75
2023/2/7 12:30,1161.857085,692.5778583,1245.5
2023/2/7 12:45,1146.965396,710.739211,1252.75
2023/2/7 13:00,1132.197409,718.1732705,1269.5
2023/2/7 13:15,1104.211134,725.8479137,1255
2023/2/7 13:30,1079.199603,720.7491312,1250.25
2023/2/7 13:45,1043.509212,723.593559,1257.5
2023/2/7 14:00,995.2919514,734.1073349,1252.75
2023/2/7 14:15,945.7954547,743.0394592,1255
2023/2/7 14:30,896.7315034,747.2228075,1281.5
2023/2/7 14:45,834.2785039,754.9126196,1284
2023/2/7 15:00,773.0983914,754.9947906,1274.25
2023/2/7 15:15,704.114799,746.9792007,1269.5
2023/2/7 15:30,633.8229668,749.6948315,1257.5
2023/2/7 15:45,556.6273746,744.6691479,1264.75
2023/2/7 16:00,470.128778,703.5649911,1276.75
2023/2/7 16:15,390.6337683,666.9699289,1284
2023/2/7 16:30,309.8116969,633.7016607,1250.25
2023/2/7 16:45,237.4443425,581.8226963,1248
2023/2/7 17:00,169.4396866,511.8084695,1233.5
2023/2/7 17:15,114.1724717,428.2439612,1240.75
2023/2/7 17:30,67.60170695,365.2949177,1240.75
2023/2/7 17:45,30.48008021,337.6429067,1219
2023/2/7 18:00,12.60683778,315.4232182,1180.75
2023/2/7 18:15,3.046340211,271.9777407,1192.75
2023/2/7 18:30,0,243.642135,1192.75
2023/2/7 18:45,0,202.8328958,1178.25
2023/2/7 19:00,0,172.0608129,1183
2023/2/7 19:15,0,150.7088101,1166.25
2023/2/7 19:30,0,137.3681996,1166.25
2023/2/7 19:45,0,117.4499472,1159
2023/2/7 20:00,0,104.587414,1147
2023/2/7 20:15,0,95.8834833,1156.75
2023/2/7 20:30,0,89.4290447,1154.25
2023/2/7 20:45,0,96.70788044,1156.75
2023/2/7 21:00,0,104.0014739,1142.25
2023/2/7 21:15,0,102.8659606,1149.5
2023/2/7 21:30,0,95.69464689,1120.75
2023/2/7 21:45,0,89.64201125,1149.5
2023/2/7 22:00,0,83.93964923,1128
2023/2/7 22:15,0,80.76214635,1159
2023/2/7 22:30,0,81.60392152,1130.25
2023/2/7 22:45,0,74.0017187,1149.5
2023/2/7 23:00,0,75.49153628,1125.5
2023/2/7 23:15,0,84.71577698,1130.25
2023/2/7 23:30,0,89.68364894,1108.75
2023/2/7 23:45,0,90.35520702,1137.5
2023/2/8 00:00,0,85.27858308,1108.75
2023/2/8 00:15,0,80.93020706,1140
2023/2/8 00:30,0,80.82023689,1111
2023/2/8 00:45,0,86.47104265,1147
2023/2/8 01:00,0,90.09668693,1116
2023/2/8 01:15,0,87.57387097,1149.5
2023/2/8 01:30,0,84.21462485,1137.5
2023/2/8 01:45,0,85.96079778,1152
2023/2/8 02:00,0,88.22986915,1135
2023/2/8 02:15,0,78.84185974,1142.25
2023/2/8 02:30,0,62.12328201,1152
2023/2/8 02:45,0,54.69923791,1142.25
2023/2/8 03:00,0,46.92098565,1164
2023/2/8 03:15,0,43.3243593,1140
2023/2/8 03:30,0,38.59569287,1171
2023/2/8 03:45,0,37.34620492,1144.75
2023/2/8 04:00,0,34.2557147,1178.25
2023/2/8 04:15,0,34.87041839,1142.25
2023/2/8 04:30,0,31.9254784,1161.5
2023/2/8 04:45,0,30.23375344,1144.75
2023/2/8 05:00,0,29.28267237,1140
2023/2/8 05:15,0,31.78794783,1113.5
2023/2/8 05:30,0,32.56712141,1118.25
2023/2/8 05:45,0,31.4486398,1111
2023/2/8 06:00,0,29.81393265,1113.5
2023/2/8 06:15,7.171401211,27.94032897,1120.75
2023/2/8 06:30,39.24374434,24.55909793,1130.25
2023/2/8 06:45,79.3076224,19.60047176,1128
2023/2/8 07:00,133.1893131,15.85814681,1125.5
2023/2/8 07:15,179.2664436,14.53124603,1128
2023/2/8 07:30,246.0050347,12.31436647,1120.75
2023/2/8 07:45,320.9560321,9.846056191,1137.5
2023/2/8 08:00,420.0998922,7.787967235,1140
2023/2/8 08:15,477.4666961,5.990572181,1154.25
2023/2/8 08:30,566.7030805,6.965122943,1161.5
2023/2/8 08:45,638.1516174,6.797674276,1147
2023/2/8 09:00,707.7231382,6.42019613,1166.25
2023/2/8 09:15,770.591797,7.401965127,1147
2023/2/8 09:30,816.8344848,9.128800238,1176
2023/2/8 09:45,887.2777654,12.29644567,1144.75
2023/2/8 10:00,937.1591216,15.63313969,1188
2023/2/8 10:15,1001.488583,19.18650929,1152
2023/2/8 10:30,1029.276913,21.98881767,1197.5
2023/2/8 10:45,1062.809838,25.39051701,1168.75
2023/2/8 11:00,1092.376377,31.08667864,1197.5
2023/2/8 11:15,1093.876538,36.02616989,1156.75
2023/2/8 11:30,1118.530407,36.49082557,1171
2023/2/8 11:45,1117.502937,34.71623315,1144.75
2023/2/8 12:00,1121.760441,35.9072237,1161.5
2023/2/8 12:15,1122.551263,35.03970195,1137.5
2023/2/8 12:30,1109.311422,32.2629747,1159
2023/2/8 12:45,1091.72357,22.85484101,1147
2023/2/8 13:00,1094.345847,21.51777048,1164
2023/2/8 13:15,1076.425572,23.83270412,1144.75
2023/2/8 13:30,1037.821319,24.44180155,1190.25
2023/2/8 13:45,1001.879979,26.29136749,1178.25
2023/2/8 14:00,972.0118383,31.15113248,1197.5
2023/2/8 14:15,909.5033125,38.0431635,1171
2023/2/8 14:30,849.0379882,41.09502186,1209.5
2023/2/8 14:45,798.384134,37.09852526,1176
2023/2/8 15:00,708.4152578,28.89454358,1197.5
2023/2/8 15:15,667.2763698,20.57795371,1164
2023/2/8 15:30,589.2511084,12.96460835,1183
2023/2/8 15:45,516.8808446,11.25810976,1176
2023/2/8 16:00,449.4283827,10.84226736,1180.75
2023/2/8 16:15,374.9509304,10.68707403,1161.5
2023/2/8 16:30,310.3533093,9.534852225,1188
2023/2/8 16:45,233.941651,8.034426847,1154.25
2023/2/8 17:00,171.527169,9.271971279,1159
2023/2/8 17:15,112.0863913,9.127578082,1130.25
2023/2/8 17:30,69.67787922,6.809294087,1137.5
2023/2/8 17:45,36.12694515,7.704937575,1128
2023/2/8 18:00,13.60878513,9.913407524,1135
2023/2/8 18:15,2.869051113,8.122904577,1137.5
2023/2/8 18:30,0,5.328783472,1159
2023/2/8 18:45,0,5.524584235,1128
2023/2/8 19:00,0,4.833207062,1164
2023/2/8 19:15,0,5.069237931,1140
2023/2/8 19:30,0,6.49728219,1142.25
2023/2/8 19:45,0,10.42831698,1123
2023/2/8 20:00,0,11.4083391,1128
2023/2/8 20:15,0,10.87892779,1142.25
2023/2/8 20:30,0,11.25101559,1108.75
2023/2/8 20:45,0,8.714263004,1137.5
2023/2/8 21:00,0,9.929437265,1099
2023/2/8 21:15,0,8.740902605,1120.75
2023/2/8 21:30,0,9.999994599,1101.5
2023/2/8 21:45,0,10.00380895,1125.5
2023/2/8 22:00,0,10.20030488,1123
2023/2/8 22:15,0,12.44812523,1140
2023/2/8 22:30,0,10.54514543,1116
2023/2/8 22:45,0,9.412711871,1154.25
2023/2/8 23:00,0,8.545994718,1106.25
2023/2/8 23:15,0,9.314073946,1140
2023/2/8 23:30,0,8.487366127,1113.5
2023/2/8 23:45,0,8.794323275,1128
2023/2/9 00:00,0,8.429732958,1101.5
2023/2/9 00:15,0,8.085039797,1144.75
2023/2/9 00:30,0,9.021499699,1104
2023/2/9 00:45,0,10.18926997,1140
2023/2/9 01:00,0,11.06689509,1101.5
2023/2/9 01:15,0,9.585724265,1144.75
2023/2/9 01:30,0,9.507037533,1113.5
2023/2/9 01:45,0,10.22125621,1118.25
2023/2/9 02:00,0,8.668226304,1087
2023/2/9 02:15,0,8.905101989,1099
2023/2/9 02:30,0,12.88910069,1094.25
2023/2/9 02:45,0,13.82507782,1108.75
2023/2/9 03:00,0,12.08463734,1072.75
2023/2/9 03:15,0,9.265771669,1104
2023/2/9 03:30,0,6.940128842,1072.75
2023/2/9 03:45,0,4.646423968,1094.25
2023/2/9 04:00,0,3.16450341,1084.75
2023/2/9 04:15,0,2.1083613,1089.5
2023/2/9 04:30,0,5.328608101,1080
2023/2/9 04:45,0,6.322146669,1075
2023/2/9 05:00,0,4.439518002,1068
2023/2/9 05:15,0,4.619737176,1048.75
2023/2/9 05:30,0,5.964354832,1058.25
2023/2/9 05:45,0,8.474428457,1053.5
2023/2/9 06:00,0,14.41368052,1063
2023/2/9 06:15,5.707422703,12.70688356,1070.25
2023/2/9 06:30,32.3661596,12.69548826,1065.5
2023/2/9 06:45,68.9246541,15.96359838,1077.5
2023/2/9 07:00,116.1496081,15.6369824,1087
2023/2/9 07:15,172.0733615,9.858156994,1092
2023/2/9 07:30,236.2125753,4.879659473,1104
2023/2/9 07:45,303.4581235,3.196930684,1092
2023/2/9 08:00,376.5228325,5.495890194,1125.5
2023/2/9 08:15,449.8430825,9.5646554,1099
2023/2/9 08:30,520.4671004,15.81484371,1142.25
2023/2/9 08:45,593.1158938,19.18920276,1099
2023/2/9 09:00,658.89175,25.48895975,1144.75
2023/2/9 09:15,715.4152475,31.32060629,1108.75
2023/2/9 09:30,773.4966965,35.04933939,1137.5
2023/2/9 09:45,824.6116703,36.10754809,1125.5
2023/2/9 10:00,865.2819216,37.6484655,1159
2023/2/9 10:15,906.8092636,39.93530712,1156.75
2023/2/9 10:30,951.0916507,48.96867662,1190.25
2023/2/9 10:45,980.4076201,64.92922808,1164
2023/2/9 11:00,1022.877505,78.31384795,1178.25
2023/2/9 11:15,1050.746889,97.34871083,1152
2023/2/9 11:30,1072.750715,104.6222326,1171
2023/2/9 11:45,1082.09467,113.3163552,1154.25
2023/2/9 12:00,1078.27803,142.6906097,1164
2023/2/9 12:15,1082.251396,188.083288,1173.5
2023/2/9 12:30,1071.090456,220.8746332,1197.5
2023/2/9 12:45,1055.603026,233.2028566,1164
2023/2/9 13:00,1030.988721,270.9163253,1204.75
2023/2/9 13:15,1007.677386,346.6408314,1176
2023/2/9 13:30,984.7289952,423.2593316,1209.5
2023/2/9 13:45,957.8087715,518.1837396,1171
2023/2/9 14:00,906.5928262,611.8640461,1183
2023/2/9 14:15,851.3521172,734.4156461,1171
2023/2/9 14:30,787.1282096,836.2761083,1192.75
2023/2/9 14:45,724.1638672,905.3144044,1137.5
2023/2/9 15:00,675.4473077,952.2481955,1159
2023/2/9 15:15,611.1923292,1012.675353,1130.25
2023/2/9 15:30,532.2694235,1067.693914,1161.5
2023/2/9 15:45,474.1369864,1118.703264,1140
2023/2/9 16:00,401.0350978,1033.363367,1164
2023/2/9 16:15,332.5906583,1090.021862,1159
2023/2/9 16:30,265.7736735,1143.540979,1164
2023/2/9 16:45,201.8723231,1170.453052,1164
2023/2/9 17:00,149.3434301,1188.51754,1152
2023/2/9 17:15,99.02970396,1208.108333,1120.75
2023/2/9 17:30,56.46062958,1218.530498,1149.5
2023/2/9 17:45,25.30090351,1223.368757,1106.25
2023/2/9 18:00,11.94852151,1223.886223,1130.25
2023/2/9 18:15,2.845056479,1227.908025,1135
2023/2/9 18:30,0,1240.245006,1137.5
2023/2/9 18:45,0,1242.23653,1132.75
2023/2/9 19:00,0,1241.311949,1144.75
2023/2/9 19:15,0,1240.839163,1111
2023/2/9 19:30,0,1225.593182,1140
2023/2/9 19:45,0,1219.159297,1108.75
2023/2/9 20:00,0,1221.487102,1137.5
2023/2/9 20:15,0,1219.450861,1125.5
2023/2/9 20:30,0,1225.119522,1142.25
2023/2/9 20:45,0,1216.206801,1128
2023/2/9 21:00,0,1195.329436,1135
2023/2/9 21:15,0,1175.849364,1130.25
2023/2/9 21:30,0,1151.221188,1159
2023/2/9 21:45,0,1119.701012,1140
2023/2/9 22:00,0,1088.493282,1166.25
2023/2/9 22:15,0,1079.292702,1156.75
2023/2/9 22:30,0,1071.478875,1140
2023/2/9 22:45,0,1070.410613,1142.25
2023/2/9 23:00,0,1072.800558,1166.25
2023/2/9 23:15,0,1076.821536,1135
2023/2/9 23:30,0,1075.158589,1142.25
2023/2/9 23:45,0,1064.499077,1164
2023/2/10 00:00,0,1054.942336,1137.5
2023/2/10 00:15,0,1051.54294,1168.75
2023/2/10 00:30,0,1056.419304,1164
2023/2/10 00:45,0,1047.740102,1156.75
2023/2/10 01:00,0,1040.629258,1188
2023/2/10 01:15,0,1038.325045,1156.75
2023/2/10 01:30,0,1031.39406,1183
2023/2/10 01:45,0,1020.807948,1212
2023/2/10 02:00,0,1022.300204,1190.25
2023/2/10 02:15,0,1018.340763,1200
2023/2/10 02:30,0,1016.731905,1200
2023/2/10 02:45,0,1012.5766,1185.5
2023/2/10 03:00,0,1007.911279,1197.5
2023/2/10 03:15,0,1019.534835,1168.75
2023/2/10 03:30,0,1020.44921,1156.75
2023/2/10 03:45,0,1017.256521,1192.75
2023/2/10 04:00,0,1016.044666,1166.25
2023/2/10 04:15,0,1011.722521,1180.75
2023/2/10 04:30,0,1011.15952,1190.25
2023/2/10 04:45,0,1015.060132,1180.75
2023/2/10 05:00,0,1018.875541,1207
2023/2/10 05:15,0,1022.823502,1173.5
2023/2/10 05:30,0,1031.509038,1192.75
2023/2/10 05:45,0,1031.623462,1161.5
2023/2/10 06:00,0,1034.131092,1173.5
2023/2/10 06:15,4.146560456,1031.024285,1207
2023/2/10 06:30,19.60937796,842.3801797,1180.75
2023/2/10 06:45,41.41984218,846.8267769,1190.25
2023/2/10 07:00,71.34025468,863.2263085,1197.5
2023/2/10 07:15,109.4482359,865.8757936,1192.75
2023/2/10 07:30,158.9858429,876.9496775,1219
2023/2/10 07:45,203.8224071,882.940397,1219
2023/2/10 08:00,250.5377107,879.6305019,1224
2023/2/10 08:15,304.6636522,876.8823844,1255
2023/2/10 08:30,350.2169008,873.1667253,1228.75
2023/2/10 08:45,403.7456872,877.4571263,1236
2023/2/10 09:00,451.9632069,880.6101029,1250.25
2023/2/10 09:15,501.8580266,1022.889227,1228.75
2023/2/10 09:30,529.8987504,1031.375246,1274.25
2023/2/10 09:45,576.3760354,1043.33938,1264.75
2023/2/10 10:00,600.1384946,1049.628426,1284
2023/2/10 10:15,626.3270629,1071.49023,1315
2023/2/10 10:30,693.8990027,942.7101321,1288.75
2023/2/10 10:45,709.5737985,944.3813541,1324.75
2023/2/10 11:00,724.9528782,941.6107027,1303
2023/2/10 11:15,746.5360178,933.3804709,1272
2023/2/10 11:30,778.1551699,936.7124607,1317.5
2023/2/10 11:45,761.2015428,940.9605026,1276.75
2023/2/10 12:00,779.6366166,941.0552917,1274.25
2023/2/10 12:15,799.5641247,937.2338197,1286.25
2023/2/10 12:30,800.3533002,940.5707228,1240.75
2023/2/10 12:45,745.0128337,937.4480785,1255
2023/2/10 13:00,728.1462647,938.6235601,1264.75
2023/2/10 13:15,692.9944646,937.0796052,1255
2023/2/10 13:30,673.3410478,939.0564559,1274.25
2023/2/10 13:45,660.7814865,938.1071756,1260
2023/2/10 14:00,639.0755238,950.2842153,1257.5
2023/2/10 14:15,640.2553374,957.6387485,1300.75
2023/2/10 14:30,620.903485,955.6529296,1269.5
2023/2/10 14:45,546.903326,956.6710199,1255
2023/2/10 15:00,515.2824057,951.0088176,1264.75
2023/2/10 15:15,466.8385326,949.2217219,1238.25
2023/2/10 15:30,397.3628773,952.4844096,1257.5
2023/2/10 15:45,325.4522794,951.9248217,1274.25
2023/2/10 16:00,247.9031668,954.8624614,1240.75
2023/2/10 16:15,176.7149758,955.0259354,1233.5
2023/2/10 16:30,128.065282,948.9912987,1255
2023/2/10 16:45,86.88528749,940.8134626,1216.75
2023/2/10 17:00,63.92291856,928.6696321,1202.25
2023/2/10 17:15,42.6158164,930.8875551,1192.75
2023/2/10 17:30,25.45810583,935.5922444,1178.25
2023/2/10 17:45,13.01283763,932.51728,1216.75
2023/2/10 18:00,9.330848439,929.4821833,1221.5
2023/2/10 18:15,2.122242543,906.248617,1236
2023/2/10 18:30,0,873.1733695,1240.75
2023/2/10 18:45,0,984.8079521,1192.75
2023/2/10 19:00,0,984.0039027,1185.5
2023/2/10 19:15,0,971.2546183,1200
2023/2/10 19:30,0,946.0380649,1185.5
2023/2/10 19:45,0,936.8775815,1192.75
2023/2/10 20:00,0,935.1175028,1171
2023/2/10 20:15,0,926.9304227,1183
2023/2/10 20:30,0,899.5752821,1190.25
2023/2/10 20:45,0,879.9099762,1178.25
2023/2/10 21:00,0,856.1015036,1192.75
2023/2/10 21:15,0,831.0805026,1159
2023/2/10 21:30,0,809.3911391,1183
2023/2/10 21:45,0,807.7248608,1154.25
2023/2/10 22:00,0,791.9688913,1190.25
2023/2/10 22:15,0,782.6546616,1154.25
2023/2/10 22:30,0,772.6993549,1159
2023/2/10 22:45,0,762.3419928,1166.25
2023/2/10 23:00,0,730.7978197,1137.5
2023/2/10 23:15,0,707.8662425,1152
2023/2/10 23:30,0,696.9707777,1140
2023/2/10 23:45,0,676.0429437,1140
2023/2/11 00:00,0,684.6751446,1159
2023/2/11 00:15,0,686.6365094,1135
2023/2/11 00:30,0,678.6397687,1178.25
2023/2/11 00:45,0,656.5209773,1152
2023/2/11 01:00,0,540.8965387,1166.25
2023/2/11 01:15,0,551.0891398,1156.75
2023/2/11 01:30,0,500.0496737,1144.75
2023/2/11 01:45,0,470.639757,1171
2023/2/11 02:00,0,441.1195145,1130.25
2023/2/11 02:15,0,429.2926654,1152
2023/2/11 02:30,0,427.1819609,1147
2023/2/11 02:45,0,460.9297505,1125.5
2023/2/11 03:00,0,534.4776536,1154.25
2023/2/11 03:15,0,608.7369811,1106.25
2023/2/11 03:30,0,673.5852792,1142.25
2023/2/11 03:45,0,708.454242,1108.75
2023/2/11 04:00,0,689.5101562,1125.5
2023/2/11 04:15,0,688.9226549,1135
2023/2/11 04:30,0,714.4565383,1106.25
2023/2/11 04:45,0,746.1498619,1140
2023/2/11 05:00,0,781.6518047,1106.25
2023/2/11 05:15,0,782.308555,1116
2023/2/11 05:30,0,767.2332728,1111
2023/2/11 05:45,0,732.8009089,1096.75
2023/2/11 06:00,0,701.5332381,1128
2023/2/11 06:15,4.866939512,637.0351826,1125.5
2023/2/11 06:30,21.54773568,566.7988737,1140
2023/2/11 06:45,41.68488146,523.456304,1137.5
2023/2/11 07:00,69.70562891,477.9087793,1140
2023/2/11 07:15,103.3562452,449.7215673,1190.25
2023/2/11 07:30,150.5941555,436.8294244,1164
2023/2/11 07:45,196.2478087,459.1462514,1200
2023/2/11 08:00,238.2444753,473.2358885,1204.75
2023/2/11 08:15,284.7442296,465.2830947,1188
2023/2/11 08:30,362.1167863,439.4077442,1209.5
2023/2/11 08:45,443.4523111,396.3543761,1202.25
2023/2/11 09:00,510.8877668,365.6578956,1185.5
2023/2/11 09:15,554.6996761,319.1659138,1221.5
2023/2/11 09:30,600.4005276,277.7485397,1224
2023/2/11 09:45,706.5246192,273.1676671,1228.75
2023/2/11 10:00,792.6007544,257.8059035,1262.25
2023/2/11 10:15,872.4269562,226.6879531,1243
2023/2/11 10:30,936.0810713,202.1886112,1257.5
2023/2/11 10:45,976.3958795,190.759782,1279
2023/2/11 11:00,996.6538394,270.0238787,1231
2023/2/11 11:15,1032.242607,275.5226066,1224
2023/2/11 11:30,1053.618713,290.9075617,1248
2023/2/11 11:45,1045.38585,313.2243996,1228.75
2023/2/11 12:00,1049.246207,321.2245527,1209.5
2023/2/11 12:15,1041.171599,343.8687627,1236
2023/2/11 12:30,1029.88455,369.3391641,1231
2023/2/11 12:45,1035.975372,406.6377827,1212
2023/2/11 13:00,1066.051947,443.3201989,1209.5
2023/2/11 13:15,1065.325526,499.6163472,1238.25
2023/2/11 13:30,1046.928446,514.0001856,1212
2023/2/11 13:45,1012.662023,522.7261788,1252.75
2023/2/11 14:00,963.6132713,545.8465727,1252.75
2023/2/11 14:15,935.3058578,574.2977038,1257.5
2023/2/11 14:30,894.4968272,564.7584446,1224
2023/2/11 14:45,840.1820598,544.9843647,1212
2023/2/11 15:00,786.9980988,530.5447615,1202.25
2023/2/11 15:15,711.9810751,523.3405397,1197.5
2023/2/11 15:30,635.616487,528.0421887,1202.25
2023/2/11 15:45,522.4365485,521.3071873,1238.25
2023/2/11 16:00,464.9783712,515.6481531,1243
2023/2/11 16:15,409.6988173,507.6636108,1231
2023/2/11 16:30,326.2453285,487.9797305,1226.25
2023/2/11 16:45,248.7850316,463.5961496,1228.75
2023/2/11 17:00,171.8805658,424.8651906,1250.25
2023/2/11 17:15,114.9992386,374.2722554,1200
2023/2/11 17:30,77.75741853,357.673332,1200
2023/2/11 17:45,39.76156747,316.5719548,1173.5
2023/2/11 18:00,13.62127105,273.8388943,1166.25
2023/2/11 18:15,2.750663339,247.3146308,1200
2023/2/11 18:30,0,221.5540784,1161.5
2023/2/11 18:45,0,184.6291819,1192.75
2023/2/11 19:00,0,152.7576096,1185.5
2023/2/11 19:15,0,124.3734317,1173.5
2023/2/11 19:30,0,102.8001906,1188
2023/2/11 19:45,0,85.97856027,1154.25
2023/2/11 20:00,0,74.3744953,1156.75
2023/2/11 20:15,0,66.93089754,1120.75
2023/2/11 20:30,0,54.81414438,1128
2023/2/11 20:45,0,44.70912181,1135
2023/2/11 21:00,0,37.33333848,1137.5
2023/2/11 21:15,0,33.85679157,1152
2023/2/11 21:30,0,33.53596298,1123
2023/2/11 21:45,0,29.57894341,1154.25
2023/2/11 22:00,0,23.58085637,1130.25
2023/2/11 22:15,0,17.53502215,1152
2023/2/11 22:30,0,15.82687376,1149.5
2023/2/11 22:45,0,11.67974314,1132.75
2023/2/11 23:00,0,11.57847131,1152
2023/2/11 23:15,0,13.62375601,1116
2023/2/11 23:30,0,10.72413245,1142.25
2023/2/11 23:45,0,11.12433414,1130.25
2023/2/12 00:00,0,12.72595989,1140
2023/2/12 00:15,0,13.0513583,1140
2023/2/12 00:30,0,11.75460405,1137.5
2023/2/12 00:45,0,15.12941304,1156.75
2023/2/12 01:00,0,21.62471032,1132.75
2023/2/12 01:15,0,32.77940167,1156.75
2023/2/12 01:30,0,40.97872561,1147
2023/2/12 01:45,0,42.08170336,1140
2023/2/12 02:00,0,44.0383851,1161.5
2023/2/12 02:15,0,48.1852964,1113.5
2023/2/12 02:30,0,45.0283474,1154.25
2023/2/12 02:45,0,50.47340208,1118.25
2023/2/12 03:00,0,54.45242792,1128
2023/2/12 03:15,0,64.15293763,1123
2023/2/12 03:30,0,71.01993997,1120.75
2023/2/12 03:45,0,45.43383718,1144.75
2023/2/12 04:00,0,36.22747839,1123
2023/2/12 04:15,0,35.9609151,1144.75
2023/2/12 04:30,0,35.94661414,1118.25
2023/2/12 04:45,0,37.2502426,1135
2023/2/12 05:00,0,39.06725809,1132.75
2023/2/12 05:15,0,49.18659659,1116
2023/2/12 05:30,0,64.57221439,1132.75
2023/2/12 05:45,0,65.6925459,1094.25
2023/2/12 06:00,0,67.8914296,1125.5
2023/2/12 06:15,9.692440749,71.88796011,1140
2023/2/12 06:30,35.84552331,75.34215817,1135
2023/2/12 06:45,74.07121483,94.41976118,1161.5
2023/2/12 07:00,130.8963773,93.48517115,1135
2023/2/12 07:15,193.7161125,94.61881773,1183
2023/2/12 07:30,256.5436981,93.65911876,1159
2023/2/12 07:45,326.8930908,89.87061078,1180.75
2023/2/12 08:00,402.4220792,87.1254194,1200
2023/2/12 08:15,466.8279398,87.68269758,1197.5
2023/2/12 08:30,541.4812197,97.06476512,1228.75
2023/2/12 08:45,631.8497305,106.4647782,1204.75
2023/2/12 09:00,700.1724075,113.5795901,1243
2023/2/12 09:15,762.0064139,121.5628338,1238.25
2023/2/12 09:30,826.2587259,125.5038686,1236
2023/2/12 09:45,906.3069759,118.2154065,1252.75
2023/2/12 10:00,949.8483188,120.6118759,1250.25
2023/2/12 10:15,1000.428845,117.1496216,1286.25
2023/2/12 10:30,1034.331176,115.8239906,1250.25
2023/2/12 10:45,1074.153347,110.1418953,1264.75
2023/2/12 11:00,1096.12898,106.2836598,1336.75
2023/2/12 11:15,1106.789271,89.96361846,1298.25
2023/2/12 11:30,1120.78509,88.84335216,1310.25
2023/2/12 11:45,1134.536368,91.58956963,1274.25
2023/2/12 12:00,1131.067416,84.8596594,1310.25
2023/2/12 12:15,1137.748876,80.79851484,1269.5
2023/2/12 12:30,1116.086296,75.00877666,1281.5
2023/2/12 12:45,1113.254251,69.49066141,1248
2023/2/12 13:00,1051.824213,65.99279153,1279
2023/2/12 13:15,1027.451744,59.0545497,1267
2023/2/12 13:30,1009.979502,65.10399561,1308
2023/2/12 13:45,957.5386635,93.96136279,1264.75
2023/2/12 14:00,913.798347,116.2161748,1288.75
2023/2/12 14:15,840.1388362,123.7298554,1274.25
2023/2/12 14:30,811.5951261,136.3511013,1312.75
2023/2/12 14:45,768.7866509,142.1298854,1279
2023/2/12 15:00,703.2038852,145.1255326,1291
2023/2/12 15:15,657.1561032,132.1756394,1296
2023/2/12 15:30,562.028951,123.3092837,1279
2023/2/12 15:45,506.2012359,126.761853,1312.75
2023/2/12 16:00,439.934199,134.9441158,1286.25
2023/2/12 16:15,350.3548399,152.1248285,1327
2023/2/12 16:30,276.094914,201.5231429,1288.75
2023/2/12 16:45,233.1073445,238.4646417,1334.25
2023/2/12 17:00,188.702233,249.6967434,1264.75
2023/2/12 17:15,122.916017,237.9915908,1272
2023/2/12 17:30,76.12828856,237.588271,1226.25
2023/2/12 17:45,36.37265659,278.1055785,1226.25
2023/2/12 18:00,12.99644977,363.143555,1216.75
2023/2/12 18:15,2.768993705,434.7435076,1219
2023/2/12 18:30,0,469.0899224,1238.25
2023/2/12 18:45,0,493.0412208,1224
2023/2/12 19:00,0,509.1312361,1209.5
2023/2/12 19:15,0,491.942203,1231
2023/2/12 19:30,0,439.3650168,1200
2023/2/12 19:45,0,408.3037319,1202.25
2023/2/12 20:00,0,369.1686697,1214.25
2023/2/12 20:15,0,347.7514062,1171
2023/2/12 20:30,0,336.1501241,1219
2023/2/12 20:45,0,325.7057225,1224
2023/2/12 21:00,0,303.9870884,1185.5
2023/2/12 21:15,0,255.5178513,1214.25
2023/2/12 21:30,0,219.5906347,1192.75
2023/2/12 21:45,0,191.7260101,1192.75
2023/2/12 22:00,0,169.5761314,1224
2023/2/12 22:15,0,149.786868,1188
2023/2/12 22:30,0,148.0297804,1219
2023/2/12 22:45,0,143.3910781,1178.25
2023/2/12 23:00,0,130.3425391,1214.25
2023/2/12 23:15,0,121.6741897,1195
2023/2/12 23:30,0,109.094387,1200
2023/2/12 23:45,0,94.12270607,1214.25
2023/2/13 00:00,0,83.7760334,1188
2023/2/13 00:15,0,71.71787894,1224
2023/2/13 00:30,0,62.46233802,1142.25
2023/2/13 00:45,0,56.72591527,1183
2023/2/13 01:00,0,51.62381944,1132.75
2023/2/13 01:15,0,42.83815188,1152
2023/2/13 01:30,0,48.40453426,1140
2023/2/13 01:45,0,50.48749154,1128
2023/2/13 02:00,0,48.23853317,1154.25
2023/2/13 02:15,0,44.20423418,1118.25
2023/2/13 02:30,0,46.65994821,1152
2023/2/13 02:45,0,51.18238849,1120.75
2023/2/13 03:00,0,64.24060181,1147
2023/2/13 03:15,0,74.22245819,1118.25
2023/2/13 03:30,0,91.87892284,1125.5
2023/2/13 03:45,0,111.0258116,1128
2023/2/13 04:00,0,141.2970254,1104
2023/2/13 04:15,0,158.9415548,1132.75
2023/2/13 04:30,0,177.6383862,1094.25
2023/2/13 04:45,0,188.3827304,1132.75
2023/2/13 05:00,0,210.708802,1096.75
2023/2/13 05:15,0,238.4131058,1123
2023/2/13 05:30,0,257.9497569,1099
2023/2/13 05:45,0,302.4620152,1094.25
2023/2/13 06:00,0.000236682,341.0486298,1106.25
2023/2/13 06:15,8.06233772,364.8902089,1104
2023/2/13 06:30,34.95066649,310.0825219,1135
2023/2/13 06:45,70.00857123,323.9765664,1116
2023/2/13 07:00,119.7211354,336.8976735,1152
2023/2/13 07:15,180.8275942,336.2124613,1178.25
2023/2/13 07:30,248.2411601,385.9161054,1159
2023/2/13 07:45,313.2479118,448.2863623,1207
2023/2/13 08:00,386.952824,483.9560253,1180.75
2023/2/13 08:15,434.7347364,571.3239476,1245.5
2023/2/13 08:30,539.7402781,567.4965456,1207
2023/2/13 08:45,609.8350109,589.6853622,1233.5
2023/2/13 09:00,667.8487851,630.5360406,1207
2023/2/13 09:15,739.5260793,700.835447,1202.25
2023/2/13 09:30,801.1526067,800.5853429,1231
2023/2/13 09:45,847.3721182,857.7329369,1274.25
2023/2/13 10:00,896.2830222,906.0737783,1286.25
2023/2/13 10:15,935.4774516,932.3697507,1296
2023/2/13 10:30,961.5788969,953.5874316,1310.25
2023/2/13 10:45,992.3430145,977.5187984,1267
2023/2/13 11:00,1027.048896,1017.11483,1286.25
2023/2/13 11:15,1058.547897,1037.313649,1252.75
2023/2/13 11:30,1074.693386,1063.860421,1264.75
2023/2/13 11:45,1095.560077,1088.840058,1267
2023/2/13 12:00,1084.866091,961.7536995,1238.25
2023/2/13 12:15,1089.728347,968.8507907,1245.5
2023/2/13 12:30,1078.32203,972.7008562,1255
2023/2/13 12:45,1057.536276,978.1095132,1224
2023/2/13 13:00,1040.674813,982.3824457,1233.5
2023/2/13 13:15,1013.237433,987.150129,1262.25
2023/2/13 13:30,954.0447715,1000.289051,1272
2023/2/13 13:45,929.2082333,1023.591099,1291
2023/2/13 14:00,894.7067992,1028.272809,1281.5
2023/2/13 14:15,833.2757651,1013.894263,1272
2023/2/13 14:30,788.3555941,1027.015765,1255
2023/2/13 14:45,711.8308711,1030.162656,1264.75
2023/2/13 15:00,660.1914918,1028.924088,1248
2023/2/13 15:15,583.8037904,1029.940917,1296
2023/2/13 15:30,523.9782819,1167.06073,1264.75
2023/2/13 15:45,462.2156405,1163.683081,1296
2023/2/13 16:00,394.3504783,1186.701656,1276.75
2023/2/13 16:15,328.8752198,1184.740204,1300.75
2023/2/13 16:30,266.3079698,1161.659545,1272
2023/2/13 16:45,202.6802018,1144.725421,1260
2023/2/13 17:00,150.0911479,1124.029358,1226.25
2023/2/13 17:15,104.8152556,1092.303214,1214.25
2023/2/13 17:30,62.49292404,1064.992318,1207
2023/2/13 17:45,31.75474979,1030.916345,1183
2023/2/13 18:00,15.43006176,990.8466674,1214.25
2023/2/13 18:15,4.163653015,984.078343,1183
2023/2/13 18:30,0,950.2539652,1214.25
2023/2/13 18:45,0,948.0638311,1200
2023/2/13 19:00,0,942.9081517,1197.5
2023/2/13 19:15,0,918.2500913,1192.75
2023/2/13 19:30,0,868.7089499,1164
2023/2/13 19:45,0,793.7522075,1183
2023/2/13 20:00,0,723.1599946,1156.75
2023/2/13 20:15,0,707.2718754,1173.5
2023/2/13 20:30,0,692.8347401,1144.75
2023/2/13 20:45,0,689.4907296,1180.75
2023/2/13 21:00,0,676.6724223,1140
2023/2/13 21:15,0,652.5166142,1154.25
2023/2/13 21:30,0,622.4482274,1154.25
2023/2/13 21:45,0,585.8494518,1149.5
2023/2/13 22:00,0,575.0984209,1159
2023/2/13 22:15,0,546.1505008,1140
2023/2/13 22:30,0,507.2329578,1152
2023/2/13 22:45,0,466.9383571,1137.5
2023/2/13 23:00,0,447.9817085,1147
2023/2/13 23:15,0,457.5094975,1123
2023/2/13 23:30,0,459.7749845,1142.25
2023/2/13 23:45,0,461.3960645,1120.75
2023/2/14 00:00,0,432.0987088,1149.5
2023/2/14 00:15,0,394.549048,1142.25
2023/2/14 00:30,0,365.4845294,1156.75
2023/2/14 00:45,0,338.2396153,1149.5
2023/2/14 01:00,0,315.1862449,1140
2023/2/14 01:15,0,314.1711636,1152
2023/2/14 01:30,0,316.9873383,1137.5
2023/2/14 01:45,0,304.8724388,1168.75
2023/2/14 02:00,0,294.2240327,1128
2023/2/14 02:15,0,297.7031549,1149.5
2023/2/14 02:30,0,316.9413936,1116
2023/2/14 02:45,0,328.8199004,1120.75
2023/2/14 03:00,0,345.7380236,1123
2023/2/14 03:15,0,339.9430411,1101.5
2023/2/14 03:30,0,342.5619909,1128
2023/2/14 03:45,0,313.544013,1104
2023/2/14 04:00,0,279.2185502,1130.25
2023/2/14 04:15,0,245.0528783,1111
2023/2/14 04:30,0,200.4272429,1116
2023/2/14 04:45,0,168.4355409,1123
2023/2/14 05:00,0,152.173148,1116
2023/2/14 05:15,0,135.74864,1125.5
2023/2/14 05:30,0,150.4890798,1087
2023/2/14 05:45,0,151.2922924,1118.25
2023/2/14 06:00,0,131.0053936,1094.25
2023/2/14 06:15,13.12824787,124.5352551,1137.5
2023/2/14 06:30,38.04094347,125.7788127,1104
2023/2/14 06:45,76.19078035,138.7811819,1149.5
2023/2/14 07:00,120.3097028,153.0969781,1132.75
2023/2/14 07:15,173.4705996,173.6073952,1168.75
2023/2/14 07:30,231.6951549,176.6738001,1156.75
2023/2/14 07:45,283.4986674,157.5782582,1178.25
2023/2/14 08:00,349.1723485,134.6915612,1166.25
2023/2/14 08:15,408.6764313,120.1399787,1197.5
2023/2/14 08:30,484.9657458,108.1101645,1180.75
2023/2/14 08:45,233.7320204,104.5882218,1214.25
2023/2/14 09:00,200.2070275,110.8965761,1200
2023/2/14 09:15,655.3283983,111.164682,1224
2023/2/14 09:30,726.1991162,109.6036373,1238.25
2023/2/14 09:45,800.0019546,118.4644616,1231
2023/2/14 10:00,863.2743791,127.5110549,1262.25
2023/2/14 10:15,912.5568096,130.6830609,1250.25
2023/2/14 10:30,962.2049871,124.4255109,1260
2023/2/14 10:45,996.8487793,123.2875248,1255
2023/2/14 11:00,1016.42416,146.2933341,1274.25
2023/2/14 11:15,1030.349768,159.2506153,1257.5
2023/2/14 11:30,1033.368675,163.8049299,1226.25
2023/2/14 11:45,1031.781272,165.375591,1240.75
2023/2/14 12:00,1022.732051,159.5842674,1202.25
2023/2/14 12:15,1006.03166,157.510718,1231
2023/2/14 12:30,1002.627131,170.9918284,1197.5
2023/2/14 12:45,986.4294183,156.1852319,1231
2023/2/14 13:00,969.6531913,129.3197539,1236
2023/2/14 13:15,966.166168,112.9134045,1231
2023/2/14 13:30,945.6980858,97.75462738,1276.75
2023/2/14 13:45,917.1827855,92.81341056,1255
2023/2/14 14:00,896.4484861,92.47681195,1274.25
2023/2/14 14:15,861.8269367,87.66340557,1267
2023/2/14 14:30,816.6793695,86.34425932,1291
2023/2/14 14:45,770.5628135,76.65905715,1262.25
2023/2/14 15:00,711.5952615,75.25979648,1269.5
2023/2/14 15:15,651.1287607,69.2855213,1238.25
2023/2/14 15:30,577.9184251,62.84711949,1264.75
2023/2/14 15:45,515.371664,56.38812999,1240.75
2023/2/14 16:00,440.0942506,51.66243048,1250.25
2023/2/14 16:15,367.6215835,48.72830036,1221.5
2023/2/14 16:30,290.8393995,43.72321188,1228.75
2023/2/14 16:45,222.7848874,36.56711325,1228.75
2023/2/14 17:00,161.7771109,31.68067777,1233.5
2023/2/14 17:15,109.4463035,24.43400533,1209.5
2023/2/14 17:30,64.77535429,24.94690171,1195
2023/2/14 17:45,30.79012873,22.50754776,1185.5
2023/2/14 18:00,13.36320144,14.05207259,1180.75
2023/2/14 18:15,3.620889887,7.826725306,1168.75
2023/2/14 18:30,0,4.969911207,1171
2023/2/14 18:45,0,3.507310114,1195
2023/2/14 19:00,0,2.890727177,1166.25
2023/2/14 19:15,0,4.248011268,1173.5
2023/2/14 19:30,0,4.331349534,1147
2023/2/14 19:45,0,2.42856621,1173.5
2023/2/14 20:00,0,2.972044769,1125.5
2023/2/14 20:15,0,3.532960239,1154.25
2023/2/14 20:30,0,3.939957614,1120.75
2023/2/14 20:45,0,5.348088087,1137.5
2023/2/14 21:00,0,5.198619559,1116
2023/2/14 21:15,0,4.623223691,1111
2023/2/14 21:30,0,7.103228666,1106.25
2023/2/14 21:45,0,9.057740527,1113.5
2023/2/14 22:00,0,9.025260044,1104
2023/2/14 22:15,0,9.351306168,1123
2023/2/14 22:30,0,16.53417154,1113.5
2023/2/14 22:45,0,21.0640001,1125.5
2023/2/14 23:00,0,24.08747732,1108.75
2023/2/14 23:15,0,20.04602046,1099
2023/2/14 23:30,0,22.35831158,1082.25
2023/2/14 23:45,0,28.78944734,1092
2023/2/15 00:00,0,31.74520182,1087.25
2023/2/15 00:15,0,34.81107593,1111.25
2023/2/15 00:30,0,80.26853817,1096.75
2023/2/15 00:45,0,186.9576033,1113.5
2023/2/15 01:00,0,280.8334666,1099.25
2023/2/15 01:15,0,328.7792104,1101.5
2023/2/15 01:30,0,338.1551673,1096.75
2023/2/15 01:45,0,339.921111,1096.75
2023/2/15 02:00,0,357.8941904,1104
2023/2/15 02:15,0,402.5605431,1096.75
2023/2/15 02:30,0,471.1387137,1106.5
2023/2/15 02:45,0,570.0445718,1096.75
2023/2/15 03:00,0,639.5534421,1084.75
2023/2/15 03:15,0,643.137974,1080
2023/2/15 03:30,0,597.4670155,1080
2023/2/15 03:45,0,587.8206341,1075.25
2023/2/15 04:00,0,593.6602911,1101.5
2023/2/15 04:15,0,606.6418664,1075.25
2023/2/15 04:30,0,615.5829638,1111.25
2023/2/15 04:45,0,650.8043972,1068
2023/2/15 05:00,0,661.1137171,1104
2023/2/15 05:15,0,679.8759828,1056
2023/2/15 05:30,0,731.7318449,1072.75
2023/2/15 05:45,0,755.82962,1063.25
2023/2/15 06:00,0.009921823,754.0972179,1063.25
2023/2/15 06:15,12.42062553,767.9607901,1063.25
2023/2/15 06:30,37.25138685,799.725955,1063.25
2023/2/15 06:45,72.590377,716.1941777,1063.25
2023/2/15 07:00,116.9943044,742.4378488,1063.25
2023/2/15 07:15,170.7514536,757.0789232,1063.25
2023/2/15 07:30,232.156834,755.3464357,1063.25
2023/2/15 07:45,301.397449,752.1350233,1063.25
2023/2/15 08:00,377.6930813,713.0646047,1063.25
2023/2/15 08:15,456.3793627,660.4174347,1063.25
2023/2/15 08:30,532.5748204,597.5002779,1063.25
2023/2/15 08:45,611.7717675,549.1620519,1063.25
2023/2/15 09:00,676.512062,602.1052941,1063.25
2023/2/15 09:15,735.4110857,705.107957,1063.25
2023/2/15 09:30,792.3963672,775.7390848,1063.25
2023/2/15 09:45,841.65583,814.4057599,1063.25
2023/2/15 10:00,886.3125237,834.3727264,1063.25
2023/2/15 10:15,927.6404626,843.0398162,1063.25
2023/2/15 10:30,960.2217167,839.4474244,1063.25
2023/2/15 10:45,978.4363978,859.8598051,1144.75
2023/2/15 11:00,989.2251365,915.8939411,1128
2023/2/15 11:15,987.3085068,974.0870651,1120.75
2023/2/15 11:30,990.6397356,1008.700419,1099.25
2023/2/15 11:45,977.0026226,1050.678082,1111.25
2023/2/15 12:00,958.9781107,1065.995284,1087.25
2023/2/15 12:15,940.8123809,1069.67418,1135.25
2023/2/15 12:30,923.5337471,582.3601601,1096.75
2023/2/15 12:45,899.3094345,952.0276701,1120.75
2023/2/15 13:00,878.9428464,947.9386693,1104
2023/2/15 13:15,879.565155,950.2555602,1116
2023/2/15 13:30,878.0745658,963.9305662,1113.5
2023/2/15 13:45,857.5762413,956.0501464,1113.5
2023/2/15 14:00,841.4711318,953.0792251,1113.5
2023/2/15 14:15,797.2262935,950.0827632,1113.5
2023/2/15 14:30,755.5824148,952.3082969,1113.5
2023/2/15 14:45,705.1012246,951.8717776,1113.5
2023/2/15 15:00,643.2554916,962.5270476,1113.5
2023/2/15 15:15,575.5233325,955.6100217,1113.5
2023/2/15 15:30,515.5853642,956.1136795,1113.5
2023/2/15 15:45,453.4967832,949.7035841,1113.5
2023/2/15 16:00,390.3965939,939.277785,1113.5
2023/2/15 16:15,318.0406721,1065.176751,1113.5
2023/2/15 16:30,256.0837499,1065.609555,1113.5
2023/2/15 16:45,194.968974,1064.695694,1113.5
2023/2/15 17:00,139.2954307,1064.798159,1113.5
2023/2/15 17:15,91.62836913,1070.062132,1113.5
2023/2/15 17:30,52.78601388,1069.344462,1113.5
2023/2/15 17:45,24.90442506,940.6188152,1113.5
2023/2/15 18:00,12.66772697,923.0124681,1113.5
2023/2/15 18:15,4.081677784,901.0980668,1113.5
2023/2/15 18:30,0,886.1057802,1113.5
2023/2/15 18:45,0,993.4134139,1113.5
2023/2/15 19:00,0,963.4280001,1113.5
2023/2/15 19:15,0,929.0298514,1113.5
2023/2/15 19:30,0,895.3203706,1113.5
2023/2/15 19:45,0,863.3317941,1113.5
2023/2/15 20:00,0,862.7636046,1113.5
2023/2/15 20:15,0,870.6228544,1113.5
2023/2/15 20:30,0,898.7663602,1113.5
2023/2/15 20:45,0,919.1108495,1113.5
2023/2/15 21:00,0,896.2869928,1113.5
2023/2/15 21:15,0,877.4155027,1113.5
2023/2/15 21:30,0,851.08991,1113.5
2023/2/15 21:45,0,824.1287524,1113.5
2023/2/15 22:00,0,825.4336962,1113.5
2023/2/15 22:15,0,853.6705363,1113.5
2023/2/15 22:30,0,885.9606281,1113.5
2023/2/15 22:45,0,910.1977339,1113.5
2023/2/15 23:00,0,875.199927,1113.5
2023/2/15 23:15,0,834.9490103,1113.5
2023/2/15 23:30,0,777.9597998,1113.5
2023/2/15 23:45,0,734.0396307,1113.5
2023/2/16 00:00,0,687.7966393,1077.5
2023/2/16 00:15,0,631.509566,1063
2023/2/16 00:30,0,612.4116467,1084.75
2023/2/16 00:45,0,607.8245099,1070.25
2023/2/16 01:00,0,639.8608303,1084.75
2023/2/16 01:15,0,712.8577171,1077.5
2023/2/16 01:30,0,742.1422385,1063
2023/2/16 01:45,0,727.2596003,1099
2023/2/16 02:00,0,695.5067566,1058.25
2023/2/16 02:15,0,665.3699114,1087
2023/2/16 02:30,0,628.7799521,1063
2023/2/16 02:45,0,609.0914429,1065.5
2023/2/16 03:00,0,599.4486355,1065.5
2023/2/16 03:15,0,597.2087753,1068
2023/2/16 03:30,0,549.9024266,1063
2023/2/16 03:45,0,541.5641911,1063
2023/2/16 04:00,0,537.8179548,1077.5
2023/2/16 04:15,0,524.5659659,1056
2023/2/16 04:30,0,513.7504628,1084.75
2023/2/16 04:45,0,520.0379141,1044
2023/2/16 05:00,0,552.9348834,1075
2023/2/16 05:15,0,551.7874029,1051
2023/2/16 05:30,0,615.8668519,1070.25
2023/2/16 05:45,0,653.5136689,1068
2023/2/16 06:00,0.487492075,648.0840405,1063
2023/2/16 06:15,13.06081193,622.4954929,1068
2023/2/16 06:30,38.79309588,633.3780869,1039
2023/2/16 06:45,69.6611389,653.9902599,1075
2023/2/16 07:00,110.244135,634.3162413,1053.5
2023/2/16 07:15,161.6577609,568.8788502,1084.75
2023/2/16 07:30,220.8053424,508.9764237,1068
2023/2/16 07:45,289.5120358,451.9665156,1087
2023/2/16 08:00,362.2221539,390.8504868,1096.75
2023/2/16 08:15,438.484561,360.2518976,1116
2023/2/16 08:30,510.8538371,328.5485971,1106.25
2023/2/16 08:45,583.2187223,302.5330784,1099
2023/2/16 09:00,649.0072624,288.2343683,1111
2023/2/16 09:15,705.5316941,269.3006302,1084.75
2023/2/16 09:30,762.1812553,258.6729422,1118.25
2023/2/16 09:45,815.6650338,263.2169386,1087
2023/2/16 10:00,867.3323518,282.1511756,1123
2023/2/16 10:15,909.0616716,337.4347374,1116
2023/2/16 10:30,946.2758509,398.750551,1111
2023/2/16 10:45,972.2424961,476.9950758,1144.75
2023/2/16 11:00,967.2415871,639.1551684,1113.5
2023/2/16 11:15,961.2941525,762.5245079,1128
2023/2/16 11:30,960.0511799,809.3016474,1111
2023/2/16 11:45,938.791173,826.1205346,1135
2023/2/16 12:00,954.4608246,804.1280131,1106.25
2023/2/16 12:15,958.2271695,747.8127852,1135
2023/2/16 12:30,940.3770028,709.5203681,1108.75
2023/2/16 12:45,938.6430471,699.9722322,1137.5
2023/2/16 13:00,912.7526538,691.7802435,1116
2023/2/16 13:15,865.5105635,674.5317891,1128
2023/2/16 13:30,845.9024087,653.5426183,1132.75
2023/2/16 13:45,826.8464784,651.7211896,1120.75
2023/2/16 14:00,794.1428046,635.9918551,1137.5
2023/2/16 14:15,758.5060507,628.6380486,1104
2023/2/16 14:30,700.2941624,622.8650623,1125.5
2023/2/16 14:45,639.1076445,605.6187065,1113.5
2023/2/16 15:00,600.474524,616.9966892,1137.5
2023/2/16 15:15,559.6843176,630.1259947,1128
2023/2/16 15:30,494.9637498,630.2435934,1123
2023/2/16 15:45,435.2301115,601.4548599,1132.75
2023/2/16 16:00,367.4099309,586.0382762,1111
2023/2/16 16:15,306.065935,569.7124424,1120.75
2023/2/16 16:30,247.7734486,544.6640985,1106.25
2023/2/16 16:45,188.4286905,506.0810864,1104
2023/2/16 17:00,136.9572965,462.3514466,1075
2023/2/16 17:15,92.58559096,431.510884,1087
2023/2/16 17:30,58.12556039,421.3877746,1060.75
2023/2/16 17:45,28.0381869,428.3226497,1084.75
2023/2/16 18:00,13.11877556,429.2573329,1063
2023/2/16 18:15,7.470262541,442.7594693,1077.5
2023/2/16 18:30,0,458.9637282,1087
2023/2/16 18:45,0,458.747001,1077.5
2023/2/16 19:00,0,437.7597776,1072.75
2023/2/16 19:15,0,433.7554403,1077.5
2023/2/16 19:30,0,457.7890882,1089.5
2023/2/16 19:45,0,518.139238,1082.25
2023/2/16 20:00,0,608.45795,1104
2023/2/16 20:15,0,623.938977,1082.25
2023/2/16 20:30,0,536.8127475,1123
2023/2/16 20:45,0,462.7676578,1080
2023/2/16 21:00,0,423.3674015,1111
2023/2/16 21:15,0,379.7105957,1082.25
2023/2/16 21:30,0,362.0480235,1099
2023/2/16 21:45,0,366.1522351,1075
2023/2/16 22:00,0,311.5765678,1096.75
2023/2/16 22:15,0,286.7402594,1070.25
2023/2/16 22:30,0,274.9774277,1101.5
2023/2/16 22:45,0,260.447042,1053.5
2023/2/16 23:00,0,217.0662669,1080
2023/2/16 23:15,0,188.1836041,1027
2023/2/16 23:30,0,192.3467635,1053.5
2023/2/16 23:45,0,184.6407178,1041.5
2023/2/17 00:00,0,180.8263318,1068
2023/2/17 00:15,0,164.4290116,1058.25
2023/2/17 00:30,0,144.4213862,1087
2023/2/17 00:45,0,139.5940439,1056
2023/2/17 01:00,0,149.5991794,1096.75
2023/2/17 01:15,0,141.8357771,1060.75
2023/2/17 01:30,0,124.9029465,1099
2023/2/17 01:45,0,122.7008381,1060.75
2023/2/17 02:00,0,120.9129399,1082.25
2023/2/17 02:15,0,128.1582798,1063
2023/2/17 02:30,0,115.576844,1077.5
2023/2/17 02:45,0,83.29295112,1048.75
2023/2/17 03:00,0,61.29499877,1075
2023/2/17 03:15,0,62.37810236,1027
2023/2/17 03:30,0,67.68811456,1058.25
2023/2/17 03:45,0,67.52713261,1032
2023/2/17 04:00,0,63.86072374,1051
2023/2/17 04:15,0,48.59118639,1029.5
2023/2/17 04:30,0,41.9646388,1051
2023/2/17 04:45,0,62.70497092,1044
2023/2/17 05:00,0,81.23903409,1077.5
2023/2/17 05:15,0,99.32898888,1024.75
2023/2/17 05:30,0,131.8682369,1063
2023/2/17 05:45,0,173.8850746,1020
2023/2/17 06:00,0.523038849,158.7019578,1063
2023/2/17 06:15,12.19789868,122.7861504,1048.75
2023/2/17 06:30,24.93683303,106.8745934,1068
2023/2/17 06:45,51.70409384,89.83728241,1060.75
2023/2/17 07:00,81.93338478,94.95072618,1092
2023/2/17 07:15,117.890201,86.14635634,1075
2023/2/17 07:30,174.0739352,68.59923322,1104
2023/2/17 07:45,253.7772537,56.9907718,1089.5
2023/2/17 08:00,330.9857364,80.08899435,1123
2023/2/17 08:15,422.5720476,62.32264816,1101.5
2023/2/17 08:30,505.2234972,53.4803341,1132.75
2023/2/17 08:45,590.0844815,41.9391959,1111
2023/2/17 09:00,669.4985666,35.22894486,1120.75
2023/2/17 09:15,734.0962597,29.801042,1130.25
2023/2/17 09:30,796.5894425,27.40595414,1137.5
2023/2/17 09:45,856.0603849,22.7509329,1178.25
2023/2/17 10:00,904.5272695,16.77176834,1161.5
2023/2/17 10:15,949.443181,18.441641,1197.5
2023/2/17 10:30,985.5400138,21.84370502,1159
2023/2/17 10:45,1019.537198,21.20680524,1200
2023/2/17 11:00,1046.03542,24.37078519,1159
2023/2/17 11:15,1060.063695,31.03787768,1168.75
2023/2/17 11:30,1061.910979,34.22248992,1152
2023/2/17 11:45,1074.536576,40.36551595,1140
2023/2/17 12:00,1095.181542,38.18031427,1132.75
2023/2/17 12:15,1090.495638,38.18116909,1144.75
2023/2/17 12:30,1086.765031,43.52220562,1154.25
2023/2/17 12:45,1055.303504,46.07669067,1144.75
2023/2/17 13:00,1014.229889,45.9773506,1164
2023/2/17 13:15,973.7581186,67.44904154,1144.75
2023/2/17 13:30,929.9406191,77.53931535,1164
2023/2/17 13:45,880.9479512,75.2988318,1159
2023/2/17 14:00,822.5630502,85.63558688,1178.25
2023/2/17 14:15,760.8539019,73.41201538,1168.75
2023/2/17 14:30,709.7171151,58.2997559,1180.75
2023/2/17 14:45,648.3896747,54.41321838,1202.25
2023/2/17 15:00,580.816537,50.97341024,1180.75
2023/2/17 15:15,530.2755458,44.61434984,1192.75
2023/2/17 15:30,473.0770037,41.25053787,1226.25
2023/2/17 15:45,420.9201369,27.02795463,1264.75
2023/2/17 16:00,359.7622449,21.11007092,1264.75
2023/2/17 16:15,298.0344729,18.44171488,1269.5
2023/2/17 16:30,236.5620359,15.28460355,1248
2023/2/17 16:45,176.5527191,14.92580852,1262.25
2023/2/17 17:00,123.6690824,13.83613805,1219
2023/2/17 17:15,84.61427224,12.48427454,1224
2023/2/17 17:30,50.40196443,11.07417464,1173.5
2023/2/17 17:45,23.68153423,6.512951714,1180.75
2023/2/17 18:00,13.18867927,5.678278748,1180.75
2023/2/17 18:15,7.205486276,4.99061084,1164
2023/2/17 18:30,0,4.082014137,1185.5
2023/2/17 18:45,0,2.585437913,1161.5
2023/2/17 19:00,0,1.304616202,1178.25
2023/2/17 19:15,0,1.258631259,1152
2023/2/17 19:30,0,0.972421652,1180.75
2023/2/17 19:45,0,1.046397845,1142.25
2023/2/17 20:00,0,0.754836891,1168.75
2023/2/17 20:15,0,0.488661947,1140
2023/2/17 20:30,0,0.405543786,1128
2023/2/17 20:45,0,0.459572645,1140
2023/2/17 21:00,0,0.43388257,1111
2023/2/17 21:15,0,0.742325061,1137.5
2023/2/17 21:30,0,0.87780714,1125.5
2023/2/17 21:45,0,0.939550578,1147
2023/2/17 22:00,0,0.573709083,1125.5
2023/2/17 22:15,0,0.807620694,1152
2023/2/17 22:30,0,0.726300749,1116
2023/2/17 22:45,0,0.648182683,1140
2023/2/17 23:00,0,1.125771965,1116
2023/2/17 23:15,0,1.237177419,1128
2023/2/17 23:30,0,0.953333212,1101.5
2023/2/17 23:45,0,1.574369597,1108.75
2023/2/18 00:00,0,0.754153034,1123
2023/2/18 00:15,0,1.315443668,1120.75
2023/2/18 00:30,0,2.290741053,1154.25
2023/2/18 00:45,0,3.254045733,1123
2023/2/18 01:00,0,2.362327459,1137.5
2023/2/18 01:15,0,1.251231063,1123
2023/2/18 01:30,0,0.822779943,1132.75
2023/2/18 01:45,0,0.799883755,1116
2023/2/18 02:00,0,0.495602851,1144.75
2023/2/18 02:15,0,0.687039576,1106.25
2023/2/18 02:30,0,3.265839126,1144.75
2023/2/18 02:45,0,8.366411852,1099
2023/2/18 03:00,0,12.88642567,1116
2023/2/18 03:15,0,18.80530551,1075
2023/2/18 03:30,0,29.49932368,1099
2023/2/18 03:45,0,46.20319232,1070.25
2023/2/18 04:00,0,60.81376974,1104
2023/2/18 04:15,0,73.85892421,1084.75
2023/2/18 04:30,0,98.17316945,1096.75
2023/2/18 04:45,0,102.2672751,1094.25
2023/2/18 05:00,0,109.7369954,1089.5
2023/2/18 05:15,0,117.9469695,1113.5
2023/2/18 05:30,0,137.6480097,1080
2023/2/18 05:45,0,146.8406343,1116
2023/2/18 06:00,0.451024161,156.4048899,1084.75
2023/2/18 06:15,16.45746786,155.1192007,1096.75
2023/2/18 06:30,36.74202148,162.8125481,1068
2023/2/18 06:45,73.4042666,161.3715268,1094.25
2023/2/18 07:00,116.4166427,181.9101469,1104
2023/2/18 07:15,172.1129324,192.0026013,1113.5
2023/2/18 07:30,236.2911573,209.0619051,1113.5
2023/2/18 07:45,289.2968356,207.0932448,1123
2023/2/18 08:00,351.3200007,220.9064409,1116
2023/2/18 08:15,415.1648394,249.0855738,1137.5
2023/2/18 08:30,485.3020362,259.8232119,1128
2023/2/18 08:45,563.5356875,280.3234203,1137.5
2023/2/18 09:00,617.4295959,303.8201934,1130.25
2023/2/18 09:15,679.5787533,323.1336771,1132.75
2023/2/18 09:30,745.8843843,375.7316217,1200
2023/2/18 09:45,785.0400806,419.7414548,1178.25
2023/2/18 10:00,834.2592246,456.6393776,1219
2023/2/18 10:15,886.6250326,509.4203597,1176
2023/2/18 10:30,922.4736201,552.1032252,1190.25
2023/2/18 10:45,949.860513,585.7035201,1188
2023/2/18 11:00,987.5228291,614.9944273,1183
2023/2/18 11:15,986.5314942,640.9696906,1185.5
2023/2/18 11:30,979.3013408,642.9343271,1171
2023/2/18 11:45,1027.405805,638.0336706,1173.5
2023/2/18 12:00,1009.750856,615.9788136,1147
2023/2/18 12:15,1020.165934,628.8430137,1178.25
2023/2/18 12:30,1031.864012,681.1258302,1176
2023/2/18 12:45,1021.398194,728.6805729,1183
2023/2/18 13:00,1006.758795,748.8851071,1202.25
2023/2/18 13:15,969.0383114,743.2524768,1233.5
2023/2/18 13:30,928.9205648,739.5388943,1212
2023/2/18 13:45,892.6690993,737.6403345,1236
2023/2/18 14:00,839.260899,719.2242646,1233.5
2023/2/18 14:15,791.176302,699.5910732,1231
2023/2/18 14:30,737.2889974,663.2973978,1240.75
2023/2/18 14:45,656.3692772,631.1453145,1221.5
2023/2/18 15:00,610.0121551,649.9907911,1243
2023/2/18 15:15,563.6575423,645.9719401,1209.5
2023/2/18 15:30,506.4700158,649.1346313,1240.75
2023/2/18 15:45,455.2821792,632.7330444,1185.5
2023/2/18 16:00,387.9115985,660.4444719,1204.75
2023/2/18 16:15,327.7442211,730.8794413,1188
2023/2/18 16:30,262.8921229,776.6403575,1183
2023/2/18 16:45,207.321873,823.1806915,1180.75
2023/2/18 17:00,153.9148475,827.3204255,1140
2023/2/18 17:15,106.4026936,707.2417104,1120.75
2023/2/18 17:30,62.15659773,723.8163869,1128
2023/2/18 17:45,27.36227703,733.5973838,1101.5
2023/2/18 18:00,13.52649502,726.7173118,1116
2023/2/18 18:15,7.911089953,708.8823909,1128
2023/2/18 18:30,0,689.2870899,1108.75
2023/2/18 18:45,0,682.2135275,1137.5
2023/2/18 19:00,0,676.9886435,1120.75
2023/2/18 19:15,0,673.046838,1147
2023/2/18 19:30,0,663.991542,1116
2023/2/18 19:45,0,637.2577373,1128
2023/2/18 20:00,0,600.6903433,1108.75
2023/2/18 20:15,0,594.03603,1108.75
2023/2/18 20:30,0,713.2173593,1111
2023/2/18 20:45,0,713.5991056,1099
2023/2/18 21:00,0,718.257976,1108.75
2023/2/18 21:15,0,730.3660109,1080
2023/2/18 21:30,0,761.2585373,1092
2023/2/18 21:45,0,775.1232295,1089.5
2023/2/18 22:00,0,772.0663523,1094.25
2023/2/18 22:15,0,768.127952,1113.5
2023/2/18 22:30,0,784.5866508,1096.75
2023/2/18 22:45,0,790.3841273,1104
2023/2/18 23:00,0,661.3974629,1070.25
2023/2/18 23:15,0,659.1465775,1089.5
2023/2/18 23:30,0,648.8068386,1080
2023/2/18 23:45,0,766.4239436,1087
2023/2/19 00:00,0,743.9253476,1087
2023/2/19 00:15,0,725.9000909,1087
2023/2/19 00:30,0,719.978127,1104
2023/2/19 00:45,0,716.0758608,1084.75
2023/2/19 01:00,0,702.9785775,1108.75
2023/2/19 01:15,0,703.6210442,1084.75
2023/2/19 01:30,0,695.3252275,1101.5
2023/2/19 01:45,0,667.56718,1080
2023/2/19 02:00,0,665.0235699,1075
2023/2/19 02:15,0,659.8310065,1070.25
2023/2/19 02:30,0,648.6044066,1089.5
2023/2/19 02:45,0,668.3750352,1063
2023/2/19 03:00,0,668.8165413,1082.25
2023/2/19 03:15,0,675.7078106,1051
2023/2/19 03:30,0,676.6811001,1077.5
2023/2/19 03:45,0,662.5717507,1034.25
2023/2/19 04:00,0,667.3714315,1070.25
2023/2/19 04:15,0,687.1441804,1051
2023/2/19 04:30,0,713.3515799,1070.25
2023/2/19 04:45,0,727.4942186,1058.25
2023/2/19 05:00,0,727.6011704,1072.75
2023/2/19 05:15,0,723.2314358,1046.25
2023/2/19 05:30,0,729.1550989,1056
2023/2/19 05:45,0,719.3378068,1082.25
2023/2/19 06:00,0.669468815,708.6383328,1075
2023/2/19 06:15,15.81942052,706.3506502,1096.75
2023/2/19 06:30,39.80687456,701.2126207,1087
2023/2/19 06:45,94.06460694,688.7913621,1108.75
2023/2/19 07:00,140.497948,660.8215165,1096.75
2023/2/19 07:15,207.5172985,641.4178035,1125.5
2023/2/19 07:30,270.6129473,646.068804,1116
2023/2/19 07:45,321.6957908,655.4679543,1149.5
2023/2/19 08:00,392.0011637,680.5677825,1154.25
2023/2/19 08:15,455.705417,691.6395259,1176
2023/2/19 08:30,488.71227,713.2997756,1190.25
2023/2/19 08:45,556.3308504,723.8053948,1176
2023/2/19 09:00,605.5662416,747.2164247,1231
2023/2/19 09:15,668.2391973,770.8550529,1219
2023/2/19 09:30,732.9339784,785.7769423,1238.25
2023/2/19 09:45,793.5157247,796.5366147,1238.25
2023/2/19 10:00,892.577517,784.1807346,1240.75
2023/2/19 10:15,881.7374249,805.2892532,1248
2023/2/19 10:30,891.5386381,840.2751315,1228.75
2023/2/19 10:45,908.4698375,833.2756311,1221.5
2023/2/19 11:00,996.6825443,867.6119861,1228.75
2023/2/19 11:15,1065.688517,872.3114043,1216.75
2023/2/19 11:30,1046.674416,888.3710762,1212
2023/2/19 11:45,1063.317826,771.5878101,1171
2023/2/19 12:00,1119.528335,783.0535462,1188
2023/2/19 12:15,1130.650008,805.5329802,1200
2023/2/19 12:30,1131.304913,826.9479138,1214.25
2023/2/19 12:45,1128.279066,828.7649965,1185.5
2023/2/19 13:00,1117.678232,843.2442299,1233.5
2023/2/19 13:15,1098.050198,858.4985194,1233.5
2023/2/19 13:30,1068.589283,868.2754548,1274.25
2023/2/19 13:45,1034.175323,868.6193364,1281.5
2023/2/19 14:00,984.7561934,877.4890645,1300.75
2023/2/19 14:15,930.2993706,892.7991003,1279
2023/2/19 14:30,900.2155086,520.2644057,1274.25
2023/2/19 14:45,845.512687,508.2052173,1274.25
2023/2/19 15:00,783.8463107,866.1975972,1274.25
2023/2/19 15:15,718.4623213,870.7918722,1252.75
2023/2/19 15:30,653.9534612,874.0998774,1228.75
2023/2/19 15:45,577.074515,892.0491116,1248
2023/2/19 16:00,499.6831583,918.2401742,1228.75
2023/2/19 16:15,423.127127,948.1564387,1216.75
2023/2/19 16:30,341.9127366,968.3281327,1200
2023/2/19 16:45,261.9881622,988.4095581,1188
2023/2/19 17:00,189.1662439,983.9202902,1168.75
2023/2/19 17:15,126.4571169,970.83174,1176
2023/2/19 17:30,73.96959052,939.9738504,1120.75
2023/2/19 17:45,34.8700758,894.0373868,1144.75
2023/2/19 18:00,15.0317375,868.2095266,1149.5
2023/2/19 18:15,7.600963129,849.9237713,1137.5
2023/2/19 18:30,0,848.0836096,1140
2023/2/19 18:45,0,823.4552606,1120.75
2023/2/19 19:00,0,819.2620135,1135
2023/2/19 19:15,0,797.031345,1106.25
2023/2/19 19:30,0,774.6422843,1128
2023/2/19 19:45,0,781.9806736,1094.25
2023/2/19 20:00,0,773.8947398,1140
2023/2/19 20:15,0,760.8133334,1101.5
2023/2/19 20:30,0,744.3625758,1089.5
2023/2/19 20:45,0,740.1497291,1108.75
2023/2/19 21:00,0,729.558889,1094.25
2023/2/19 21:15,0,731.4408775,1116
2023/2/19 21:30,0,732.2727831,1099
2023/2/19 21:45,0,732.9060125,1104
2023/2/19 22:00,0,730.1508631,1101.5
2023/2/19 22:15,0,732.8812173,1096.75
2023/2/19 22:30,0,734.7649641,1120.75
2023/2/19 22:45,0,738.5275152,1096.75
2023/2/19 23:00,0,739.3937682,1108.75
2023/2/19 23:15,0,734.3788203,1087
2023/2/19 23:30,0,729.8038062,1089.5
2023/2/19 23:45,0,855.30716,1072.75
2023/2/20 00:00,0,850.3915502,1082.25
2023/2/20 00:15,0,844.6094415,1068
2023/2/20 00:30,0,828.3456761,1048.75
2023/2/20 00:45,0,826.1739472,1056
2023/2/20 01:00,0,830.6530673,1048.75
2023/2/20 01:15,0,834.8641397,1032
2023/2/20 01:30,0,845.798453,1034.25
2023/2/20 01:45,0,853.1704551,1022.25
2023/2/20 02:00,0,835.1634633,1020
2023/2/20 02:15,0,843.8016365,1017.5
2023/2/20 02:30,0,843.9845863,1017.5
2023/2/20 02:45,0,821.994752,1010.25
2023/2/20 03:00,0,810.11712,1015
2023/2/20 03:15,0,804.7455965,1015
2023/2/20 03:30,0,785.0509189,1008
2023/2/20 03:45,0,760.2595818,1000.75
2023/2/20 04:00,0,739.1298196,1010.25
2023/2/20 04:15,0,733.903117,991
2023/2/20 04:30,0,729.6140601,1000.75
2023/2/20 04:45,0,702.433421,993.5
2023/2/20 05:00,0,700.2523817,986.25
2023/2/20 05:15,0,693.1086736,993.5
2023/2/20 05:30,0,685.1718151,1012.75
2023/2/20 05:45,0,672.321013,996
2023/2/20 06:00,1.052758473,662.0494291,1005.5
2023/2/20 06:15,18.57848667,646.4381622,1020
2023/2/20 06:30,46.90740819,626.298106,1017.5
2023/2/20 06:45,105.0460361,621.8181037,1020
2023/2/20 07:00,148.768185,600.4285015,1036.75
2023/2/20 07:15,197.6861206,586.8425093,1039
2023/2/20 07:30,271.6593607,592.8707493,1065.5
2023/2/20 07:45,369.4963758,623.7709814,1087
2023/2/20 08:00,482.7459273,645.4859901,1111
2023/2/20 08:15,529.3560052,686.0242392,1108.75
2023/2/20 08:30,589.6791768,710.5737815,1125.5
2023/2/20 08:45,615.500524,720.6125032,1144.75
2023/2/20 09:00,696.6989787,749.877278,1152
2023/2/20 09:15,771.761893,789.6226197,1173.5
2023/2/20 09:30,815.1275718,816.420062,1171
2023/2/20 09:45,916.9479029,834.0013801,1173.5
2023/2/20 10:00,993.7645426,847.8534935,1180.75
2023/2/20 10:15,1034.443801,873.8982745,1176
2023/2/20 10:30,1078.039043,887.3729109,1202.25
2023/2/20 10:45,1121.075678,911.5750843,1183
2023/2/20 11:00,1162.151041,931.500656,1183
2023/2/20 11:15,1195.228088,947.8388586,1195
2023/2/20 11:30,1186.841482,964.9802194,1188
2023/2/20 11:45,1224.021581,949.0662171,1197.5
2023/2/20 12:00,1227.224316,925.6600853,1192.75
2023/2/20 12:15,1227.803314,905.0475972,1204.75
2023/2/20 12:30,1215.289271,883.8736707,1188
2023/2/20 12:45,1197.12834,851.643415,1166.25
2023/2/20 13:00,1175.32172,819.0945171,1161.5
2023/2/20 13:15,1142.951425,842.167998,1144.75
2023/2/20 13:30,1111.32082,832.4180476,1154.25
2023/2/20 13:45,1071.627826,827.8195721,1192.75
2023/2/20 14:00,1029.370086,802.8031119,1195
2023/2/20 14:15,966.4683028,763.8533149,1202.25
2023/2/20 14:30,900.7884831,716.6957606,1200
2023/2/20 14:45,836.6695877,575.9797764,1216.75
2023/2/20 15:00,762.6348797,429.6457574,1214.25
2023/2/20 15:15,707.2695005,271.0443852,1212
2023/2/20 15:30,651.5116798,160.5757342,1202.25
2023/2/20 15:45,587.09742,108.5153409,1207
2023/2/20 16:00,517.973612,97.76298946,1209.5
2023/2/20 16:15,443.5599617,109.4129785,1207
2023/2/20 16:30,361.6295805,103.5505262,1171
2023/2/20 16:45,287.4966507,92.23681728,1142.25
2023/2/20 17:00,209.2005083,92.48341101,1130.25
2023/2/20 17:15,133.7276236,85.73668383,1140
2023/2/20 17:30,77.95338458,70.52973056,1396.75
2023/2/20 17:45,36.25142277,58.78219916,1154.25
2023/2/20 18:00,16.97450779,44.74498119,1164
2023/2/20 18:15,9.46477152,46.39016192,1140
2023/2/20 18:30,0,49.6515917,1149.5
2023/2/20 18:45,0,42.98844612,1125.5
2023/2/20 19:00,0,33.9631657,1149.5
2023/2/20 19:15,0,23.27654956,1108.75
2023/2/20 19:30,0,12.86741396,1120.75
2023/2/20 19:45,0,28.53609159,1099
2023/2/20 20:00,0,48.30008835,1116
2023/2/20 20:15,0,71.57284356,1099
2023/2/20 20:30,0,56.75339795,1094.25
2023/2/20 20:45,0,32.99369637,1118.25
2023/2/20 21:00,0,22.06933188,1099
2023/2/20 21:15,0,12.76981108,1108.75
2023/2/20 21:30,0,3.721267871,1084.75
2023/2/20 21:45,0,1.051931906,1094.25
2023/2/20 22:00,0,0.912795036,1080
2023/2/20 22:15,0,0.634869181,1084.75
2023/2/20 22:30,0,1.195620506,1065.5
2023/2/20 22:45,0,3.164983022,1072.75
2023/2/20 23:00,0,3.319872658,1070.25
2023/2/20 23:15,0,3.535377135,1058.25
2023/2/20 23:30,0,13.3413205,1058.25
2023/2/20 23:45,0,37.4325192,1041.5
2023/2/21 00:00,0,61.50838263,1065.5
2023/2/21 00:15,0,65.42073562,1053.5
2023/2/21 00:30,0,61.09614718,1084.75
2023/2/21 00:45,0,56.98652644,1060.75
2023/2/21 01:00,0,55.90913175,1089.5
2023/2/21 01:15,0,64.10367933,1094.25
2023/2/21 01:30,0,66.37946218,1113.5
2023/2/21 01:45,0,47.09385109,1106.25
2023/2/21 02:00,0,37.58363227,1111
2023/2/21 02:15,0,32.12239267,1089.5
2023/2/21 02:30,0,26.59131937,1094.25
2023/2/21 02:45,0,22.6359741,1089.5
2023/2/21 03:00,0,17.82056076,1060.75
2023/2/21 03:15,0,13.38526116,1065.5
2023/2/21 03:30,0,10.26476963,1063
2023/2/21 03:45,0,6.440103515,1080
2023/2/21 04:00,0,3.287741434,1075
2023/2/21 04:15,0,4.002282169,1084.75
2023/2/21 04:30,0,6.222789623,1063
2023/2/21 04:45,0,6.749933736,1084.75
2023/2/21 05:00,0,10.27489392,1041.5
2023/2/21 05:15,0,19.45141044,1063
2023/2/21 05:30,0,25.92385388,1041.5
2023/2/21 05:45,0,40.55170272,1041.5
2023/2/21 06:00,1.390810537,64.22228511,1084.75
2023/2/21 06:15,20.73037801,88.99195034,1072.75
2023/2/21 06:30,47.88752157,115.5060223,1077.5
2023/2/21 06:45,90.46220843,114.1855089,1089.5
2023/2/21 07:00,145.5776873,114.2143498,1089.5
2023/2/21 07:15,208.2395817,115.1764536,1099
2023/2/21 07:30,277.1812166,114.2686105,1101.5
2023/2/21 07:45,356.1760338,120.2431387,1101.5
2023/2/21 08:00,422.1735697,125.6450628,1135
2023/2/21 08:15,484.5708919,134.3375679,1130.25
2023/2/21 08:30,546.7532564,138.1951579,1159
2023/2/21 08:45,604.5138734,128.9865129,1137.5
2023/2/21 09:00,674.7116483,119.2710179,1216.75
2023/2/21 09:15,742.6872405,99.41175824,1176
2023/2/21 09:30,805.9032929,105.0443239,1204.75
2023/2/21 09:45,861.933855,127.3791682,1221.5
2023/2/21 10:00,908.6484115,218.6933645,1216.75
2023/2/21 10:15,940.5784358,302.1249561,1212
2023/2/21 10:30,972.2747204,301.8831681,1185.5
2023/2/21 10:45,994.4858368,301.6413801,1200
2023/2/21 11:00,1016.914877,301.399592,1178.25
2023/2/21 11:15,1021.56848,301.157804,1197.5
2023/2/21 11:30,1024.045525,300.9160159,1156.75
2023/2/21 11:45,1027.306721,300.6742279,1188
2023/2/21 12:00,1068.791934,300.4324398,1166.25
2023/2/21 12:15,1090.379954,300.1906518,1178.25
2023/2/21 12:30,1073.242576,299.9488638,1166.25
2023/2/21 12:45,1052.51845,299.7070757,1173.5
2023/2/21 13:00,1026.644455,299.4652877,1173.5
2023/2/21 13:15,990.9924546,299.2234996,1197.5
2023/2/21 13:30,954.8322231,298.9817116,1200
2023/2/21 13:45,900.0357915,298.7399236,1188
2023/2/21 14:00,890.9584581,298.4981355,1204.75
2023/2/21 14:15,868.6188102,298.2563475,1188
2023/2/21 14:30,834.0758309,298.0145594,1214.25
2023/2/21 14:45,769.4843244,297.7727714,1180.75
2023/2/21 15:00,703.4753457,297.5309834,1190.25
2023/2/21 15:15,632.5792198,297.2891953,1180.75
2023/2/21 15:30,586.7579938,297.0474073,1161.5
2023/2/21 15:45,506.6115649,296.8056192,1192.75
2023/2/21 16:00,430.2692426,296.5638312,1171
2023/2/21 16:15,356.722228,296.3220431,1171
2023/2/21 16:30,283.9160391,296.0802551,1152
2023/2/21 16:45,210.5673118,295.8384671,1149.5
2023/2/21 17:00,152.5975937,295.596679,1152
2023/2/21 17:15,105.1016681,295.354891,1137.5
2023/2/21 17:30,66.78923627,295.1131029,1147
2023/2/21 17:45,36.20513725,294.8713149,1135
2023/2/21 18:00,19.59042091,294.6295269,1147
2023/2/21 18:15,13.46752539,294.3877388,1147
2023/2/21 18:30,0,294.1459508,1161.5
2023/2/21 18:45,0,293.9041627,1118.25
2023/2/21 19:00,0,293.6623747,1130.25
2023/2/21 19:15,0,293.4205867,1125.5
2023/2/21 19:30,0,293.1787986,1137.5
2023/2/21 19:45,0,292.9370106,1101.5
2023/2/21 20:00,0,292.6952225,1111
2023/2/21 20:15,0,292.4534345,1111
2023/2/21 20:30,0,292.2116464,1106.25
2023/2/21 20:45,0,291.9698584,1130.25
2023/2/21 21:00,0,291.7280704,1116
2023/2/21 21:15,0,291.4862823,1123
2023/2/21 21:30,0,291.2444943,1096.75
2023/2/21 21:45,0,291.0027062,1118.25
2023/2/21 22:00,0,290.7609182,1111
2023/2/21 22:15,0,290.5191302,1135
2023/2/21 22:30,0,290.2773421,1106.25
2023/2/21 22:45,0,290.0355541,1132.75
2023/2/21 23:00,0,289.793766,1094.25
2023/2/21 23:15,0,289.551978,1118.25
2023/2/21 23:30,0,289.31019,1089.5
2023/2/21 23:45,0,289.0684019,1120.75
2023/2/22 00:00,0,288.8266139,1089.5
2023/2/22 00:15,0,288.5848258,1101.5
2023/2/22 00:30,0,288.3430378,1123
2023/2/22 00:45,0,288.1012497,1092
2023/2/22 01:00,0,287.8594617,1106.25
2023/2/22 01:15,0,287.6176737,1128
2023/2/22 01:30,0,287.3758856,1106.25
2023/2/22 01:45,0,287.1340976,1128
2023/2/22 02:00,0,286.8923095,1104
2023/2/22 02:15,0,286.6505215,1135
2023/2/22 02:30,0,286.4087335,1101.5
2023/2/22 02:45,0,286.1669454,1132.75
2023/2/22 03:00,0,285.9251574,1092
2023/2/22 03:15,0,285.6833693,1123
2023/2/22 03:30,0,285.4415813,1094.25
2023/2/22 03:45,0,285.1997933,1118.25
2023/2/22 04:00,0,284.9580052,1099
2023/2/22 04:15,0,284.7162172,1106.25
2023/2/22 04:30,0,284.4744291,1080
2023/2/22 04:45,0,284.2326411,1089.5
2023/2/22 05:00,0,283.990853,1080
2023/2/22 05:15,0,283.749065,1077.5
2023/2/22 05:30,0,283.507277,1070.25
2023/2/22 05:45,0,283.2654889,1063
2023/2/22 06:00,5.273365547,283.0237009,1077.5
2023/2/22 06:15,20.48657443,282.7819128,1075
2023/2/22 06:30,43.52311122,282.5401248,1099
2023/2/22 06:45,79.58736366,282.2983368,1089.5
2023/2/22 07:00,130.0751584,282.0565487,1120.75
2023/2/22 07:15,186.5619182,281.8147607,1096.75
2023/2/22 07:30,254.8461864,281.5729726,1128
2023/2/22 07:45,327.8886265,281.3311846,1104
2023/2/22 08:00,406.6574782,281.0893966,1152
2023/2/22 08:15,493.6263277,280.8476085,1135
2023/2/22 08:30,577.9086216,280.6058205,1147
2023/2/22 08:45,643.9504015,280.3640324,1144.75
2023/2/22 09:00,706.4794251,280.1222444,1125.5
2023/2/22 09:15,769.4486846,279.8804563,1137.5
2023/2/22 09:30,816.1813884,279.6386683,1113.5
2023/2/22 09:45,820.3736211,279.3968803,1113.5
2023/2/22 10:00,848.3905066,279.1550922,1135
2023/2/22 10:15,907.5268173,278.9133042,1140
2023/2/22 10:30,935.4669376,278.6715161,1118.25
2023/2/22 10:45,971.1691615,278.4297281,1156.75
2023/2/22 11:00,1007.295383,278.1879401,1113.5
2023/2/22 11:15,1052.595939,277.946152,1154.25
2023/2/22 11:30,1039.450057,277.704364,1116
2023/2/22 11:45,1033.865242,277.4625759,1104
2023/2/22 12:00,1014.894733,277.2207879,1108.75
2023/2/22 12:15,998.0436663,276.9789999,1099
2023/2/22 12:30,954.5085999,276.7372118,1135
2023/2/22 12:45,896.8909486,276.4954238,1116
2023/2/22 13:00,890.3455164,276.2536357,1132.75
2023/2/22 13:15,915.9060601,276.0118477,1156.75
2023/2/22 13:30,890.7602002,275.7700596,1130.25
2023/2/22 13:45,811.8264212,275.5282716,1154.25
2023/2/22 14:00,749.0237744,275.2864836,1120.75
2023/2/22 14:15,704.7929649,275.0446955,1140
2023/2/22 14:30,681.8449721,274.8029075,1125.5
2023/2/22 14:45,634.7775361,274.5611194,1130.25
2023/2/22 15:00,564.3927634,274.3193314,1108.75
2023/2/22 15:15,503.6424715,274.0775434,1113.5
2023/2/22 15:30,435.8326513,273.8357553,1123
2023/2/22 15:45,392.2606806,273.5939673,1111
2023/2/22 16:00,350.2436643,273.3521792,1128
2023/2/22 16:15,280.7867248,273.1103912,1120.75
2023/2/22 16:30,201.531117,272.8686032,1123
2023/2/22 16:45,116.550986,272.6268151,1101.5
2023/2/22 17:00,69.30144939,272.3850271,1120.75
2023/2/22 17:15,47.33871075,272.143239,1082.25
2023/2/22 17:30,31.04283192,271.901451,1104
2023/2/22 17:45,20.82486092,271.659663,1077.5
2023/2/22 18:00,16.0740545,271.4178749,1099
2023/2/22 18:15,9.574970818,271.1760869,1092
2023/2/22 18:30,0,270.9342988,1106.25
2023/2/22 18:45,0,270.6925108,1111
2023/2/22 19:00,0,270.4507227,1094.25
2023/2/22 19:15,0,270.2089347,1116
2023/2/22 19:30,0,269.9671467,1092
2023/2/22 19:45,0,269.7253586,1113.5
2023/2/22 20:00,0,269.4835706,1084.75
2023/2/22 20:15,0,269.2417825,1113.5
2023/2/22 20:30,0,268.9999945,1108.75
2023/2/22 20:45,0,268.7582065,1111
2023/2/22 21:00,0,268.5164184,1123
2023/2/22 21:15,0,268.2746304,1104
2023/2/22 21:30,0,268.0328423,1116
2023/2/22 21:45,0,267.7910543,1089.5
2023/2/22 22:00,0,267.5492663,1125.5
2023/2/22 22:15,0,267.3074782,1104
2023/2/22 22:30,0,267.0656902,1120.75
2023/2/22 22:45,0,266.8239021,1101.5
2023/2/22 23:00,0,266.5821141,1094.25
2023/2/22 23:15,0,266.340326,1096.75
2023/2/22 23:30,0,266.098538,1077.5
2023/2/22 23:45,0,265.85675,1087
2023/2/23 00:00,0,265.6149619,1077.5
2023/2/23 00:15,0,265.3731739,1099
2023/2/23 00:30,0,265.1313858,1084.75
2023/2/23 00:45,0,264.8895978,1116
2023/2/23 01:00,0,264.6478098,1089.5
2023/2/23 01:15,0,264.4060217,1120.75
2023/2/23 01:30,0,264.1642337,1101.5
2023/2/23 01:45,0,263.9224456,1120.75
2023/2/23 02:00,0,263.6806576,1087
2023/2/23 02:15,0,263.4388696,1113.5
2023/2/23 02:30,0,263.1970815,1075
2023/2/23 02:45,0,262.9552935,1099
2023/2/23 03:00,0,262.7135054,1075
2023/2/23 03:15,0,262.4717174,1094.25
2023/2/23 03:30,0,262.2299293,1082.25
2023/2/23 03:45,0,261.9881413,1072.75
2023/2/23 04:00,0,261.7463533,1075
2023/2/23 04:15,0,261.5045652,1063
2023/2/23 04:30,0,261.2627772,1075
2023/2/23 04:45,0,261.0209891,1060.75
2023/2/23 05:00,0,260.7792011,1070.25
2023/2/23 05:15,0,260.5374131,1046.25
2023/2/23 05:30,0,260.295625,1065.5
2023/2/23 05:45,0,260.053837,1032
2023/2/23 06:00,4.743287997,259.8120489,1068
2023/2/23 06:15,15.36812918,259.5702609,1041.5
2023/2/23 06:30,23.88189567,259.3284729,1094.25
2023/2/23 06:45,37.97398484,259.0866848,1072.75
2023/2/23 07:00,56.07742729,258.8448968,1092
2023/2/23 07:15,74.82692482,258.6031087,1089.5
2023/2/23 07:30,97.76943473,258.3613207,1099
2023/2/23 07:45,126.8370389,258.1195326,1099
2023/2/23 08:00,157.6188896,257.8777446,1106.25
2023/2/23 08:15,183.8138478,257.6359566,1111
2023/2/23 08:30,219.3299294,257.3941685,1094.25
2023/2/23 08:45,230.7653106,257.1523805,1113.5
2023/2/23 09:00,247.4945826,256.9105924,1092
2023/2/23 09:15,263.2602564,256.6688044,1116
2023/2/23 09:30,325.0679863,256.4270164,1080
2023/2/23 09:45,356.915427,256.1852283,1099
2023/2/23 10:00,294.4606238,255.9434403,1094.25
2023/2/23 10:15,259.8829428,255.7016522,1089.5
2023/2/23 10:30,220.5294867,255.4598642,1118.25
2023/2/23 10:45,233.7131151,255.2180762,1082.25
2023/2/23 11:00,246.3204193,254.9762881,1108.75
2023/2/23 11:15,230.6601447,254.7345001,1089.5
2023/2/23 11:30,264.782048,254.492712,1077.5
2023/2/23 11:45,317.4072566,254.250924,1099
2023/2/23 12:00,349.9902096,254.0091359,1082.25
2023/2/23 12:15,354.5188325,253.7673479,1118.25
2023/2/23 12:30,368.1713135,253.5255599,1089.5
2023/2/23 12:45,374.728196,253.2837718,1101.5
2023/2/23 13:00,371.4067392,253.0419838,1089.5
2023/2/23 13:15,359.2945835,252.8001957,1096.75
2023/2/23 13:30,314.1465776,252.5584077,1113.5
2023/2/23 13:45,323.606561,252.3166197,1096.75
2023/2/23 14:00,351.6296331,252.0748316,1125.5
2023/2/23 14:15,347.0433416,251.8330436,1101.5
2023/2/23 14:30,317.6876501,251.5912555,1120.75
2023/2/23 14:45,309.1404729,251.3494675,1106.25
2023/2/23 15:00,315.2146829,251.1076795,1116
2023/2/23 15:15,299.8871756,250.8658914,1106.25
2023/2/23 15:30,285.9445658,250.6241034,1082.25
2023/2/23 15:45,253.1286855,250.3823153,1118.25
2023/2/23 16:00,199.5489043,250.1405273,1099
2023/2/23 16:15,165.1923038,249.8987392,1113.5
2023/2/23 16:30,131.2804737,249.6569512,1096.75
2023/2/23 16:45,102.4283359,249.4151632,1094.25
2023/2/23 17:00,79.2393799,249.1733751,1113.5
2023/2/23 17:15,66.07238513,248.9315871,1084.75
2023/2/23 17:30,42.30010689,248.689799,1084.75
2023/2/23 17:45,22.5947259,248.448011,1094.25
2023/2/23 18:00,14.9935564,248.206223,1084.75
2023/2/23 18:15,9.364476404,247.9644349,1087
2023/2/23 18:30,0,247.7226469,1065.5
2023/2/23 18:45,0,247.4808588,1089.5
2023/2/23 19:00,0,247.2390708,1089.5
2023/2/23 19:15,0,246.9972828,1065.5
2023/2/23 19:30,0,246.7554947,1063
2023/2/23 19:45,0,246.5137067,1099
2023/2/23 20:00,0,246.2719186,1084.75
2023/2/23 20:15,0,246.0301306,1075
2023/2/23 20:30,0,245.7883425,1104
2023/2/23 20:45,0,245.5465545,1075
2023/2/23 21:00,0,245.3047665,1092
2023/2/23 21:15,0,245.0629784,1094.25
2023/2/23 21:30,0,244.8211904,1065.5
2023/2/23 21:45,0,244.5794023,1072.75
2023/2/23 22:00,0,244.3376143,1104
2023/2/23 22:15,0,244.0958263,1096.75
2023/2/23 22:30,0,243.8540382,1089.5
2023/2/23 22:45,0,243.6122502,1096.75
2023/2/23 23:00,0,243.3704621,1082.25
2023/2/23 23:15,0,243.1286741,1063
2023/2/23 23:30,0,242.8868861,1087
2023/2/23 23:45,0,242.645098,1058.25
2023/2/24 00:00,0,242.40331,1068
2023/2/24 00:15,0,242.1615219,1101.5
2023/2/24 00:30,0,241.9197339,1084.75
2023/2/24 00:45,0,241.6779459,1099
2023/2/24 01:00,0,241.4361578,1108.75
2023/2/24 01:15,0,241.1943698,1089.5
2023/2/24 01:30,0,240.9525817,1106.25
2023/2/24 01:45,0,240.7107937,1123
2023/2/24 02:00,0,240.4690056,1092
2023/2/24 02:15,0,240.2272176,1084.75
2023/2/24 02:30,0,239.9854296,1077.5
2023/2/24 02:45,0,239.7436415,1056
2023/2/24 03:00,0,239.5018535,1070.25
2023/2/24 03:15,0,239.2600654,1070.25
2023/2/24 03:30,0,239.0182774,1058.25
2023/2/24 03:45,0,238.7764894,1077.5
2023/2/24 04:00,0,238.5347013,1089.5
2023/2/24 04:15,0,238.2929133,1070.25
2023/2/24 04:30,0,238.0511252,1084.75
2023/2/24 04:45,0,237.8093372,1087
2023/2/24 05:00,0,237.5675492,1063
2023/2/24 05:15,0,237.3257611,1060.75
2023/2/24 05:30,0,237.0839731,1036.75
2023/2/24 05:45,0,236.842185,1048.75
2023/2/24 06:00,5.386154763,236.600397,1068
2023/2/24 06:15,26.35202744,236.3586089,1082.25
2023/2/24 06:30,60.54757606,236.1168209,1089.5
2023/2/24 06:45,110.344618,235.8750329,1082.25
2023/2/24 07:00,162.3132725,235.6332448,1101.5
2023/2/24 07:15,220.223901,235.3914568,1094.25
2023/2/24 07:30,287.9661014,235.1496687,1128
2023/2/24 07:45,362.7451222,234.9078807,1108.75
2023/2/24 08:00,444.4390751,234.6660927,1137.5
2023/2/24 08:15,538.0029124,234.4243046,1123
2023/2/24 08:30,601.5923688,234.1825166,1149.5
2023/2/24 08:45,672.3331969,233.9407285,1123
2023/2/24 09:00,723.5639717,233.6989405,1142.25
2023/2/24 09:15,758.1471554,233.4571525,1176
2023/2/24 09:30,836.3533958,233.2153644,1154.25
2023/2/24 09:45,898.784107,232.9735764,1188
2023/2/24 10:00,934.8791801,232.7317883,1164
2023/2/24 10:15,976.2149175,232.4900003,1204.75
2023/2/24 10:30,918.4754365,232.2482122,1195
2023/2/24 10:45,932.7717779,232.0064242,1192.75
2023/2/24 11:00,904.6031952,231.7646362,1219
2023/2/24 11:15,875.6725648,231.5228481,1183
2023/2/24 11:30,887.8266813,231.2810601,1212
2023/2/24 11:45,851.6505471,231.039272,1161.5
2023/2/24 12:00,756.4238209,230.797484,1185.5
2023/2/24 12:15,697.8768247,230.555696,1178.25
2023/2/24 12:30,674.5648928,230.3139079,1168.75
2023/2/24 12:45,674.4871062,230.0721199,1164
2023/2/24 13:00,696.589833,229.8303318,1195
2023/2/24 13:15,644.0133343,229.5885438,1216.75
2023/2/24 13:30,534.621837,229.3467558,1207
2023/2/24 13:45,440.1291157,229.1049677,1238.25
2023/2/24 14:00,390.2202426,228.8631797,1233.5
2023/2/24 14:15,350.9304932,228.6213916,1252.75
2023/2/24 14:30,326.6440767,228.3796036,1231
2023/2/24 14:45,302.8452907,228.1378155,1255
2023/2/24 15:00,255.4699407,227.8960275,1226.25
2023/2/24 15:15,224.2306609,227.6542395,1243
2023/2/24 15:30,196.2753633,227.4124514,1231
2023/2/24 15:45,169.7440644,227.1706634,1240.75
2023/2/24 16:00,141.4217029,226.9288753,1260
2023/2/24 16:15,132.4795903,226.6870873,1224
2023/2/24 16:30,110.2726681,226.4452993,1228.75
2023/2/24 16:45,70.87656374,226.2035112,1173.5
2023/2/24 17:00,46.4482715,225.9617232,1200
2023/2/24 17:15,35.68819599,225.7199351,1159
2023/2/24 17:30,26.0123285,225.4781471,1159
2023/2/24 17:45,20.39772535,225.2363591,1156.75
2023/2/24 18:00,18.48641292,224.994571,1144.75
2023/2/24 18:15,10.54180138,224.752783,1178.25
2023/2/24 18:30,0,224.5109949,1152
2023/2/24 18:45,0,224.2692069,1190.25
2023/2/24 19:00,0,224.0274188,1156.75
2023/2/24 19:15,0,223.7856308,1152
2023/2/24 19:30,0,223.5438428,1128
2023/2/24 19:45,0,223.3020547,1125.5
2023/2/24 20:00,0,223.0602667,1128
2023/2/24 20:15,0,222.8184786,1108.75
2023/2/24 20:30,0,222.5766906,1135
2023/2/24 20:45,0,222.3349026,1123
2023/2/24 21:00,0,222.0931145,1132.75
2023/2/24 21:15,0,221.8513265,1120.75
2023/2/24 21:30,0,221.6095384,1120.75
2023/2/24 21:45,0,221.3677504,1135
2023/2/24 22:00,0,221.1259624,1118.25
2023/2/24 22:15,0,220.8841743,1128
2023/2/24 22:30,0,220.6423863,1108.75
2023/2/24 22:45,0,220.4005982,1087
2023/2/24 23:00,0,220.1588102,1096.75
2023/2/24 23:15,0,219.9170221,1058.25
2023/2/24 23:30,0,219.6752341,1070.25
2023/2/24 23:45,0,219.4334461,1075
2023/2/25 00:00,0,219.191658,1077.5
2023/2/25 00:15,0,218.94987,1108.75
2023/2/25 00:30,0,218.7080819,1099
2023/2/25 00:45,0,218.4662939,1094.25
2023/2/25 01:00,0,218.2245059,1116
2023/2/25 01:15,0,217.9827178,1087
2023/2/25 01:30,0,217.7409298,1104
2023/2/25 01:45,0,217.4991417,1118.25
2023/2/25 02:00,0,217.2573537,1099
2023/2/25 02:15,0,217.0155657,1104
2023/2/25 02:30,0,216.7737776,1101.5
2023/2/25 02:45,0,216.5319896,1072.75
2023/2/25 03:00,0,216.2902015,1092
2023/2/25 03:15,0,216.0484135,1087
2023/2/25 03:30,0,215.8066254,1084.75
2023/2/25 03:45,0,215.5648374,1101.5
2023/2/25 04:00,0,215.3230494,1094.25
2023/2/25 04:15,0,215.0812613,1118.25
2023/2/25 04:30,0,214.8394733,1089.5
2023/2/25 04:45,0,214.5976852,1116
2023/2/25 05:00,0,214.3558972,1092
2023/2/25 05:15,0,214.1141092,1116
2023/2/25 05:30,0,213.8723211,1075
2023/2/25 05:45,0,213.6305331,1096.75
2023/2/25 06:00,5.269948081,213.388745,1068
2023/2/25 06:15,21.51426714,213.146957,1094.25
2023/2/25 06:30,42.51102833,212.905169,1092
2023/2/25 06:45,70.29653435,212.6633809,1111
2023/2/25 07:00,107.6259857,212.4215929,1113.5
2023/2/25 07:15,150.3666841,212.1798048,1123
2023/2/25 07:30,193.6764076,211.9380168,1144.75
2023/2/25 07:45,211.5968336,211.6962288,1152
2023/2/25 08:00,227.3132225,211.4544407,1207
2023/2/25 08:15,273.3435179,211.2126527,1192.75
2023/2/25 08:30,313.0932728,210.9708646,1216.75
2023/2/25 08:45,362.5492777,210.7290766,1207
2023/2/25 09:00,445.0141652,210.4872885,1238.25
2023/2/25 09:15,558.9519398,210.2455005,1221.5
2023/2/25 09:30,672.8020687,210.0037125,1260
2023/2/25 09:45,747.0116483,209.7619244,1245.5
2023/2/25 10:00,853.3308116,209.5201364,1260
2023/2/25 10:15,914.2694178,209.2783483,1226.25
2023/2/25 10:30,949.1074606,209.0365603,1243
2023/2/25 10:45,989.5078706,208.7947723,1202.25
2023/2/25 11:00,1037.200602,208.5529842,1233.5
2023/2/25 11:15,1077.859794,208.3111962,1204.75
2023/2/25 11:30,1077.205947,208.0694081,1202.25
2023/2/25 11:45,1063.495126,207.8276201,1178.25
2023/2/25 12:00,1014.048676,207.5858321,1188
2023/2/25 12:15,993.4830712,207.344044,1202.25
2023/2/25 12:30,963.8932759,207.102256,1178.25
2023/2/25 12:45,947.4687388,206.8604679,1219
2023/2/25 13:00,914.3949681,206.6186799,1188
2023/2/25 13:15,844.9220065,206.3768918,1240.75
2023/2/25 13:30,799.7132071,206.1351038,1219
2023/2/25 13:45,753.8285239,205.8933158,1264.75
2023/2/25 14:00,760.4885132,205.6515277,1240.75
2023/2/25 14:15,737.861355,205.4097397,1267
2023/2/25 14:30,689.9920727,205.1679516,1238.25
2023/2/25 14:45,634.0806947,204.9261636,1255
2023/2/25 15:00,600.1126385,204.6843756,1221.5
2023/2/25 15:15,568.2510294,204.4425875,1260
2023/2/25 15:30,545.5577534,204.2007995,1243
2023/2/25 15:45,474.7772359,203.9590114,1248
2023/2/25 16:00,408.1798444,203.7172234,1252.75
2023/2/25 16:15,363.6948321,203.4754354,1257.5
2023/2/25 16:30,314.6779701,203.2336473,1243
2023/2/25 16:45,264.4945949,202.9918593,1228.75
2023/2/25 17:00,204.4303381,202.7500712,1250.25
2023/2/25 17:15,146.4251355,202.5082832,1209.5
2023/2/25 17:30,90.72329686,202.2664951,1226.25
2023/2/25 17:45,43.43285715,202.0247071,1180.75
2023/2/25 18:00,19.04784167,201.7829191,1207
2023/2/25 18:15,9.633974577,201.541131,1164
2023/2/25 18:30,0,201.299343,1207
2023/2/25 18:45,0,201.0575549,1188
2023/2/25 19:00,0,200.8157669,1216.75
2023/2/25 19:15,0,200.5739789,1140
2023/2/25 19:30,0,200.3321908,1168.75
2023/2/25 19:45,0,200.0904028,1135
2023/2/25 20:00,0,199.8486147,1164
2023/2/25 20:15,0,199.6068267,1120.75
2023/2/25 20:30,0,199.3650387,1152
2023/2/25 20:45,0,199.1232506,1116
2023/2/25 21:00,0,198.8814626,1166.25
2023/2/25 21:15,0,198.6396745,1130.25
2023/2/25 21:30,0,198.3978865,1156.75
2023/2/25 21:45,0,198.1560984,1132.75
2023/2/25 22:00,0,197.9143104,1154.25
2023/2/25 22:15,0,197.6725224,1135
2023/2/25 22:30,0,197.4307343,1168.75
2023/2/25 22:45,0,197.1889463,1135
2023/2/25 23:00,0,196.9471582,1159
2023/2/25 23:15,0,196.7053702,1152
2023/2/25 23:30,0,196.4635822,1123
2023/2/25 23:45,0,196.2217941,1152
2023/2/26 00:00,0,195.9800061,1130.25
2023/2/26 00:15,0,195.738218,1161.5
2023/2/26 00:30,0,195.49643,1130.25
2023/2/26 00:45,0,195.254642,1161.5
2023/2/26 01:00,0,195.0128539,1132.75
2023/2/26 01:15,0,194.7710659,1168.75
2023/2/26 01:30,0,194.5292778,1128
2023/2/26 01:45,0,194.2874898,1147
2023/2/26 02:00,0,194.0457017,1164
2023/2/26 02:15,0,193.8039137,1132.75
2023/2/26 02:30,0,193.5621257,1142.25
2023/2/26 02:45,0,193.3203376,1147
2023/2/26 03:00,0,193.0785496,1137.5
2023/2/26 03:15,0,192.8367615,1144.75
2023/2/26 03:30,0,192.5949735,1137.5
2023/2/26 03:45,0,192.3531855,1118.25
2023/2/26 04:00,0,192.1113974,1104
2023/2/26 04:15,0,191.8696094,1130.25
2023/2/26 04:30,0,191.6278213,1092
2023/2/26 04:45,0,191.3860333,1118.25
2023/2/26 05:00,0,191.1442453,1092
2023/2/26 05:15,0,190.9024572,1080
2023/2/26 05:30,0,190.6606692,1099
2023/2/26 05:45,2.91E-05,190.4188811,1070.25
2023/2/26 06:00,10.86517951,190.1770931,1113.5
2023/2/26 06:15,29.35288156,189.935305,1099
2023/2/26 06:30,58.89818358,189.693517,1132.75
2023/2/26 06:45,100.856922,189.451729,1111
2023/2/26 07:00,154.9406263,189.2099409,1125.5
2023/2/26 07:15,210.3760218,188.9681529,1152
2023/2/26 07:30,275.0166266,188.7263648,1135
2023/2/26 07:45,371.5099233,188.4845768,1183
2023/2/26 08:00,436.4696198,188.2427888,1156.75
2023/2/26 08:15,490.5698297,188.0010007,1171
2023/2/26 08:30,535.8310871,187.7592127,1168.75
2023/2/26 08:45,579.0461089,187.5174246,1185.5
2023/2/26 09:00,620.3502158,187.2756366,1221.5
2023/2/26 09:15,589.9616159,187.0338486,1192.75
2023/2/26 09:30,621.2116092,186.7920605,1226.25
2023/2/26 09:45,656.9971761,186.5502725,1272
2023/2/26 10:00,660.2032858,186.3084844,1281.5
2023/2/26 10:15,632.7406641,186.0666964,1274.25
2023/2/26 10:30,603.7876604,185.8249083,1269.5
2023/2/26 10:45,560.3749697,185.5831203,1260
2023/2/26 11:00,491.0130329,185.3413323,1257.5
2023/2/26 11:15,419.5855676,185.0995442,1240.75
2023/2/26 11:30,367.9504199,184.8577562,1238.25
2023/2/26 11:45,335.7970974,184.6159681,1238.25
2023/2/26 12:00,323.0267146,184.3741801,1209.5
2023/2/26 12:15,294.0216894,184.1323921,1228.75
2023/2/26 12:30,271.4015703,183.890604,1209.5
2023/2/26 12:45,292.7719376,183.648816,1219
2023/2/26 13:00,302.2681265,183.4070279,1248
2023/2/26 13:15,312.4130843,183.1652399,1226.25
2023/2/26 13:30,321.2394235,182.9234519,1260
2023/2/26 13:45,330.2153548,182.6816638,1248
2023/2/26 14:00,307.4233851,182.4398758,1267
2023/2/26 14:15,283.878804,182.1980877,1267
2023/2/26 14:30,247.496217,181.9562997,1226.25
2023/2/26 14:45,227.1502863,181.7145117,1240.75
2023/2/26 15:00,236.9765287,181.4727236,1204.75
2023/2/26 15:15,238.2743732,181.2309356,1192.75
2023/2/26 15:30,230.3880965,180.9891475,1188
2023/2/26 15:45,202.2657749,180.7473595,1168.75
2023/2/26 16:00,201.1703906,180.5055714,1202.25
2023/2/26 16:15,209.7296015,180.2637834,1183
2023/2/26 16:30,163.138546,180.0219954,1190.25
2023/2/26 16:45,125.0290804,179.7802073,1180.75
2023/2/26 17:00,102.9146202,179.5384193,1192.75
2023/2/26 17:15,78.5735546,179.2966312,1180.75
2023/2/26 17:30,52.73489541,179.0548432,1144.75
2023/2/26 17:45,29.68160403,178.8130552,1171
2023/2/26 18:00,15.5449089,178.5712671,1166.25
2023/2/26 18:15,8.509517427,178.3294791,1178.25
2023/2/26 18:30,0,178.087691,1173.5
2023/2/26 18:45,0,177.845903,1161.5
2023/2/26 19:00,0,177.604115,1171
2023/2/26 19:15,0,177.3623269,1154.25
2023/2/26 19:30,0,177.1205389,1178.25
2023/2/26 19:45,0,176.8787508,1176
2023/2/26 20:00,0,176.6369628,1161.5
2023/2/26 20:15,0,176.3951747,1164
2023/2/26 20:30,0,176.1533867,1142.25
2023/2/26 20:45,0,175.9115987,1125.5
2023/2/26 21:00,0,175.6698106,1132.75
2023/2/26 21:15,0,175.4280226,1125.5
2023/2/26 21:30,0,175.1862345,1116
2023/2/26 21:45,0,174.9444465,1142.25
2023/2/26 22:00,0,174.7026585,1142.25
2023/2/26 22:15,0,174.4608704,1156.75
2023/2/26 22:30,0,174.2190824,1130.25
2023/2/26 22:45,0,173.9772943,1125.5
2023/2/26 23:00,0,173.7355063,1142.25
2023/2/26 23:15,0,173.4937183,1113.5
2023/2/26 23:30,0,173.2519302,1140
2023/2/26 23:45,0,173.0101422,1123
2023/2/27 00:00,0,172.7683541,1123
2023/2/27 00:15,0,172.5265661,1152
2023/2/27 00:30,0,172.284778,1132.75
2023/2/27 00:45,0,172.04299,1140
2023/2/27 01:00,0,171.801202,1152
2023/2/27 01:15,0,171.5594139,1120.75
2023/2/27 01:30,0,171.3176259,1149.5
2023/2/27 01:45,0,171.0758378,1125.5
2023/2/27 02:00,0,170.8340498,1113.5
2023/2/27 02:15,0,170.5922618,1140
2023/2/27 02:30,0,170.3504737,1104
2023/2/27 02:45,0,170.1086857,1118.25
2023/2/27 03:00,0,169.8668976,1132.75
2023/2/27 03:15,0,169.6251096,1099
2023/2/27 03:30,0,169.3833216,1128
2023/2/27 03:45,0,169.1415335,1106.25
2023/2/27 04:00,0,168.8997455,1113.5
2023/2/27 04:15,0,168.6579574,1111
2023/2/27 04:30,0,168.4161694,1068
2023/2/27 04:45,0,168.1743813,1094.25
2023/2/27 05:00,0,167.9325933,1084.75
2023/2/27 05:15,0,167.6908053,1046.25
2023/2/27 05:30,0,167.4490172,1060.75
2023/2/27 05:45,2.95E-05,167.2072292,1046.25
2023/2/27 06:00,9.260287195,166.9654411,1046.25
2023/2/27 06:15,20.15755202,166.7236531,1082.25
2023/2/27 06:30,34.87223599,166.4818651,1070.25
2023/2/27 06:45,63.3349943,166.240077,1101.5
2023/2/27 07:00,94.01440393,165.998289,1108.75
2023/2/27 07:15,140.4183065,165.7565009,1094.25
2023/2/27 07:30,196.988392,165.5147129,1123
2023/2/27 07:45,249.3710388,165.2729249,1118.25
2023/2/27 08:00,307.4032909,165.0311368,1135
2023/2/27 08:15,383.9490973,164.7893488,1156.75
2023/2/27 08:30,465.4614955,164.5475607,1152
2023/2/27 08:45,514.3840565,164.3057727,1164
2023/2/27 09:00,597.0409042,164.0639846,1173.5
2023/2/27 09:15,669.8742665,163.8221966,1149.5
2023/2/27 09:30,766.3693353,163.5804086,1168.75
2023/2/27 09:45,826.0265446,163.3386205,1178.25
2023/2/27 10:00,885.225411,163.0968325,1216.75
2023/2/27 10:15,953.476321,162.8550444,1212
2023/2/27 10:30,995.4546792,162.6132564,1214.25
2023/2/27 10:45,1017.791893,162.3714684,1197.5
2023/2/27 11:00,1042.434204,162.1296803,1190.25
2023/2/27 11:15,1067.150724,161.8878923,1176
2023/2/27 11:30,1082.971858,161.6461042,1173.5
2023/2/27 11:45,1070.752622,161.4043162,1180.75
2023/2/27 12:00,1009.876087,161.1625282,1154.25
2023/2/27 12:15,1006.169598,160.9207401,1173.5
2023/2/27 12:30,1011.895449,160.6789521,1164
2023/2/27 12:45,1041.383012,160.437164,1164
2023/2/27 13:00,1055.336147,160.195376,1195
2023/2/27 13:15,995.6147643,159.9535879,1183
2023/2/27 13:30,906.5157967,159.7117999,1202.25
2023/2/27 13:45,848.8420086,159.4700119,1152
2023/2/27 14:00,838.2674535,159.2282238,1164
2023/2/27 14:15,804.7052393,158.9864358,1161.5
2023/2/27 14:30,702.7446392,158.7446477,1161.5
2023/2/27 14:45,616.7647556,158.5028597,1192.75
2023/2/27 15:00,584.1535977,158.2610717,1142.25
2023/2/27 15:15,551.9991057,158.0192836,1173.5
2023/2/27 15:30,499.7656872,157.7774956,1195
2023/2/27 15:45,435.0495284,157.5357075,1176
2023/2/27 16:00,376.6475525,157.2939195,1159
2023/2/27 16:15,327.3151739,157.0521315,1142.25
2023/2/27 16:30,267.3416032,156.8103434,1140
2023/2/27 16:45,204.342428,156.5685554,1108.75
2023/2/27 17:00,153.3792736,156.3267673,1113.5
2023/2/27 17:15,108.0881689,156.0849793,1108.75
2023/2/27 17:30,67.53314595,155.8431912,1077.5
2023/2/27 17:45,33.81649356,155.6014032,1096.75
2023/2/27 18:00,15.0321117,155.3596152,1094.25
2023/2/27 18:15,9.436071605,155.1178271,1123
2023/2/27 18:30,0,154.8760391,1118.25
2023/2/27 18:45,0,154.634251,1111
2023/2/27 19:00,0,154.392463,1092
2023/2/27 19:15,0,154.150675,1113.5
2023/2/27 19:30,0,153.9088869,1084.75
2023/2/27 19:45,0,153.6670989,1094.25
2023/2/27 20:00,0,153.4253108,1080
2023/2/27 20:15,0,153.1835228,1056
2023/2/27 20:30,0,152.9417348,1072.75
2023/2/27 20:45,0,152.6999467,1046.25
2023/2/27 21:00,0,152.4581587,1046.25
2023/2/27 21:15,0,152.2163706,1075
2023/2/27 21:30,0,151.9745826,1046.25
2023/2/27 21:45,0,151.7327946,1065.5
2023/2/27 22:00,0,151.4910065,1080
2023/2/27 22:15,0,151.2492185,1058.25
2023/2/27 22:30,0,151.0074304,1084.75
2023/2/27 22:45,0,150.7656424,1041.5
2023/2/27 23:00,0,150.5238543,1024.75
2023/2/27 23:15,0,150.2820663,1056
2023/2/27 23:30,0,150.0402783,1041.5
2023/2/27 23:45,0,149.7984902,1044
2023/2/28 00:00,0,149.5567022,1060.75
2023/2/28 00:15,0,149.3149141,1053.5
2023/2/28 00:30,0,149.0731261,1065.5
2023/2/28 00:45,0,148.8313381,1070.25
2023/2/28 01:00,0,148.58955,1058.25
2023/2/28 01:15,0,148.347762,1063
2023/2/28 01:30,0,148.1059739,1063
2023/2/28 01:45,0,147.8641859,1044
2023/2/28 02:00,0,147.6223979,1046.25
2023/2/28 02:15,0,147.3806098,1051
2023/2/28 02:30,0,147.1388218,1034.25
2023/2/28 02:45,0,146.8970337,1058.25
2023/2/28 03:00,0,146.6552457,1060.75
2023/2/28 03:15,0,146.4134576,1034.25
2023/2/28 03:30,0,146.1716696,1063
2023/2/28 03:45,0,145.9298816,1041.5
2023/2/28 04:00,0,145.6880935,1039
2023/2/28 04:15,0,145.4463055,1077.5
2023/2/28 04:30,0,145.2045174,1041.5
2023/2/28 04:45,0,144.9627294,1051
2023/2/28 05:00,0,144.7209414,1075
2023/2/28 05:15,0,144.4791533,1039
2023/2/28 05:30,0,144.2373653,1044
2023/2/28 05:45,0.001624597,143.9955772,1060.75
2023/2/28 06:00,9.494658767,143.7537892,1041.5
2023/2/28 06:15,24.89231149,143.5120012,1056
2023/2/28 06:30,50.224497,143.2702131,1077.5
2023/2/28 06:45,88.91915843,143.0284251,1077.5
2023/2/28 07:00,120.9422137,142.786637,1072.75
2023/2/28 07:15,171.326983,142.544849,1099
2023/2/28 07:30,227.6613003,142.3030609,1087
2023/2/28 07:45,263.4994722,142.0612729,1113.5
2023/2/28 08:00,286.2147912,141.8194849,1140
2023/2/28 08:15,311.052634,141.5776968,1118.25
2023/2/28 08:30,345.2100528,141.3359088,1149.5
2023/2/28 08:45,392.888547,141.0941207,1128
2023/2/28 09:00,381.0870627,140.8523327,1094.25
2023/2/28 09:15,381.834914,140.6105447,1099
2023/2/28 09:30,409.0370659,140.3687566,1096.75
2023/2/28 09:45,415.984846,140.1269686,1104
2023/2/28 10:00,444.1889695,139.8851805,1118.25
2023/2/28 10:15,498.119176,139.6433925,1118.25
2023/2/28 10:30,546.5519659,139.4016045,1120.75
2023/2/28 10:45,573.0567976,139.1598164,1130.25
2023/2/28 11:00,572.8510937,138.9180284,1120.75
2023/2/28 11:15,618.5669386,138.6762403,1111
2023/2/28 11:30,687.0717279,138.4344523,1113.5
2023/2/28 11:45,693.6635557,138.1926642,1087
2023/2/28 12:00,651.4455117,137.9508762,1106.25
2023/2/28 12:15,611.1308553,137.7090882,1106.25
2023/2/28 12:30,653.7369634,137.4673001,1099
2023/2/28 12:45,686.0224459,137.2255121,1113.5
2023/2/28 13:00,692.453254,136.983724,1106.25
2023/2/28 13:15,643.8875048,136.741936,1116
2023/2/28 13:30,586.408665,136.500148,1108.75
2023/2/28 13:45,559.299935,136.2583599,1106.25
2023/2/28 14:00,489.3016174,136.0165719,1111
2023/2/28 14:15,448.2242454,135.7747838,1094.25
2023/2/28 14:30,429.5719118,135.5329958,1144.75
2023/2/28 14:45,406.4203175,135.2912078,1123
2023/2/28 15:00,388.5610709,135.0494197,1111
2023/2/28 15:15,337.8722429,134.8076317,1116
2023/2/28 15:30,311.4190192,134.5658436,1101.5
2023/2/28 15:45,291.1730858,134.3240556,1106.25
2023/2/28 16:00,319.2184199,134.0822675,1108.75
2023/2/28 16:15,326.8482597,133.8404795,1128
2023/2/28 16:30,299.2393349,133.5986915,1123
2023/2/28 16:45,251.6960837,133.3569034,1087
2023/2/28 17:00,182.4761591,133.1151154,1099
2023/2/28 17:15,127.4234637,132.8733273,1072.75
2023/2/28 17:30,79.87557376,132.6315393,1072.75
2023/2/28 17:45,42.17182698,132.3897513,1065.5
2023/2/28 18:00,18.16910212,132.1479632,1044
2023/2/28 18:15,8.80745595,131.9061752,1065.5
2023/2/28 18:30,0,131.6643871,1065.5
2023/2/28 18:45,0,131.4225991,1070.25
2023/2/28 19:00,0,131.1808111,1060.75
2023/2/28 19:15,0,130.939023,1034.25
2023/2/28 19:30,0,130.697235,1027
2023/2/28 19:45,0,130.4554469,1048.75
2023/2/28 20:00,0,130.2136589,1012.75
2023/2/28 20:15,0,129.9718708,1015
2023/2/28 20:30,0,129.7300828,1027
2023/2/28 20:45,0,129.4882948,996
2023/2/28 21:00,0,129.2465067,1015
2023/2/28 21:15,0,129.0047187,1000.75
2023/2/28 21:30,0,128.7629306,1003
2023/2/28 21:45,0,128.5211426,1020
2023/2/28 22:00,0,128.2793546,1008
2023/2/28 22:15,0,128.0375665,1020
2023/2/28 22:30,0,127.7957785,1036.75
2023/2/28 22:45,0,127.5539904,1032
2023/2/28 23:00,0,127.3122024,1039
2023/2/28 23:15,0,127.0704144,1034.25
2023/2/28 23:30,0,126.8286263,1020
2023/2/28 23:45,0,126.5868383,1034.25
2023/3/1 00:00,0,126.3450502,1024.75
2023/3/1 00:15,0,126.1032622,1039
2023/3/1 00:30,0,125.8614741,1056
2023/3/1 00:45,0,125.6196861,1034.25
2023/3/1 01:00,0,125.3778981,1039
2023/3/1 01:15,0,125.13611,1056
2023/3/1 01:30,0,124.894322,1039
2023/3/1 01:45,0,124.6525339,1034.25
2023/3/1 02:00,0,124.4107459,1060.75
2023/3/1 02:15,0,124.1689579,1024.75
2023/3/1 02:30,0,123.9271698,1044
2023/3/1 02:45,0,123.6853818,1010.25
2023/3/1 03:00,0,123.4435937,1032
2023/3/1 03:15,0,123.2018057,1020
2023/3/1 03:30,0,122.9600177,1020
2023/3/1 03:45,0,122.7182296,1029.5
2023/3/1 04:00,0,122.4764416,1015
2023/3/1 04:15,0,122.2346535,1024.75
2023/3/1 04:30,0,121.9928655,1017.5
2023/3/1 04:45,0,121.7510775,1005.5
2023/3/1 05:00,0,121.5092894,1024.75
2023/3/1 05:15,0,121.2675014,1000.75
2023/3/1 05:30,0,121.0257133,1010.25
2023/3/1 05:45,0.002287091,120.7839253,1010.25
2023/3/1 06:00,8.338379326,120.5421372,1003
2023/3/1 06:15,13.78274065,120.3003492,1041.5
2023/3/1 06:30,16.83869026,120.0585612,1022.25
2023/3/1 06:45,27.12137984,119.8167731,1041.5
2023/3/1 07:00,40.516876,119.5749851,1053.5
2023/3/1 07:15,55.73861463,119.333197,1044
2023/3/1 07:30,74.76399584,119.091409,1053.5
2023/3/1 07:45,83.57149398,118.849621,1058.25
2023/3/1 08:00,90.88244717,118.6078329,1046.25
2023/3/1 08:15,112.1652587,118.3660449,1082.25
2023/3/1 08:30,138.9196577,118.1242568,1072.75
2023/3/1 08:45,139.9707124,117.8824688,1063
2023/3/1 09:00,135.9079745,117.6406808,1080
2023/3/1 09:15,145.845595,117.3988927,1063
2023/3/1 09:30,146.3120907,117.1571047,1075
2023/3/1 09:45,146.7306203,116.9153166,1104
2023/3/1 10:00,162.1117787,116.6735286,1084.75
2023/3/1 10:15,189.4455774,116.4317405,1104
2023/3/1 10:30,201.4462965,116.1899525,1094.25
2023/3/1 10:45,215.9442157,115.9481645,1104
2023/3/1 11:00,237.6928518,115.7063764,1106.25
2023/3/1 11:15,246.6611113,115.4645884,1072.75
2023/3/1 11:30,254.7859537,115.2228003,1092
2023/3/1 11:45,255.3362935,114.9810123,1082.25
2023/3/1 12:00,253.9326817,114.7392243,1087
2023/3/1 12:15,232.3820257,114.4974362,1092
2023/3/1 12:30,228.2410711,114.2556482,1096.75
2023/3/1 12:45,254.0635897,114.0138601,1101.5
2023/3/1 13:00,279.0168007,113.7720721,1072.75
2023/3/1 13:15,261.9174229,113.5302841,1087
2023/3/1 13:30,279.5128861,113.288496,1065.5
2023/3/1 13:45,281.988783,113.046708,1082.25
2023/3/1 14:00,239.2228192,112.8049199,1077.5
2023/3/1 14:15,246.0929171,112.5631319,1075
2023/3/1 14:30,258.2476942,112.3213438,1077.5
2023/3/1 14:45,241.5332003,112.0795558,1058.25
2023/3/1 15:00,248.0803101,111.8377678,1082.25
2023/3/1 15:15,221.0690321,111.5959797,1056
2023/3/1 15:30,191.0161786,111.3541917,1084.75
2023/3/1 15:45,154.2545638,111.1124036,1087
2023/3/1 16:00,114.8356741,110.8706156,1075
2023/3/1 16:15,105.0814509,110.6288276,1101.5
2023/3/1 16:30,97.83575174,110.3870395,1065.5
2023/3/1 16:45,81.49588056,110.1452515,1099
2023/3/1 17:00,62.70349307,109.9034634,1080
2023/3/1 17:15,54.11143336,109.6616754,1070.25
2023/3/1 17:30,36.91847056,109.4198874,1060.75
2023/3/1 17:45,22.02943994,109.1780993,1053.5
2023/3/1 18:00,13.84697257,108.9363113,1075
2023/3/1 18:15,9.180120828,108.6945232,1072.75
2023/3/1 18:30,0,108.4527352,1084.75
2023/3/1 18:45,0,108.2109471,1068
2023/3/1 19:00,0,107.9691591,1051
2023/3/1 19:15,0,107.7273711,1065.5
2023/3/1 19:30,0,107.485583,1063
2023/3/1 19:45,0,107.243795,1060.75
2023/3/1 20:00,0,107.0020069,1096.75
2023/3/1 20:15,0,106.7602189,1072.75
2023/3/1 20:30,0,106.5184309,1094.25
2023/3/1 20:45,0,106.2766428,1080
2023/3/1 21:00,0,106.0348548,1070.25
2023/3/1 21:15,0,105.7930667,1080
2023/3/1 21:30,0,105.5512787,1053.5
2023/3/1 21:45,0,105.3094907,1060.75
2023/3/1 22:00,0,105.0677026,1084.75
2023/3/1 22:15,0,104.8259146,1072.75
2023/3/1 22:30,0,104.5841265,1075
2023/3/1 22:45,0,104.3423385,1070.25
2023/3/1 23:00,0,104.1005504,1051
2023/3/1 23:15,0,103.8587624,1068
2023/3/1 23:30,0,103.6169744,1046.25
2023/3/1 23:45,0,103.3751863,1051
2023/3/2 00:00,0,103.1333983,1070.25
2023/3/2 00:15,0,102.8916102,1056
2023/3/2 00:30,0,102.6498222,1096.75
2023/3/2 00:45,0,102.4080342,1084.75
2023/3/2 01:00,0,102.1662461,1072.75
2023/3/2 01:15,0,101.9244581,1106.25
2023/3/2 01:30,0,101.68267,1072.75
2023/3/2 01:45,0,101.440882,1092
2023/3/2 02:00,0,101.199094,1099
2023/3/2 02:15,0,100.9573059,1065.5
2023/3/2 02:30,0,100.7155179,1096.75
2023/3/2 02:45,0,100.4737298,1077.5
2023/3/2 03:00,0,100.2319418,1077.5
2023/3/2 03:15,0,99.99015375,1092
2023/3/2 03:30,0,99.74836571,1060.75
2023/3/2 03:45,0,99.50657767,1099
2023/3/2 04:00,0,99.26478962,1084.75
2023/3/2 04:15,0,99.02300158,1092
2023/3/2 04:30,0,98.78121354,1084.75
2023/3/2 04:45,0,98.5394255,1051
2023/3/2 05:00,0,98.29763746,1068
2023/3/2 05:15,0,98.05584942,1039
2023/3/2 05:30,0,97.81406138,1022.25
2023/3/2 05:45,0.014704533,97.57227334,1048.75
2023/3/2 06:00,11.60580698,97.3304853,1008
2023/3/2 06:15,35.58534785,97.08869725,1036.75
2023/3/2 06:30,70.04982511,96.84690921,1044
2023/3/2 06:45,116.9340955,96.60512117,1022.25
2023/3/2 07:00,172.7001751,96.36333313,1058.25
2023/3/2 07:15,236.2403396,96.12154509,1056
2023/3/2 07:30,306.6826413,95.87975705,1046.25
2023/3/2 07:45,384.1482264,95.63796901,1084.75
2023/3/2 08:00,463.17582,95.39618097,1056
2023/3/2 08:15,543.9315124,95.15439293,1094.25
2023/3/2 08:30,621.752345,94.91260488,1096.75
2023/3/2 08:45,704.1932458,94.67081684,1087
2023/3/2 09:00,781.509066,94.4290288,1118.25
2023/3/2 09:15,853.2393845,94.18724076,1106.25
2023/3/2 09:30,917.3935145,93.94545272,1101.5
2023/3/2 09:45,971.5675723,93.70366468,1113.5
2023/3/2 10:00,1020.831241,93.46187664,1094.25
2023/3/2 10:15,1068.211926,93.2200886,1125.5
2023/3/2 10:30,1110.943995,92.97830056,1099
2023/3/2 10:45,1140.500741,92.73651251,1118.25
2023/3/2 11:00,1172.095292,92.49472447,1120.75
2023/3/2 11:15,1195.141008,92.25293643,1113.5
2023/3/2 11:30,1206.071272,92.01114839,1128
2023/3/2 11:45,1218.979641,91.76936035,1094.25
2023/3/2 12:00,1226.414339,91.52757231,1116
2023/3/2 12:15,1217.374334,91.28578427,1116
2023/3/2 12:30,1208.792228,91.04399623,1130.25
2023/3/2 12:45,1195.087969,90.80220819,1120.75
2023/3/2 13:00,1191.701817,90.56042014,1123
2023/3/2 13:15,1161.359912,90.3186321,1118.25
2023/3/2 13:30,1123.335752,90.07684406,1140
2023/3/2 13:45,1094.852939,89.83505602,1130.25
2023/3/2 14:00,1056.050131,89.59326798,1130.25
2023/3/2 14:15,1019.373623,89.35147994,1125.5
2023/3/2 14:30,960.18999,89.1096919,1120.75
2023/3/2 14:45,903.2225162,88.86790386,1108.75
2023/3/2 15:00,839.2686075,88.62611582,1125.5
2023/3/2 15:15,769.3840315,88.38432777,1106.25
2023/3/2 15:30,705.1043029,88.14253973,1118.25
2023/3/2 15:45,617.494956,87.90075169,1116
2023/3/2 16:00,543.3368431,87.65896365,1099
2023/3/2 16:15,469.5662773,87.41717561,1092
2023/3/2 16:30,384.3282386,87.17538757,1070.25
2023/3/2 16:45,301.9608555,86.93359953,1092
2023/3/2 17:00,223.2778146,86.69181149,1068
2023/3/2 17:15,151.9974852,86.45002345,1056
2023/3/2 17:30,94.16165679,86.2082354,1065.5
2023/3/2 17:45,54.59941657,85.96644736,1034.25
2023/3/2 18:00,22.31368344,85.72465932,1065.5
2023/3/2 18:15,13.77799478,85.48287128,1060.75
2023/3/2 18:30,0,85.24108324,1070.25
2023/3/2 18:45,0,84.9992952,1072.75
2023/3/2 19:00,0,84.75750716,1070.25
2023/3/2 19:15,0,84.51571912,1065.5
2023/3/2 19:30,0,84.27393107,1082.25
2023/3/2 19:45,0,84.03214303,1087
2023/3/2 20:00,0,83.79035499,1096.75
2023/3/2 20:15,0,83.54856695,1106.25
2023/3/2 20:30,0,83.30677891,1084.75
2023/3/2 20:45,0,83.06499087,1099
2023/3/2 21:00,0,82.82320283,1063
2023/3/2 21:15,0,82.58141479,1070.25
2023/3/2 21:30,0,82.33962675,1080
2023/3/2 21:45,0,82.0978387,1060.75
2023/3/2 22:00,0,81.85605066,1094.25
2023/3/2 22:15,0,81.61426262,1087
2023/3/2 22:30,0,81.37247458,1075
2023/3/2 22:45,0,81.13068654,1089.5
2023/3/2 23:00,0,80.8888985,1068
2023/3/2 23:15,0,80.64711046,1063
2023/3/2 23:30,0,80.40532242,1070.25
2023/3/2 23:45,0,80.16353438,1051
2023/3/3 00:00,0,79.92174633,1063
2023/3/3 00:15,0,79.67995829,1080
2023/3/3 00:30,0,79.43817025,1060.75
2023/3/3 00:45,0,79.19638221,1082.25
2023/3/3 01:00,0,78.95459417,1077.5
2023/3/3 01:15,0,78.71280613,1077.5
2023/3/3 01:30,0,78.47101809,1099
2023/3/3 01:45,0,78.22923005,1065.5
2023/3/3 02:00,0,77.98744201,1084.75
2023/3/3 02:15,0,77.74565396,1068
2023/3/3 02:30,0,77.50386592,1063
2023/3/3 02:45,0,77.26207788,1082.25
2023/3/3 03:00,0,77.02028984,1063
2023/3/3 03:15,0,76.7785018,1072.75
2023/3/3 03:30,0,76.53671376,1036.75
2023/3/3 03:45,0,76.29492572,1032
2023/3/3 04:00,0,76.05313768,1044
2023/3/3 04:15,0,75.81134964,1024.75
2023/3/3 04:30,0,75.56956159,1027
2023/3/3 04:45,0,75.32777355,1017.5
2023/3/3 05:00,0,75.08598551,1003
2023/3/3 05:15,0,74.84419747,1012.75
2023/3/3 05:30,0,74.60240943,998.25
2023/3/3 05:45,0.123008226,74.36062139,1015
2023/3/3 06:00,15.58229707,74.11883335,991
2023/3/3 06:15,44.45887058,73.87704531,1017.5
2023/3/3 06:30,86.6700293,73.63525727,1032
2023/3/3 06:45,137.7700939,73.39346922,1017.5
2023/3/3 07:00,195.7276958,73.15168118,1024.75
2023/3/3 07:15,264.5140463,72.90989314,1041.5
2023/3/3 07:30,340.9484096,72.6681051,1058.25
2023/3/3 07:45,420.167701,72.42631706,1087
2023/3/3 08:00,493.1054679,72.18452902,1075
2023/3/3 08:15,568.191935,71.94274098,1108.75
2023/3/3 08:30,639.6356852,71.70095294,1111
2023/3/3 08:45,702.9229348,71.4591649,1113.5
2023/3/3 09:00,758.2985993,71.21737685,1096.75
2023/3/3 09:15,811.9264621,70.97558881,1111
2023/3/3 09:30,861.4719503,70.73380077,1120.75
2023/3/3 09:45,904.039416,70.49201273,1111
2023/3/3 10:00,935.3719722,70.25022469,1120.75
2023/3/3 10:15,979.5592501,70.00843665,1116
2023/3/3 10:30,1017.608735,69.76664861,1159
2023/3/3 10:45,1042.797824,69.52486057,1132.75
2023/3/3 11:00,1064.439937,69.28307252,1135
2023/3/3 11:15,1077.909389,69.04128448,1137.5
2023/3/3 11:30,1089.199282,68.79949644,1111
2023/3/3 11:45,1096.142397,68.5577084,1125.5
2023/3/3 12:00,1112.413001,68.31592036,1116
2023/3/3 12:15,1113.7605,68.07413232,1120.75
2023/3/3 12:30,1103.357968,67.83234428,1140
2023/3/3 12:45,1091.272179,67.59055624,1116
2023/3/3 13:00,1064.514085,67.3487682,1132.75
2023/3/3 13:15,1026.207698,67.10698015,1142.25
2023/3/3 13:30,987.8474549,66.86519211,1137.5
2023/3/3 13:45,939.9343553,66.62340407,1152
2023/3/3 14:00,889.5875893,66.38161603,1132.75
2023/3/3 14:15,833.7100765,66.13982799,1149.5
2023/3/3 14:30,776.3425589,65.89803995,1132.75
2023/3/3 14:45,720.115116,65.65625191,1135
2023/3/3 15:00,664.4694721,65.41446387,1135
2023/3/3 15:15,605.9958334,65.17267583,1135
2023/3/3 15:30,534.7390309,64.93088778,1125.5
2023/3/3 15:45,465.0760941,64.68909974,1140
2023/3/3 16:00,396.6617615,64.4473117,1092
2023/3/3 16:15,325.5830071,64.20552366,1130.25
2023/3/3 16:30,258.6923171,63.96373562,1101.5
2023/3/3 16:45,198.2326658,63.72194758,1118.25
2023/3/3 17:00,143.5057339,63.48015954,1106.25
2023/3/3 17:15,100.5378735,63.2383715,1099
2023/3/3 17:30,64.99817328,62.99658346,1092
2023/3/3 17:45,35.98549897,62.75479541,1089.5
2023/3/3 18:00,18.24825188,62.51300737,1087
2023/3/3 18:15,16.26546721,62.27121933,1077.5
2023/3/3 18:30,0,62.02943129,1082.25
2023/3/3 18:45,0,61.78764325,1096.75
2023/3/3 19:00,0,61.54585521,1068
2023/3/3 19:15,0,61.30406717,1096.75
2023/3/3 19:30,0,61.06227913,1058.25
2023/3/3 19:45,0,60.82049109,1099
2023/3/3 20:00,0,60.57870304,1080
2023/3/3 20:15,0,60.336915,1096.75
2023/3/3 20:30,0,60.09512696,1113.5
2023/3/3 20:45,0,59.85333892,1101.5
2023/3/3 21:00,0,59.61155088,1111
2023/3/3 21:15,0,59.36976284,1111
2023/3/3 21:30,0,59.1279748,1096.75
2023/3/3 21:45,0,58.88618676,1125.5
2023/3/3 22:00,0,58.64439872,1084.75
2023/3/3 22:15,0,58.40261067,1087
2023/3/3 22:30,0,58.16082263,1099
2023/3/3 22:45,0,57.91903459,1070.25
2023/3/3 23:00,0,57.67724655,1120.75
2023/3/3 23:15,0,57.43545851,1068
2023/3/3 23:30,0,57.19367047,1094.25
2023/3/3 23:45,0,56.95188243,1084.75
2023/3/4 00:00,0,56.71009439,1087
2023/3/4 00:15,0,56.46830635,1118.25
2023/3/4 00:30,0,56.2265183,1092
2023/3/4 00:45,0,55.98473026,1104
2023/3/4 01:00,0,55.74294222,1084.75
2023/3/4 01:15,0,55.50115418,1065.5
2023/3/4 01:30,0,55.25936614,1099
2023/3/4 01:45,0,55.0175781,1056
2023/3/4 02:00,0,54.77579006,1094.25
2023/3/4 02:15,0,54.53400202,1072.75
2023/3/4 02:30,0,54.29221397,1106.25
2023/3/4 02:45,0,54.05042593,1075
2023/3/4 03:00,0,53.80863789,1077.5
2023/3/4 03:15,0,53.56684985,1080
2023/3/4 03:30,0,53.32506181,1072.75
2023/3/4 03:45,0,53.08327377,1082.25
2023/3/4 04:00,0,52.84148573,1072.75
2023/3/4 04:15,0,52.59969769,1077.5
2023/3/4 04:30,0,52.35790965,1099
2023/3/4 04:45,0,52.1161216,1104
2023/3/4 05:00,0,51.87433356,1096.75
2023/3/4 05:15,0,51.63254552,1070.25
2023/3/4 05:30,0,51.39075748,1087
2023/3/4 05:45,0.09329712,51.14896944,1053.5
2023/3/4 06:00,13.09450827,50.9071814,1087
2023/3/4 06:15,34.4111555,50.66539336,1087
2023/3/4 06:30,67.75311125,50.42360532,1070.25
2023/3/4 06:45,106.7248381,50.18181728,1082.25
2023/3/4 07:00,150.9906971,49.94002923,1053.5
2023/3/4 07:15,204.3772582,49.69824119,1094.25
2023/3/4 07:30,256.9664485,49.45645315,1072.75
2023/3/4 07:45,312.218632,49.21466511,1075
2023/3/4 08:00,358.0297449,48.97287707,1099
2023/3/4 08:15,412.7985494,48.73108903,1094.25
2023/3/4 08:30,470.6628581,48.48930099,1106.25
2023/3/4 08:45,540.6983772,48.24751295,1104
2023/3/4 09:00,590.9820714,48.00572491,1099
2023/3/4 09:15,632.1192527,47.76393686,1104
2023/3/4 09:30,663.1539905,47.52214882,1106.25
2023/3/4 09:45,705.8589119,47.28036078,1092
2023/3/4 10:00,746.8213405,47.03857274,1113.5
2023/3/4 10:15,800.7221101,46.7967847,1101.5
2023/3/4 10:30,830.6143521,46.55499666,1111
2023/3/4 10:45,823.1601753,46.31320862,1106.25
2023/3/4 11:00,831.9537172,46.07142058,1077.5
2023/3/4 11:15,869.4697323,45.82963254,1120.75
2023/3/4 11:30,872.6103238,45.58784449,1070.25
2023/3/4 11:45,905.3628074,45.34605645,1092
2023/3/4 12:00,942.445664,45.10426841,1070.25
2023/3/4 12:15,961.7902192,44.86248037,1111
2023/3/4 12:30,975.4229081,44.62069233,1116
2023/3/4 12:45,980.4720826,44.37890429,1101.5
2023/3/4 13:00,960.2860248,44.13711625,1118.25
2023/3/4 13:15,935.730631,43.89532821,1092
2023/3/4 13:30,887.0445184,43.65354017,1135
2023/3/4 13:45,830.2385741,43.41175212,1106.25
2023/3/4 14:00,756.8659282,43.16996408,1116
2023/3/4 14:15,669.4420245,42.92817604,1104
2023/3/4 14:30,613.7875725,42.686388,1106.25
2023/3/4 14:45,581.8362334,42.44459996,1130.25
2023/3/4 15:00,541.2015943,42.20281192,1116
2023/3/4 15:15,500.5705985,41.96102388,1120.75
2023/3/4 15:30,459.0117225,41.71923584,1125.5
2023/3/4 15:45,406.7041305,41.4774478,1116
2023/3/4 16:00,363.8736454,41.23565975,1128
2023/3/4 16:15,316.4591234,40.99387171,1113.5
2023/3/4 16:30,258.0114213,40.75208367,1128
2023/3/4 16:45,195.8288856,40.51029563,1087
2023/3/4 17:00,147.2616758,40.26850759,1104
2023/3/4 17:15,101.0495071,40.02671955,1065.5
2023/3/4 17:30,63.89938364,39.78493151,1077.5
2023/3/4 17:45,34.91212117,39.54314347,1087
2023/3/4 18:00,19.38483355,39.30135542,1053.5
2023/3/4 18:15,14.74479892,39.05956738,1101.5
2023/3/4 18:30,0,38.81777934,1072.75
2023/3/4 18:45,0,38.5759913,1092
2023/3/4 19:00,0,38.33420326,1092
2023/3/4 19:15,0,38.09241522,1082.25
2023/3/4 19:30,0,37.85062718,1099
2023/3/4 19:45,0,37.60883914,1065.5
2023/3/4 20:00,0,37.3670511,1096.75
2023/3/4 20:15,0,37.12526305,1065.5
2023/3/4 20:30,0,36.88347501,1089.5
2023/3/4 20:45,0,36.64168697,1075
2023/3/4 21:00,0,36.39989893,1094.25
2023/3/4 21:15,0,36.15811089,1094.25
2023/3/4 21:30,0,35.91632285,1077.5
2023/3/4 21:45,0,35.67453481,1104
2023/3/4 22:00,0,35.43274677,1080
2023/3/4 22:15,0,35.19095873,1118.25
2023/3/4 22:30,0,34.94917068,1080
2023/3/4 22:45,0,34.70738264,1113.5
2023/3/4 23:00,0,34.4655946,1070.25
2023/3/4 23:15,0,34.22380656,1096.75
2023/3/4 23:30,0,33.98201852,1070.25
2023/3/4 23:45,0,33.74023048,1087
2023/3/5 00:00,0,33.49844244,1084.75
2023/3/5 00:15,0,33.2566544,1080
2023/3/5 00:30,0,33.01486636,1104
2023/3/5 00:45,0,32.77307831,1084.75
2023/3/5 01:00,0,32.53129027,1106.25
2023/3/5 01:15,0,32.28950223,1089.5
2023/3/5 01:30,0,32.04771419,1104
2023/3/5 01:45,0,31.80592615,1092
2023/3/5 02:00,0,31.56413811,1087
2023/3/5 02:15,0,31.32235007,1101.5
2023/3/5 02:30,0,31.08056203,1084.75
2023/3/5 02:45,0,30.83877399,1101.5
2023/3/5 03:00,0,30.59698594,1060.75
2023/3/5 03:15,0,30.3551979,1089.5
2023/3/5 03:30,0,30.11340986,1068
2023/3/5 03:45,0,29.87162182,1089.5
2023/3/5 04:00,0,29.62983378,1058.25
2023/3/5 04:15,0,29.38804574,1044
2023/3/5 04:30,0,29.1462577,1089.5
2023/3/5 04:45,0,28.90446966,1034.25
2023/3/5 05:00,0,28.66268162,1072.75
2023/3/5 05:15,0,28.42089357,1015
2023/3/5 05:30,0,28.17910553,1039
2023/3/5 05:45,0.478544531,27.93731749,1024.75
2023/3/5 06:00,13.53141906,27.69552945,1034.25
2023/3/5 06:15,39.34412512,27.45374141,1048.75
2023/3/5 06:30,68.55414539,27.21195337,1056
2023/3/5 06:45,102.498459,26.97016533,1080
2023/3/5 07:00,145.5397131,26.72837729,1060.75
2023/3/5 07:15,199.9360234,26.48658925,1084.75
2023/3/5 07:30,242.9762745,26.2448012,1063
2023/3/5 07:45,290.1844712,26.00301316,1101.5
2023/3/5 08:00,369.967457,25.76122512,1101.5
2023/3/5 08:15,442.3312097,25.51943708,1106.25
2023/3/5 08:30,530.2333273,25.27764904,1144.75
2023/3/5 08:45,565.6923204,25.035861,1132.75
2023/3/5 09:00,557.0284492,24.79407296,1135
2023/3/5 09:15,591.1126842,24.55228492,1144.75
2023/3/5 09:30,637.4203043,24.31049687,1130.25
2023/3/5 09:45,679.4838767,24.06870883,1144.75
2023/3/5 10:00,699.6052194,23.82692079,1144.75
2023/3/5 10:15,735.0114834,23.58513275,1147
2023/3/5 10:30,731.4558945,23.34334471,1147
2023/3/5 10:45,797.1419724,23.10155667,1106.25
2023/3/5 11:00,864.842276,22.85976863,1120.75
2023/3/5 11:15,874.8843643,22.61798059,1099
2023/3/5 11:30,918.9793402,22.37619255,1096.75
2023/3/5 11:45,987.3792472,22.1344045,1108.75
2023/3/5 12:00,953.9814767,21.89261646,1077.5
2023/3/5 12:15,901.0917363,21.65082842,1130.25
2023/3/5 12:30,910.2617627,21.40904038,1094.25
2023/3/5 12:45,923.7052493,21.16725234,1140
2023/3/5 13:00,869.3360729,20.9254643,1130.25
2023/3/5 13:15,797.5838472,20.68367626,1123
2023/3/5 13:30,776.6695286,20.44188822,1142.25
2023/3/5 13:45,765.2537117,20.20010018,1113.5
2023/3/5 14:00,707.8075436,19.95831213,1123
2023/3/5 14:15,653.0930146,19.71652409,1128
2023/3/5 14:30,666.0300531,19.47473605,1106.25
2023/3/5 14:45,624.5272414,19.23294801,1137.5
2023/3/5 15:00,555.6116483,18.99115997,1084.75
2023/3/5 15:15,474.1155602,18.74937193,1120.75
2023/3/5 15:30,390.7200635,18.50758389,1082.25
2023/3/5 15:45,321.0550704,18.26579585,1108.75
2023/3/5 16:00,266.9943183,18.02400781,1094.25
2023/3/5 16:15,212.400545,17.78221976,1113.5
2023/3/5 16:30,181.3158815,17.54043172,1118.25
2023/3/5 16:45,151.4485993,17.29864368,1104
2023/3/5 17:00,110.7734863,17.05685564,1116
2023/3/5 17:15,75.73050473,16.8150676,1084.75
2023/3/5 17:30,52.34277801,16.57327956,1099
2023/3/5 17:45,31.82561791,16.33149152,1084.75
2023/3/5 18:00,16.52074745,16.08970348,1096.75
2023/3/5 18:15,14.61871536,15.84791544,1104
2023/3/5 18:30,0,15.60612739,1053.5
2023/3/5 18:45,0,15.36433935,1063
2023/3/5 19:00,0,15.12255131,1060.75
2023/3/5 19:15,0,14.88076327,1063
2023/3/5 19:30,0,14.63897523,1077.5
2023/3/5 19:45,0,14.39718719,1065.5
2023/3/5 20:00,0,14.15539915,1140
2023/3/5 20:15,0,13.91361111,1096.75
2023/3/5 20:30,0,13.67182307,1116
2023/3/5 20:45,0,13.43003502,1089.5
2023/3/5 21:00,0,13.18824698,1118.25
2023/3/5 21:15,0,12.94645894,1070.25
2023/3/5 21:30,0,12.7046709,1099
2023/3/5 21:45,0,12.46288286,1080
2023/3/5 22:00,0,12.22109482,1077.5
2023/3/5 22:15,0,11.97930678,1084.75
2023/3/5 22:30,0,11.73751874,1077.5
2023/3/5 22:45,0,11.4957307,1080
2023/3/5 23:00,0,11.25394265,1082.25
2023/3/5 23:15,0,11.01215461,1048.75
2023/3/5 23:30,0,10.77036657,1068
2023/3/5 23:45,0,10.52857853,1060.75
2023/3/6 00:00,0,10.28679049,1063
2023/3/6 00:15,0,10.04500245,1082.25
2023/3/6 00:30,0,9.803214407,1063
2023/3/6 00:45,0,9.561426366,1096.75
2023/3/6 01:00,0,9.319638325,1075
2023/3/6 01:15,0,9.077850284,1099
2023/3/6 01:30,0,8.836062243,1068
2023/3/6 01:45,0,8.594274202,1092
2023/3/6 02:00,0,8.35248616,1092
2023/3/6 02:15,0,8.110698119,1089.5
2023/3/6 02:30,0,7.868910078,1096.75
2023/3/6 02:45,0,7.627122037,1077.5
2023/3/6 03:00,0,7.385333996,1087
2023/3/6 03:15,0,7.143545955,1068
2023/3/6 03:30,0,6.901757914,1058.25
2023/3/6 03:45,0,6.659969872,1058.25
2023/3/6 04:00,0,6.418181831,1068
2023/3/6 04:15,0,6.17639379,1075
2023/3/6 04:30,0,5.934605749,1051
2023/3/6 04:45,0,5.692817708,1077.5
2023/3/6 05:00,0,5.451029667,1063
2023/3/6 05:15,0,5.209241626,1075
2023/3/6 05:30,0,4.967453585,1044
2023/3/6 05:45,1.030847376,4.725665543,1046.25
2023/3/6 06:00,19.05600296,4.483877502,1056
2023/3/6 06:15,43.81595778,4.242089461,1058.25
2023/3/6 06:30,69.73283897,4.00030142,1082.25
2023/3/6 06:45,100.3689433,3.758513379,1070.25
2023/3/6 07:00,138.984306,3.516725338,1106.25
2023/3/6 07:15,186.3985314,3.274937297,1082.25
2023/3/6 07:30,242.4621498,3.033149256,1099
2023/3/6 07:45,280.096299,2.791361214,1123
2023/3/6 08:00,308.6393744,2.549573173,1156.75
2023/3/6 08:15,342.2742352,2.307785132,1147
2023/3/6 08:30,384.0861079,2.065997091,1154.25
2023/3/6 08:45,429.11307,1.82420905,1185.5
2023/3/6 09:00,447.2979389,1.582421009,1183
2023/3/6 09:15,441.1643672,1.340632968,1200
2023/3/6 09:30,472.9847675,1.098844927,1209.5
2023/3/6 09:45,554.9210244,0.857056885,1207
2023/3/6 10:00,613.5779113,0.615268844,1209.5
2023/3/6 10:15,657.3435723,0.373480803,1185.5
2023/3/6 10:30,775.9279753,0.131692762,1168.75
2023/3/6 10:45,857.1290783,0.255496269,1192.75
2023/3/6 11:00,880.8301668,101.0513331,1216.75
2023/3/6 11:15,871.5907235,125.1624943,1188
2023/3/6 11:30,839.0948845,124.3022437,1180.75
2023/3/6 11:45,840.1462885,135.6697219,1147
2023/3/6 12:00,838.8479977,108.1903413,1142.25
2023/3/6 12:15,813.0259809,66.45419686,1147
2023/3/6 12:30,827.8395792,33.52170031,1147
2023/3/6 12:45,807.9743501,27.85801567,1130.25
2023/3/6 13:00,785.1091681,22.02245175,1128
2023/3/6 13:15,732.4234985,12.70886719,1142.25
2023/3/6 13:30,692.9174339,19.79999303,1128
2023/3/6 13:45,678.611189,21.17507019,1140
2023/3/6 14:00,665.1818059,24.5365654,1132.75
2023/3/6 14:15,625.3067409,23.108154,1149.5
2023/3/6 14:30,596.2200184,27.85070729,1159
2023/3/6 14:45,550.7688898,40.762647,1164
2023/3/6 15:00,530.0585915,62.4869717,1144.75
2023/3/6 15:15,484.476879,35.13549866,1144.75
2023/3/6 15:30,415.1941717,27.06091351,1137.5
2023/3/6 15:45,370.9747226,19.76662104,1130.25
2023/3/6 16:00,321.7111839,14.98467031,1116
2023/3/6 16:15,280.028343,19.81342457,1108.75
2023/3/6 16:30,234.9753598,20.57409667,1113.5
2023/3/6 16:45,185.4770851,12.22396353,1128
2023/3/6 17:00,138.2264534,12.44330019,1130.25
2023/3/6 17:15,96.82881381,18.83246961,1113.5
2023/3/6 17:30,63.2531655,24.53211067,1108.75
2023/3/6 17:45,35.90707639,19.94880087,1082.25
2023/3/6 18:00,16.95024428,13.46954032,1084.75
2023/3/6 18:15,12.17439408,8.297843856,1077.5
2023/3/6 18:30,0,4.002675576,1058.25
2023/3/6 18:45,0,3.75048797,1072.75
2023/3/6 19:00,0,4.952998183,1065.5
2023/3/6 19:15,0,9.594987901,1058.25
2023/3/6 19:30,0,27.17822714,1048.75
2023/3/6 19:45,0,26.01844424,1080
2023/3/6 20:00,0,34.82797019,1048.75
2023/3/6 20:15,0,34.41812305,1046.25
2023/3/6 20:30,0,28.89429566,1046.25
2023/3/6 20:45,0,28.19990061,1046.25
2023/3/6 21:00,0,24.74605586,1053.5
2023/3/6 21:15,0,20.9090685,1032
2023/3/6 21:30,0,18.25952544,1029.5
2023/3/6 21:45,0,14.34203538,1051
2023/3/6 22:00,0,17.16823648,1039
2023/3/6 22:15,0,19.53008089,1032
2023/3/6 22:30,0,15.81330363,1032
2023/3/6 22:45,0,15.53440639,1041.5
2023/3/6 23:00,0,35.86785593,1051
2023/3/6 23:15,0,55.25910622,1015
2023/3/6 23:30,0,74.31261147,1036.75
2023/3/6 23:45,0,110.8002409,1024.75
2023/3/7 00:00,0,189.1846332,1005.5
2023/3/7 00:15,0,265.9475871,1029.5
2023/3/7 00:30,0,329.9169248,1046.25
2023/3/7 00:45,0,366.6627306,1039
2023/3/7 01:00,0,471.1069633,1036.75
2023/3/7 01:15,0,677.0547461,1032
2023/3/7 01:30,0,860.7798149,1036.75
2023/3/7 01:45,0,942.0293161,1046.25
2023/3/7 02:00,0,1005.667876,1012.75
2023/3/7 02:15,0,1006.072285,1005.5
2023/3/7 02:30,0,1104.23598,998.25
2023/3/7 02:45,0,1184.794476,1020
2023/3/7 03:00,0,1054.45995,1027
2023/3/7 03:15,0,1063.912496,993.5
2023/3/7 03:30,0,1055.424989,993.5
2023/3/7 03:45,0,1171.818245,996
2023/3/7 04:00,0,1139.24597,988.75
2023/3/7 04:15,0,1119.489394,986.25
2023/3/7 04:30,0,1038.656672,986.25
2023/3/7 04:45,0,1084.696291,1000.75
2023/3/7 05:00,0,1095.835493,972
2023/3/7 05:15,0,1136.37759,967
2023/3/7 05:30,0,1184.64535,972
2023/3/7 05:45,0.067835142,1215.580937,972
2023/3/7 06:00,12.53140464,1234.673156,964.75
2023/3/7 06:15,22.97238318,1246.482809,984
2023/3/7 06:30,38.65626083,1248.506182,1005.5
2023/3/7 06:45,63.22989669,1238.714993,991
2023/3/7 07:00,97.20205283,1078.350352,1000.75
2023/3/7 07:15,152.2785863,1078.723244,1022.25
2023/3/7 07:30,211.4704987,1107.861387,1044
2023/3/7 07:45,295.1214056,1127.07673,1092
2023/3/7 08:00,384.7283576,1124.093967,1082.25
2023/3/7 08:15,445.7533746,1121.602027,1099
2023/3/7 08:30,482.9426565,1126.661614,1111
2023/3/7 08:45,495.1099757,1033.560356,1089.5
2023/3/7 09:00,547.9151055,1039.27945,1120.75
2023/3/7 09:15,604.5234232,1041.182552,1123
2023/3/7 09:30,652.2225307,1033.230817,1128
2023/3/7 09:45,597.2216232,1040.826937,1118.25
2023/3/7 10:00,583.4246368,1169.750084,1142.25
2023/3/7 10:15,578.9800588,1177.069285,1154.25
2023/3/7 10:30,607.6328469,1169.025739,1144.75
2023/3/7 10:45,657.2159194,1164.895727,1152
2023/3/7 11:00,692.8273289,1150.952154,1096.75
2023/3/7 11:15,752.7208612,1137.400082,1120.75
2023/3/7 11:30,750.1969,1152.034358,1080
2023/3/7 11:45,752.0433083,1142.368576,1099
2023/3/7 12:00,795.311296,1153.366309,1072.75
2023/3/7 12:15,843.8188348,1159.559869,1080
2023/3/7 12:30,902.7766504,1024.046125,1068
2023/3/7 12:45,894.6825748,1033.758089,1036.75
2023/3/7 13:00,898.1417537,1030.076593,1084.75
2023/3/7 13:15,901.7997149,1023.216569,1082.25
2023/3/7 13:30,853.7536878,1026.5199,1092
2023/3/7 13:45,845.1023619,1029.083939,1075
2023/3/7 14:00,787.4271227,1137.885054,1089.5
2023/3/7 14:15,708.620295,1139.208705,1113.5
2023/3/7 14:30,641.125462,1148.750508,1111
2023/3/7 14:45,590.0706111,1143.905199,1152
2023/3/7 15:00,554.2467504,1152.73638,1118.25
2023/3/7 15:15,515.4063018,1046.654419,1116
2023/3/7 15:30,501.2349006,1051.707009,1128
2023/3/7 15:45,467.3268152,1049.679227,1101.5
2023/3/7 16:00,428.283915,1183.963193,1137.5
2023/3/7 16:15,383.7378081,1180.82828,1113.5
2023/3/7 16:30,338.217121,1179.610295,1101.5
2023/3/7 16:45,276.9949083,1173.495409,1053.5
2023/3/7 17:00,202.8352558,1176.594954,1058.25
2023/3/7 17:15,134.5638543,1040.853968,1063
2023/3/7 17:30,87.15958981,1166.467277,1022.25
2023/3/7 17:45,45.70077451,1163.20031,1060.75
2023/3/7 18:00,20.04723759,1153.305795,1041.5
2023/3/7 18:15,15.29962105,1152.262676,1053.5
2023/3/7 18:30,0,1155.015316,1051
2023/3/7 18:45,0,1258.083431,1046.25
2023/3/7 19:00,0,1267.266944,1044
2023/3/7 19:15,0,1276.555648,1012.75
2023/3/7 19:30,0,1271.054334,1051
2023/3/7 19:45,0,1268.983604,1015
2023/3/7 20:00,0,1263.417256,1039
2023/3/7 20:15,0,1258.55393,1017.5
2023/3/7 20:30,0,1140.394807,1024.75
2023/3/7 20:45,0,996.9132533,1039
2023/3/7 21:00,0,1006.911882,1017.5
2023/3/7 21:15,0,1026.469679,1032
2023/3/7 21:30,0,1036.410237,1003
2023/3/7 21:45,0,1040.082424,1005.5
2023/3/7 22:00,0,1049.549446,1032
2023/3/7 22:15,0,1056.339089,1015
2023/3/7 22:30,0,1046.571136,1003
2023/3/7 22:45,0,1149.359073,1032
2023/3/7 23:00,0,1151.413128,1024.75
2023/3/7 23:15,0,1150.877814,1000.75
2023/3/7 23:30,0,1152.930894,1015
2023/3/7 23:45,0,1154.358664,1000.75
2023/3/8 00:00,0,1049.590526,1000.75
2023/3/8 00:15,0,1052.518454,1010.25
2023/3/8 00:30,0,1054.527651,1017.5
2023/3/8 00:45,0,1061.307968,1032
2023/3/8 01:00,0,1161.927794,1027
2023/3/8 01:15,0,1169.059374,1032
2023/3/8 01:30,0,1175.326126,1017.5
2023/3/8 01:45,0,1184.063915,1022.25
2023/3/8 02:00,0,1185.554633,1034.25
2023/3/8 02:15,0,1190.6962,1029.5
2023/3/8 02:30,0,1183.626201,1036.75
2023/3/8 02:45,0,1186.421748,1032
2023/3/8 03:00,0,1184.008803,1039
2023/3/8 03:15,0,1181.938358,1032
2023/3/8 03:30,0,1176.527791,1024.75
2023/3/8 03:45,0,1170.96779,1032
2023/3/8 04:00,0,1161.763657,1044
2023/3/8 04:15,0,1158.087457,1024.75
2023/3/8 04:30,0,1157.175658,1039
2023/3/8 04:45,0,1158.257668,1022.25
2023/3/8 05:00,0,1156.324173,1032
2023/3/8 05:15,0,1152.709313,1036.75
2023/3/8 05:30,0,1147.196082,1029.5
2023/3/8 05:45,0.992704486,1150.105807,1015
2023/3/8 06:00,13.97351522,1147.809305,1015
2023/3/8 06:15,33.47198087,1143.730642,1027
2023/3/8 06:30,58.60457385,1149.165686,1044
2023/3/8 06:45,87.08350052,1153.528898,1039
2023/3/8 07:00,117.6042316,1171.647968,1058.25
2023/3/8 07:15,145.2279602,1178.018573,1036.75
2023/3/8 07:30,173.8985155,1156.085477,1048.75
2023/3/8 07:45,218.4044513,892.051343,1058.25
2023/3/8 08:00,252.6344356,898.9935714,1046.25
2023/3/8 08:15,292.2819746,894.0828406,1051
2023/3/8 08:30,350.1540524,881.4838589,1065.5
2023/3/8 08:45,449.7668006,861.8107404,1075
2023/3/8 09:00,540.2591167,844.1226942,1060.75
2023/3/8 09:15,576.4861616,856.3000056,1056
2023/3/8 09:30,594.0017527,871.65603,1070.25
2023/3/8 09:45,630.851383,884.7237846,1070.25
2023/3/8 10:00,683.0366164,878.8913369,1065.5
2023/3/8 10:15,712.229647,885.949448,1087
2023/3/8 10:30,756.1773915,881.9642885,1094.25
2023/3/8 10:45,798.352066,876.8638088,1094.25
2023/3/8 11:00,813.4198136,873.5456691,1087
2023/3/8 11:15,834.5711983,886.6932624,1077.5
2023/3/8 11:30,849.308467,900.7698439,1084.75
2023/3/8 11:45,876.1001627,840.3336644,1087
2023/3/8 12:00,859.2089068,918.6469622,1072.75
2023/3/8 12:15,860.6141457,1076.733759,1084.75
2023/3/8 12:30,879.1939961,1110.786701,1063
2023/3/8 12:45,938.3576398,1106.576001,1058.25
2023/3/8 13:00,923.997241,1114.937416,1063
2023/3/8 13:15,866.0767243,1123.38689,1060.75
2023/3/8 13:30,865.2247864,1127.230122,1060.75
2023/3/8 13:45,880.6840894,1126.214307,1051
2023/3/8 14:00,892.0362644,1126.410798,1065.5
2023/3/8 14:15,877.3066353,1131.614466,1077.5
2023/3/8 14:30,809.5645605,1136.66084,1068
2023/3/8 14:45,734.1342442,1149.274667,1084.75
2023/3/8 15:00,646.2176458,1143.91549,1087
2023/3/8 15:15,588.8528552,1135.683332,1077.5
2023/3/8 15:30,527.2243131,1139.161597,1087
2023/3/8 15:45,445.2495945,1143.311393,1077.5
2023/3/8 16:00,378.9172595,1036.694221,1082.25
2023/3/8 16:15,310.0771569,1036.806637,1094.25
2023/3/8 16:30,253.9394915,1036.122989,1080
2023/3/8 16:45,203.0607637,1027.419386,1087
2023/3/8 17:00,149.9096523,1121.406569,1077.5
2023/3/8 17:15,109.6593848,1106.373049,1080
2023/3/8 17:30,72.51669391,1083.937089,1060.75
2023/3/8 17:45,43.95271394,1052.79167,1048.75
2023/3/8 18:00,24.70858307,1045.438104,1058.25
2023/3/8 18:15,12.22120993,1035.779317,1046.25
2023/3/8 18:30,0,1028.558474,1039
2023/3/8 18:45,0,1002.687723,1041.5
2023/3/8 19:00,0,1007.515089,1032
2023/3/8 19:15,0,999.5397418,1044
2023/3/8 19:30,0,893.4799656,1039
2023/3/8 19:45,0,880.6570904,1044
2023/3/8 20:00,0,971.0758564,1041.5
2023/3/8 20:15,0,950.4418053,1041.5
2023/3/8 20:30,0,926.2536556,1056
2023/3/8 20:45,0,1044.608136,1039
2023/3/8 21:00,0,1025.644363,1041.5
2023/3/8 21:15,0,1013.039318,1070.25
2023/3/8 21:30,0,898.522021,1029.5
2023/3/8 21:45,0,896.3311826,1029.5
2023/3/8 22:00,0,910.4215536,1039
2023/3/8 22:15,0,897.8131364,1053.5
2023/3/8 22:30,0,880.2038378,1044
2023/3/8 22:45,0,856.797537,1029.5
2023/3/8 23:00,0,822.8389331,1044
2023/3/8 23:15,0,781.569565,1041.5
2023/3/8 23:30,0,755.9460172,1022.25
2023/3/8 23:45,0,682.1090685,1029.5
2023/3/9 00:00,0,580.889151,1012.75
2023/3/9 00:15,0,603.8097944,1017.5
2023/3/9 00:30,0,529.7023552,1036.75
2023/3/9 00:45,0,518.1901086,1027
2023/3/9 01:00,0,552.5079587,1029.5
2023/3/9 01:15,0,584.030744,1024.75
2023/3/9 01:30,0,521.6222057,1029.5
2023/3/9 01:45,0,535.7194472,1048.75
2023/3/9 02:00,0,532.628814,1029.5
2023/3/9 02:15,0,522.3782338,1029.5
2023/3/9 02:30,0,507.624519,1022.25
2023/3/9 02:45,0,497.5601084,1020
2023/3/9 03:00,0,472.8493066,1027
2023/3/9 03:15,0,438.1489878,1017.5
2023/3/9 03:30,0,426.3295642,1029.5
2023/3/9 03:45,0,432.3586335,1027
2023/3/9 04:00,0,413.276174,1012.75
2023/3/9 04:15,0,416.9101649,1020
2023/3/9 04:30,0,421.8111876,1022.25
2023/3/9 04:45,0,417.2533456,1024.75
2023/3/9 05:00,0,395.5881889,1020
2023/3/9 05:15,0,389.4105432,1003
2023/3/9 05:30,0,389.3625067,1008
2023/3/9 05:45,0.534271808,401.2320834,993.5
2023/3/9 06:00,11.30216785,390.7001123,1000.75
2023/3/9 06:15,28.31563405,413.7097916,1020
2023/3/9 06:30,54.28204658,453.7043568,1022.25
2023/3/9 06:45,91.06278803,459.135621,1008
2023/3/9 07:00,132.6976833,449.6773858,1034.25
2023/3/9 07:15,182.0979698,408.4582912,1022.25
2023/3/9 07:30,241.4928588,367.9294703,1039
2023/3/9 07:45,308.3970922,330.8230622,1051
2023/3/9 08:00,365.6954864,299.9350999,1068
2023/3/9 08:15,434.6714508,270.1241022,1075
2023/3/9 08:30,515.842736,235.8515361,1053.5
2023/3/9 08:45,591.4760875,208.1034791,1065.5
2023/3/9 09:00,685.8544983,193.0136737,1051
2023/3/9 09:15,775.3332932,185.9027803,1048.75
2023/3/9 09:30,854.4275422,199.222173,1044
2023/3/9 09:45,913.7056213,210.565538,1036.75
2023/3/9 10:00,973.429824,220.5918212,1058.25
2023/3/9 10:15,1019.315111,235.9671164,1053.5
2023/3/9 10:30,1041.125359,249.44459,1053.5
2023/3/9 10:45,1074.919963,257.263239,1056
2023/3/9 11:00,1132.630092,282.0923561,1041.5
2023/3/9 11:15,1158.317057,307.7324608,1041.5
2023/3/9 11:30,1181.895756,329.8419908,1034.25
2023/3/9 11:45,1202.254082,338.588119,1029.5
2023/3/9 12:00,1195.896146,351.8817082,1029.5
2023/3/9 12:15,1182.217187,360.383928,1032
2023/3/9 12:30,1153.391044,384.3957143,1056
2023/3/9 12:45,1142.133005,429.5858435,1044
2023/3/9 13:00,1118.276232,448.3586947,1053.5
2023/3/9 13:15,1085.964906,471.7990253,1039
2023/3/9 13:30,1053.429137,487.8880602,1053.5
2023/3/9 13:45,1019.334329,497.8714027,1034.25
2023/3/9 14:00,972.3612622,532.0630981,1056
2023/3/9 14:15,921.5691294,592.0700898,1032
2023/3/9 14:30,854.5552993,645.3948678,1039
2023/3/9 14:45,801.6371927,706.6018766,1039
2023/3/9 15:00,737.9416941,746.858976,1024.75
2023/3/9 15:15,663.4052381,750.0996019,1036.75
2023/3/9 15:30,590.6212619,746.4809846,1010.25
2023/3/9 15:45,518.0574483,747.5132677,1036.75
2023/3/9 16:00,463.200629,726.5915501,1017.5
2023/3/9 16:15,397.2654296,706.277461,1029.5
2023/3/9 16:30,335.8202654,664.6390583,1039
2023/3/9 16:45,277.1455761,636.0443401,1008
2023/3/9 17:00,218.6320298,603.6304472,1024.75
2023/3/9 17:15,158.3097989,547.7330252,996
2023/3/9 17:30,104.4661414,497.4534804,1003
2023/3/9 17:45,58.8282042,458.199237,998.25
2023/3/9 18:00,24.50696174,404.736879,996
2023/3/9 18:15,12.68444869,350.2729626,1005.5
2023/3/9 18:30,0,301.7111357,1008
2023/3/9 18:45,0,345.8327216,1012.75
2023/3/9 19:00,0,302.7530563,1003
2023/3/9 19:15,0,270.59829,1010.25
2023/3/9 19:30,0,253.1330396,996
2023/3/9 19:45,0,233.6456643,1017.5
2023/3/9 20:00,0,215.4328214,998.25
2023/3/9 20:15,0,192.6428349,1008
2023/3/9 20:30,0,177.2070762,1005.5
2023/3/9 20:45,0,167.2311983,993.5
2023/3/9 21:00,0,151.0834563,1017.5
2023/3/9 21:15,0,133.2388236,979
2023/3/9 21:30,0,116.3400084,1012.75
2023/3/9 21:45,0,92.13137526,986.25
2023/3/9 22:00,0,84.10029265,1000.75
2023/3/9 22:15,0,84.77661023,996
2023/3/9 22:30,0,85.65714184,998.25
2023/3/9 22:45,0,84.79670066,1003
2023/3/9 23:00,0,79.69761065,991
2023/3/9 23:15,0,75.18044556,1000.75
2023/3/9 23:30,0,73.60002756,976.75
2023/3/9 23:45,0,80.99910908,988.75
2023/3/10 00:00,0,84.23364101,976.75
2023/3/10 00:15,0,90.32959418,993.5
2023/3/10 00:30,0,86.81722146,993.5
2023/3/10 00:45,0,75.65424881,993.5
2023/3/10 01:00,0,73.98136952,1008
2023/3/10 01:15,0,64.72112524,988.75
2023/3/10 01:30,0,61.17531611,1010.25
2023/3/10 01:45,0,60.78245938,988.75
2023/3/10 02:00,0,58.62330611,998.25
2023/3/10 02:15,0,68.14149453,1005.5
2023/3/10 02:30,0,73.2682127,998.25
2023/3/10 02:45,0,75.32625189,1017.5
2023/3/10 03:00,0,86.71452143,988.75
2023/3/10 03:15,0,102.7186776,1010.25
2023/3/10 03:30,0,118.3017178,1008
2023/3/10 03:45,0,131.8369956,996
2023/3/10 04:00,0,139.6862923,1024.75
2023/3/10 04:15,0,152.5047146,993.5
2023/3/10 04:30,0,163.467206,998.25
2023/3/10 04:45,0,163.2645362,1010.25
2023/3/10 05:00,0,148.6592939,998.25
2023/3/10 05:15,0,145.8508466,986.25
2023/3/10 05:30,0,154.6368513,988.75
2023/3/10 05:45,2.574540982,152.6711279,981.5
2023/3/10 06:00,25.7465589,157.4030494,979
2023/3/10 06:15,60.95180182,131.2836797,1012.75
2023/3/10 06:30,103.8410024,83.02757528,1008
2023/3/10 06:45,157.7495011,59.82162934,1029.5
2023/3/10 07:00,224.1723993,45.00646314,1046.25
2023/3/10 07:15,301.0439168,45.0189513,1046.25
2023/3/10 07:30,377.2509951,45.05858486,1051
2023/3/10 07:45,462.2136643,42.12542062,1065.5
2023/3/10 08:00,532.9568959,31.33441261,1063
2023/3/10 08:15,605.6684823,23.32708613,1101.5
2023/3/10 08:30,671.0885825,23.48044068,1089.5
2023/3/10 08:45,743.7665509,23.51247387,1084.75
2023/3/10 09:00,802.678002,20.22085375,1096.75
2023/3/10 09:15,863.1200906,21.27257536,1089.5
2023/3/10 09:30,914.0033128,23.7138923,1135
2023/3/10 09:45,975.8379142,15.99101199,1108.75
2023/3/10 10:00,1020.915544,12.22553323,1125.5
2023/3/10 10:15,1060.922614,11.3018832,1159
2023/3/10 10:30,1097.237366,14.80222116,1132.75
2023/3/10 10:45,1096.458981,24.70140013,1149.5
2023/3/10 11:00,1173.345159,37.28625191,1130.25
2023/3/10 11:15,1196.238215,45.15028,1130.25
2023/3/10 11:30,1207.978866,54.34995331,1147
2023/3/10 11:45,1234.587412,62.20022031,1125.5
2023/3/10 12:00,1256.43717,67.34976619,1130.25
2023/3/10 12:15,1253.020804,71.54330596,1113.5
2023/3/10 12:30,1251.650056,79.53887388,1120.75
2023/3/10 12:45,1251.598035,85.13107167,1123
2023/3/10 13:00,1224.660485,87.32059927,1130.25
2023/3/10 13:15,1056.690101,73.30883836,1144.75
2023/3/10 13:30,1010.640338,73.05712411,1108.75
2023/3/10 13:45,972.3262399,63.86256205,1140
2023/3/10 14:00,935.0718255,58.51815006,1128
2023/3/10 14:15,877.6221443,55.27846771,1140
2023/3/10 14:30,808.8272966,45.89147049,1161.5
2023/3/10 14:45,739.9936417,36.62325929,1135
2023/3/10 15:00,652.6637924,29.00467761,1149.5
2023/3/10 15:15,650.201906,22.911036,1142.25
2023/3/10 15:30,573.5640075,16.09328314,1137.5
2023/3/10 15:45,490.0105006,12.49965377,1147
2023/3/10 16:00,421.3962365,10.24234406,1132.75
2023/3/10 16:15,352.9790456,10.09892446,1147
2023/3/10 16:30,278.5981219,8.547207648,1108.75
2023/3/10 16:45,221.7190104,5.984678993,1101.5
2023/3/10 17:00,170.2917648,4.196975925,1077.5
2023/3/10 17:15,122.3161979,3.945242887,1077.5
2023/3/10 17:30,77.67724571,5.048442145,1082.25
2023/3/10 17:45,42.96971524,4.600833184,1068
2023/3/10 18:00,18.86634043,3.752562084,1075
2023/3/10 18:15,12.44149762,1.737637125,1084.75
2023/3/10 18:30,0,1.246338487,1075
2023/3/10 18:45,0,1.104190927,1075
2023/3/10 19:00,0,1.20664705,1077.5
2023/3/10 19:15,0,1.391750772,1077.5
2023/3/10 19:30,0,1.091544659,1058.25
2023/3/10 19:45,0,1.192003286,1080
2023/3/10 20:00,0,1.069366393,1053.5
2023/3/10 20:15,0,1.306027096,1075
2023/3/10 20:30,0,1.135962506,1048.75
2023/3/10 20:45,0,1.259383661,1063
2023/3/10 21:00,0,1.970050238,1048.75
2023/3/10 21:15,0,2.579838767,1053.5
2023/3/10 21:30,0,2.669071759,1048.75
2023/3/10 21:45,0,3.134936256,1053.5
2023/3/10 22:00,0,3.806517775,1044
2023/3/10 22:15,0,4.201310362,1065.5
2023/3/10 22:30,0,5.20057383,1032
2023/3/10 22:45,0,5.409276722,1032
2023/3/10 23:00,0,4.527946594,1053.5
2023/3/10 23:15,0,4.051638746,1017.5
2023/3/10 23:30,0,3.776537372,1017.5
2023/3/10 23:45,0,2.5833789,1022.25
2023/3/11 00:00,0,3.239201515,1029.5
2023/3/11 00:15,0,3.721100478,1017.5
2023/3/11 00:30,0,4.02774993,1017.5
2023/3/11 00:45,0,4.096941783,1041.5
2023/3/11 01:00,0,5.49460949,1032
2023/3/11 01:15,0,5.946423549,1024.75
2023/3/11 01:30,0,5.921297201,1034.25
2023/3/11 01:45,0,5.637311609,1036.75
2023/3/11 02:00,0,5.378256216,1027
2023/3/11 02:15,0,4.818945362,1034.25
2023/3/11 02:30,0,3.640189106,1022.25
2023/3/11 02:45,0,2.80058694,1044
2023/3/11 03:00,0,3.238561869,1015
2023/3/11 03:15,0,2.672674132,1010.25
2023/3/11 03:30,0,1.345848247,1034.25
2023/3/11 03:45,0,1.380819596,1010.25
2023/3/11 04:00,0,0.856893301,1017.5
2023/3/11 04:15,0,2.383832536,1020
2023/3/11 04:30,0,8.739744862,1017.5
2023/3/11 04:45,0,6.224350037,1017.5
2023/3/11 05:00,0,3.235289038,1003
2023/3/11 05:15,0,1.435975602,1015
2023/3/11 05:30,0,0.882392795,988.75
2023/3/11 05:45,2.418393457,0.812439726,988.75
2023/3/11 06:00,24.75337758,0.595176495,1017.5
2023/3/11 06:15,60.93208469,0.410119852,998.25
2023/3/11 06:30,104.8521769,0.868081448,1010.25
2023/3/11 06:45,161.7866861,0.730554574,1032
2023/3/11 07:00,227.1255513,1.079617154,1041.5
2023/3/11 07:15,300.6487315,1.163122984,1046.25
2023/3/11 07:30,381.2745917,3.25003381,1056
2023/3/11 07:45,465.3915442,2.934877588,1065.5
2023/3/11 08:00,541.8838206,1.785933976,1053.5
2023/3/11 08:15,621.8273186,1.612976343,1077.5
2023/3/11 08:30,697.9069123,1.801114936,1082.25
2023/3/11 08:45,767.0104976,2.276624627,1058.25
2023/3/11 09:00,832.8921654,2.520150047,1096.75
2023/3/11 09:15,892.4548293,2.128184877,1072.75
2023/3/11 09:30,943.4876849,2.228451732,1111
2023/3/11 09:45,986.8361679,2.656111778,1106.25
2023/3/11 10:00,1034.690187,3.352406712,1113.5
2023/3/11 10:15,1064.561006,6.299778948,1104
2023/3/11 10:30,1090.547924,11.69124282,1106.25
2023/3/11 10:45,1129.094877,10.6051834,1113.5
2023/3/11 11:00,1180.500765,8.922936202,1089.5
2023/3/11 11:15,1211.850188,9.111024263,1120.75
2023/3/11 11:30,1232.019466,9.468168991,1096.75
2023/3/11 11:45,1241.307451,9.493052888,1092
2023/3/11 12:00,1255.567466,11.05695954,1075
2023/3/11 12:15,1262.398748,13.30442872,1072.75
2023/3/11 12:30,1251.037502,15.39691893,1099
2023/3/11 12:45,1228.179198,15.94889479,1075
2023/3/11 13:00,1219.992984,15.49495529,1092
2023/3/11 13:15,1191.436862,16.43858259,1123
2023/3/11 13:30,1162.405745,18.01367637,1166.25
2023/3/11 13:45,1127.643334,16.68188647,1204.75
2023/3/11 14:00,1090.79909,16.80076806,1202.25
2023/3/11 14:15,1042.7395,14.82599672,1195
2023/3/11 14:30,991.24127,14.62093215,1204.75
2023/3/11 14:45,930.5644645,11.84219761,1176
2023/3/11 15:00,861.8634337,9.027210365,1204.75
2023/3/11 15:15,791.6261737,5.695790986,1188
2023/3/11 15:30,716.1911902,4.630221005,1180.75
2023/3/11 15:45,634.6016865,4.746809779,1164
2023/3/11 16:00,556.6379577,4.250082847,1168.75
2023/3/11 16:15,470.2080279,3.588089252,1159
2023/3/11 16:30,386.0131327,3.406418712,1161.5
2023/3/11 16:45,304.3831591,3.268777973,1156.75
2023/3/11 17:00,228.1958094,3.757893872,1135
2023/3/11 17:15,155.8829264,4.098401657,1149.5
2023/3/11 17:30,100.2289883,4.213707131,1113.5
2023/3/11 17:45,54.99466526,8.110143253,1120.75
2023/3/11 18:00,22.7195921,9.492949944,1101.5
2023/3/11 18:15,11.82138664,7.92643717,1113.5
2023/3/11 18:30,0,5.241680932,1137.5
2023/3/11 18:45,0,1.882673087,1113.5
2023/3/11 19:00,0,1.951307227,1106.25
2023/3/11 19:15,0,1.947449305,1089.5
2023/3/11 19:30,0,0.982733649,1108.75
2023/3/11 19:45,0,0.891327747,1077.5
2023/3/11 20:00,0,0.827941021,1077.5
2023/3/11 20:15,0,0.862304106,1080
2023/3/11 20:30,0,0.92875022,1070.25
2023/3/11 20:45,0,0.957097095,1075
2023/3/11 21:00,0,0.957097095,1082.25
2023/3/11 21:15,0,0.529242249,1065.5
2023/3/11 21:30,0,0.529242249,1096.75
2023/3/11 21:45,0,0.000977664,1068
2023/3/11 22:00,0,0.005865986,1084.75
2023/3/11 22:15,0,0.001216649,1058.25
2023/3/11 22:30,0,0,1070.25
2023/3/11 22:45,0,0.018249732,1084.75
2023/3/11 23:00,0,0.018249732,1060.75
2023/3/11 23:15,0,0.036499467,1058.25
2023/3/11 23:30,0,0.234813234,1068
2023/3/11 23:45,0,0.504138744,1034.25
2023/3/12 00:00,0,1.583501926,1053.5
2023/3/12 00:15,0,1.730551251,1070.25
2023/3/12 00:30,0,1.462101715,1065.5
2023/3/12 00:45,0,1.081144638,1060.75
2023/3/12 01:00,0,1.02423247,1063
2023/3/12 01:15,0,0.927035745,1072.75
2023/3/12 01:30,0,0.988679296,1051
2023/3/12 01:45,0,0.890992525,1072.75
2023/3/12 02:00,0,0.621707568,1065.5
2023/3/12 02:15,0,0.324642477,1058.25
2023/3/12 02:30,0,0.211088579,1070.25
2023/3/12 02:45,0,0.0273746,1053.5
2023/3/12 03:00,0,0.211088579,1048.75
2023/3/12 03:15,0,0.211088579,1053.5
2023/3/12 03:30,0,0.183540172,1056
2023/3/12 03:45,0,0.155991766,1039
2023/3/12 04:00,0,0.128443359,1075
2023/3/12 04:15,0,0.100894952,1039
2023/3/12 04:30,0,0.073346546,1046.25
2023/3/12 04:45,0,0.045798139,1060.75
2023/3/12 05:00,0,0.018249732,1039
2023/3/12 05:15,0,0.193793336,1036.75
2023/3/12 05:30,0,0.32083029,1034.25
2023/3/12 05:45,2.295210666,0.317332439,1046.25
2023/3/12 06:00,24.34747883,1.654693203,1027
2023/3/12 06:15,59.24073713,1.645112093,1058.25
2023/3/12 06:30,103.4113433,1.179811468,1065.5
2023/3/12 06:45,156.4948606,0.623922503,1072.75
2023/3/12 07:00,217.2667926,0.614241956,1084.75
2023/3/12 07:15,288.5524698,1.265112088,1108.75
2023/3/12 07:30,351.2334909,1.801580527,1099
2023/3/12 07:45,402.965741,3.741191651,1144.75
2023/3/12 08:00,446.3767196,5.135353419,1132.75
2023/3/12 08:15,499.0594304,7.701099305,1135
2023/3/12 08:30,537.379648,11.57268669,1168.75
2023/3/12 08:45,571.3437007,16.34178444,1142.25
2023/3/12 09:00,620.4437283,27.78068859,1161.5
2023/3/12 09:15,686.2365017,52.02635359,1180.75
2023/3/12 09:30,723.5135381,76.5556328,1152
2023/3/12 09:45,759.8312904,87.99769792,1176
2023/3/12 10:00,818.8375216,106.8200098,1166.25
2023/3/12 10:15,861.3991907,125.8718981,1161.5
2023/3/12 10:30,918.5740879,145.4034922,1197.5
2023/3/12 10:45,958.2073051,168.2870821,1226.25
2023/3/12 11:00,993.3841687,206.7655494,1207
2023/3/12 11:15,1037.498334,247.6244482,1154.25
2023/3/12 11:30,1059.23707,286.3712548,1164
2023/3/12 11:45,1065.995329,304.6566799,1135
2023/3/12 12:00,1080.978634,312.5871063,1164
2023/3/12 12:15,1105.838729,311.2719061,1166.25
2023/3/12 12:30,1116.721634,303.4505441,1166.25
2023/3/12 12:45,1102.637643,305.2128716,1173.5
2023/3/12 13:00,1108.694693,454.8438668,1156.75
2023/3/12 13:15,1101.600501,489.817198,1171
2023/3/12 13:30,1068.009712,504.6533513,1178.25
2023/3/12 13:45,1046.181009,513.9074044,1173.5
2023/3/12 14:00,984.5269516,544.6776806,1221.5
2023/3/12 14:15,912.6368972,573.1935296,1216.75
2023/3/12 14:30,829.6457192,568.3986714,1207
2023/3/12 14:45,739.6500365,566.7894155,1207
2023/3/12 15:00,659.1466273,613.2925304,1224
2023/3/12 15:15,581.9374317,492.0167946,1209.5
2023/3/12 15:30,493.476872,665.2421273,1219
2023/3/12 15:45,411.5208428,699.8742782,1197.5
2023/3/12 16:00,347.6592517,701.2907148,1224
2023/3/12 16:15,288.5074983,726.8000289,1195
2023/3/12 16:30,228.5924691,749.4798584,1185.5
2023/3/12 16:45,174.278695,762.4264129,1171
2023/3/12 17:00,125.8788248,637.7504476,1168.75
2023/3/12 17:15,87.13529834,622.0692843,1152
2023/3/12 17:30,55.71774349,737.7429915,1142.25
2023/3/12 17:45,30.6282981,732.2259008,1116
2023/3/12 18:00,17.46896335,735.7723785,1116
2023/3/12 18:15,12.64570426,737.5441124,1116
2023/3/12 18:30,0,735.9260046,1113.5
2023/3/12 18:45,0,711.0911562,1116
2023/3/12 19:00,0,676.5510257,1089.5
2023/3/12 19:15,0,646.4246568,1094.25
2023/3/12 19:30,0,631.4460309,1082.25
2023/3/12 19:45,0,627.133614,1089.5
2023/3/12 20:00,0,614.3862502,1104
2023/3/12 20:15,0,579.1196079,1084.75
2023/3/12 20:30,0,555.4412277,1106.25
2023/3/12 20:45,0,532.7995544,1089.5
2023/3/12 21:00,0,496.6877925,1113.5
2023/3/12 21:15,0,455.0468406,1101.5
2023/3/12 21:30,0,414.7897251,1111
2023/3/12 21:45,0,385.931478,1099
2023/3/12 22:00,0,354.1717411,1092
2023/3/12 22:15,0,337.295342,1075
2023/3/12 22:30,0,310.1035859,1106.25
2023/3/12 22:45,0,292.8879249,1087
2023/3/12 23:00,0,268.6924608,1092
2023/3/12 23:15,0,250.1657608,1108.75
2023/3/12 23:30,0,233.3179485,1070.25
2023/3/12 23:45,0,217.2146515,1082.25
2023/3/13 00:00,0,203.6626174,1084.75
2023/3/13 00:15,0,192.9833245,1070.25
2023/3/13 00:30,0,180.0841401,1099
2023/3/13 00:45,0,162.6599568,1080
2023/3/13 01:00,0,144.2972426,1082.25
2023/3/13 01:15,0,140.6966818,1106.25
2023/3/13 01:30,0,147.7476687,1065.5
2023/3/13 01:45,0,147.2187742,1087
2023/3/13 02:00,0,140.4526917,1080
2023/3/13 02:15,0,136.995319,1070.25
2023/3/13 02:30,0,139.3975309,1077.5
2023/3/13 02:45,0,129.8681627,1087
2023/3/13 03:00,0,97.9591209,1072.75
2023/3/13 03:15,0,86.37504239,1099
2023/3/13 03:30,0,75.12548993,1063
2023/3/13 03:45,0,66.3358789,1068
2023/3/13 04:00,0,79.90720177,1084.75
2023/3/13 04:15,0,109.0221798,1058.25
2023/3/13 04:30,0,110.7878475,1077.5
2023/3/13 04:45,0,116.59938,1075
2023/3/13 05:00,0,150.4873646,1060.75
2023/3/13 05:15,0,186.0122741,1077.5
2023/3/13 05:30,0,222.593925,1056
2023/3/13 05:45,3.376372,243.3649721,1072.75
2023/3/13 06:00,21.3115558,254.2676044,1070.25
2023/3/13 06:15,48.17998738,266.2205245,1072.75
2023/3/13 06:30,81.30778,289.7363942,1099
2023/3/13 06:45,122.9498439,316.2290725,1108.75
2023/3/13 07:00,171.2674668,327.3165437,1099
2023/3/13 07:15,228.0876525,334.0393046,1104
2023/3/13 07:30,280.1295468,325.278036,1130.25
2023/3/13 07:45,330.4831193,303.1712201,1108.75
2023/3/13 08:00,386.9500987,271.8358842,1132.75
2023/3/13 08:15,448.3196248,234.1299926,1166.25
2023/3/13 08:30,522.9396161,182.6849818,1132.75
2023/3/13 08:45,588.6731655,159.9680119,1185.5
2023/3/13 09:00,648.63095,137.8309349,1188
2023/3/13 09:15,724.6063406,105.702872,1164
2023/3/13 09:30,773.3004839,82.43740707,1171
2023/3/13 09:45,843.4107011,63.77172419,1224
2023/3/13 10:00,903.9133742,58.81134389,1216.75
2023/3/13 10:15,979.5187483,59.08399921,1236
2023/3/13 10:30,1030.359688,51.42669915,1243
2023/3/13 10:45,1084.155549,50.36153277,1233.5
2023/3/13 11:00,1125.985104,54.32699004,1240.75
2023/3/13 11:15,1147.847136,66.39838506,1221.5
2023/3/13 11:30,1158.20183,73.12324398,1236
2023/3/13 11:45,1168.974966,84.50190088,1228.75
2023/3/13 12:00,1166.266996,118.0950622,1212
2023/3/13 12:15,1177.809818,152.5398442,1214.25
2023/3/13 12:30,1165.793586,181.9970381,1204.75
2023/3/13 12:45,1141.721623,215.4322746,1197.5
2023/3/13 13:00,1095.614584,256.1246606,1228.75
2023/3/13 13:15,1044.45069,299.883661,1248
2023/3/13 13:30,981.3351018,307.1083142,1284
2023/3/13 13:45,925.7886458,315.6935747,1267
2023/3/13 14:00,881.4306774,313.0624635,1269.5
2023/3/13 14:15,821.5087347,292.4766727,1257.5
2023/3/13 14:30,770.115663,262.2233642,1245.5
2023/3/13 14:45,725.2994747,231.0511163,1231
2023/3/13 15:00,666.4540796,206.0277658,1252.75
2023/3/13 15:15,606.087098,183.9258532,1255
2023/3/13 15:30,546.3652006,161.6833762,1243
2023/3/13 15:45,484.7158932,144.0818835,1243
2023/3/13 16:00,420.0753133,119.0944871,1226.25
2023/3/13 16:15,356.5993316,106.1219139,1202.25
2023/3/13 16:30,299.8200258,97.17863722,1238.25
2023/3/13 16:45,237.8322356,87.3255574,1207
2023/3/13 17:00,181.0403756,79.97915012,1176
2023/3/13 17:15,131.4783591,70.14778546,1192.75
2023/3/13 17:30,85.80326126,65.15704474,1164
2023/3/13 17:45,46.73905091,60.98386378,1176
2023/3/13 18:00,19.17194107,59.07311351,1152
2023/3/13 18:15,12.38975791,53.49155576,1166.25
2023/3/13 18:30,0.007557015,51.29440599,1159
2023/3/13 18:45,0,49.28828562,1173.5
2023/3/13 19:00,0,45.62932537,1154.25
2023/3/13 19:15,0,43.29115479,1152
2023/3/13 19:30,0,48.31458675,1154.25
2023/3/13 19:45,0,52.56353972,1149.5
2023/3/13 20:00,0,57.70466126,1154.25
2023/3/13 20:15,0,62.75709371,1149.5
2023/3/13 20:30,0,66.59640246,1135
2023/3/13 20:45,0,67.5942581,1154.25
2023/3/13 21:00,0,68.8473684,1125.5
2023/3/13 21:15,0,74.41201364,1156.75
2023/3/13 21:30,0,66.52658691,1118.25
2023/3/13 21:45,0,54.01171144,1116
2023/3/13 22:00,0,48.66407158,1142.25
2023/3/13 22:15,0,41.37467701,1125.5
2023/3/13 22:30,0,34.02017918,1113.5
2023/3/13 22:45,0,33.33566345,1111
2023/3/13 23:00,0,31.13006494,1113.5
2023/3/13 23:15,0,26.52716471,1130.25
2023/3/13 23:30,0,19.52623216,1099
2023/3/13 23:45,0,18.03685119,1101.5
2023/3/14 00:00,0,16.40104489,1111
2023/3/14 00:15,0,12.87586268,1104
2023/3/14 00:30,0,11.71959914,1108.75
2023/3/14 00:45,0,13.37545499,1096.75
2023/3/14 01:00,0,9.610153823,1108.75
2023/3/14 01:15,0,7.794610576,1120.75
2023/3/14 01:30,0,8.409403847,1106.25
2023/3/14 01:45,0,9.667596076,1101.5
2023/3/14 02:00,0,8.917694999,1099
2023/3/14 02:15,0,6.825857615,1092
2023/3/14 02:30,0,5.903135744,1087
2023/3/14 02:45,0,6.012071746,1080
2023/3/14 03:00,0,4.995715313,1108.75
2023/3/14 03:15,0,5.29827708,1089.5
2023/3/14 03:30,0,4.277162975,1087
2023/3/14 03:45,0,4.491927376,1096.75
2023/3/14 04:00,0,4.714137238,1104
2023/3/14 04:15,0,3.645500675,1096.75
2023/3/14 04:30,0,3.440117595,1092
2023/3/14 04:45,0,3.173028073,1082.25
2023/3/14 05:00,0,3.13127402,1113.5
2023/3/14 05:15,0,3.676685512,1080
2023/3/14 05:30,0,4.642635904,1068
2023/3/14 05:45,3.271269738,5.699710878,1082.25
2023/3/14 06:00,22.39609424,4.781259962,1082.25
2023/3/14 06:15,45.99468249,8.734363814,1092
2023/3/14 06:30,75.95308856,19.07434938,1082.25
2023/3/14 06:45,109.8047895,22.60899892,1080
2023/3/14 07:00,149.6821992,15.64061801,1113.5
2023/3/14 07:15,191.0808379,12.96820924,1130.25
2023/3/14 07:30,239.4914394,10.39758222,1140
2023/3/14 07:45,314.396271,6.95258699,1149.5
2023/3/14 08:00,376.3979618,3.466758078,1164
2023/3/14 08:15,452.1306284,1.236911686,1202.25
2023/3/14 08:30,535.7100745,0.652001511,1190.25
2023/3/14 08:45,622.4006511,0.525413795,1188
2023/3/14 09:00,715.0937202,0.553558779,1214.25
2023/3/14 09:15,822.9761198,0.476077356,1264.75
2023/3/14 09:30,928.1993055,0.573599648,1248
2023/3/14 09:45,1020.961187,0.631437262,1240.75
2023/3/14 10:00,1067.764012,1.475393767,1255
2023/3/14 10:15,1110.639631,1.435137645,1243
2023/3/14 10:30,1148.165169,1.558916399,1245.5
2023/3/14 10:45,1181.789521,2.024601182,1238.25
2023/3/14 11:00,1193.535135,2.163803415,1248
2023/3/14 11:15,1205.922051,1.905049649,1250.25
2023/3/14 11:30,1223.94241,2.353246534,1233.5
2023/3/14 11:45,1234.973049,4.876449774,1233.5
2023/3/14 12:00,1237.946198,5.324006459,1228.75
2023/3/14 12:15,1230.745446,7.939074575,1207
2023/3/14 12:30,1217.273931,12.08762916,1231
2023/3/14 12:45,1209.963473,13.20927169,1216.75
2023/3/14 13:00,1181.861633,14.33159461,1221.5
2023/3/14 13:15,1148.822322,15.65122813,1236
2023/3/14 13:30,1118.504862,18.45809414,1224
2023/3/14 13:45,1081.436559,21.2646997,1233.5
2023/3/14 14:00,1043.665889,23.14081073,1233.5
2023/3/14 14:15,1004.371319,20.53188061,1233.5
2023/3/14 14:30,947.0720085,18.85043655,1207
2023/3/14 14:45,886.0568684,14.23755093,1219
2023/3/14 15:00,822.7427432,13.34030341,1197.5
2023/3/14 15:15,754.4008974,17.21353076,1219
2023/3/14 15:30,681.6083154,18.91940159,1192.75
2023/3/14 15:45,603.8918984,18.85203253,1204.75
2023/3/14 16:00,527.4353557,14.23078224,1204.75
2023/3/14 16:15,449.0706545,15.14419228,1207
2023/3/14 16:30,367.4444808,12.25932834,1212
2023/3/14 16:45,289.7546991,6.197747295,1209.5
2023/3/14 17:00,217.9165221,3.527077871,1195
2023/3/14 17:15,153.3141173,3.033850653,1212
2023/3/14 17:30,94.7011147,4.424264483,1190.25
2023/3/14 17:45,48.84655707,5.248052406,1173.5
2023/3/14 18:00,20.80162199,4.713432765,1180.75
2023/3/14 18:15,12.35844958,3.946487326,1168.75
2023/3/14 18:30,0.011706151,1.647103448,1168.75
2023/3/14 18:45,0,1.716410147,1159
2023/3/14 19:00,0,1.603889634,1166.25
2023/3/14 19:15,0,1.818024058,1147
2023/3/14 19:30,0,2.105416167,1142.25
2023/3/14 19:45,0,3.101381337,1144.75
2023/3/14 20:00,0,5.345836106,1140
2023/3/14 20:15,0,9.58854541,1132.75
2023/3/14 20:30,0,13.86177383,1154.25
2023/3/14 20:45,0,15.73172543,1142.25
2023/3/14 21:00,0,17.07131826,1137.5
2023/3/14 21:15,0,20.96789371,1154.25
2023/3/14 21:30,0,26.10327918,1108.75
2023/3/14 21:45,0,39.28964573,1123
2023/3/14 22:00,0,54.76518824,1106.25
2023/3/14 22:15,0,62.60340602,1132.75
2023/3/14 22:30,0,57.28292729,1111
2023/3/14 22:45,0,58.38695074,1108.75
2023/3/14 23:00,0,72.15417813,1106.25
2023/3/14 23:15,0,88.10651687,1111
2023/3/14 23:30,0,87.48688599,1092
2023/3/14 23:45,0,80.6708156,1089.5
2023/3/15 00:00,0,72.17599375,1116
2023/3/15 00:15,0,69.23055827,1101.5
2023/3/15 00:30,0,69.06471676,1108.75
2023/3/15 00:45,0,64.55009975,1118.25
2023/3/15 01:00,0,60.01030014,1116
2023/3/15 01:15,0,53.98570856,1101.5
2023/3/15 01:30,0,46.96963267,1111
2023/3/15 01:45,0,47.70318383,1113.5
2023/3/15 02:00,0,42.1010742,1118.25
2023/3/15 02:15,0,40.9807748,1092
2023/3/15 02:30,0,32.56923034,1084.75
2023/3/15 02:45,0,30.39828399,1096.75
2023/3/15 03:00,0,49.24602874,1104
2023/3/15 03:15,0,65.79881972,1106.25
2023/3/15 03:30,0,91.62000437,1096.75
2023/3/15 03:45,0,105.441079,1096.75
2023/3/15 04:00,0,112.6121546,1094.25
2023/3/15 04:15,0,113.1231436,1123
2023/3/15 04:30,0,123.0031508,1092
2023/3/15 04:45,0,131.0314519,1099
2023/3/15 05:00,0,130.4927896,1092
2023/3/15 05:15,0,140.3272085,1092
2023/3/15 05:30,0,141.3516663,1092
2023/3/15 05:45,1.64019927,129.8391601,1089.5
2023/3/15 06:00,15.03599962,101.7328211,1087
2023/3/15 06:15,31.04849517,87.70447211,1087
2023/3/15 06:30,51.91022551,82.08299913,1096.75
2023/3/15 06:45,77.17331459,63.23918175,1092
2023/3/15 07:00,103.3796755,59.18416098,1118.25
2023/3/15 07:15,135.5769175,65.0812708,1104
2023/3/15 07:30,169.6983628,48.79766776,1116
2023/3/15 07:45,210.2421951,32.25739067,1113.5
2023/3/15 08:00,250.2869001,23.75212714,1116
2023/3/15 08:15,278.7889492,16.97708894,1120.75
2023/3/15 08:30,325.0168333,12.14328893,1123
2023/3/15 08:45,392.110224,6.462109132,1108.75
2023/3/15 09:00,462.9429471,6.129368923,1108.75
2023/3/15 09:15,589.1222669,5.108127775,1125.5
2023/3/15 09:30,700.0300115,4.505038639,1135
2023/3/15 09:45,759.1959959,4.027245595,1113.5
2023/3/15 10:00,801.8590591,7.432411912,1108.75
2023/3/15 10:15,826.7891955,9.687163087,1132.75
2023/3/15 10:30,846.1686002,21.50693763,1108.75
2023/3/15 10:45,853.1993005,35.17162111,1132.75
2023/3/15 11:00,846.5805128,41.77988617,1108.75
2023/3/15 11:15,848.6463837,40.41981996,1113.5
2023/3/15 11:30,839.2943803,43.21503352,1096.75
2023/3/15 11:45,829.0517859,59.61805238,1101.5
2023/3/15 12:00,795.2466597,100.1749218,1106.25
2023/3/15 12:15,738.8014163,128.841292,1101.5
2023/3/15 12:30,707.7373159,118.3089065,1094.25
2023/3/15 12:45,708.4842829,149.4360167,1108.75
2023/3/15 13:00,718.2215186,171.028175,1108.75
2023/3/15 13:15,724.8064296,189.601679,1116
2023/3/15 13:30,766.4922132,188.9265366,1120.75
2023/3/15 13:45,803.3684954,191.1130405,1130.25
2023/3/15 14:00,842.1766652,184.5038279,1108.75
2023/3/15 14:15,809.7744598,206.8904798,1099
2023/3/15 14:30,762.4038994,229.5665148,1096.75
2023/3/15 14:45,712.1368796,239.3544058,1082.25
2023/3/15 15:00,667.4175237,245.6136585,1108.75
2023/3/15 15:15,630.3979062,272.0639566,1080
2023/3/15 15:30,541.7495987,285.5619282,1087
2023/3/15 15:45,475.1383026,272.3488232,1080
2023/3/15 16:00,415.1464594,269.9513001,1092
2023/3/15 16:15,357.5350026,276.2074926,1070.25
2023/3/15 16:30,304.588582,283.4694915,1082.25
2023/3/15 16:45,247.8385088,272.3417553,1072.75
2023/3/15 17:00,192.0896107,241.8635842,1084.75
2023/3/15 17:15,142.22169,227.2130511,1082.25
2023/3/15 17:30,98.18936955,207.5386093,1048.75
2023/3/15 17:45,49.38691853,185.3412755,1058.25
2023/3/15 18:00,18.67899635,158.9098501,1039
2023/3/15 18:15,12.31539497,148.3208576,1048.75
2023/3/15 18:30,2.901003213,121.7517487,1044
2023/3/15 18:45,0,102.5082439,1044
2023/3/15 19:00,0,89.18437007,1060.75
2023/3/15 19:15,0,79.66168024,1053.5
2023/3/15 19:30,0,84.43736518,1051
2023/3/15 19:45,0,84.48576311,1041.5
2023/3/15 20:00,0,77.1998008,1058.25
2023/3/15 20:15,0,65.09761706,1051
2023/3/15 20:30,0,45.98323021,1048.75
2023/3/15 20:45,0,43.14113945,1058.25
2023/3/15 21:00,0,37.46176266,1046.25
2023/3/15 21:15,0,35.59673139,1065.5
2023/3/15 21:30,0,32.58264065,1056
2023/3/15 21:45,0,18.75593418,1077.5
2023/3/15 22:00,0,13.17817757,1060.75
2023/3/15 22:15,0,15.46317066,1082.25
2023/3/15 22:30,0,18.66143565,1063
2023/3/15 22:45,0,15.55311847,1051
2023/3/15 23:00,0,14.11913255,1046.25
2023/3/15 23:15,0,14.6734096,1044
2023/3/15 23:30,0,14.55279395,1056
2023/3/15 23:45,0,13.01122838,1027
2023/3/16 00:00,0,14.01604234,1027
2023/3/16 00:15,0,16.63281356,1034.25
2023/3/16 00:30,0,16.21901716,1048.75
2023/3/16 00:45,0,12.8028261,1039
2023/3/16 01:00,0,15.31020526,1027
2023/3/16 01:15,0,9.985410551,1053.5
2023/3/16 01:30,0,13.58255997,1044
2023/3/16 01:45,0,17.07792418,1024.75
2023/3/16 02:00,0,12.26587409,1048.75
2023/3/16 02:15,0,9.966726264,1041.5
2023/3/16 02:30,0,10.48607489,1032
2023/3/16 02:45,0,7.428176607,1034.25
2023/3/16 03:00,0,11.52319638,1041.5
2023/3/16 03:15,0,13.2741841,1051
2023/3/16 03:30,0,14.87174254,1051
2023/3/16 03:45,0,19.67316793,1046.25
2023/3/16 04:00,0,14.63464933,1046.25
2023/3/16 04:15,0,12.0020874,1041.5
2023/3/16 04:30,0,13.3689124,1051
2023/3/16 04:45,0,11.79744008,1068
2023/3/16 05:00,0,12.45106278,1044
2023/3/16 05:15,0,14.1835799,1041.5
2023/3/16 05:30,0,14.63655108,1029.5
2023/3/16 05:45,9.837015587,14.37236302,1036.75
2023/3/16 06:00,38.48862584,13.95309561,1020
2023/3/16 06:15,71.98644006,16.85119193,1022.25
2023/3/16 06:30,114.6803869,18.58618796,1027
2023/3/16 06:45,161.2853592,11.73562008,1051
2023/3/16 07:00,222.285624,8.292629519,1046.25
2023/3/16 07:15,294.108097,5.682174463,1068
2023/3/16 07:30,359.2337284,4.070613871,1051
2023/3/16 07:45,445.0704255,2.634833197,1087
2023/3/16 08:00,521.8766239,2.17004831,1080
2023/3/16 08:15,603.7907223,4.594439034,1087
2023/3/16 08:30,685.0364387,1.577920003,1099
2023/3/16 08:45,759.5665058,1.478485742,1089.5
2023/3/16 09:00,817.4893433,2.257540843,1092
2023/3/16 09:15,900.3590691,3.96281284,1099
2023/3/16 09:30,964.9278983,5.131167427,1101.5
2023/3/16 09:45,1013.054579,5.367161677,1089.5
2023/3/16 10:00,1065.421499,8.295643351,1104
2023/3/16 10:15,1107.908254,14.02065511,1099
2023/3/16 10:30,1156.427776,19.91608316,1096.75
2023/3/16 10:45,1187.984355,18.27400393,1128
2023/3/16 11:00,1227.378702,19.5815139,1113.5
2023/3/16 11:15,1242.436404,21.08831549,1120.75
2023/3/16 11:30,1254.931075,18.9412916,1099
2023/3/16 11:45,1268.424411,20.07629377,1101.5
2023/3/16 12:00,1282.897935,20.53113525,1113.5
2023/3/16 12:15,1280.576685,19.43785231,1106.25
2023/3/16 12:30,1272.3292,16.33636289,1120.75
2023/3/16 12:45,1263.735255,13.4662107,1113.5
2023/3/16 13:00,1258.617531,13.61576591,1120.75
2023/3/16 13:15,1231.066787,16.42105468,1120.75
2023/3/16 13:30,1202.832777,17.80690872,1116
2023/3/16 13:45,1165.311984,15.77353604,1120.75
2023/3/16 14:00,1133.257138,17.07785927,1106.25
2023/3/16 14:15,1093.04673,22.2841705,1120.75
2023/3/16 14:30,1045.440207,23.90624269,1087
2023/3/16 14:45,993.6251461,20.472035,1137.5
2023/3/16 15:00,922.9515842,17.81060262,1120.75
2023/3/16 15:15,847.1934584,13.67660805,1128
2023/3/16 15:30,777.984666,8.476953629,1108.75
2023/3/16 15:45,696.5466015,5.916628917,1120.75
2023/3/16 16:00,614.101662,4.384022285,1123
2023/3/16 16:15,525.4608412,3.847651423,1125.5
2023/3/16 16:30,433.4296954,2.667129523,1104
2023/3/16 16:45,350.6617034,1.466008538,1116
2023/3/16 17:00,267.1700002,1.416359278,1108.75
2023/3/16 17:15,191.8227477,1.367041558,1106.25
2023/3/16 17:30,128.2412881,1.361413887,1084.75
2023/3/16 17:45,74.48090915,1.366069462,1087
2023/3/16 18:00,33.86075078,1.333364549,1058.25
2023/3/16 18:15,14.57966987,1.059829221,1068
2023/3/16 18:30,3.636092753,0.990352692,1099
2023/3/16 18:45,0,1.196967089,1075
2023/3/16 19:00,0,1.443457842,1096.75
2023/3/16 19:15,0,1.176612217,1092
2023/3/16 19:30,0,0.981441976,1075
2023/3/16 19:45,0,1.680844907,1082.25
2023/3/16 20:00,0,1.541908813,1080
2023/3/16 20:15,0,1.655795835,1108.75
2023/3/16 20:30,0,1.333777685,1084.75
2023/3/16 20:45,0,3.590334607,1092
2023/3/16 21:00,0,3.649197223,1072.75
2023/3/16 21:15,0,3.632221022,1089.5
2023/3/16 21:30,0,3.904163991,1080
2023/3/16 21:45,0,4.9680079,1094.25
2023/3/16 22:00,0,6.196371643,1080
2023/3/16 22:15,0,6.313781381,1082.25
2023/3/16 22:30,0,7.226478057,1082.25
2023/3/16 22:45,0,7.400996422,1075
2023/3/16 23:00,0,6.250091319,1089.5
2023/3/16 23:15,0,4.201643485,1063
2023/3/16 23:30,0,3.678630302,1082.25
2023/3/16 23:45,0,3.636574154,1048.75
2023/3/17 00:00,0,5.976596823,1060.75
2023/3/17 00:15,0,7.671626239,1048.75
2023/3/17 00:30,0,7.332132369,1056
2023/3/17 00:45,0,6.852123562,1077.5
2023/3/17 01:00,0,6.919519622,1051
2023/3/17 01:15,0,8.168230574,1075
2023/3/17 01:30,0,10.57458843,1075
2023/3/17 01:45,0,12.48358938,1060.75
2023/3/17 02:00,0,14.51654213,1080
2023/3/17 02:15,0,15.24145303,1041.5
2023/3/17 02:30,0,17.90417814,1056
2023/3/17 02:45,0,20.12682636,1044
2023/3/17 03:00,0,21.04445727,1056
2023/3/17 03:15,0,20.24876179,1046.25
2023/3/17 03:30,0,17.90133323,1058.25
2023/3/17 03:45,0,17.12067443,1048.75
2023/3/17 04:00,0,15.11477566,1063
2023/3/17 04:15,0,14.79375115,1053.5
2023/3/17 04:30,0,15.18576678,1051
2023/3/17 04:45,0,13.33089362,1056
2023/3/17 05:00,0,14.19259535,1041.5
2023/3/17 05:15,0,11.81584604,1058.25
2023/3/17 05:30,0,11.05916321,1034.25
2023/3/17 05:45,9.083361381,13.90943569,1036.75
2023/3/17 06:00,41.17767684,15.41972122,1051
2023/3/17 06:15,85.23173153,12.70630429,1048.75
2023/3/17 06:30,139.1676707,10.53676165,1058.25
2023/3/17 06:45,206.1442848,9.372610318,1058.25
2023/3/17 07:00,283.6501498,7.433079926,1065.5
2023/3/17 07:15,366.8084055,5.408471608,1101.5
2023/3/17 07:30,453.4042229,4.49653128,1089.5
2023/3/17 07:45,543.9516299,4.139759797,1104
2023/3/17 08:00,621.9271127,4.507560132,1152
2023/3/17 08:15,690.4189142,4.003678647,1125.5
2023/3/17 08:30,762.3403863,3.491366096,1176
2023/3/17 08:45,835.0471528,3.355612054,1219
2023/3/17 09:00,906.1401315,4.744350288,1197.5
2023/3/17 09:15,962.3914863,5.265887054,1226.25
2023/3/17 09:30,1014.576997,6.28381539,1236
2023/3/17 09:45,1070.839986,6.636349502,1255
2023/3/17 10:00,1116.919651,7.199524995,1260
2023/3/17 10:15,1157.991145,8.14181803,1257.5
2023/3/17 10:30,1177.256834,9.000282797,1279
2023/3/17 10:45,1198.60447,9.270450764,1276.75
2023/3/17 11:00,1235.121848,10.77803714,1303
2023/3/17 11:15,1261.383633,12.68197326,1305.5
2023/3/17 11:30,1269.374864,14.11165461,1252.75
2023/3/17 11:45,1270.427514,16.54981028,1274.25
2023/3/17 12:00,1274.198873,19.08575939,1252.75
2023/3/17 12:15,1272.422273,20.18283298,1269.5
2023/3/17 12:30,1260.610885,22.3481104,1255
2023/3/17 12:45,1248.127925,25.22756911,1255
2023/3/17 13:00,1234.174366,26.87056259,1260
2023/3/17 13:15,1197.95197,28.07231924,1264.75
2023/3/17 13:30,1168.205818,26.99024211,1274.25
2023/3/17 13:45,1128.503786,23.30654497,1269.5
2023/3/17 14:00,1077.751971,22.95430432,1296
2023/3/17 14:15,1037.037977,19.17392477,1300.75
2023/3/17 14:30,979.2682253,18.39216314,1308
2023/3/17 14:45,919.0422666,19.60905883,1274.25
2023/3/17 15:00,852.5231188,18.35519547,1284
2023/3/17 15:15,779.3070976,15.94822954,1293.5
2023/3/17 15:30,697.2628188,15.42695697,1274.25
2023/3/17 15:45,630.6815165,16.68439468,1291
2023/3/17 16:00,552.3674845,18.30853204,1348.75
2023/3/17 16:15,467.3519766,20.27557545,1336.75
2023/3/17 16:30,380.4551888,20.55792837,1320
2023/3/17 16:45,305.2610793,20.69474357,1286.25
2023/3/17 17:00,231.9965601,19.41686957,1236
2023/3/17 17:15,155.7759968,15.40714502,1195
2023/3/17 17:30,100.6651303,11.66441111,1188
2023/3/17 17:45,58.34567098,10.98383857,1173.5
2023/3/17 18:00,25.55033057,8.086167272,1183
2023/3/17 18:15,12.72815871,5.861081237,1166.25
2023/3/17 18:30,2.850195228,5.11919305,1171
2023/3/17 18:45,0,6.042786537,1176
2023/3/17 19:00,0,6.428805867,1173.5
2023/3/17 19:15,0,7.384494153,1192.75
2023/3/17 19:30,0,7.37286489,1173.5
2023/3/17 19:45,0,7.376864165,1166.25
2023/3/17 20:00,0,5.770608584,1173.5
2023/3/17 20:15,0,6.957945373,1144.75
2023/3/17 20:30,0,7.630864587,1137.5
2023/3/17 20:45,0,8.308219419,1178.25
2023/3/17 21:00,0,8.190273191,1166.25
2023/3/17 21:15,0,9.388777509,1176
2023/3/17 21:30,0,8.589898246,1156.75
2023/3/17 21:45,0,10.51990072,1166.25
2023/3/17 22:00,0,10.40634751,1156.75
2023/3/17 22:15,0,9.738591629,1164
2023/3/17 22:30,0,12.52985585,1166.25
2023/3/17 22:45,0,13.90297268,1149.5
2023/3/17 23:00,0,15.64392903,1176
2023/3/17 23:15,0,13.15950785,1135
2023/3/17 23:30,0,9.064085775,1161.5
2023/3/17 23:45,0,9.192614224,1125.5
2023/3/18 00:00,0,12.57405634,1137.5
2023/3/18 00:15,0,11.13823049,1147
2023/3/18 00:30,0,14.38342825,1132.75
2023/3/18 00:45,0,13.14839282,1161.5
2023/3/18 01:00,0,12.03434559,1140
2023/3/18 01:15,0,10.24196732,1168.75
2023/3/18 01:30,0,8.561823679,1149.5
2023/3/18 01:45,0,9.325953869,1168.75
2023/3/18 02:00,0,11.50516564,1132.75
2023/3/18 02:15,0,10.19612109,1123
2023/3/18 02:30,0,9.21136854,1135
2023/3/18 02:45,0,6.690904123,1123
2023/3/18 03:00,0,7.724337696,1137.5
2023/3/18 03:15,0,10.70708835,1125.5
2023/3/18 03:30,0,11.42119748,1120.75
2023/3/18 03:45,0,17.04790536,1130.25
2023/3/18 04:00,0,19.19013637,1118.25
2023/3/18 04:15,0,18.30154098,1135
2023/3/18 04:30,0,10.09441317,1118.25
2023/3/18 04:45,0,7.309176747,1130.25
2023/3/18 05:00,0,4.769350107,1125.5
2023/3/18 05:15,0,5.645628026,1108.75
2023/3/18 05:30,0.030485289,5.127919493,1108.75
2023/3/18 05:45,9.838047312,4.239823351,1106.25
2023/3/18 06:00,39.116575,4.4675275,1104
2023/3/18 06:15,67.79288489,3.871185365,1104
2023/3/18 06:30,108.3400247,2.693047491,1108.75
2023/3/18 06:45,158.0516281,3.091887398,1120.75
2023/3/18 07:00,222.388993,2.462360543,1132.75
2023/3/18 07:15,276.1079615,2.293601185,1132.75
2023/3/18 07:30,318.2823548,2.339941201,1147
2023/3/18 07:45,381.6572751,2.485428766,1147
2023/3/18 08:00,460.963349,2.204892459,1164
2023/3/18 08:15,519.7060398,1.74911195,1159
2023/3/18 08:30,569.5565266,2.609188991,1168.75
2023/3/18 08:45,636.9228004,2.697313251,1188
2023/3/18 09:00,705.3316882,2.34843922,1171
2023/3/18 09:15,758.9987437,0.63418961,1233.5
2023/3/18 09:30,845.2723565,0.49483048,1224
2023/3/18 09:45,912.4593909,0.414513598,1240.75
2023/3/18 10:00,906.08628,0.700775543,1228.75
2023/3/18 10:15,868.326501,0.69261116,1240.75
2023/3/18 10:30,808.236593,0.898374478,1224
2023/3/18 10:45,784.8975397,1.754880914,1233.5
2023/3/18 11:00,803.8132555,1.533039428,1248
2023/3/18 11:15,783.4109534,2.942019197,1214.25
2023/3/18 11:30,819.7166014,9.298944174,1226.25
2023/3/18 11:45,829.7730682,10.4524169,1204.75
2023/3/18 12:00,825.9613862,5.043720658,1197.5
2023/3/18 12:15,807.2311883,5.738743068,1226.25
2023/3/18 12:30,775.3284855,6.932695262,1226.25
2023/3/18 12:45,724.6520669,5.498415087,1212
2023/3/18 13:00,668.8138122,6.588540413,1202.25
2023/3/18 13:15,647.2618297,14.36878112,1207
2023/3/18 13:30,655.347328,18.26850823,1207
2023/3/18 13:45,661.3020344,16.35095552,1267
2023/3/18 14:00,663.1995959,11.95254892,1279
2023/3/18 14:15,614.3809544,9.010448988,1257.5
2023/3/18 14:30,551.3094453,9.101386985,1250.25
2023/3/18 14:45,528.4976374,9.732933751,1231
2023/3/18 15:00,500.1789507,5.62051697,1243
2023/3/18 15:15,426.5268626,7.394101429,1212
2023/3/18 15:30,392.0848891,7.971949811,1231
2023/3/18 15:45,370.2534222,13.45387808,1255
2023/3/18 16:00,341.1879579,25.90777448,1250.25
2023/3/18 16:15,281.0375768,35.03508627,1221.5
2023/3/18 16:30,238.5937903,56.66738463,1209.5
2023/3/18 16:45,208.663144,77.29446984,1197.5
2023/3/18 17:00,169.7612742,83.84784069,1197.5
2023/3/18 17:15,128.6644122,65.26755058,1190.25
2023/3/18 17:30,87.93490169,58.67136981,1202.25
2023/3/18 17:45,56.85976307,72.1148274,1204.75
2023/3/18 18:00,30.8586232,119.3328978,1185.5
2023/3/18 18:15,12.18323277,132.6413579,1197.5
2023/3/18 18:30,2.033701567,135.8573033,1183
2023/3/18 18:45,0,134.8526883,1185.5
2023/3/18 19:00,0,134.2315203,1188
2023/3/18 19:15,0,129.4085888,1207
2023/3/18 19:30,0,125.949974,1200
2023/3/18 19:45,0,119.4729405,1212
2023/3/18 20:00,0,122.188908,1192.75
2023/3/18 20:15,0,126.3360292,1190.25
2023/3/18 20:30,0,131.8590159,1190.25
2023/3/18 20:45,0,136.2421088,1180.75
2023/3/18 21:00,0,128.1145214,1176
2023/3/18 21:15,0,129.8083916,1180.75
2023/3/18 21:30,0,132.8912924,1185.5
2023/3/18 21:45,0,133.6205458,1171
2023/3/18 22:00,0,142.1686812,1176
2023/3/18 22:15,0,146.6673128,1176
2023/3/18 22:30,0,158.7464713,1156.75
2023/3/18 22:45,0,169.8281278,1149.5
2023/3/18 23:00,0,164.3193472,1137.5
2023/3/18 23:15,0,160.6692764,1159
2023/3/18 23:30,0,166.9117004,1144.75
2023/3/18 23:45,0,199.6582488,1171
2023/3/19 00:00,0,232.0724731,1147
2023/3/19 00:15,0,264.0632133,1149.5
2023/3/19 00:30,0,331.3190653,1161.5
2023/3/19 00:45,0,394.7179875,1154.25
2023/3/19 01:00,0,422.530093,1161.5
2023/3/19 01:15,0,447.5744181,1142.25
2023/3/19 01:30,0,475.8380089,1156.75
2023/3/19 01:45,0,498.1396568,1152
2023/3/19 02:00,0,519.3643523,1140
2023/3/19 02:15,0,532.9697568,1147
2023/3/19 02:30,0,539.0473549,1140
2023/3/19 02:45,0,552.5896441,1135
2023/3/19 03:00,0,564.187535,1171
2023/3/19 03:15,0,575.5645913,1159
2023/3/19 03:30,0,582.3542352,1159
2023/3/19 03:45,0,585.102294,1147
2023/3/19 04:00,0,575.9233802,1171
2023/3/19 04:15,0,538.0158208,1144.75
2023/3/19 04:30,0,506.64917,1166.25
2023/3/19 04:45,0,494.634237,1154.25
2023/3/19 05:00,0,488.6746142,1144.75
2023/3/19 05:15,0,482.6503631,1156.75
2023/3/19 05:30,0.021570739,477.3065241,1154.25
2023/3/19 05:45,3.963005803,463.150362,1154.25
2023/3/19 06:00,25.30166568,453.6372292,1149.5
2023/3/19 06:15,55.7625924,443.4240087,1171
2023/3/19 06:30,94.85309971,434.5317188,1152
2023/3/19 06:45,141.9962336,445.3941975,1171
2023/3/19 07:00,195.8152984,460.3942886,1161.5
2023/3/19 07:15,243.1110333,463.7361339,1192.75
2023/3/19 07:30,301.8367052,451.9298968,1192.75
2023/3/19 07:45,353.0109707,443.9298956,1185.5
2023/3/19 08:00,388.7637079,489.9337065,1216.75
2023/3/19 08:15,449.1027257,509.5115882,1233.5
2023/3/19 08:30,520.4913801,517.7156039,1236
2023/3/19 08:45,610.3237879,540.2941361,1216.75
2023/3/19 09:00,657.9309898,533.9394616,1238.25
2023/3/19 09:15,677.356447,522.0277889,1245.5
2023/3/19 09:30,707.857651,518.8732675,1274.25
2023/3/19 09:45,759.8372386,513.676,1293.5
2023/3/19 10:00,779.5570631,518.8739512,1286.25
2023/3/19 10:15,787.9200237,516.5278886,1291
2023/3/19 10:30,806.0427582,517.0621792,1296
2023/3/19 10:45,841.3503988,522.9515792,1300.75
2023/3/19 11:00,859.0340995,524.52842,1300.75
2023/3/19 11:15,865.2181591,525.850731,1305.5
2023/3/19 11:30,876.7760903,534.8024939,1291
2023/3/19 11:45,886.1829629,576.8070818,1276.75
2023/3/19 12:00,868.2305616,596.8050363,1286.25
2023/3/19 12:15,863.0000773,597.4088282,1260
2023/3/19 12:30,852.6303264,611.2242959,1252.75
2023/3/19 12:45,811.5209923,634.1784877,1250.25
2023/3/19 13:00,736.207167,648.5194167,1276.75
2023/3/19 13:15,664.7657351,666.7311518,1303
2023/3/19 13:30,615.9536186,671.9477466,1310.25
2023/3/19 13:45,568.4585715,655.6533244,1327
2023/3/19 14:00,520.2344594,626.6675926,1296
2023/3/19 14:15,455.4673623,584.9870462,1332
2023/3/19 14:30,387.8651955,610.7656072,1317.5
2023/3/19 14:45,324.5125082,593.7115478,1320
2023/3/19 15:00,256.8562943,558.1899229,1288.75
2023/3/19 15:15,191.1547261,591.1448906,1291
2023/3/19 15:30,142.5948667,675.229302,1332
2023/3/19 15:45,94.96532839,694.1790204,1300.75
2023/3/19 16:00,61.92297173,631.5211198,1336.75
2023/3/19 16:15,46.14879725,510.9374076,1286.25
2023/3/19 16:30,34.76354162,560.1836004,1264.75
2023/3/19 16:45,28.40444452,453.958023,1240.75
2023/3/19 17:00,23.65178192,338.2675579,1209.5
2023/3/19 17:15,19.7780276,331.494554,1226.25
2023/3/19 17:30,15.29270469,434.4939129,1212
2023/3/19 17:45,12.13008759,322.7708697,1226.25
2023/3/19 18:00,11.75027635,263.7934818,1209.5
2023/3/19 18:15,11.70250124,273.9831778,1207
2023/3/19 18:30,3.221392766,241.2077764,1185.5
2023/3/19 18:45,0,179.0470983,1164
2023/3/19 19:00,0,185.3676869,1192.75
2023/3/19 19:15,0,219.1058418,1185.5
2023/3/19 19:30,0,209.731779,1166.25
2023/3/19 19:45,0,230.1153782,1166.25
2023/3/19 20:00,0,264.9060235,1161.5
2023/3/19 20:15,0,288.2903442,1166.25
2023/3/19 20:30,0,252.2128546,1140
2023/3/19 20:45,0,240.03855,1159
2023/3/19 21:00,0,229.7966866,1140
2023/3/19 21:15,0,248.7009643,1135
2023/3/19 21:30,0,258.5355021,1137.5
2023/3/19 21:45,0,253.2731234,1149.5
2023/3/19 22:00,0,282.2538904,1154.25
2023/3/19 22:15,0,327.9387538,1132.75
2023/3/19 22:30,0,320.7844889,1159
2023/3/19 22:45,0,388.3728019,1125.5
2023/3/19 23:00,0,380.8017081,1152
2023/3/19 23:15,0,432.3765697,1130.25
2023/3/19 23:30,0,423.7353518,1164
2023/3/19 23:45,0,413.8207574,1137.5
2023/3/20 00:00,0,452.4927283,1147
2023/3/20 00:15,0,398.4574215,1156.75
2023/3/20 00:30,0,396.3105411,1149.5
2023/3/20 00:45,0,416.9193359,1152
2023/3/20 01:00,0,412.5988906,1164
2023/3/20 01:15,0,450.3632901,1144.75
2023/3/20 01:30,0,501.722572,1137.5
2023/3/20 01:45,0,525.5429249,1147
2023/3/20 02:00,0,501.7546623,1132.75
2023/3/20 02:15,0,522.2973745,1135
2023/3/20 02:30,0,524.5066301,1135
2023/3/20 02:45,0,408.8003191,1128
2023/3/20 03:00,0,373.8679852,1137.5
2023/3/20 03:15,0,367.5301602,1113.5
2023/3/20 03:30,0,390.5776635,1137.5
2023/3/20 03:45,0,443.8524957,1130.25
2023/3/20 04:00,0,423.0326734,1140
2023/3/20 04:15,0,279.6927177,1116
2023/3/20 04:30,0,244.589685,1120.75
2023/3/20 04:45,0,256.6450932,1128
2023/3/20 05:00,0,255.3123261,1125.5
2023/3/20 05:15,0,273.8918423,1156.75
2023/3/20 05:30,0.017543907,246.0739843,1137.5
2023/3/20 05:45,2.39713109,156.2900411,1154.25
2023/3/20 06:00,16.50215551,140.7803407,1140
2023/3/20 06:15,28.30588501,150.3717694,1147
2023/3/20 06:30,47.13549005,148.9547855,1159
2023/3/20 06:45,68.46839903,139.4158122,1135
2023/3/20 07:00,86.23984549,155.7038515,1147
2023/3/20 07:15,107.3719233,170.8409138,1159
2023/3/20 07:30,141.5284339,198.9267458,1183
2023/3/20 07:45,175.2368408,226.9349887,1164
2023/3/20 08:00,212.6213007,217.7121703,1212
2023/3/20 08:15,264.9183874,188.6140622,1195
2023/3/20 08:30,311.6333434,138.5611324,1188
2023/3/20 08:45,357.1508802,177.5760283,1204.75
2023/3/20 09:00,366.771256,146.4571946,1209.5
2023/3/20 09:15,354.616461,128.3096132,1245.5
2023/3/20 09:30,303.1441093,61.61831112,1231
2023/3/20 09:45,280.2593097,42.8197928,1269.5
2023/3/20 10:00,284.5370565,22.83328745,1252.75
2023/3/20 10:15,294.1106579,15.90187149,1255
2023/3/20 10:30,300.5732313,7.834991792,1216.75
2023/3/20 10:45,309.6567347,8.246598612,1238.25
2023/3/20 11:00,363.9224354,8.591746705,1262.25
2023/3/20 11:15,394.6166287,10.57095377,1260
2023/3/20 11:30,413.8759722,17.19641465,1276.75
2023/3/20 11:45,468.937389,21.60064313,1281.5
2023/3/20 12:00,476.8021705,29.8914006,1279
2023/3/20 12:15,445.3258457,34.83204811,1269.5
2023/3/20 12:30,376.9941031,42.07319675,1267
2023/3/20 12:45,342.7386436,44.55136655,1274.25
2023/3/20 13:00,328.9879438,34.37268148,1267
2023/3/20 13:15,375.0773346,27.96739834,1267
2023/3/20 13:30,385.7974223,23.49198851,1257.5
2023/3/20 13:45,427.1963543,26.16680419,1286.25
2023/3/20 14:00,442.9923539,23.81483333,1260
2023/3/20 14:15,357.4998881,23.69875496,1252.75
2023/3/20 14:30,290.9099602,22.03043875,1262.25
2023/3/20 14:45,232.9677131,20.65412946,1276.75
2023/3/20 15:00,210.6323425,19.10586581,1286.25
2023/3/20 15:15,216.0656739,21.35955391,1272
2023/3/20 15:30,202.6212939,24.31650357,1281.5
2023/3/20 15:45,177.1983684,24.22448323,1279
2023/3/20 16:00,156.3685397,20.71947178,1257.5
2023/3/20 16:15,154.986648,20.78629543,1262.25
2023/3/20 16:30,150.4251216,35.57635698,1214.25
2023/3/20 16:45,122.5087365,27.50220188,1231
2023/3/20 17:00,92.31062921,26.28612025,1197.5
2023/3/20 17:15,71.311389,27.69517987,1216.75
2023/3/20 17:30,48.78389433,31.43649997,1216.75
2023/3/20 17:45,32.93640608,35.5332467,1195
2023/3/20 18:00,18.09561052,40.00485585,1221.5
2023/3/20 18:15,10.6221136,44.36865755,1185.5
2023/3/20 18:30,3.04457756,52.08334312,1195
2023/3/20 18:45,0,56.23585444,1183
2023/3/20 19:00,0,45.97726843,1188
2023/3/20 19:15,0,41.38699023,1168.75
2023/3/20 19:30,0,33.17774586,1185.5
2023/3/20 19:45,0,25.53572119,1164
2023/3/20 20:00,0,25.8325025,1159
2023/3/20 20:15,0,25.05225001,1159
2023/3/20 20:30,0,21.22821043,1154.25
2023/3/20 20:45,0,12.82820204,1142.25
2023/3/20 21:00,0,12.35426462,1140
2023/3/20 21:15,0,14.07902382,1164
2023/3/20 21:30,0,12.96955485,1142.25
2023/3/20 21:45,0,9.243319556,1144.75
2023/3/20 22:00,0,8.008898973,1164
2023/3/20 22:15,0,9.322448458,1147
2023/3/20 22:30,0,14.6680536,1159
2023/3/20 22:45,0,18.85495427,1152
2023/3/20 23:00,0,16.88383308,1164
2023/3/20 23:15,0,17.49699412,1135
2023/3/20 23:30,0,18.86776107,1156.75
2023/3/20 23:45,0,28.2962445,1166.25
2023/3/21 00:00,0,25.93276715,1140
2023/3/21 00:15,0,20.52500174,1142.25
2023/3/21 00:30,0,16.49695436,1142.25
2023/3/21 00:45,0,13.78194901,1144.75
2023/3/21 01:00,0,16.61508547,1132.75
2023/3/21 01:15,0,22.05258625,1152
2023/3/21 01:30,0,24.72814712,1154.25
2023/3/21 01:45,0,23.95375351,1130.25
2023/3/21 02:00,0,30.7786545,1147
2023/3/21 02:15,0,44.35075403,1144.75
2023/3/21 02:30,0,53.84828478,1130.25
2023/3/21 02:45,0,55.4917776,1123
2023/3/21 03:00,0,55.19809544,1132.75
2023/3/21 03:15,0,56.05889364,1142.25
2023/3/21 03:30,0,63.56048304,1123
2023/3/21 03:45,0,82.20998243,1135
2023/3/21 04:00,0,83.3411948,1132.75
2023/3/21 04:15,0,80.63245028,1149.5
2023/3/21 04:30,0,93.3580173,1144.75
2023/3/21 04:45,0,101.5773931,1116
2023/3/21 05:00,0,111.4141551,1120.75
2023/3/21 05:15,0,113.4294309,1130.25
2023/3/21 05:30,0.077080421,117.5694693,1135
2023/3/21 05:45,4.696054416,124.0477024,1140
2023/3/21 06:00,22.83513003,125.8327034,1135
2023/3/21 06:15,47.00639487,125.4465961,1137.5
2023/3/21 06:30,78.11635784,113.6972119,1120.75
2023/3/21 06:45,126.1356939,102.7095933,1116
2023/3/21 07:00,183.4603293,93.3212001,1132.75
2023/3/21 07:15,240.5445672,97.10844892,1140
2023/3/21 07:30,312.7261842,99.68013792,1142.25
2023/3/21 07:45,396.1396351,105.9994215,1147
2023/3/21 08:00,492.1802761,130.2680433,1166.25
2023/3/21 08:15,567.5120493,140.2505541,1168.75
2023/3/21 08:30,613.7904291,135.6565357,1159
2023/3/21 08:45,693.2620176,138.8816048,1180.75
2023/3/21 09:00,772.17105,158.0756866,1224
2023/3/21 09:15,818.9385592,187.5079852,1238.25
2023/3/21 09:30,837.3070492,209.801474,1226.25
2023/3/21 09:45,862.1412924,245.9599843,1240.75
2023/3/21 10:00,844.8273661,290.6572671,1245.5
2023/3/21 10:15,828.1770973,312.1540338,1264.75
2023/3/21 10:30,791.9711683,315.4875382,1274.25
2023/3/21 10:45,751.1469425,339.0185336,1267
2023/3/21 11:00,709.1141235,376.3542107,1276.75
2023/3/21 11:15,654.7353838,411.2876356,1276.75
2023/3/21 11:30,602.7294594,422.5022362,1264.75
2023/3/21 11:45,568.4752818,429.6287423,1240.75
2023/3/21 12:00,565.2929513,430.4004127,1221.5
2023/3/21 12:15,534.3625829,426.0884114,1226.25
2023/3/21 12:30,544.2537195,415.0554523,1202.25
2023/3/21 12:45,571.300575,418.4236298,1192.75
2023/3/21 13:00,568.9483734,462.0311974,1183
2023/3/21 13:15,562.3106832,469.1498216,1207
2023/3/21 13:30,564.7453711,476.8765898,1212
2023/3/21 13:45,551.3177315,489.3287057,1228.75
2023/3/21 14:00,492.6424806,520.1547329,1219
2023/3/21 14:15,474.0270632,537.8599327,1224
2023/3/21 14:30,460.5587645,541.9770198,1226.25
2023/3/21 14:45,455.1149593,477.5572958,1219
2023/3/21 15:00,416.3804427,456.0860101,1221.5
2023/3/21 15:15,399.3503544,526.1862022,1209.5
2023/3/21 15:30,370.738999,533.6784633,1216.75
2023/3/21 15:45,318.9511025,519.2221331,1204.75
2023/3/21 16:00,274.7410931,513.1404939,1214.25
2023/3/21 16:15,241.5989375,505.611841,1202.25
2023/3/21 16:30,195.5935823,483.4007212,1190.25
2023/3/21 16:45,152.5510277,467.4679657,1183
2023/3/21 17:00,126.3367836,446.0569272,1166.25
2023/3/21 17:15,103.6206609,427.1111531,1168.75
2023/3/21 17:30,70.36358592,432.1328487,1164
2023/3/21 17:45,41.10523209,406.7946879,1161.5
2023/3/21 18:00,23.85032524,387.39671,1154.25
2023/3/21 18:15,14.07784679,381.8794898,1149.5
2023/3/21 18:30,3.895705559,388.8811874,1144.75
2023/3/21 18:45,0,386.9882509,1144.75
2023/3/21 19:00,0,364.6409789,1156.75
2023/3/21 19:15,0,354.7175395,1130.25
2023/3/21 19:30,0,340.5763916,1132.75
2023/3/21 19:45,0,318.3494026,1125.5
2023/3/21 20:00,0,302.8726362,1130.25
2023/3/21 20:15,0,279.9650621,1106.25
2023/3/21 20:30,0,271.7782695,1113.5
2023/3/21 20:45,0,281.4863147,1106.25
2023/3/21 21:00,0,264.6025577,1108.75
2023/3/21 21:15,0,250.3696516,1130.25
2023/3/21 21:30,0,247.050287,1096.75
2023/3/21 21:45,0,246.0859548,1106.25
2023/3/21 22:00,0,243.8546307,1116
2023/3/21 22:15,0,236.5968687,1120.75
2023/3/21 22:30,0,215.3337237,1094.25
2023/3/21 22:45,0,214.8121012,1096.75
2023/3/21 23:00,0,207.7717556,1113.5
2023/3/21 23:15,0,193.3964829,1089.5
2023/3/21 23:30,0,193.374377,1099
2023/3/21 23:45,0,200.3838234,1106.25
2023/3/22 00:00,0,184.7711988,1111
2023/3/22 00:15,0,180.888347,1099
2023/3/22 00:30,0,171.4850743,1106.25
2023/3/22 00:45,0,157.722308,1092
2023/3/22 01:00,0,155.2382933,1111
2023/3/22 01:15,0,166.9598284,1120.75
2023/3/22 01:30,0,170.561239,1113.5
2023/3/22 01:45,0,170.2197368,1101.5
2023/3/22 02:00,0,190.9529198,1113.5
2023/3/22 02:15,0,194.3735802,1108.75
2023/3/22 02:30,0,180.3931067,1094.25
2023/3/22 02:45,0,175.1911642,1111
2023/3/22 03:00,0,178.3948044,1120.75
2023/3/22 03:15,0,170.8569591,1099
2023/3/22 03:30,0,168.5972536,1106.25
2023/3/22 03:45,0,179.7529521,1125.5
2023/3/22 04:00,0,177.7936366,1108.75
2023/3/22 04:15,0,193.1839424,1108.75
2023/3/22 04:30,0,213.2613296,1113.5
2023/3/22 04:45,0,210.0435505,1113.5
2023/3/22 05:00,0,202.7568871,1111
2023/3/22 05:15,0,186.587923,1101.5
2023/3/22 05:30,0.081925603,178.3298292,1116
2023/3/22 05:45,8.730022709,171.2423775,1128
2023/3/22 06:00,30.28924647,167.3141753,1108.75
2023/3/22 06:15,58.35467983,160.0483552,1118.25
2023/3/22 06:30,89.4789863,144.6463386,1113.5
2023/3/22 06:45,122.6382081,129.9072346,1123
2023/3/22 07:00,158.5926993,119.6631396,1137.5
2023/3/22 07:15,191.6843165,118.9799161,1111
2023/3/22 07:30,237.1356542,124.8367342,1106.25
2023/3/22 07:45,303.7658682,121.2584324,1113.5
2023/3/22 08:00,365.1822011,109.3668701,1123
2023/3/22 08:15,415.0225734,88.90514078,1130.25
2023/3/22 08:30,461.6840903,86.72425265,1120.75
2023/3/22 08:45,510.0840927,93.16813707,1123
2023/3/22 09:00,553.8428399,96.92200358,1132.75
2023/3/22 09:15,586.2125183,107.8346974,1142.25
2023/3/22 09:30,620.5437182,118.0991328,1144.75
2023/3/22 09:45,697.8227425,136.2126941,1132.75
2023/3/22 10:00,749.3190341,145.2252705,1156.75
2023/3/22 10:15,786.1275044,134.7344178,1135
2023/3/22 10:30,819.1230116,136.049973,1147
2023/3/22 10:45,859.6334267,143.5175023,1147
2023/3/22 11:00,904.1054648,145.8132979,1147
2023/3/22 11:15,915.3683691,154.9541972,1137.5
2023/3/22 11:30,916.2519271,172.3773024,1166.25
2023/3/22 11:45,935.8072712,196.2455593,1154.25
2023/3/22 12:00,951.7168093,214.9400735,1149.5
2023/3/22 12:15,978.3513736,232.8457138,1171
2023/3/22 12:30,1013.228223,259.9602248,1161.5
2023/3/22 12:45,979.2462266,274.6729045,1152
2023/3/22 13:00,970.6344441,291.8429168,1161.5
2023/3/22 13:15,974.0655109,303.0229414,1156.75
2023/3/22 13:30,964.1165892,319.8651397,1159
2023/3/22 13:45,919.2967744,337.9626729,1176
2023/3/22 14:00,875.9468419,345.4417039,1164
2023/3/22 14:15,842.175046,354.7346461,1176
2023/3/22 14:30,819.3011942,370.0055786,1180.75
2023/3/22 14:45,774.7740899,383.5757008,1164
2023/3/22 15:00,727.1762484,367.7266608,1173.5
2023/3/22 15:15,660.3036467,365.8984973,1144.75
2023/3/22 15:30,598.5950837,376.9394722,1154.25
2023/3/22 15:45,543.0451651,415.0477522,1159
2023/3/22 16:00,464.3651183,456.5985313,1132.75
2023/3/22 16:15,381.1045654,474.796675,1152
2023/3/22 16:30,305.8993015,480.7049365,1135
2023/3/22 16:45,257.1944648,475.3567138,1137.5
2023/3/22 17:00,205.752294,460.3048449,1123
2023/3/22 17:15,159.2815251,443.3736626,1106.25
2023/3/22 17:30,104.3167568,394.9577135,1135
2023/3/22 17:45,58.90538737,365.7274133,1111
2023/3/22 18:00,29.05570396,359.5117819,1118.25
2023/3/22 18:15,13.46255165,353.1427659,1108.75
2023/3/22 18:30,3.495597685,330.5531738,1120.75
2023/3/22 18:45,0,340.7430005,1123
2023/3/22 19:00,0,340.6372398,1118.25
2023/3/22 19:15,0,328.9506479,1123
2023/3/22 19:30,0,308.4439121,1094.25
2023/3/22 19:45,0,284.4778408,1132.75
2023/3/22 20:00,0,251.9226484,1118.25
2023/3/22 20:15,0,219.790793,1128
2023/3/22 20:30,0,206.1998521,1130.25
2023/3/22 20:45,0,198.8481074,1128
2023/3/22 21:00,0,206.474143,1116
2023/3/22 21:15,0,206.7969703,1123
2023/3/22 21:30,0,205.577581,1128
2023/3/22 21:45,0,205.6957815,1118.25
2023/3/22 22:00,0,216.974257,1147
2023/3/22 22:15,0,203.008198,1125.5
2023/3/22 22:30,0,184.2617082,1111
2023/3/22 22:45,0,148.9124555,1130.25
2023/3/22 23:00,0,131.4446545,1123
2023/3/22 23:15,0,123.0041295,1087
2023/3/22 23:30,0,131.5828178,1089.5
2023/3/22 23:45,0,120.9208309,1106.25
2023/3/23 00:00,0,116.502774,1111
2023/3/23 00:15,0,110.3703259,1096.75
2023/3/23 00:30,0,120.1655932,1111
2023/3/23 00:45,0,109.7615099,1137.5
2023/3/23 01:00,0,109.905863,1108.75
2023/3/23 01:15,0,112.8490317,1106.25
2023/3/23 01:30,0,148.5732385,1111
2023/3/23 01:45,0,176.0248651,1135
2023/3/23 02:00,0,203.4152832,1104
2023/3/23 02:15,0,229.5963126,1108.75
2023/3/23 02:30,0,261.9571304,1116
2023/3/23 02:45,0,279.951215,1128
2023/3/23 03:00,0,283.5061031,1108.75
2023/3/23 03:15,0,251.2822545,1118.25
2023/3/23 03:30,0,220.5632392,1135
2023/3/23 03:45,0,211.294279,1130.25
2023/3/23 04:00,0,207.4158978,1118.25
2023/3/23 04:15,0,174.868629,1118.25
2023/3/23 04:30,0,158.0299244,1118.25
2023/3/23 04:45,0,172.4071417,1113.5
2023/3/23 05:00,0,190.1148468,1089.5
2023/3/23 05:15,0,205.4350021,1096.75
2023/3/23 05:30,0.136844805,202.7969513,1120.75
2023/3/23 05:45,8.073626801,200.4217305,1108.75
2023/3/23 06:00,29.94358663,182.2468372,1099
2023/3/23 06:15,56.50167611,163.3308613,1111
2023/3/23 06:30,87.58802279,160.5631994,1106.25
2023/3/23 06:45,125.831182,162.212313,1099
2023/3/23 07:00,171.5740996,163.5862969,1111
2023/3/23 07:15,224.3167,158.1083364,1120.75
2023/3/23 07:30,284.5537375,151.6616833,1118.25
2023/3/23 07:45,350.7655837,165.2050017,1118.25
2023/3/23 08:00,417.3793098,176.7661826,1135
2023/3/23 08:15,496.9715161,161.9142619,1164
2023/3/23 08:30,592.1859273,153.5719553,1154.25
2023/3/23 08:45,695.401123,155.2957186,1149.5
2023/3/23 09:00,786.0855245,154.498113,1156.75
2023/3/23 09:15,864.7983231,150.0698794,1173.5
2023/3/23 09:30,934.9554437,146.8405132,1197.5
2023/3/23 09:45,1005.817042,140.4896502,1180.75
2023/3/23 10:00,1061.153069,134.1732363,1180.75
2023/3/23 10:15,1107.113384,133.3213945,1166.25
2023/3/23 10:30,1142.155595,138.3357399,1154.25
2023/3/23 10:45,1171.794956,151.6937098,1164
2023/3/23 11:00,1193.043224,190.3742354,1173.5
2023/3/23 11:15,1207.758951,214.4914846,1180.75
2023/3/23 11:30,1193.269097,224.9634985,1190.25
2023/3/23 11:45,1206.615998,214.6979802,1195
2023/3/23 12:00,1203.206046,236.3082881,1195
2023/3/23 12:15,1188.700024,268.416639,1183
2023/3/23 12:30,1184.46076,322.2933104,1192.75
2023/3/23 12:45,1174.238113,363.7303042,1185.5
2023/3/23 13:00,1128.346903,405.3874763,1188
2023/3/23 13:15,1082.13637,444.6667514,1171
2023/3/23 13:30,1033.500529,467.3554136,1195
2023/3/23 13:45,994.9831499,489.802735,1171
2023/3/23 14:00,952.5945604,494.455052,1180.75
2023/3/23 14:15,894.8085346,504.0147454,1192.75
2023/3/23 14:30,817.0790837,503.4436218,1159
2023/3/23 14:45,753.3707826,523.198691,1195
2023/3/23 15:00,670.3901529,539.3689505,1176
2023/3/23 15:15,591.7984987,546.5515164,1168.75
2023/3/23 15:30,528.2424642,546.1175909,1178.25
2023/3/23 15:45,484.104101,551.8448332,1173.5
2023/3/23 16:00,411.0020477,573.6911661,1178.25
2023/3/23 16:15,334.8292933,567.2241382,1156.75
2023/3/23 16:30,269.5196209,544.5570443,1188
2023/3/23 16:45,218.3890624,526.8782,1159
2023/3/23 17:00,174.7495023,514.3078422,1154.25
2023/3/23 17:15,128.6745654,511.4886261,1168.75
2023/3/23 17:30,90.53775772,490.5874108,1128
2023/3/23 17:45,58.92683533,429.8706074,1135
2023/3/23 18:00,37.16272034,342.9164113,1154.25
2023/3/23 18:15,27.47453584,264.8399759,1140
2023/3/23 18:30,9.777670969,224.3368333,1142.25
2023/3/23 18:45,0,186.1618763,1147
2023/3/23 19:00,0,148.5364784,1130.25
2023/3/23 19:15,0,110.4337183,1125.5
2023/3/23 19:30,0,86.9418575,1147
2023/3/23 19:45,0,69.9340505,1130.25
2023/3/23 20:00,0,69.44810851,1149.5
2023/3/23 20:15,0,81.11576005,1142.25
2023/3/23 20:30,0,104.1861976,1142.25
2023/3/23 20:45,0,110.6938713,1135
2023/3/23 21:00,0,119.1088876,1123
2023/3/23 21:15,0,128.2548861,1140
2023/3/23 21:30,0,162.1861212,1111
2023/3/23 21:45,0,187.2362053,1128
2023/3/23 22:00,0,202.0653047,1104
2023/3/23 22:15,0,194.1933905,1104
2023/3/23 22:30,0,170.8825691,1118.25
2023/3/23 22:45,0,157.3851342,1106.25
2023/3/23 23:00,0,144.813234,1123
2023/3/23 23:15,0,138.5804126,1099
2023/3/23 23:30,0,126.5461467,1128
2023/3/23 23:45,0,126.1283161,1116
2023/3/24 00:00,0,121.1442387,1137.5
2023/3/24 00:15,0,116.9196786,1120.75
2023/3/24 00:30,0,120.9660314,1135
2023/3/24 00:45,0,118.7723994,1149.5
2023/3/24 01:00,0,94.42324142,1128
2023/3/24 01:15,0,78.33555304,1144.75
2023/3/24 01:30,0,66.94713716,1130.25
2023/3/24 01:45,0,57.25062376,1130.25
2023/3/24 02:00,0,55.71979273,1135
2023/3/24 02:15,0,52.95039705,1135
2023/3/24 02:30,0,50.04004074,1137.5
2023/3/24 02:45,0,53.29966014,1108.75
2023/3/24 03:00,0,66.59636003,1142.25
2023/3/24 03:15,0,87.51225087,1128
2023/3/24 03:30,0,103.8859817,1147
2023/3/24 03:45,0,148.4132914,1125.5
2023/3/24 04:00,0,190.016096,1132.75
2023/3/24 04:15,0,182.5912607,1120.75
2023/3/24 04:30,0,164.6158618,1116
2023/3/24 04:45,0,158.326899,1113.5
2023/3/24 05:00,0,159.6470068,1087
2023/3/24 05:15,0,130.5939049,1092
2023/3/24 05:30,0.39870327,90.88376001,1118.25
2023/3/24 05:45,8.924116111,100.157121,1111
2023/3/24 06:00,29.48820579,161.8860593,1092
2023/3/24 06:15,55.95972127,237.5264588,1096.75
2023/3/24 06:30,88.79603364,268.3597795,1125.5
2023/3/24 06:45,134.2632099,267.9527806,1118.25
2023/3/24 07:00,188.0345195,302.9818762,1130.25
2023/3/24 07:15,233.6043638,320.1943121,1137.5
2023/3/24 07:30,277.7519082,314.3067525,1152
2023/3/24 07:45,324.4075435,284.3577415,1168.75
2023/3/24 08:00,326.6895427,270.6622947,1188
2023/3/24 08:15,340.5810838,268.0635471,1178.25
2023/3/24 08:30,373.3879068,279.7496356,1192.75
2023/3/24 08:45,396.2466682,276.5552835,1204.75
2023/3/24 09:00,414.661144,280.1686917,1195
2023/3/24 09:15,426.6864304,281.9472947,1226.25
2023/3/24 09:30,459.2069907,270.7638242,1245.5
2023/3/24 09:45,499.4203568,260.1442831,1252.75
2023/3/24 10:00,563.1170266,245.2927165,1257.5
2023/3/24 10:15,618.0428761,243.92657,1257.5
2023/3/24 10:30,676.8363898,273.7659057,1267
2023/3/24 10:45,644.7626468,288.5193143,1252.75
2023/3/24 11:00,491.5340703,284.9198662,1264.75
2023/3/24 11:15,512.8409318,299.3086464,1255
2023/3/24 11:30,540.9852879,305.2995094,1248
2023/3/24 11:45,588.7734471,308.1235479,1233.5
2023/3/24 12:00,609.8768151,323.2191292,1255
2023/3/24 12:15,614.0063737,333.202812,1207
2023/3/24 12:30,608.3449746,330.0806042,1236
2023/3/24 12:45,618.3610832,325.0795513,1216.75
2023/3/24 13:00,619.1971798,335.9678766,1252.75
2023/3/24 13:15,598.1823906,378.9796974,1231
2023/3/24 13:30,577.4241712,428.2850813,1260
2023/3/24 13:45,551.6740798,459.0778654,1260
2023/3/24 14:00,529.0338033,488.0354216,1262.25
2023/3/24 14:15,503.6172176,511.5881619,1281.5
2023/3/24 14:30,471.4361068,541.5403855,1267
2023/3/24 14:45,431.1345189,584.2962897,1255
2023/3/24 15:00,399.5422122,623.4870679,1238.25
2023/3/24 15:15,511.4704736,653.933374,1262.25
2023/3/24 15:30,532.7834318,682.5303372,1260
2023/3/24 15:45,461.8924594,698.4398129,1214.25
2023/3/24 16:00,399.3567823,703.8805416,1231
2023/3/24 16:15,336.7027569,705.3055905,1214.25
2023/3/24 16:30,275.4672599,701.7132214,1236
2023/3/24 16:45,213.9974294,698.7625653,1204.75
2023/3/24 17:00,104.7138998,683.4003367,1200
2023/3/24 17:15,73.27684306,664.0990334,1202.25
2023/3/24 17:30,45.73387467,648.1065486,1200
2023/3/24 17:45,24.25958272,649.7817751,1185.5
2023/3/24 18:00,11.00050695,640.7695381,1188
2023/3/24 18:15,4.474737633,638.6806193,1185.5
2023/3/24 18:30,1.222799896,635.8647658,1166.25
2023/3/24 18:45,0,634.9423702,1173.5
2023/3/24 19:00,0,639.9496745,1154.25
2023/3/24 19:15,0,643.4411611,1176
2023/3/24 19:30,0,642.5835655,1173.5
2023/3/24 19:45,0,633.3278595,1166.25
2023/3/24 20:00,0,591.2377208,1188
2023/3/24 20:15,0,555.8575132,1159
2023/3/24 20:30,0,517.6791995,1176
2023/3/24 20:45,0,496.6204504,1173.5
2023/3/24 21:00,0,483.3417427,1183
2023/3/24 21:15,0,467.4850423,1180.75
2023/3/24 21:30,0,436.3586101,1156.75
2023/3/24 21:45,0,432.0686052,1183
2023/3/24 22:00,0,401.0127312,1159
2023/3/24 22:15,0,420.4919286,1166.25
2023/3/24 22:30,0,470.062816,1159
2023/3/24 22:45,0,508.4624099,1164
2023/3/24 23:00,0,561.3619077,1171
2023/3/24 23:15,0,588.5175291,1176
2023/3/24 23:30,0,593.8749441,1180.75
2023/3/24 23:45,0,580.0513953,1166.25
2023/3/25 00:00,0,561.0699,1180.75
2023/3/25 00:15,0,540.6802964,1164
2023/3/25 00:30,0,536.3299439,1173.5
2023/3/25 00:45,0,545.559872,1159
2023/3/25 01:00,0,540.3802174,1178.25
2023/3/25 01:15,0,553.6974346,1154.25
2023/3/25 01:30,0,543.9186823,1166.25
2023/3/25 01:45,0,525.1415556,1161.5
2023/3/25 02:00,0,507.1644578,1135
2023/3/25 02:15,0,502.539475,1137.5
2023/3/25 02:30,0,483.1295962,1137.5
2023/3/25 02:45,0,441.8310142,1147
2023/3/25 03:00,0,425.2018504,1152
2023/3/25 03:15,0,398.4101227,1152
2023/3/25 03:30,0,390.6361205,1152
2023/3/25 03:45,0,391.0158308,1152
2023/3/25 04:00,0,390.7777155,1132.75
2023/3/25 04:15,0,395.3669025,1128
2023/3/25 04:30,0,382.4695276,1116
2023/3/25 04:45,0,366.4154916,1128
2023/3/25 05:00,0,355.3624524,1118.25
2023/3/25 05:15,0,331.3988644,1113.5
2023/3/25 05:30,0.484149406,309.7557174,1128
2023/3/25 05:45,6.198759819,293.660389,1142.25
2023/3/25 06:00,22.90351652,266.8441888,1111
2023/3/25 06:15,45.37159679,241.3793441,1125.5
2023/3/25 06:30,69.28835288,218.5908749,1149.5
2023/3/25 06:45,94.29795554,224.0532776,1144.75
2023/3/25 07:00,119.6814962,226.1845184,1144.75
2023/3/25 07:15,150.1659971,237.1472002,1161.5
2023/3/25 07:30,181.343517,233.7967555,1178.25
2023/3/25 07:45,215.8588252,223.1118223,1176
2023/3/25 08:00,250.106974,204.3273496,1176
2023/3/25 08:15,298.7605358,197.3017877,1183
2023/3/25 08:30,346.8856859,185.5023543,1212
2023/3/25 08:45,394.7058391,157.2496424,1216.75
2023/3/25 09:00,457.9095998,140.233654,1240.75
2023/3/25 09:15,516.668959,125.7884018,1250.25
2023/3/25 09:30,582.8274199,114.1534387,1260
2023/3/25 09:45,659.8740213,107.8449008,1264.75
2023/3/25 10:00,713.495932,103.7179394,1286.25
2023/3/25 10:15,773.3553177,89.06002889,1262.25
2023/3/25 10:30,828.8038311,79.19402381,1269.5
2023/3/25 10:45,857.4180239,69.62091424,1276.75
2023/3/25 11:00,901.6331486,91.43184732,1252.75
2023/3/25 11:15,921.4131045,128.8355032,1243
2023/3/25 11:30,899.9997166,172.026338,1279
2023/3/25 11:45,877.3808987,213.8246164,1240.75
2023/3/25 12:00,856.9413424,242.8279562,1240.75
2023/3/25 12:15,837.360561,255.4910403,1233.5
2023/3/25 12:30,811.033331,262.4005802,1214.25
2023/3/25 12:45,797.0725721,265.0178336,1224
2023/3/25 13:00,742.7520162,242.6106356,1238.25
2023/3/25 13:15,689.5585498,251.1042985,1288.75
2023/3/25 13:30,637.4617247,264.6876727,1257.5
2023/3/25 13:45,604.6367571,285.2299085,1276.75
2023/3/25 14:00,585.5741772,283.7090452,1274.25
2023/3/25 14:15,551.7955295,287.4875735,1250.25
2023/3/25 14:30,526.652019,286.7837832,1252.75
2023/3/25 14:45,512.2353076,277.9662896,1236
2023/3/25 15:00,507.3352821,282.8746192,1248
2023/3/25 15:15,455.6898854,300.1017601,1252.75
2023/3/25 15:30,394.9926506,320.4803349,1248
2023/3/25 15:45,320.9041146,309.6049831,1255
2023/3/25 16:00,261.3980939,298.7857254,1250.25
2023/3/25 16:15,213.6808668,276.0364046,1243
2023/3/25 16:30,172.191547,272.5414875,1200
2023/3/25 16:45,142.056498,278.8380355,1204.75
2023/3/25 17:00,115.5174005,303.0082516,1197.5
2023/3/25 17:15,88.72964207,335.5914933,1197.5
2023/3/25 17:30,65.07941284,349.0609236,1200
2023/3/25 17:45,47.18650973,356.6070925,1195
2023/3/25 18:00,37.51829158,365.1173808,1188
2023/3/25 18:15,39.66959341,376.9698631,1188
2023/3/25 18:30,13.55537425,377.0869037,1171
2023/3/25 18:45,0,369.912951,1185.5
2023/3/25 19:00,0,338.7378903,1161.5
2023/3/25 19:15,0,299.0895425,1171
2023/3/25 19:30,0,240.6421365,1159
2023/3/25 19:45,0,197.3677524,1168.75
2023/3/25 20:00,0,153.374349,1147
2023/3/25 20:15,0,131.2050861,1147
2023/3/25 20:30,0,184.6324249,1156.75
2023/3/25 20:45,0,240.124542,1149.5
2023/3/25 21:00,0,284.9642988,1156.75
2023/3/25 21:15,0,282.1940596,1137.5
2023/3/25 21:30,0,266.4761304,1166.25
2023/3/25 21:45,0,247.3258609,1137.5
2023/3/25 22:00,0,248.8177419,1161.5
2023/3/25 22:15,0,235.9502974,1142.25
2023/3/25 22:30,0,253.44638,1142.25
2023/3/25 22:45,0,268.7428092,1132.75
2023/3/25 23:00,0,272.5333924,1128
2023/3/25 23:15,0,260.0171017,1130.25
2023/3/25 23:30,0,264.4995176,1135
2023/3/25 23:45,0,310.2294328,1149.5
2023/3/26 00:00,0,350.4094064,1147
2023/3/26 00:15,0,382.9107673,1147
2023/3/26 00:30,0,388.5124176,1161.5
2023/3/26 00:45,0,382.5296742,1135
2023/3/26 01:00,0,389.8222759,1161.5
2023/3/26 01:15,0,432.8065727,1135
2023/3/26 01:30,0,440.4118688,1130.25
2023/3/26 01:45,0,448.1137758,1142.25
2023/3/26 02:00,0,430.0385924,1173.5
2023/3/26 02:15,0,410.978438,1135
2023/3/26 02:30,0,401.2802187,1140
2023/3/26 02:45,0,397.8974804,1154.25
2023/3/26 03:00,0,444.8151745,1130.25
2023/3/26 03:15,0,486.4198559,1111
2023/3/26 03:30,0,488.7798743,1135
2023/3/26 03:45,0,469.0555836,1130.25
2023/3/26 04:00,0,463.4621864,1118.25
2023/3/26 04:15,0,493.4187646,1116
2023/3/26 04:30,0,526.6170571,1144.75
2023/3/26 04:45,0,554.0563552,1099
2023/3/26 05:00,0,577.7776273,1104
2023/3/26 05:15,0,590.4469064,1111
2023/3/26 05:30,0.858725288,593.882779,1092
2023/3/26 05:45,7.736766169,604.9157595,1101.5
2023/3/26 06:00,40.73130828,610.4574254,1125.5
2023/3/26 06:15,77.71977505,623.6838782,1104
2023/3/26 06:30,110.6728099,661.4261343,1108.75
2023/3/26 06:45,145.3833098,679.2997976,1154.25
2023/3/26 07:00,190.7219201,696.1090576,1116
2023/3/26 07:15,234.0024616,703.88804,1130.25
2023/3/26 07:30,279.7241493,694.2077931,1168.75
2023/3/26 07:45,329.3522979,685.404422,1176
2023/3/26 08:00,378.3788588,699.0823246,1171
2023/3/26 08:15,422.6443906,707.3106042,1212
2023/3/26 08:30,474.3405696,709.4600268,1216.75
2023/3/26 08:45,533.1176393,704.7622829,1204.75
2023/3/26 09:00,596.9233418,718.0508518,1240.75
2023/3/26 09:15,670.0355752,710.9413256,1228.75
2023/3/26 09:30,724.2400759,716.3193683,1264.75
2023/3/26 09:45,782.4053826,701.1627073,1276.75
2023/3/26 10:00,836.5215676,701.966922,1276.75
2023/3/26 10:15,858.4576541,694.6107787,1286.25
2023/3/26 10:30,874.5243881,693.769927,1291
2023/3/26 10:45,915.7327046,689.6959359,1274.25
2023/3/26 11:00,937.5860176,702.2211789,1240.75
2023/3/26 11:15,951.1962916,715.4238679,1250.25
2023/3/26 11:30,982.1503465,733.6132396,1255
2023/3/26 11:45,980.2924069,726.8781502,1250.25
2023/3/26 12:00,949.7356284,717.9235504,1248
2023/3/26 12:15,927.0568293,732.2728214,1245.5
2023/3/26 12:30,899.5783379,737.9408102,1233.5
2023/3/26 12:45,889.32514,727.108746,1236
2023/3/26 13:00,873.3924,707.4256208,1238.25
2023/3/26 13:15,849.6913229,695.3731859,1233.5
2023/3/26 13:30,854.5496416,686.7763776,1238.25
2023/3/26 13:45,855.9011574,685.7449642,1238.25
2023/3/26 14:00,839.5096603,671.0145662,1250.25
2023/3/26 14:15,796.7015209,662.3694044,1260
2023/3/26 14:30,767.1510839,670.8028834,1255
2023/3/26 14:45,721.0588487,681.2647688,1267
2023/3/26 15:00,674.8065416,690.1627495,1240.75
2023/3/26 15:15,601.5988751,671.5355093,1269.5
2023/3/26 15:30,513.7868925,671.5829615,1233.5
2023/3/26 15:45,431.6763869,682.6970875,1248
2023/3/26 16:00,363.9777901,694.5881806,1219
2023/3/26 16:15,302.8234286,687.3062325,1240.75
2023/3/26 16:30,233.9528911,681.9567343,1255
2023/3/26 16:45,166.4810579,678.1677599,1221.5
2023/3/26 17:00,132.2698598,660.3548856,1207
2023/3/26 17:15,99.69665628,655.7569034,1195
2023/3/26 17:30,68.62914526,637.8145874,1204.75
2023/3/26 17:45,39.98460667,626.9948986,1195
2023/3/26 18:00,21.71788378,604.6638895,1212
2023/3/26 18:15,14.83865821,589.2822461,1202.25
2023/3/26 18:30,4.617938219,569.0441972,1173.5
2023/3/26 18:45,0,566.288367,1190.25
2023/3/26 19:00,0,581.4787572,1152
2023/3/26 19:15,0,599.9801562,1147
2023/3/26 19:30,0,623.6927663,1128
2023/3/26 19:45,0,637.2301321,1144.75
2023/3/26 20:00,0,642.7122751,1142.25
2023/3/26 20:15,0,630.4377029,1147
2023/3/26 20:30,0,616.5892029,1173.5
2023/3/26 20:45,0,609.7494049,1149.5
2023/3/26 21:00,0,595.6186597,1183
2023/3/26 21:15,0,582.0592485,1168.75
2023/3/26 21:30,0,576.6832357,1185.5
2023/3/26 21:45,0,567.6685199,1161.5
2023/3/26 22:00,0,570.8176867,1190.25
2023/3/26 22:15,0,558.4484515,1178.25
2023/3/26 22:30,0,542.8172059,1161.5
2023/3/26 22:45,0,536.8541078,1164
2023/3/26 23:00,0,539.0162055,1123
2023/3/26 23:15,0,542.7955695,1144.75
2023/3/26 23:30,0,521.2093262,1140
2023/3/26 23:45,0,511.4332849,1147
2023/3/27 00:00,0,521.2182151,1135
2023/3/27 00:15,0,511.0655744,1140
2023/3/27 00:30,0,486.1925008,1156.75
2023/3/27 00:45,0,454.8706745,1130.25
2023/3/27 01:00,0,427.586979,1152
2023/3/27 01:15,0,397.9905743,1140
2023/3/27 01:30,0,371.6213106,1128
2023/3/27 01:45,0,362.3666472,1132.75
2023/3/27 02:00,0,357.7529813,1137.5
2023/3/27 02:15,0,351.0325563,1135
2023/3/27 02:30,0,354.5086821,1125.5
2023/3/27 02:45,0,363.0288264,1154.25
2023/3/27 03:00,0,360.9044968,1135
2023/3/27 03:15,0,348.4439346,1159
2023/3/27 03:30,0,323.2459295,1140
2023/3/27 03:45,0,284.5425913,1156.75
2023/3/27 04:00,0,260.253028,1154.25
2023/3/27 04:15,0,261.5674407,1123
2023/3/27 04:30,0,255.1111192,1149.5
2023/3/27 04:45,0,249.4012598,1113.5
2023/3/27 05:00,0,248.7555387,1142.25
2023/3/27 05:15,0,242.1148009,1152
2023/3/27 05:30,0.627459015,230.0661002,1132.75
2023/3/27 05:45,10.35755207,216.7945125,1149.5
2023/3/27 06:00,34.54834181,206.5211347,1137.5
2023/3/27 06:15,65.99157528,194.6243922,1152
2023/3/27 06:30,105.1001375,191.6845785,1135
2023/3/27 06:45,152.252827,198.6693324,1154.25
2023/3/27 07:00,205.5040681,181.5439034,1149.5
2023/3/27 07:15,254.8493552,178.0078359,1147
2023/3/27 07:30,318.754424,179.8861752,1180.75
2023/3/27 07:45,383.9694949,178.4215041,1173.5
2023/3/27 08:00,423.2052997,184.3086095,1183
2023/3/27 08:15,434.3364859,172.0907516,1192.75
2023/3/27 08:30,472.7727268,188.2398152,1192.75
2023/3/27 08:45,539.352785,198.1402331,1214.25
2023/3/27 09:00,597.2582182,210.0690762,1214.25
2023/3/27 09:15,633.3303004,215.2654034,1238.25
2023/3/27 09:30,688.2523557,222.3291587,1245.5
2023/3/27 09:45,768.2297505,213.2645067,1257.5
2023/3/27 10:00,839.8657211,214.6879885,1236
2023/3/27 10:15,923.2938716,222.492652,1252.75
2023/3/27 10:30,987.9130836,233.2038234,1276.75
2023/3/27 10:45,1046.911665,259.0865805,1257.5
2023/3/27 11:00,1122.359199,278.499885,1255
2023/3/27 11:15,1178.671088,280.2482272,1248
2023/3/27 11:30,1227.821142,298.8737015,1236
2023/3/27 11:45,1239.434262,321.5743335,1240.75
2023/3/27 12:00,1252.705881,345.7565702,1236
2023/3/27 12:15,1255.526089,375.9696819,1233.5
2023/3/27 12:30,1245.933583,423.7089804,1236
2023/3/27 12:45,1223.833739,470.811703,1226.25
2023/3/27 13:00,1218.101277,506.6630607,1226.25
2023/3/27 13:15,1195.619729,528.0703101,1286.25
2023/3/27 13:30,1147.350205,529.7690051,1260
2023/3/27 13:45,1117.016137,529.8891783,1284
2023/3/27 14:00,1068.394952,529.1247615,1284
2023/3/27 14:15,1035.178614,546.7294828,1276.75
2023/3/27 14:30,987.1720823,542.4083329,1272
2023/3/27 14:45,933.5246509,520.7653103,1255
2023/3/27 15:00,875.3946249,506.7243402,1276.75
2023/3/27 15:15,814.3864712,498.5733518,1284
2023/3/27 15:30,749.776841,502.295136,1276.75
2023/3/27 15:45,667.0432481,503.2954757,1269.5
2023/3/27 16:00,593.0002659,493.914918,1267
2023/3/27 16:15,511.8605077,494.8315675,1248
2023/3/27 16:30,429.0403524,494.1297454,1252.75
2023/3/27 16:45,343.7476591,488.9159975,1214.25
2023/3/27 17:00,264.8534649,479.9333325,1207
2023/3/27 17:15,194.0693586,459.1168778,1192.75
2023/3/27 17:30,130.3483705,430.7302248,1202.25
2023/3/27 17:45,78.70079784,394.6868028,1204.75
2023/3/27 18:00,37.81584783,354.273556,1204.75
2023/3/27 18:15,14.89860801,321.724467,1214.25
2023/3/27 18:30,7.984160544,299.4552638,1204.75
2023/3/27 18:45,0,287.5769035,1221.5
2023/3/27 19:00,0,275.3837993,1207
2023/3/27 19:15,0,280.9524953,1202.25
2023/3/27 19:30,0,286.685487,1207
2023/3/27 19:45,0,294.3774877,1214.25
2023/3/27 20:00,0,326.995128,1214.25
2023/3/27 20:15,0,354.5226768,1188
2023/3/27 20:30,0,356.4062965,1195
2023/3/27 20:45,0,325.1951456,1200
2023/3/27 21:00,0,265.1210615,1195
2023/3/27 21:15,0,220.3467868,1180.75
2023/3/27 21:30,0,183.9002764,1183
2023/3/27 21:45,0,142.8845228,1192.75
2023/3/27 22:00,0,111.7428948,1176
2023/3/27 22:15,0,87.17990678,1168.75
2023/3/27 22:30,0,66.86598387,1144.75
2023/3/27 22:45,0,56.89689416,1166.25
2023/3/27 23:00,0,49.55643256,1156.75
2023/3/27 23:15,0,45.90367765,1142.25
2023/3/27 23:30,0,44.10885106,1161.5
2023/3/27 23:45,0,40.35758601,1176
2023/3/28 00:00,0,40.54367632,1161.5
2023/3/28 00:15,0,36.70541922,1142.25
2023/3/28 00:30,0,31.14155575,1159
2023/3/28 00:45,0,22.13238873,1135
2023/3/28 01:00,0,21.75740866,1137.5
2023/3/28 01:15,0,26.29915133,1132.75
2023/3/28 01:30,0,31.65879173,1142.25
2023/3/28 01:45,0,41.33328329,1116
2023/3/28 02:00,0,55.55212281,1140
2023/3/28 02:15,0,68.64636575,1161.5
2023/3/28 02:30,0,94.05345654,1130.25
2023/3/28 02:45,0,106.6119528,1130.25
2023/3/28 03:00,0,103.9080879,1142.25
2023/3/28 03:15,0,93.67150755,1152
2023/3/28 03:30,0,87.57251657,1135
2023/3/28 03:45,0,102.9285741,1123
2023/3/28 04:00,0,99.58311633,1123
2023/3/28 04:15,0,89.82500442,1118.25
2023/3/28 04:30,0,70.96141168,1096.75
2023/3/28 04:45,0,64.99496117,1099
2023/3/28 05:00,0,62.75684132,1094.25
2023/3/28 05:15,0,60.72576021,1104
2023/3/28 05:30,2.264901743,68.01430835,1101.5
2023/3/28 05:45,19.65197183,75.19930527,1096.75
2023/3/28 06:00,53.07200123,69.09088458,1111
2023/3/28 06:15,99.09640199,70.93989522,1137.5
2023/3/28 06:30,156.4225776,69.61831889,1111
2023/3/28 06:45,226.0208094,68.03922123,1118.25
2023/3/28 07:00,304.2296892,63.59719622,1135
2023/3/28 07:15,387.1675468,63.82140713,1154.25
2023/3/28 07:30,477.3702578,60.05235425,1140
2023/3/28 07:45,562.153218,61.77637135,1159
2023/3/28 08:00,648.3887099,63.63503845,1166.25
2023/3/28 08:15,730.7258286,66.82422511,1197.5
2023/3/28 08:30,813.6576732,62.30164557,1207
2023/3/28 08:45,887.599509,54.26045404,1188
2023/3/28 09:00,950.6137198,53.50033203,1219
2023/3/28 09:15,1011.116182,53.55939294,1245.5
2023/3/28 09:30,1075.080279,52.66993511,1248
2023/3/28 09:45,1118.611157,53.40790861,1274.25
2023/3/28 10:00,1158.638111,63.59128939,1252.75
2023/3/28 10:15,1195.130576,75.06985478,1238.25
2023/3/28 10:30,1231.221716,73.21051974,1231
2023/3/28 10:45,1256.210017,83.46577905,1238.25
2023/3/28 11:00,1280.975724,156.1409072,1245.5
2023/3/28 11:15,1280.683031,214.932107,1257.5
2023/3/28 11:30,1275.908494,209.9048627,1236
2023/3/28 11:45,1280.428937,217.3344535,1228.75
2023/3/28 12:00,1282.029884,216.4787668,1243
2023/3/28 12:15,1269.250807,211.024863,1207
2023/3/28 12:30,1253.450194,186.2253783,1185.5
2023/3/28 12:45,1262.749488,174.0237202,1168.75
2023/3/28 13:00,1252.625634,175.9486203,1178.25
2023/3/28 13:15,1219.711591,172.6130958,1183
2023/3/28 13:30,1193.495678,159.1057387,1212
2023/3/28 13:45,1155.893857,139.8253453,1228.75
2023/3/28 14:00,1123.255118,128.3132221,1212
2023/3/28 14:15,1082.004429,118.6447092,1207
2023/3/28 14:30,1022.21174,118.0944966,1219
2023/3/28 14:45,970.7076877,125.2756952,1216.75
2023/3/28 15:00,909.1652144,140.045838,1171
2023/3/28 15:15,839.7566903,145.0565762,1183
2023/3/28 15:30,755.0561581,144.3892062,1216.75
2023/3/28 15:45,672.4506653,143.6650377,1188
2023/3/28 16:00,598.7259716,127.3047343,1192.75
2023/3/28 16:15,509.6081172,129.68225,1192.75
2023/3/28 16:30,423.6883995,137.5127714,1216.75
2023/3/28 16:45,340.0279487,119.1262238,1183
2023/3/28 17:00,262.223283,104.3897626,1166.25
2023/3/28 17:15,195.935113,106.1873773,1154.25
2023/3/28 17:30,138.1420284,95.34213879,1144.75
2023/3/28 17:45,87.38251035,81.13495096,1149.5
2023/3/28 18:00,48.68730751,71.13979174,1140
2023/3/28 18:15,26.34327332,65.58766502,1140
2023/3/28 18:30,12.1598889,55.5410853,1130.25
2023/3/28 18:45,0,46.34960543,1130.25
2023/3/28 19:00,0,41.59522645,1108.75
2023/3/28 19:15,0,39.22288171,1108.75
2023/3/28 19:30,0,34.80391218,1113.5
2023/3/28 19:45,0,35.4608828,1101.5
2023/3/28 20:00,0,35.26949289,1111
2023/3/28 20:15,0,35.88464927,1099
2023/3/28 20:30,0,40.67134442,1096.75
2023/3/28 20:45,0,41.93192293,1101.5
2023/3/28 21:00,0,40.12523005,1077.5
2023/3/28 21:15,0,37.45107527,1113.5
2023/3/28 21:30,0,31.49924108,1104
2023/3/28 21:45,0,25.64479692,1082.25
2023/3/28 22:00,0,21.75757005,1082.25
2023/3/28 22:15,0,19.91812637,1099
2023/3/28 22:30,0,14.82385448,1075
2023/3/28 22:45,0,10.74997912,1070.25
2023/3/28 23:00,0,9.537938937,1084.75
2023/3/28 23:15,0,8.106681239,1082.25
2023/3/28 23:30,0,9.859221877,1080
2023/3/28 23:45,0,9.853694468,1072.75
2023/3/29 00:00,0,6.15263925,1077.5
2023/3/29 00:15,0,6.011093296,1084.75
2023/3/29 00:30,0,6.859681795,1084.75
2023/3/29 00:45,0,5.510793316,1068
2023/3/29 01:00,0,4.132262689,1099
2023/3/29 01:15,0,2.991735794,1089.5
2023/3/29 01:30,0,3.107536098,1108.75
2023/3/29 01:45,0,3.138694662,1084.75
2023/3/29 02:00,0,3.954510303,1080
2023/3/29 02:15,0,3.624697251,1082.25
2023/3/29 02:30,0,2.400211562,1087
2023/3/29 02:45,0,1.5271842,1092
2023/3/29 03:00,0,1.090630648,1070.25
2023/3/29 03:15,0,1.186339003,1080
2023/3/29 03:30,0,0.870714078,1094.25
2023/3/29 03:45,0,0.826722564,1075
2023/3/29 04:00,0,0.840285542,1072.75
2023/3/29 04:15,0,0.88343419,1089.5
2023/3/29 04:30,0,1.101860298,1099
2023/3/29 04:45,0,0.926098839,1082.25
2023/3/29 05:00,0,0.684172275,1106.25
2023/3/29 05:15,0,0.783235034,1137.5
2023/3/29 05:30,1.999656983,0.696383906,1128
2023/3/29 05:45,16.24495042,0.733146779,1128
2023/3/29 06:00,49.97861867,0.949241098,1106.25
2023/3/29 06:15,95.31863639,0.708296923,1120.75
2023/3/29 06:30,149.547603,0.76074963,1101.5
2023/3/29 06:45,203.8338825,0.674933922,1123
2023/3/29 07:00,277.9985765,0.737970931,1113.5
2023/3/29 07:15,371.4603641,0.545129388,1123
2023/3/29 07:30,456.2949329,0.565765644,1140
2023/3/29 07:45,531.8688867,0.546340905,1140
2023/3/29 08:00,613.378548,1.399849183,1159
2023/3/29 08:15,698.5048478,1.894072303,1159
2023/3/29 08:30,789.8932585,2.970777056,1149.5
2023/3/29 08:45,881.1781323,3.031989254,1149.5
2023/3/29 09:00,961.3252618,3.152030647,1171
2023/3/29 09:15,1024.982767,3.232079604,1171
2023/3/29 09:30,1081.8361,2.833068797,1156.75
2023/3/29 09:45,1128.547087,3.796644278,1152
2023/3/29 10:00,1172.028276,4.988160895,1164
2023/3/29 10:15,1197.566353,5.566812012,1161.5
2023/3/29 10:30,1222.183161,7.402251135,1154.25
2023/3/29 10:45,1249.478133,7.156733127,1159
2023/3/29 11:00,1278.05502,7.853169911,1147
2023/3/29 11:15,1292.533205,10.56255398,1159
2023/3/29 11:30,1303.181219,11.03125839,1154.25
2023/3/29 11:45,1276.593143,11.2538641,1149.5
2023/3/29 12:00,1282.689654,9.927390986,1173.5
2023/3/29 12:15,1291.31923,14.90017158,1144.75
2023/3/29 12:30,1270.68516,13.72911302,1156.75
2023/3/29 12:45,1249.364381,10.37888797,1154.25
2023/3/29 13:00,1230.516234,9.992627573,1156.75
2023/3/29 13:15,1205.17419,14.45187864,1154.25
2023/3/29 13:30,1183.256794,14.95633292,1156.75
2023/3/29 13:45,1136.40218,13.98448684,1168.75
2023/3/29 14:00,1094.472574,16.12158502,1166.25
2023/3/29 14:15,1040.085773,16.46513208,1149.5
2023/3/29 14:30,982.0409459,17.67291447,1147
2023/3/29 14:45,931.2069463,16.6466445,1176
2023/3/29 15:00,847.5221645,10.16445246,1147
2023/3/29 15:15,773.958946,14.22289441,1149.5
2023/3/29 15:30,691.221536,14.9603373,1166.25
2023/3/29 15:45,584.6072912,13.23715493,1166.25
2023/3/29 16:00,498.8142539,12.09882137,1154.25
2023/3/29 16:15,413.590144,8.540822739,1154.25
2023/3/29 16:30,335.3566232,6.314100725,1159
2023/3/29 16:45,272.6471346,3.708984363,1140
2023/3/29 17:00,218.3606198,4.150650503,1144.75
2023/3/29 17:15,143.9490707,3.257724879,1132.75
2023/3/29 17:30,90.26593429,2.044385452,1135
2023/3/29 17:45,62.97002489,1.90980969,1152
2023/3/29 18:00,35.11889797,1.35499561,1140
2023/3/29 18:15,19.57704172,1.909497816,1132.75
2023/3/29 18:30,13.43097674,1.936839122,1152
2023/3/29 18:45,0.027574489,3.155267296,1123
2023/3/29 19:00,0,4.083720109,1108.75
2023/3/29 19:15,0,4.476249814,1144.75
2023/3/29 19:30,0,7.87249841,1118.25
2023/3/29 19:45,0,12.77554097,1120.75
2023/3/29 20:00,0,21.27667508,1130.25
2023/3/29 20:15,0,31.56467488,1140
2023/3/29 20:30,0,39.23519981,1135
2023/3/29 20:45,0,36.09206435,1140
2023/3/29 21:00,0,40.10558307,1130.25
2023/3/29 21:15,0,50.21337476,1144.75
2023/3/29 21:30,0,61.19454764,1164
2023/3/29 21:45,0,73.90531557,1140
2023/3/29 22:00,0,98.83589216,1142.25
2023/3/29 22:15,0,121.3544951,1142.25
2023/3/29 22:30,0,133.1271666,1154.25
2023/3/29 22:45,0,149.2115293,1137.5
2023/3/29 23:00,0,161.7729304,1144.75
2023/3/29 23:15,0,184.6679494,1147
2023/3/29 23:30,0,178.8350628,1166.25
2023/3/29 23:45,0,165.2925078,1142.25
2023/3/30 00:00,0,160.0731747,1140
2023/3/30 00:15,0,152.9245594,1154.25
2023/3/30 00:30,0,157.0999322,1149.5
2023/3/30 00:45,0,166.1624793,1147
2023/3/30 01:00,0,189.8194987,1130.25
2023/3/30 01:15,0,217.0421997,1142.25
2023/3/30 01:30,0,224.4117314,1154.25
2023/3/30 01:45,0,238.010016,1142.25
2023/3/30 02:00,0,248.9523237,1135
2023/3/30 02:15,0,257.8279179,1142.25
2023/3/30 02:30,0,263.9786985,1130.25
2023/3/30 02:45,0,281.7311791,1135
2023/3/30 03:00,0,275.1639505,1132.75
2023/3/30 03:15,0,287.2918125,1123
2023/3/30 03:30,0,303.7097281,1118.25
2023/3/30 03:45,0,348.3622233,1118.25
2023/3/30 04:00,0,380.3416578,1118.25
2023/3/30 04:15,0,400.9705054,1120.75
2023/3/30 04:30,0,414.2950193,1106.25
2023/3/30 04:45,0,414.0699491,1089.5
2023/3/30 05:00,0,429.1673482,1116
2023/3/30 05:15,0,444.8764029,1092
2023/3/30 05:30,2.136856877,472.311154,1094.25
2023/3/30 05:45,18.28841594,477.0543245,1089.5
2023/3/30 06:00,46.36135913,449.0383145,1108.75
2023/3/30 06:15,86.53090426,463.8088875,1092
2023/3/30 06:30,129.9291008,454.7332789,1084.75
2023/3/30 06:45,180.1817241,421.1521703,1092
2023/3/30 07:00,248.4328684,384.9826139,1116
2023/3/30 07:15,354.27166,345.7402217,1120.75
2023/3/30 07:30,433.8325711,432.0701691,1111
2023/3/30 07:45,483.9173769,554.43675,1120.75
2023/3/30 08:00,481.906268,656.10919,1140
2023/3/30 08:15,507.0609602,694.824024,1147
2023/3/30 08:30,589.2541335,702.2990557,1125.5
2023/3/30 08:45,653.1570884,705.4242557,1128
2023/3/30 09:00,680.6776812,689.7550319,1130.25
2023/3/30 09:15,711.6608459,681.2608142,1120.75
2023/3/30 09:30,766.4320806,659.8596608,1137.5
2023/3/30 09:45,803.2647903,636.7298801,1128
2023/3/30 10:00,829.3180314,649.0457813,1125.5
2023/3/30 10:15,826.9524495,671.8406474,1118.25
2023/3/30 10:30,820.620351,688.9817508,1123
2023/3/30 10:45,867.2679072,686.5862594,1140
2023/3/30 11:00,941.8773754,664.7750479,1111
2023/3/30 11:15,1036.71536,646.705672,1125.5
2023/3/30 11:30,1060.009525,671.7985423,1108.75
2023/3/30 11:45,1074.827113,680.5858911,1130.25
2023/3/30 12:00,1060.743187,658.3802186,1108.75
2023/3/30 12:15,1141.411537,652.2257233,1104
2023/3/30 12:30,1166.581043,680.0131632,1106.25
2023/3/30 12:45,1092.094846,711.5893231,1130.25
2023/3/30 13:00,1027.111239,739.8327812,1113.5
2023/3/30 13:15,1041.905228,756.6896849,1108.75
2023/3/30 13:30,1048.518164,762.1459174,1135
2023/3/30 13:45,995.3475726,755.5602087,1118.25
2023/3/30 14:00,897.5944518,619.7943066,1118.25
2023/3/30 14:15,795.157803,616.3051249,1128
2023/3/30 14:30,796.8413799,731.4961041,1125.5
2023/3/30 14:45,775.4203365,725.9251213,1130.25
2023/3/30 15:00,725.8625415,718.2352704,1120.75
2023/3/30 15:15,683.7268601,725.8332526,1123
2023/3/30 15:30,641.0207496,729.9438236,1106.25
2023/3/30 15:45,577.6380888,723.166692,1113.5
2023/3/30 16:00,502.04306,714.862643,1087
2023/3/30 16:15,435.3820359,696.736582,1118.25
2023/3/30 16:30,357.0139819,680.7220734,1089.5
2023/3/30 16:45,280.0776512,659.0149007,1087
2023/3/30 17:00,211.5575989,636.1764699,1080
2023/3/30 17:15,152.1696225,618.3501509,1082.25
2023/3/30 17:30,111.4364558,615.4471436,1101.5
2023/3/30 17:45,70.11092068,610.498362,1080
2023/3/30 18:00,39.42874661,591.0182015,1101.5
2023/3/30 18:15,22.00242606,581.695428,1087
2023/3/30 18:30,13.66428812,581.1851816,1116
2023/3/30 18:45,0.027834625,565.9442523,1087
2023/3/30 19:00,0,539.8044193,1072.75
2023/3/30 19:15,0,510.1936251,1099
2023/3/30 19:30,0,488.2042116,1094.25
2023/3/30 19:45,0,463.2152669,1113.5
2023/3/30 20:00,0,430.538013,1092
2023/3/30 20:15,0,428.4558027,1113.5
2023/3/30 20:30,0,430.892509,1113.5
2023/3/30 20:45,0,437.6715263,1096.75
2023/3/30 21:00,0,445.6301145,1094.25
2023/3/30 21:15,0,484.3668985,1108.75
2023/3/30 21:30,0,529.1524671,1118.25
2023/3/30 21:45,0,534.1745021,1099
2023/3/30 22:00,0,509.9377404,1099
2023/3/30 22:15,0,486.3710383,1106.25
2023/3/30 22:30,0,459.622017,1096.75
2023/3/30 22:45,0,434.2634479,1094.25
2023/3/30 23:00,0,419.2902622,1072.75
2023/3/30 23:15,0,398.6567435,1087
2023/3/30 23:30,0,388.595851,1104
2023/3/30 23:45,0,384.8225439,1087
2023/3/31 00:00,0,379.5539167,1092
2023/3/31 00:15,0,382.7203602,1123
2023/3/31 00:30,0,392.1300535,1104
2023/3/31 00:45,0,412.2739033,1094.25
2023/3/31 01:00,0,421.6197357,1096.75
2023/3/31 01:15,0,438.5690243,1116
2023/3/31 01:30,0,454.1685503,1120.75
2023/3/31 01:45,0,459.5696581,1101.5
2023/3/31 02:00,0,434.3081749,1101.5
2023/3/31 02:15,0,415.0715917,1106.25
2023/3/31 02:30,0,390.4964245,1106.25
2023/3/31 02:45,0,388.4591716,1092
2023/3/31 03:00,0,381.131944,1089.5
2023/3/31 03:15,0,384.0827592,1113.5
2023/3/31 03:30,0,388.0390866,1116
2023/3/31 03:45,0,371.7663955,1106.25
2023/3/31 04:00,0,379.3737112,1106.25
2023/3/31 04:15,0,396.4793632,1089.5
2023/3/31 04:30,0,395.5425219,1089.5
2023/3/31 04:45,0,391.2933788,1068
2023/3/31 05:00,0,407.7869836,1077.5
2023/3/31 05:15,0,411.2825731,1063
2023/3/31 05:30,7.160009627,419.6963484,1080
2023/3/31 05:45,28.61803654,411.4337987,1084.75
2023/3/31 06:00,64.09725613,417.6782863,1080
2023/3/31 06:15,104.0623008,468.2572672,1058.25
2023/3/31 06:30,153.6266721,492.7882865,1080
2023/3/31 06:45,218.0757718,483.6302942,1128
2023/3/31 07:00,280.244879,480.5815771,1077.5
2023/3/31 07:15,353.6257885,472.388013,1084.75
2023/3/31 07:30,431.5929927,487.8964827,1077.5
2023/3/31 07:45,508.7147895,502.6349165,1116
2023/3/31 08:00,608.7734225,515.3171471,1135
2023/3/31 08:15,708.5295383,521.3230408,1113.5
2023/3/31 08:30,772.5594883,528.9989544,1123
2023/3/31 08:45,830.9186161,522.7229349,1128
2023/3/31 09:00,900.7315114,540.0191871,1140
2023/3/31 09:15,972.4489105,548.7496292,1120.75
2023/3/31 09:30,1038.127386,559.5279952,1123
2023/3/31 09:45,1087.836825,584.9917377,1140
2023/3/31 10:00,1124.898609,607.4457082,1142.25
2023/3/31 10:15,1172.077814,626.2884853,1154.25
2023/3/31 10:30,1212.65217,636.4689076,1130.25
2023/3/31 10:45,1239.615475,653.8208253,1147
2023/3/31 11:00,1288.513296,664.1255635,1128
2023/3/31 11:15,1314.619777,681.5072289,1130.25
2023/3/31 11:30,1316.555321,699.1484686,1130.25
2023/3/31 11:45,1319.352962,719.3735421,1142.25
2023/3/31 12:00,1318.743917,730.9007541,1118.25
2023/3/31 12:15,1305.400318,740.725094,1123
2023/3/31 12:30,1287.904727,746.5494366,1130.25
2023/3/31 12:45,1270.371556,630.1903192,1125.5
2023/3/31 13:00,1254.000471,638.7299418,1125.5
2023/3/31 13:15,1238.794915,637.8813966,1142.25
2023/3/31 13:30,1203.364262,765.288113,1132.75
2023/3/31 13:45,1144.740511,757.7262417,1147
2023/3/31 14:00,1087.819477,753.8351255,1159
2023/3/31 14:15,1053.853941,746.2737892,1137.5
2023/3/31 14:30,1002.315232,746.0614517,1147
2023/3/31 14:45,936.8822279,612.8257987,1137.5
2023/3/31 15:00,880.4084228,604.4656461,1123
2023/3/31 15:15,793.6707792,603.5615723,1111
2023/3/31 15:30,730.3962308,603.7589427,1113.5
2023/3/31 15:45,651.9482658,602.5267444,1128
2023/3/31 16:00,576.312015,598.7151057,1108.75
2023/3/31 16:15,489.6829597,591.1842197,1116
2023/3/31 16:30,402.5386073,710.9972908,1113.5
2023/3/31 16:45,327.3662388,686.9876071,1104
2023/3/31 17:00,252.5068478,621.1545819,1118.25
2023/3/31 17:15,192.0014191,587.186067,1099
2023/3/31 17:30,138.1600222,577.9828159,1118.25
2023/3/31 17:45,89.41639827,572.2274278,1106.25
2023/3/31 18:00,50.42017963,572.3725956,1128
2023/3/31 18:15,25.29955437,565.9575894,1120.75
2023/3/31 18:30,12.27388036,538.8062267,1099
2023/3/31 18:45,0.027314352,522.1359588,1099
2023/3/31 19:00,0,500.6385094,1104
2023/3/31 19:15,0,482.2986485,1118.25
2023/3/31 19:30,0,446.4432857,1094.25
2023/3/31 19:45,0,411.1114094,1108.75
2023/3/31 20:00,0,376.4742929,1101.5
2023/3/31 20:15,0,361.066266,1094.25
2023/3/31 20:30,0,340.2157352,1101.5
2023/3/31 20:45,0,307.7989021,1101.5
2023/3/31 21:00,0,282.7472821,1092
2023/3/31 21:15,0,254.3734752,1104
2023/3/31 21:30,0,225.9198058,1108.75
2023/3/31 21:45,0,190.3964543,1101.5
2023/3/31 22:00,0,168.8618137,1116
2023/3/31 22:15,0,149.4812826,1113.5
2023/3/31 22:30,0,131.032078,1104
2023/3/31 22:45,0,114.5462194,1123
2023/3/31 23:00,0,101.5038613,1101.5
2023/3/31 23:15,0,88.48176296,1123
2023/3/31 23:30,0,81.77398326,1108.75
2023/3/31 23:45,0,76.37929312,1113.5
2023/4/1 00:00,0,69.04031025,1137.5
2023/4/1 00:15,0,60.57454578,1111
2023/4/1 00:30,0,52.63202174,1140
2023/4/1 00:45,0,45.83378258,1118.25
2023/4/1 01:00,0,40.35745265,1142.25
2023/4/1 01:15,0,36.72761697,1120.75
2023/4/1 01:30,0,35.29888172,1128
2023/4/1 01:45,0,32.46486528,1113.5
2023/4/1 02:00,0,33.228259,1116
2023/4/1 02:15,0,31.06106848,1108.75
2023/4/1 02:30,0,35.68920929,1111
2023/4/1 02:45,0,37.5911958,1123
2023/4/1 03:00,0,34.98634943,1116
2023/4/1 03:15,0,40.04454669,1128
2023/4/1 03:30,0,41.61689332,1106.25
2023/4/1 03:45,0,37.54062084,1106.25
2023/4/1 04:00,0,37.3768847,1111
2023/4/1 04:15,0,41.3152925,1094.25
2023/4/1 04:30,0,40.36199109,1099
2023/4/1 04:45,0,39.46436853,1099
2023/4/1 05:00,0,39.47441438,1111
2023/4/1 05:15,0.002567859,38.82431483,1094.25
2023/4/1 05:30,5.223034213,38.38281483,1104
2023/4/1 05:45,29.35785353,37.84173753,1111
2023/4/1 06:00,68.04662088,37.27987941,1130.25
2023/4/1 06:15,117.0511749,35.42083877,1111
2023/4/1 06:30,174.0986055,32.71653067,1104
2023/4/1 06:45,240.3759552,25.75763031,1128
2023/4/1 07:00,321.9344915,22.4890447,1159
2023/4/1 07:15,403.2795582,31.44937678,1152
2023/4/1 07:30,488.2123769,37.95258646,1161.5
2023/4/1 07:45,572.4509385,44.58466356,1176
2023/4/1 08:00,652.7101607,49.83067382,1204.75
2023/4/1 08:15,728.0444378,45.91462859,1219
2023/4/1 08:30,801.4620679,49.48415645,1202.25
2023/4/1 08:45,874.2858898,43.31158486,1204.75
2023/4/1 09:00,952.6350592,51.82725601,1202.25
2023/4/1 09:15,1013.982145,45.51586228,1233.5
2023/4/1 09:30,1070.429417,47.03991218,1209.5
2023/4/1 09:45,1119.678276,54.67232374,1221.5
2023/4/1 10:00,1164.432358,56.01709202,1240.75
2023/4/1 10:15,1203.171346,56.4789245,1255
2023/4/1 10:30,1231.072987,61.31189043,1281.5
2023/4/1 10:45,1249.221605,67.43223945,1269.5
2023/4/1 11:00,1267.6133,82.99727725,1245.5
2023/4/1 11:15,1293.452673,114.3596393,1276.75
2023/4/1 11:30,1310.195443,138.469194,1281.5
2023/4/1 11:45,1299.313106,157.6598467,1272
2023/4/1 12:00,1301.182396,161.0500147,1269.5
2023/4/1 12:15,1289.406229,164.1577929,1250.25
2023/4/1 12:30,1265.586249,162.7349949,1240.75
2023/4/1 12:45,1223.201274,170.459167,1257.5
2023/4/1 13:00,1161.852787,174.083909,1264.75
2023/4/1 13:15,1142.173518,191.7854157,1245.5
2023/4/1 13:30,1104.101209,201.6811271,1267
2023/4/1 13:45,1060.021531,200.0008222,1274.25
2023/4/1 14:00,1044.491622,213.444881,1296
2023/4/1 14:15,1029.333624,232.8397029,1300.75
2023/4/1 14:30,939.9438719,228.9724694,1279
2023/4/1 14:45,868.0308644,225.3216568,1262.25
2023/4/1 15:00,813.030648,234.5615866,1284
2023/4/1 15:15,728.3647695,241.1231686,1286.25
2023/4/1 15:30,665.8776774,241.8256923,1260
2023/4/1 15:45,598.6532083,239.2029807,1267
2023/4/1 16:00,527.4470377,239.2317643,1269.5
2023/4/1 16:15,457.1286186,238.2633102,1269.5
2023/4/1 16:30,400.5953488,214.9891117,1291
2023/4/1 16:45,343.3313592,211.1235802,1281.5
2023/4/1 17:00,271.8961739,208.1698408,1250.25
2023/4/1 17:15,215.3776267,202.0339942,1236
2023/4/1 17:30,151.4115072,204.4083348,1245.5
2023/4/1 17:45,96.64589803,195.1539562,1224
2023/4/1 18:00,47.44053276,182.0332753,1226.25
2023/4/1 18:15,17.05177399,171.0662362,1214.25
2023/4/1 18:30,7.507843372,155.7007442,1221.5
2023/4/1 18:45,0.028094762,137.3798817,1209.5
2023/4/1 19:00,0,127.8611256,1200
2023/4/1 19:15,0,116.9313829,1212
2023/4/1 19:30,0,114.2663113,1190.25
2023/4/1 19:45,0,108.5240602,1190.25
2023/4/1 20:00,0,109.3411252,1183
2023/4/1 20:15,0,110.5822308,1188
2023/4/1 20:30,0,99.33524198,1171
2023/4/1 20:45,0,92.7128806,1176
2023/4/1 21:00,0,97.03237559,1173.5
2023/4/1 21:15,0,99.85632125,1166.25
2023/4/1 21:30,0,106.7166402,1185.5
2023/4/1 21:45,0,109.0195959,1171
2023/4/1 22:00,0,101.8944616,1168.75
2023/4/1 22:15,0,109.6961686,1183
2023/4/1 22:30,0,117.6761605,1164
2023/4/1 22:45,0,107.9856497,1159
2023/4/1 23:00,0,100.6330893,1152
2023/4/1 23:15,0,97.48590382,1132.75
2023/4/1 23:30,0,85.87008113,1152
2023/4/1 23:45,0,78.21652442,1154.25
2023/4/2 00:00,0,75.14279857,1166.25
2023/4/2 00:15,0,73.33977524,1152
2023/4/2 00:30,0,66.62920374,1140
2023/4/2 00:45,0,57.47877001,1140
2023/4/2 01:00,0,48.27455195,1159
2023/4/2 01:15,0,40.61718141,1164
2023/4/2 01:30,0,41.155523,1156.75
2023/4/2 01:45,0,36.6484145,1156.75
2023/4/2 02:00,0,37.71008717,1156.75
2023/4/2 02:15,0,37.69033174,1159
2023/4/2 02:30,0,32.9026095,1159
2023/4/2 02:45,0,29.69583981,1149.5
2023/4/2 03:00,0,25.44584986,1142.25
2023/4/2 03:15,0,24.12289688,1152
2023/4/2 03:30,0,25.03785952,1156.75
2023/4/2 03:45,0,23.9068285,1140
2023/4/2 04:00,0,27.8182237,1144.75
2023/4/2 04:15,0,27.7076316,1156.75
2023/4/2 04:30,0,23.80089782,1159
2023/4/2 04:45,0,22.60317265,1156.75
2023/4/2 05:00,0,19.4932674,1161.5
2023/4/2 05:15,0,17.06847267,1152
2023/4/2 05:30,3.711915813,14.33604145,1171
2023/4/2 05:45,21.60508717,12.1868899,1156.75
2023/4/2 06:00,52.8744501,13.57299782,1137.5
2023/4/2 06:15,90.12804152,12.12777757,1140
2023/4/2 06:30,138.5811315,7.544404347,1164
2023/4/2 06:45,193.0112367,7.435889308,1171
2023/4/2 07:00,258.6547096,8.013775493,1164
2023/4/2 07:15,331.0903981,9.323071165,1180.75
2023/4/2 07:30,402.3419738,11.48170441,1195
2023/4/2 07:45,475.1246602,14.33638366,1228.75
2023/4/2 08:00,557.5974762,14.11669248,1236
2023/4/2 08:15,656.1346699,13.45844942,1236
2023/4/2 08:30,728.0731177,14.51894278,1240.75
2023/4/2 08:45,799.6892812,13.64787255,1245.5
2023/4/2 09:00,855.308571,15.38224646,1252.75
2023/4/2 09:15,866.0827527,14.64893513,1274.25
2023/4/2 09:30,891.6633753,10.89828488,1286.25
2023/4/2 09:45,972.2812959,9.280878703,1293.5
2023/4/2 10:00,1088.81729,11.41722003,1298.25
2023/4/2 10:15,1151.654046,14.69383257,1322.25
2023/4/2 10:30,1181.536437,17.00072993,1320
2023/4/2 10:45,1215.073239,14.83471802,1315
2023/4/2 11:00,1240.120164,17.24735809,1298.25
2023/4/2 11:15,1240.662774,23.77530414,1317.5
2023/4/2 11:30,1230.650618,26.41939687,1327
2023/4/2 11:45,1283.474394,21.65655699,1327
2023/4/2 12:00,1250.486215,23.36931705,1320
2023/4/2 12:15,1222.253509,23.64238877,1315
2023/4/2 12:30,1211.364896,28.853693,1303
2023/4/2 12:45,1203.219249,36.44970226,1288.75
2023/4/2 13:00,1168.049295,34.79793107,1286.25
2023/4/2 13:15,1082.880773,31.70705245,1298.25
2023/4/2 13:30,999.0215483,27.95665688,1308
2023/4/2 13:45,959.4696669,24.49513293,1308
2023/4/2 14:00,1017.711526,26.36852731,1300.75
2023/4/2 14:15,1024.927829,27.03459317,1339
2023/4/2 14:30,941.3226614,27.22108789,1298.25
2023/4/2 14:45,857.704261,23.50237214,1315
2023/4/2 15:00,766.6338866,28.94518832,1312.75
2023/4/2 15:15,718.7360085,26.90571262,1298.25
2023/4/2 15:30,627.6266145,23.59300139,1332
2023/4/2 15:45,547.5938184,25.42766167,1288.75
2023/4/2 16:00,463.7102881,19.87729472,1300.75
2023/4/2 16:15,397.7401793,14.13262206,1279
2023/4/2 16:30,315.7598816,11.78864422,1252.75
2023/4/2 16:45,261.1615379,8.061191084,1240.75
2023/4/2 17:00,230.4952784,5.439073324,1224
2023/4/2 17:15,191.8904388,5.326741892,1224
2023/4/2 17:30,138.3153289,4.822734038,1209.5
2023/4/2 17:45,77.13593591,3.007392377,1238.25
2023/4/2 18:00,37.57545078,2.016894154,1212
2023/4/2 18:15,18.07395617,2.073907627,1207
2023/4/2 18:30,8.717594599,2.380034892,1216.75
2023/4/2 18:45,0.028094762,1.395924695,1202.25
2023/4/2 19:00,0,1.61325166,1204.75
2023/4/2 19:15,0,1.7485855,1212
2023/4/2 19:30,0,1.989475606,1214.25
2023/4/2 19:45,0,2.475235333,1212
2023/4/2 20:00,0,2.222392975,1204.75
2023/4/2 20:15,0,2.274373936,1183
2023/4/2 20:30,0,2.232284568,1195
2023/4/2 20:45,0,2.438558156,1197.5
2023/4/2 21:00,0,2.5770771,1180.75
2023/4/2 21:15,0,2.664907165,1192.75
2023/4/2 21:30,0,3.417562234,1185.5
2023/4/2 21:45,0,3.72931703,1185.5
2023/4/2 22:00,0,3.783241893,1192.75
2023/4/2 22:15,0,3.590808215,1173.5
2023/4/2 22:30,0,3.55645673,1178.25
2023/4/2 22:45,0,3.441977486,1183
2023/4/2 23:00,0,2.567166616,1159
2023/4/2 23:15,0,2.104321973,1180.75
2023/4/2 23:30,0,2.704748033,1180.75
2023/4/2 23:45,0,3.944075247,1183
2023/4/3 00:00,0,5.428189567,1180.75
2023/4/3 00:15,0,5.45059581,1166.25
2023/4/3 00:30,0,5.69112626,1188
2023/4/3 00:45,0,5.022994791,1159
2023/4/3 01:00,0,3.364280765,1183
2023/4/3 01:15,0,2.471135588,1183
2023/4/3 01:30,0,2.629615397,1190.25
2023/4/3 01:45,0,2.350081605,1195
2023/4/3 02:00,0,2.126032479,1192.75
2023/4/3 02:15,0,2.53917404,1214.25
2023/4/3 02:30,0,2.632904817,1183
2023/4/3 02:45,0,2.801618295,1178.25
2023/4/3 03:00,0,2.718674315,1178.25
2023/4/3 03:15,0,3.082832619,1197.5
2023/4/3 03:30,0,3.108750328,1183
2023/4/3 03:45,0,2.841433421,1173.5
2023/4/3 04:00,0,3.17845172,1180.75
2023/4/3 04:15,0,2.599478579,1185.5
2023/4/3 04:30,0,2.153502488,1185.5
2023/4/3 04:45,0,2.479775973,1168.75
2023/4/3 05:00,0,2.593458395,1173.5
2023/4/3 05:15,0,2.45559134,1188
2023/4/3 05:30,5.178327918,2.271873973,1185.5
2023/4/3 05:45,24.35566007,2.515601388,1168.75
2023/4/3 06:00,60.91679841,2.494921693,1154.25
2023/4/3 06:15,110.2713668,2.434262042,1173.5
2023/4/3 06:30,169.1312216,2.169103592,1183
2023/4/3 06:45,249.9756467,3.186475824,1156.75
2023/4/3 07:00,326.1230033,2.254056466,1185.5
2023/4/3 07:15,418.4983946,2.190079225,1195
2023/4/3 07:30,515.1719148,2.290402457,1219
2023/4/3 07:45,580.8590505,2.360586084,1221.5
2023/4/3 08:00,615.7922056,1.091539918,1231
2023/4/3 08:15,687.5679821,2.695003741,1286.25
2023/4/3 08:30,804.985602,3.665543388,1286.25
2023/4/3 08:45,902.2382245,4.639084451,1293.5
2023/4/3 09:00,973.2996017,5.566786097,1303
2023/4/3 09:15,1032.732211,6.059476354,1334.25
2023/4/3 09:30,1097.869135,4.576907569,1315
2023/4/3 09:45,1136.072872,4.911204038,1341.5
2023/4/3 10:00,1185.643104,6.261573001,1377.5
2023/4/3 10:15,1217.328256,7.471640769,1356
2023/4/3 10:30,1235.392147,9.009499693,1346.25
2023/4/3 10:45,1269.380142,13.29685895,1368
2023/4/3 11:00,1299.245102,14.26882183,1351
2023/4/3 11:15,1320.821686,13.45103252,1365.5
2023/4/3 11:30,1325.056476,13.22125738,1368
2023/4/3 11:45,1333.765348,13.0802845,1329.5
2023/4/3 12:00,1332.85367,11.59814033,1336.75
2023/4/3 12:15,1336.264303,14.43689907,1324.75
2023/4/3 12:30,1325.541652,16.34524448,1310.25
2023/4/3 12:45,1315.029207,20.43942212,1317.5
2023/4/3 13:00,1298.098246,28.66635427,1327
2023/4/3 13:15,1279.233622,31.00677275,1341.5
2023/4/3 13:30,1251.959534,29.81180642,1346.25
2023/4/3 13:45,1218.418585,27.07885299,1334.25
2023/4/3 14:00,1171.628712,24.44206215,1344
2023/4/3 14:15,1121.808685,26.11825844,1341.5
2023/4/3 14:30,1068.097638,26.85925171,1348.75
2023/4/3 14:45,1015.724162,23.60593762,1329.5
2023/4/3 15:00,953.3595803,17.3109239,1356
2023/4/3 15:15,877.010126,17.9416119,1339
2023/4/3 15:30,788.3500507,14.81547697,1339
2023/4/3 15:45,711.9505793,11.36079016,1358.25
2023/4/3 16:00,632.697098,9.574360129,1346.25
2023/4/3 16:15,548.4867923,10.19434394,1346.25
2023/4/3 16:30,464.5431438,10.42963613,1365.5
2023/4/3 16:45,372.5841647,7.84902098,1375
2023/4/3 17:00,291.4181644,6.789539136,1300.75
2023/4/3 17:15,215.6925531,6.776283135,1320
2023/4/3 17:30,149.7488175,5.828889999,1303
2023/4/3 17:45,92.88280368,5.085160844,1288.75
2023/4/3 18:00,50.50162949,5.360691346,1300.75
2023/4/3 18:15,18.87763311,4.750809282,1281.5
2023/4/3 18:30,7.7462391,5.175149422,1257.5
2023/4/3 18:45,0.027639523,4.838955721,1245.5
2023/4/3 19:00,0,4.779090552,1264.75
2023/4/3 19:15,0,5.84990949,1245.5
2023/4/3 19:30,0,7.146867795,1224
2023/4/3 19:45,0,7.562081324,1236
2023/4/3 20:00,0,7.071458701,1209.5
2023/4/3 20:15,0,6.572600984,1214.25
2023/4/3 20:30,0,5.577058809,1202.25
2023/4/3 20:45,0,5.365471434,1207
2023/4/3 21:00,0,5.312303951,1190.25
2023/4/3 21:15,0,5.001204184,1180.75
2023/4/3 21:30,0,4.130165835,1204.75
2023/4/3 21:45,0,2.966076416,1176
2023/4/3 22:00,0,3.167666948,1209.5
2023/4/3 22:15,0,3.199192691,1176
2023/4/3 22:30,0,2.937503279,1168.75
2023/4/3 22:45,0,3.170979274,1178.25
2023/4/3 23:00,0,3.225254958,1192.75
2023/4/3 23:15,0,2.65070131,1168.75
2023/4/3 23:30,0,2.816005107,1180.75
2023/4/3 23:45,0,3.654478376,1190.25
2023/4/4 00:00,0,3.110465223,1183
2023/4/4 00:15,0,3.110611871,1192.75
2023/4/4 00:30,0,2.943841937,1173.5
2023/4/4 00:45,0,2.970154411,1178.25
2023/4/4 01:00,0,3.450446755,1161.5
2023/4/4 01:15,0,2.411725508,1159
2023/4/4 01:30,0,1.618744316,1190.25
2023/4/4 01:45,0,2.691555425,1164
2023/4/4 02:00,0,3.046754919,1156.75
2023/4/4 02:15,0,3.672178238,1159
2023/4/4 02:30,0,3.876538766,1168.75
2023/4/4 02:45,0,5.460872691,1166.25
2023/4/4 03:00,0,5.376918594,1152
2023/4/4 03:15,0,4.226834752,1152
2023/4/4 03:30,0,4.148740116,1164
2023/4/4 03:45,0,4.953708465,1166.25
2023/4/4 04:00,0,6.318602175,1180.75
2023/4/4 04:15,0,7.192476016,1166.25
2023/4/4 04:30,0,9.644083244,1154.25
2023/4/4 04:45,0,14.04095076,1156.75
2023/4/4 05:00,0,19.86943434,1168.75
2023/4/4 05:15,0,25.06134354,1161.5
2023/4/4 05:30,5.980949266,37.33824958,1142.25
2023/4/4 05:45,29.74570364,52.41806787,1147
2023/4/4 06:00,65.53734522,64.35949209,1152
2023/4/4 06:15,128.1934084,68.80857225,1185.5
2023/4/4 06:30,202.2953244,64.02785559,1156.75
2023/4/4 06:45,281.0396411,47.27886487,1156.75
2023/4/4 07:00,378.130516,36.86234718,1178.25
2023/4/4 07:15,468.1988424,30.81539949,1185.5
2023/4/4 07:30,547.6563334,21.17978984,1219
2023/4/4 07:45,626.4088808,18.41439094,1207
2023/4/4 08:00,715.9422116,20.40286501,1226.25
2023/4/4 08:15,803.437346,21.53942878,1231
2023/4/4 08:30,875.9611627,21.86111726,1243
2023/4/4 08:45,940.8790705,28.11120038,1252.75
2023/4/4 09:00,999.3213954,37.56432055,1240.75
2023/4/4 09:15,1051.34757,63.40839005,1264.75
2023/4/4 09:30,1090.091458,103.018837,1279
2023/4/4 09:45,1136.400598,157.9390445,1269.5
2023/4/4 10:00,1186.053563,198.0961389,1262.25
2023/4/4 10:15,1223.01945,264.6284921,1286.25
2023/4/4 10:30,1233.350093,306.5532308,1281.5
2023/4/4 10:45,1265.117465,333.9835319,1245.5
2023/4/4 11:00,1286.806801,377.8495988,1228.75
2023/4/4 11:15,1315.588916,415.3269272,1267
2023/4/4 11:30,1323.019582,456.9571553,1308
2023/4/4 11:45,1318.801917,500.2890095,1269.5
2023/4/4 12:00,1329.409467,523.6652018,1288.75
2023/4/4 12:15,1325.361624,538.6974447,1264.75
2023/4/4 12:30,1327.213386,555.9173206,1255
2023/4/4 12:45,1320.018328,459.5388541,1255
2023/4/4 13:00,1308.717235,474.755967,1274.25
2023/4/4 13:15,1283.768176,465.5330052,1267
2023/4/4 13:30,1256.051159,452.4162995,1257.5
2023/4/4 13:45,1220.244884,445.5851331,1279
2023/4/4 14:00,1166.027746,443.8436495,1284
2023/4/4 14:15,1115.91839,436.6280577,1288.75
2023/4/4 14:30,1055.23229,414.7720357,1286.25
2023/4/4 14:45,966.8901353,398.3976841,1300.75
2023/4/4 15:00,869.2784996,377.8587156,1296
2023/4/4 15:15,823.0153772,461.8570992,1317.5
2023/4/4 15:30,724.3723449,436.8428044,1284
2023/4/4 15:45,654.8870971,421.8884522,1291
2023/4/4 16:00,589.1360536,386.1394141,1288.75
2023/4/4 16:15,528.4758152,371.5080265,1267
2023/4/4 16:30,444.1746607,357.0142115,1240.75
2023/4/4 16:45,365.4161032,356.9135326,1250.25
2023/4/4 17:00,271.921262,368.8505569,1231
2023/4/4 17:15,204.8318646,383.2240769,1216.75
2023/4/4 17:30,130.9935302,358.7321873,1236
2023/4/4 17:45,70.67718755,327.8495317,1231
2023/4/4 18:00,35.86334053,322.3086395,1202.25
2023/4/4 18:15,17.5188744,315.4785538,1219
2023/4/4 18:30,8.600790586,321.9755614,1204.75
2023/4/4 18:45,0.027834625,314.2895555,1200
2023/4/4 19:00,0,308.6556035,1192.75
2023/4/4 19:15,0,297.5681102,1212
2023/4/4 19:30,0,279.7345946,1183
2023/4/4 19:45,0,266.3136499,1166.25
2023/4/4 20:00,0,248.0285697,1176
2023/4/4 20:15,0,214.7425047,1180.75
2023/4/4 20:30,0,197.0660318,1173.5
2023/4/4 20:45,0,192.6763816,1173.5
2023/4/4 21:00,0,169.3435369,1185.5
2023/4/4 21:15,0,167.3590719,1159
2023/4/4 21:30,0,163.4579721,1176
2023/4/4 21:45,0,172.0563445,1166.25
2023/4/4 22:00,0,175.0698786,1164
2023/4/4 22:15,0,163.5029,1147
2023/4/4 22:30,0,168.1792435,1161.5
2023/4/4 22:45,0,169.2855748,1152
2023/4/4 23:00,0,166.4802022,1149.5
2023/4/4 23:15,0,164.8584616,1207
2023/4/4 23:30,0,149.9041372,1178.25
2023/4/4 23:45,0,143.0739993,1168.75
2023/4/5 00:00,0,129.0126122,1178.25
2023/4/5 00:15,0,138.6469242,1173.5
2023/4/5 00:30,0,131.3480077,1164
2023/4/5 00:45,0,124.257839,1166.25
2023/4/5 01:00,0,126.4226187,1190.25
2023/4/5 01:15,0,138.9504233,1161.5
2023/4/5 01:30,0,144.9282052,1178.25
2023/4/5 01:45,0,147.6923959,1164
2023/4/5 02:00,0,146.8122402,1185.5
2023/4/5 02:15,0,158.1645433,1161.5
2023/4/5 02:30,0,155.2891618,1154.25
2023/4/5 02:45,0,152.3245629,1164
2023/4/5 03:00,0,146.6817885,1171
2023/4/5 03:15,0,159.0899965,1156.75
2023/4/5 03:30,0,180.6593902,1142.25
2023/4/5 03:45,0,185.5593434,1142.25
2023/4/5 04:00,0,171.538153,1142.25
2023/4/5 04:15,0,159.6980997,1142.25
2023/4/5 04:30,0,155.9322168,1123
2023/4/5 04:45,0,142.1409643,1135
2023/4/5 05:00,0,132.0832165,1120.75
2023/4/5 05:15,4.06E-05,128.3944579,1128
2023/4/5 05:30,5.26890218,129.4806328,1128
2023/4/5 05:45,20.04712157,128.8591245,1128
2023/4/5 06:00,56.05692123,114.3030726,1152
2023/4/5 06:15,115.0769259,99.08864454,1147
2023/4/5 06:30,187.3103101,74.92649796,1190.25
2023/4/5 06:45,265.2704674,65.1026213,1144.75
2023/4/5 07:00,350.5193824,61.86615953,1159
2023/4/5 07:15,448.2227737,69.12540503,1192.75
2023/4/5 07:30,538.2902474,78.92337536,1192.75
2023/4/5 07:45,613.5161794,94.56041652,1183
2023/4/5 08:00,685.7496901,106.6511009,1202.25
2023/4/5 08:15,759.7229735,109.9329629,1216.75
2023/4/5 08:30,834.9162378,128.3967788,1221.5
2023/4/5 08:45,914.0382203,138.085717,1238.25
2023/4/5 09:00,977.1977087,158.2710966,1224
2023/4/5 09:15,1028.674872,173.9476255,1252.75
2023/4/5 09:30,1091.217759,192.5876798,1231
2023/4/5 09:45,1147.666854,221.2164245,1204.75
2023/4/5 10:00,1190.055012,255.1596094,1202.25
2023/4/5 10:15,1228.605487,279.6950482,1190.25
2023/4/5 10:30,1267.455434,301.8188766,1185.5
2023/4/5 10:45,1285.324788,331.2435889,1197.5
2023/4/5 11:00,1301.835666,338.3433428,1195
2023/4/5 11:15,1308.562494,325.4025479,1202.25
2023/4/5 11:30,1317.577089,333.4280531,1216.75
2023/4/5 11:45,1323.458387,351.9910718,1221.5
2023/4/5 12:00,1334.025041,367.0308961,1231
2023/4/5 12:15,1326.480989,381.9359198,1219
2023/4/5 12:30,1316.591711,400.6001776,1243
2023/4/5 12:45,1317.97113,421.2638794,1224
2023/4/5 13:00,1300.173346,421.1504432,1236
2023/4/5 13:15,1274.705429,433.3149921,1231
2023/4/5 13:30,1246.891282,422.0190099,1224
2023/4/5 13:45,1185.300789,416.2841103,1228.75
2023/4/5 14:00,1071.670609,415.75827,1243
2023/4/5 14:15,987.132769,392.0924914,1228.75
2023/4/5 14:30,942.0079106,359.3967414,1250.25
2023/4/5 14:45,901.8525382,365.541478,1212
2023/4/5 15:00,848.7644605,372.3026063,1216.75
2023/4/5 15:15,790.5111921,360.9662336,1233.5
2023/4/5 15:30,736.1106189,351.3159064,1231
2023/4/5 15:45,675.636998,339.6934977,1240.75
2023/4/5 16:00,616.350231,328.4748302,1238.25
2023/4/5 16:15,547.3422297,309.3107472,1231
2023/4/5 16:30,434.039594,311.7003746,1214.25
2023/4/5 16:45,316.5092548,343.1141862,1219
2023/4/5 17:00,227.8689249,382.257141,1216.75
2023/4/5 17:15,159.7224311,399.3151033,1200
2023/4/5 17:30,101.5209303,401.8333081,1209.5
2023/4/5 17:45,55.91636064,384.6414704,1192.75
2023/4/5 18:00,28.31580912,369.3597273,1197.5
2023/4/5 18:15,15.39009389,338.6096559,1180.75
2023/4/5 18:30,8.934463168,332.4328127,1178.25
2023/4/5 18:45,0.028354899,321.4310914,1173.5
2023/4/5 19:00,0,318.6065351,1159
2023/4/5 19:15,0,298.9994374,1183
2023/4/5 19:30,0,272.6574029,1188
2023/4/5 19:45,0,227.4539556,1183
2023/4/5 20:00,0,195.6434122,1195
2023/4/5 20:15,0,209.0729064,1202.25
2023/4/5 20:30,0,234.4993688,1209.5
2023/4/5 20:45,0,183.2681706,1214.25
2023/4/5 21:00,0,115.0238822,1207
2023/4/5 21:15,0,88.62618871,1214.25
2023/4/5 21:30,0,102.0576369,1224
2023/4/5 21:45,0,141.1509931,1212
2023/4/5 22:00,0,180.3213523,1221.5
2023/4/5 22:15,0,197.9112365,1202.25
2023/4/5 22:30,0,182.6008294,1188
2023/4/5 22:45,0,217.2794098,1192.75
2023/4/5 23:00,0,249.1354282,1195
2023/4/5 23:15,0,284.4693664,1176
2023/4/5 23:30,0,265.8539213,1173.5
2023/4/5 23:45,0,268.8942736,1192.75
2023/4/6 00:00,0,124.446525,1180.75
2023/4/6 00:15,0,137.0481821,1173.5
2023/4/6 00:30,0,145.5229278,1176
2023/4/6 00:45,0,170.2215117,1192.75
2023/4/6 01:00,0,184.1426516,1185.5
2023/4/6 01:15,0,194.0353575,1200
2023/4/6 01:30,0,317.402524,1204.75
2023/4/6 01:45,0,307.2966113,1190.25
2023/4/6 02:00,0,308.9062926,1200
2023/4/6 02:15,0,333.4598123,1176
2023/4/6 02:30,0,385.1862363,1161.5
2023/4/6 02:45,0,391.6343398,1166.25
2023/4/6 03:00,0,269.9679807,1166.25
2023/4/6 03:15,0,225.3555495,1154.25
2023/4/6 03:30,0,181.5588801,1144.75
2023/4/6 03:45,0,209.66682,1164
2023/4/6 04:00,0,250.4543406,1166.25
2023/4/6 04:15,0,251.6644499,1168.75
2023/4/6 04:30,0,220.6382702,1152
2023/4/6 04:45,0,232.2373017,1166.25
2023/4/6 05:00,0,259.834852,1166.25
2023/4/6 05:15,0.017149636,256.980456,1147
2023/4/6 05:30,3.411730204,264.0584856,1161.5
2023/4/6 05:45,11.64040088,281.3685115,1156.75
2023/4/6 06:00,30.61174733,444.2407369,1142.25
2023/4/6 06:15,47.34636546,459.0148498,1154.25
2023/4/6 06:30,70.70011923,437.5851792,1142.25
2023/4/6 06:45,115.9068758,427.2827067,1144.75
2023/4/6 07:00,168.6262586,390.052172,1164
2023/4/6 07:15,179.8058194,317.2041633,1185.5
2023/4/6 07:30,165.3310366,330.6543093,1171
2023/4/6 07:45,162.2631368,342.8998701,1192.75
2023/4/6 08:00,148.7016378,324.1125295,1195
2023/4/6 08:15,152.9343409,326.87613,1202.25
2023/4/6 08:30,157.6898869,336.6844945,1192.75
2023/4/6 08:45,176.544236,360.0567839,1202.25
2023/4/6 09:00,189.5074319,343.1641741,1212
2023/4/6 09:15,191.8574447,315.5155714,1200
2023/4/6 09:30,191.1259007,304.3878805,1219
2023/4/6 09:45,201.7310927,336.7844069,1190.25
2023/4/6 10:00,238.6110518,359.1747591,1200
2023/4/6 10:15,279.9354729,355.3277247,1185.5
2023/4/6 10:30,275.4754441,399.3351162,1197.5
2023/4/6 10:45,311.394658,438.3466268,1185.5
2023/4/6 11:00,354.6259724,385.8438123,1209.5
2023/4/6 11:15,376.3242207,362.909054,1219
2023/4/6 11:30,342.6700421,289.5149384,1197.5
2023/4/6 11:45,322.2009815,294.3438536,1195
2023/4/6 12:00,382.3046967,325.7156938,1200
2023/4/6 12:15,430.0932268,331.5405721,1178.25
2023/4/6 12:30,460.0373885,328.1480196,1197.5
2023/4/6 12:45,430.6655497,347.0259783,1209.5
2023/4/6 13:00,450.5679616,374.2858437,1231
2023/4/6 13:15,485.5869475,354.1772989,1212
2023/4/6 13:30,460.3058774,319.815867,1224
2023/4/6 13:45,428.2666092,289.2409141,1240.75
2023/4/6 14:00,427.9006702,289.2717543,1238.25
2023/4/6 14:15,457.4639089,276.8560152,1233.5
2023/4/6 14:30,457.2624827,245.8999462,1214.25
2023/4/6 14:45,433.6431719,177.3084322,1226.25
2023/4/6 15:00,426.4043002,228.3021225,1202.25
2023/4/6 15:15,403.991063,245.3160022,1197.5
2023/4/6 15:30,333.020711,234.4411466,1214.25
2023/4/6 15:45,239.5825654,230.080172,1197.5
2023/4/6 16:00,187.4371997,220.5471682,1202.25
2023/4/6 16:15,184.3434829,171.6400449,1180.75
2023/4/6 16:30,156.6995443,146.6077714,1173.5
2023/4/6 16:45,114.7544409,155.7111583,1183
2023/4/6 17:00,94.97198992,138.6828044,1152
2023/4/6 17:15,85.15553509,127.681318,1161.5
2023/4/6 17:30,64.22601777,143.8454339,1152
2023/4/6 17:45,39.1234563,136.1665547,1159
2023/4/6 18:00,19.8841481,156.357774,1135
2023/4/6 18:15,13.46234834,185.7203835,1137.5
2023/4/6 18:30,8.943645591,222.3030967,1132.75
2023/4/6 18:45,0.028940206,238.6541781,1135
2023/4/6 19:00,0,276.4041292,1171
2023/4/6 19:15,0,325.5921254,1132.75
2023/4/6 19:30,0,351.2407496,1156.75
2023/4/6 19:45,0,373.414681,1142.25
2023/4/6 20:00,0,396.1913961,1142.25
2023/4/6 20:15,0,402.6791829,1135
2023/4/6 20:30,0,384.3250061,1140
2023/4/6 20:45,0,355.1774197,1164
2023/4/6 21:00,0,348.5661851,1125.5
2023/4/6 21:15,0,372.2506203,1135
2023/4/6 21:30,0,347.8441994,1142.25
2023/4/6 21:45,0,337.4923823,1159
2023/4/6 22:00,0,277.9157018,1140
2023/4/6 22:15,0,269.7065734,1130.25
2023/4/6 22:30,0,253.1174868,1142.25
2023/4/6 22:45,0,248.2640008,1140
2023/4/6 23:00,0,263.5645246,1132.75
2023/4/6 23:15,0,265.6865803,1132.75
2023/4/6 23:30,0,279.6005337,1161.5
2023/4/6 23:45,0,288.5454397,1144.75
2023/4/7 00:00,0,295.5529569,1128
2023/4/7 00:15,0,319.7657736,1132.75
2023/4/7 00:30,0,306.6198259,1125.5
2023/4/7 00:45,0,302.7760504,1116
2023/4/7 01:00,0,304.8146494,1135
2023/4/7 01:15,0,280.4769988,1147
2023/4/7 01:30,0,313.1913763,1128
2023/4/7 01:45,0,335.2155887,1132.75
2023/4/7 02:00,0,385.6405873,1147
2023/4/7 02:15,0,419.4043155,1132.75
2023/4/7 02:30,0,475.8136693,1118.25
2023/4/7 02:45,0,504.1380236,1130.25
2023/4/7 03:00,0,545.4046975,1135
2023/4/7 03:15,0,463.8057813,1111
2023/4/7 03:30,0,518.3115962,1111
2023/4/7 03:45,0,536.2583169,1123
2023/4/7 04:00,0,553.3595718,1092
2023/4/7 04:15,0,663.8721386,1104
2023/4/7 04:30,0,659.9499624,1116
2023/4/7 04:45,0,643.2074977,1099
2023/4/7 05:00,0,636.9164399,1094.25
2023/4/7 05:15,0.001679112,642.9901238,1123
2023/4/7 05:30,3.452307909,624.6952717,1116
2023/4/7 05:45,5.043462364,609.0849209,1108.75
2023/4/7 06:00,18.9149323,622.892203,1120.75
2023/4/7 06:15,39.99679881,608.9387394,1132.75
2023/4/7 06:30,66.47252891,595.1852939,1108.75
2023/4/7 06:45,84.51305096,569.3655507,1135
2023/4/7 07:00,104.6342995,582.3795857,1142.25
2023/4/7 07:15,129.4268052,590.6176174,1142.25
2023/4/7 07:30,153.3503035,602.2663549,1166.25
2023/4/7 07:45,199.9199029,577.4433004,1176
2023/4/7 08:00,257.0878482,543.102568,1180.75
2023/4/7 08:15,313.609911,551.8416918,1188
2023/4/7 08:30,358.0701224,563.6068272,1178.25
2023/4/7 08:45,429.1772786,559.7858484,1164
2023/4/7 09:00,485.9512708,561.6762112,1192.75
2023/4/7 09:15,517.6357322,559.287894,1202.25
2023/4/7 09:30,567.0226265,564.7633589,1207
2023/4/7 09:45,607.9048268,560.4157821,1240.75
2023/4/7 10:00,648.9437911,570.1191166,1250.25
2023/4/7 10:15,709.470068,555.9808749,1262.25
2023/4/7 10:30,807.3106238,575.4093036,1252.75
2023/4/7 10:45,859.9666732,619.5783157,1252.75
2023/4/7 11:00,933.4212376,629.3157152,1262.25
2023/4/7 11:15,971.4648267,613.2543382,1272
2023/4/7 11:30,964.8256641,624.3983819,1274.25
2023/4/7 11:45,1022.389401,628.9092154,1267
2023/4/7 12:00,1054.259896,624.4675977,1250.25
2023/4/7 12:15,1076.824449,647.885261,1238.25
2023/4/7 12:30,1042.989209,650.5424426,1243
2023/4/7 12:45,994.6842881,640.3660342,1209.5
2023/4/7 13:00,954.0224797,657.0992289,1255
2023/4/7 13:15,944.3524447,649.4278533,1216.75
2023/4/7 13:30,938.4315748,636.3884962,1219
2023/4/7 13:45,927.7556706,665.823155,1236
2023/4/7 14:00,894.998199,697.7536275,1240.75
2023/4/7 14:15,859.2161999,709.9090607,1250.25
2023/4/7 14:30,810.4669352,721.5882188,1228.75
2023/4/7 14:45,772.8230931,733.3082216,1238.25
2023/4/7 15:00,718.4211312,732.3447027,1233.5
2023/4/7 15:15,679.4010015,727.6986239,1236
2023/4/7 15:30,614.2700191,724.4315961,1240.75
2023/4/7 15:45,528.1987673,737.2732363,1250.25
2023/4/7 16:00,471.9113569,733.9052758,1267
2023/4/7 16:15,419.4060902,738.2943614,1255
2023/4/7 16:30,359.3501889,734.7025646,1243
2023/4/7 16:45,299.3576135,732.5891787,1221.5
2023/4/7 17:00,218.2345783,740.1206037,1214.25
2023/4/7 17:15,166.9840979,607.9981146,1171
2023/4/7 17:30,130.2050824,604.1044821,1176
2023/4/7 17:45,93.00618157,585.9558919,1168.75
2023/4/7 18:00,49.19964069,587.2957022,1168.75
2023/4/7 18:15,22.28651337,590.5197914,1171
2023/4/7 18:30,8.553633945,588.594042,1147
2023/4/7 18:45,0.028354899,590.6566599,1190.25
2023/4/7 19:00,0,596.5865493,1156.75
2023/4/7 19:15,0,581.6781073,1178.25
2023/4/7 19:30,0,592.6936081,1161.5
2023/4/7 19:45,0,592.8491157,1173.5
2023/4/7 20:00,0,702.7596571,1142.25
2023/4/7 20:15,0,701.77371,1156.75
2023/4/7 20:30,0,691.060788,1147
2023/4/7 20:45,0,677.4478519,1123
2023/4/7 21:00,0,652.9624395,1147
2023/4/7 21:15,0,646.8302555,1130.25
2023/4/7 21:30,0,650.0213392,1154.25
2023/4/7 21:45,0,646.3580924,1137.5
2023/4/7 22:00,0,645.1830559,1161.5
2023/4/7 22:15,0,632.1136398,1130.25
2023/4/7 22:30,0,642.2677246,1118.25
2023/4/7 22:45,0,628.7194938,1152
2023/4/7 23:00,0,621.895918,1130.25
2023/4/7 23:15,0,636.9965843,1149.5
2023/4/7 23:30,0,626.2184279,1142.25
2023/4/7 23:45,0,619.9042188,1152
2023/4/8 00:00,0,622.267455,1149.5
2023/4/8 00:15,0,633.1250554,1137.5
2023/4/8 00:30,0,635.5312176,1161.5
2023/4/8 00:45,0,622.0776374,1125.5
2023/4/8 01:00,0,630.8721864,1154.25
2023/4/8 01:15,0,631.009599,1147
2023/4/8 01:30,0,607.1486839,1130.25
2023/4/8 01:45,0,604.8020375,1152
2023/4/8 02:00,0,613.4054495,1135
2023/4/8 02:15,0,616.1691213,1161.5
2023/4/8 02:30,0,614.1497573,1128
2023/4/8 02:45,0,591.8940184,1147
2023/4/8 03:00,0,588.2754547,1123
2023/4/8 03:15,0,577.7952654,1142.25
2023/4/8 03:30,0,593.0414317,1106.25
2023/4/8 03:45,0,614.894944,1118.25
2023/4/8 04:00,0,628.8993801,1125.5
2023/4/8 04:15,0,631.6870179,1120.75
2023/4/8 04:30,0,662.5948643,1152
2023/4/8 04:45,0,680.4658755,1118.25
2023/4/8 05:00,0,677.0865817,1120.75
2023/4/8 05:15,0.08181236,668.9351973,1144.75
2023/4/8 05:30,8.549098199,665.4619965,1118.25
2023/4/8 05:45,24.09926013,653.9494604,1135
2023/4/8 06:00,45.0333457,630.9739607,1130.25
2023/4/8 06:15,70.41698663,636.3005076,1137.5
2023/4/8 06:30,96.70587624,645.5910759,1123
2023/4/8 06:45,127.5371099,627.8738002,1137.5
2023/4/8 07:00,165.9931993,619.7697597,1161.5
2023/4/8 07:15,211.2260442,632.8426325,1152
2023/4/8 07:30,247.9049415,637.4735119,1166.25
2023/4/8 07:45,283.9852333,624.776813,1161.5
2023/4/8 08:00,341.0252042,621.7016481,1180.75
2023/4/8 08:15,378.1262459,635.5767981,1192.75
2023/4/8 08:30,413.1490348,640.6796586,1192.75
2023/4/8 08:45,426.7150503,639.7650377,1209.5
2023/4/8 09:00,451.0775623,652.9178516,1236
2023/4/8 09:15,474.3127761,654.3945893,1250.25
2023/4/8 09:30,485.7669692,650.7928991,1231
2023/4/8 09:45,497.0942205,655.9114431,1252.75
2023/4/8 10:00,525.9688467,660.7753508,1260
2023/4/8 10:15,502.9800192,663.9581583,1257.5
2023/4/8 10:30,491.8713084,653.1027661,1267
2023/4/8 10:45,502.1155577,641.5510541,1269.5
2023/4/8 11:00,528.2020816,640.5249898,1262.25
2023/4/8 11:15,547.7711657,646.1293167,1284
2023/4/8 11:30,554.7996747,658.4147991,1231
2023/4/8 11:45,619.1982243,668.1172903,1245.5
2023/4/8 12:00,623.9652988,670.1783613,1245.5
2023/4/8 12:15,612.9735118,675.5504158,1231
2023/4/8 12:30,621.7426592,688.5792393,1219
2023/4/8 12:45,629.4661517,707.4666964,1207
2023/4/8 13:00,625.5505432,716.8290011,1226.25
2023/4/8 13:15,650.237343,719.8007928,1236
2023/4/8 13:30,651.6957768,726.4661344,1269.5
2023/4/8 13:45,689.9135663,726.1645194,1269.5
2023/4/8 14:00,723.9756004,722.319195,1279
2023/4/8 14:15,709.7246558,722.111962,1262.25
2023/4/8 14:30,715.0864924,721.8654111,1281.5
2023/4/8 14:45,706.2613054,721.8858078,1272
2023/4/8 15:00,652.2162666,718.3826696,1272
2023/4/8 15:15,570.610084,706.5531635,1257.5
2023/4/8 15:30,518.7907676,698.970633,1293.5
2023/4/8 15:45,453.3184283,686.0259261,1255
2023/4/8 16:00,388.0437976,675.8934119,1272
2023/4/8 16:15,329.8866259,661.3157692,1243
2023/4/8 16:30,279.6652898,645.7812464,1226.25
2023/4/8 16:45,227.2816431,621.8357817,1192.75
2023/4/8 17:00,177.8566394,606.5273384,1178.25
2023/4/8 17:15,142.1667528,599.9317441,1176
2023/4/8 17:30,97.7718645,580.9002991,1180.75
2023/4/8 17:45,61.38384715,565.7842546,1195
2023/4/8 18:00,31.55387898,552.8105786,1149.5
2023/4/8 18:15,15.27017093,555.386812,1176
2023/4/8 18:30,13.91767756,542.1107691,1152
2023/4/8 18:45,0.057490208,523.9075972,1178.25
2023/4/8 19:00,0,516.2355197,1144.75
2023/4/8 19:15,0,508.0995814,1168.75
2023/4/8 19:30,0,492.0641966,1164
2023/4/8 19:45,0,497.6402707,1156.75
2023/4/8 20:00,0,503.7570229,1176
2023/4/8 20:15,0,494.4275755,1161.5
2023/4/8 20:30,0,476.1148115,1192.75
2023/4/8 20:45,0,448.1559487,1147
2023/4/8 21:00,0,427.3901626,1161.5
2023/4/8 21:15,0,411.5976381,1147
2023/4/8 21:30,0,409.1439044,1173.5
2023/4/8 21:45,0,414.8955161,1154.25
2023/4/8 22:00,0,405.3655337,1159
2023/4/8 22:15,0,380.3381037,1159
2023/4/8 22:30,0,347.6009094,1135
2023/4/8 22:45,0,324.0031591,1156.75
2023/4/8 23:00,0,307.2295931,1135
2023/4/8 23:15,0,307.6428497,1159
2023/4/8 23:30,0,300.367099,1123
2023/4/8 23:45,0,306.8737699,1147
2023/4/9 00:00,0,308.1693603,1130.25
2023/4/9 00:15,0,299.2577121,1152
2023/4/9 00:30,0,292.339631,1130.25
2023/4/9 00:45,0,292.8218454,1130.25
2023/4/9 01:00,0,292.6760114,1156.75
2023/4/9 01:15,0,279.9252403,1135
2023/4/9 01:30,0,273.3509259,1154.25
2023/4/9 01:45,0,271.5890195,1130.25
2023/4/9 02:00,0,266.7062029,1149.5
2023/4/9 02:15,0,249.0198743,1123
2023/4/9 02:30,0,251.8830032,1132.75
2023/4/9 02:45,0,265.6559554,1130.25
2023/4/9 03:00,0,281.6939677,1106.25
2023/4/9 03:15,0,292.7932887,1111
2023/4/9 03:30,0,294.2084793,1130.25
2023/4/9 03:45,0,306.2117552,1111
2023/4/9 04:00,0,303.6882706,1106.25
2023/4/9 04:15,0,301.6380655,1092
2023/4/9 04:30,0,287.9624188,1104
2023/4/9 04:45,0,271.7193251,1089.5
2023/4/9 05:00,0,264.2131797,1082.25
2023/4/9 05:15,0.095236035,265.1283704,1104
2023/4/9 05:30,6.483797108,253.021527,1075
2023/4/9 05:45,24.45243591,240.1053999,1106.25
2023/4/9 06:00,51.933681,230.1673152,1087
2023/4/9 06:15,89.50841301,232.8095029,1084.75
2023/4/9 06:30,139.1247471,265.4610888,1106.25
2023/4/9 06:45,198.2792451,304.8668838,1099
2023/4/9 07:00,265.9166371,337.9618689,1125.5
2023/4/9 07:15,337.0872866,346.2961038,1113.5
2023/4/9 07:30,413.886153,347.9578642,1137.5
2023/4/9 07:45,494.0213658,353.6022146,1156.75
2023/4/9 08:00,580.5024524,341.5214182,1164
2023/4/9 08:15,660.4012996,319.7622995,1195
2023/4/9 08:30,743.4906656,311.7781337,1192.75
2023/4/9 08:45,797.9399399,311.6676488,1190.25
2023/4/9 09:00,853.9292768,320.8226321,1228.75
2023/4/9 09:15,915.4195754,339.7483029,1238.25
2023/4/9 09:30,978.4843227,356.0353782,1255
2023/4/9 09:45,1026.28315,367.407712,1250.25
2023/4/9 10:00,1052.287801,377.1204953,1269.5
2023/4/9 10:15,1090.739564,396.3311582,1257.5
2023/4/9 10:30,1103.725178,436.0573622,1255
2023/4/9 10:45,1115.601089,449.1790961,1224
2023/4/9 11:00,1138.556208,462.6584584,1224
2023/4/9 11:15,1160.061475,486.2433552,1219
2023/4/9 11:30,1180.052706,492.4547432,1176
2023/4/9 11:45,1173.797367,492.4428532,1164
2023/4/9 12:00,1189.067547,492.7500253,1188
2023/4/9 12:15,1204.47487,483.9636927,1269.5
2023/4/9 12:30,1196.348194,490.576289,1240.75
2023/4/9 12:45,1178.279148,487.7833216,1221.5
2023/4/9 13:00,1139.585223,489.4389896,1236
2023/4/9 13:15,1105.374842,494.8201008,1250.25
2023/4/9 13:30,1076.127644,512.5411313,1276.75
2023/4/9 13:45,1019.79993,541.939398,1250.25
2023/4/9 14:00,971.2800443,592.532713,1252.75
2023/4/9 14:15,910.0913134,634.6544776,1250.25
2023/4/9 14:30,825.8039836,647.6218485,1248
2023/4/9 14:45,769.0515732,655.9696908,1248
2023/4/9 15:00,736.7712084,653.643028,1236
2023/4/9 15:15,666.8999398,631.9915037,1240.75
2023/4/9 15:30,605.9844489,614.4646121,1248
2023/4/9 15:45,583.7274589,600.4580059,1226.25
2023/4/9 16:00,549.2713388,577.1560188,1255
2023/4/9 16:15,481.5989542,552.5520259,1267
2023/4/9 16:30,404.6875006,506.4521333,1257.5
2023/4/9 16:45,333.6632727,464.6463239,1226.25
2023/4/9 17:00,269.1750927,458.2626218,1219
2023/4/9 17:15,202.1603022,458.2822682,1219
2023/4/9 17:30,141.267809,457.8928248,1233.5
2023/4/9 17:45,87.73640419,451.7284615,1231
2023/4/9 18:00,46.27334261,450.4242269,1212
2023/4/9 18:15,19.85880352,447.827352,1200
2023/4/9 18:30,12.6538605,415.2242509,1204.75
2023/4/9 18:45,0.057750344,369.5945355,1202.25
2023/4/9 19:00,0,322.8361947,1183
2023/4/9 19:15,0,288.5506567,1156.75
2023/4/9 19:30,0,258.2945903,1144.75
2023/4/9 19:45,0,241.2211709,1164
2023/4/9 20:00,0,224.2192917,1140
2023/4/9 20:15,0,206.2569642,1156.75
2023/4/9 20:30,0,188.619621,1149.5
2023/4/9 20:45,0,179.5051316,1154.25
2023/4/9 21:00,0,168.1372172,1144.75
2023/4/9 21:15,0,159.6225911,1147
2023/4/9 21:30,0,152.2613706,1152
2023/4/9 21:45,0,144.653375,1142.25
2023/4/9 22:00,0,137.3138766,1130.25
2023/4/9 22:15,0,132.1078953,1142.25
2023/4/9 22:30,0,125.7182161,1128
2023/4/9 22:45,0,109.4569451,1120.75
2023/4/9 23:00,0,97.44944167,1142.25
2023/4/9 23:15,0,89.66389778,1144.75
2023/4/9 23:30,0,79.68967455,1125.5
2023/4/9 23:45,0,76.45810007,1140
2023/4/10 00:00,0,75.03041802,1147
2023/4/10 00:15,0,71.76644807,1140
2023/4/10 00:30,0,69.19780965,1137.5
2023/4/10 00:45,0,69.94976965,1140
2023/4/10 01:00,0,62.11702312,1113.5
2023/4/10 01:15,0,52.85852451,1128
2023/4/10 01:30,0,42.65659763,1140
2023/4/10 01:45,0,42.8393648,1116
2023/4/10 02:00,0,47.0994948,1137.5
2023/4/10 02:15,0,53.44563652,1132.75
2023/4/10 02:30,0,56.82324432,1106.25
2023/4/10 02:45,0,66.53256279,1137.5
2023/4/10 03:00,0,71.27672411,1116
2023/4/10 03:15,0,66.91819575,1118.25
2023/4/10 03:30,0,62.11918805,1128
2023/4/10 03:45,0,61.74139454,1106.25
2023/4/10 04:00,0,64.42284656,1106.25
2023/4/10 04:15,0,59.51505497,1125.5
2023/4/10 04:30,0,57.35813734,1106.25
2023/4/10 04:45,0,57.39740015,1116
2023/4/10 05:00,0,56.57070571,1108.75
2023/4/10 05:15,0.147030682,54.14515649,1108.75
2023/4/10 05:30,5.898280411,49.61142434,1128
2023/4/10 05:45,23.67711608,42.85419749,1104
2023/4/10 06:00,50.33226082,42.85173682,1104
2023/4/10 06:15,86.32572305,40.44658843,1128
2023/4/10 06:30,138.6868965,42.35812795,1111
2023/4/10 06:45,184.6922131,45.0234358,1108.75
2023/4/10 07:00,227.5761168,48.5160077,1135
2023/4/10 07:15,267.1900674,50.39464704,1154.25
2023/4/10 07:30,306.9513797,50.00676434,1142.25
2023/4/10 07:45,347.9083137,50.72500777,1183
2023/4/10 08:00,399.3392041,47.57983563,1178.25
2023/4/10 08:15,453.6375571,46.35367053,1171
2023/4/10 08:30,504.7709846,40.16702447,1200
2023/4/10 08:45,598.6884026,38.93414431,1188
2023/4/10 09:00,716.2065599,41.17008629,1212
2023/4/10 09:15,814.1035147,51.20443589,1216.75
2023/4/10 09:30,846.215736,66.79245093,1219
2023/4/10 09:45,872.8049808,74.85191075,1212
2023/4/10 10:00,891.5925847,91.96800025,1231
2023/4/10 10:15,893.4558713,99.5089745,1255
2023/4/10 10:30,880.2301763,94.87604421,1243
2023/4/10 10:45,876.3711839,97.51891754,1252.75
2023/4/10 11:00,912.5798816,102.403708,1238.25
2023/4/10 11:15,917.0282347,103.2180715,1248
2023/4/10 11:30,908.8134863,109.6879419,1240.75
2023/4/10 11:45,941.5698852,112.3313472,1243
2023/4/10 12:00,953.0511231,109.9312761,1224
2023/4/10 12:15,965.0504504,110.7681765,1226.25
2023/4/10 12:30,1025.813747,116.5617383,1216.75
2023/4/10 12:45,1061.622427,123.3323653,1209.5
2023/4/10 13:00,1024.289366,129.0091259,1250.25
2023/4/10 13:15,990.0858954,157.1048081,1243
2023/4/10 13:30,967.7809245,185.9227435,1250.25
2023/4/10 13:45,938.982049,216.3698294,1231
2023/4/10 14:00,921.344441,262.5340436,1236
2023/4/10 14:15,864.1587347,313.0657597,1228.75
2023/4/10 14:30,788.8077626,350.9818418,1216.75
2023/4/10 14:45,729.2333394,383.2424847,1255
2023/4/10 15:00,684.5726645,390.712505,1262.25
2023/4/10 15:15,619.3847175,376.7389134,1257.5
2023/4/10 15:30,545.1971262,376.1595679,1267
2023/4/10 15:45,461.5336647,342.2618682,1276.75
2023/4/10 16:00,384.1754076,325.7922057,1245.5
2023/4/10 16:15,301.9064508,295.0494961,1231
2023/4/10 16:30,228.7489873,292.9640938,1219
2023/4/10 16:45,154.2717227,320.185321,1238.25
2023/4/10 17:00,105.0432227,354.3142469,1231
2023/4/10 17:15,72.42093405,389.5992239,1236
2023/4/10 17:30,51.47500374,408.3197395,1226.25
2023/4/10 17:45,36.28863636,405.4793255,1228.75
2023/4/10 18:00,21.93951663,392.0370131,1207
2023/4/10 18:15,14.09939856,373.9234854,1183
2023/4/10 18:30,11.86926586,347.2061993,1188
2023/4/10 18:45,0,300.6262622,1171
2023/4/10 19:00,0,254.3457984,1168.75
2023/4/10 19:15,0,201.7306749,1180.75
2023/4/10 19:30,0,158.072756,1159
2023/4/10 19:45,0,121.6956994,1147
2023/4/10 20:00,0,94.68124974,1130.25
2023/4/10 20:15,0,66.24639783,1123
2023/4/10 20:30,0,47.93855307,1130.25
2023/4/10 20:45,0,29.74209304,1142.25
2023/4/10 21:00,0,17.46037938,1132.75
2023/4/10 21:15,0,14.22508643,1123
2023/4/10 21:30,0,8.864805576,1137.5
2023/4/10 21:45,0,11.1632378,1144.75
2023/4/10 22:00,0,17.73731606,1125.5
2023/4/10 22:15,0,24.58124951,1116
2023/4/10 22:30,0,29.47507849,1120.75
2023/4/10 22:45,0,41.28969496,1123
2023/4/10 23:00,0,62.25353465,1130.25
2023/4/10 23:15,0,82.08500166,1116
2023/4/10 23:30,0,88.82310346,1111
2023/4/10 23:45,0,84.52208699,1111
2023/4/11 00:00,0,80.71302518,1118.25
2023/4/11 00:15,0,68.45213072,1094.25
2023/4/11 00:30,0,58.99569755,1087
2023/4/11 00:45,0,56.99864661,1082.25
2023/4/11 01:00,0,55.58754334,1101.5
2023/4/11 01:15,0,54.04402253,1089.5
2023/4/11 01:30,0,48.74265878,1096.75
2023/4/11 01:45,0,44.79471657,1101.5
2023/4/11 02:00,0,43.30728276,1101.5
2023/4/11 02:15,0,42.91768135,1094.25
2023/4/11 02:30,0,38.16681266,1089.5
2023/4/11 02:45,0,33.08110437,1080
2023/4/11 03:00,0,29.6807224,1075
2023/4/11 03:15,0,29.36144891,1092
2023/4/11 03:30,0,24.38559927,1106.25
2023/4/11 03:45,0,21.05087099,1113.5
2023/4/11 04:00,0,16.00885643,1106.25
2023/4/11 04:15,0,11.64475866,1108.75
2023/4/11 04:30,0,10.97876771,1099
2023/4/11 04:45,0,9.464505827,1099
2023/4/11 05:00,0,6.03386003,1101.5
2023/4/11 05:15,0.37182165,4.89448076,1089.5
2023/4/11 05:30,5.647282626,9.071792544,1099
2023/4/11 05:45,23.24745749,16.06760728,1108.75
2023/4/11 06:00,52.1266566,22.45654938,1104
2023/4/11 06:15,84.13874718,30.13018306,1118.25
2023/4/11 06:30,126.2832203,52.73934256,1125.5
2023/4/11 06:45,163.81483,82.85342236,1118.25
2023/4/11 07:00,206.5961593,103.7393118,1118.25
2023/4/11 07:15,245.798887,114.0807147,1135
2023/4/11 07:30,287.3735382,141.3688216,1142.25
2023/4/11 07:45,332.2860326,163.2674942,1156.75
2023/4/11 08:00,373.2616971,167.442003,1178.25
2023/4/11 08:15,397.8614445,155.847795,1192.75
2023/4/11 08:30,461.6537823,133.6287242,1188
2023/4/11 08:45,536.274567,130.4227388,1204.75
2023/4/11 09:00,594.9982117,132.9415489,1197.5
2023/4/11 09:15,643.3022475,119.3416016,1216.75
2023/4/11 09:30,676.3607118,121.3521134,1231
2023/4/11 09:45,693.762605,115.1853393,1262.25
2023/4/11 10:00,727.2698065,107.0850646,1276.75
2023/4/11 10:15,800.3846978,109.1132328,1276.75
2023/4/11 10:30,836.9821203,123.5359438,1274.25
2023/4/11 10:45,836.7684652,133.3716,1276.75
2023/4/11 11:00,863.7314233,147.7731498,1274.25
2023/4/11 11:15,897.3059205,153.6505102,1257.5
2023/4/11 11:30,915.432233,156.9848877,1250.25
2023/4/11 11:45,896.6139598,169.5324228,1250.25
2023/4/11 12:00,929.2280945,192.2010472,1252.75
2023/4/11 12:15,923.0247786,188.2889933,1219
2023/4/11 12:30,925.1621937,170.5602905,1219
2023/4/11 12:45,894.9048153,161.5977387,1212
2023/4/11 13:00,843.2946613,154.0626879,1224
2023/4/11 13:15,824.1737887,146.1788749,1274.25
2023/4/11 13:30,863.236976,145.279524,1284
2023/4/11 13:45,842.3447868,152.9046924,1276.75
2023/4/11 14:00,813.9783173,146.3457333,1228.75
2023/4/11 14:15,783.5947685,146.5672915,1207
2023/4/11 14:30,758.9705792,141.9342601,1212
2023/4/11 14:45,695.9896088,139.236098,1207
2023/4/11 15:00,666.552277,133.8309985,1214.25
2023/4/11 15:15,619.2928655,123.3750976,1204.75
2023/4/11 15:30,580.4217619,117.214213,1202.25
2023/4/11 15:45,511.4242741,110.3451639,1212
2023/4/11 16:00,426.7534696,98.26446447,1202.25
2023/4/11 16:15,351.7571584,89.46211418,1168.75
2023/4/11 16:30,260.6109851,85.19443717,1178.25
2023/4/11 16:45,201.1321188,81.23912373,1171
2023/4/11 17:00,158.8615246,88.63231516,1161.5
2023/4/11 17:15,117.2026148,107.9290199,1147
2023/4/11 17:30,87.49198837,112.8494258,1154.25
2023/4/11 17:45,57.04082997,112.6066638,1159
2023/4/11 18:00,31.63579937,126.8502269,1144.75
2023/4/11 18:15,19.91889117,133.3808001,1154.25
2023/4/11 18:30,22.3603481,110.9504652,1154.25
2023/4/11 18:45,0,83.22910312,1152
2023/4/11 19:00,0,76.68777663,1156.75
2023/4/11 19:15,0,61.04115385,1161.5
2023/4/11 19:30,0,48.00279207,1176
2023/4/11 19:45,0,35.10970223,1166.25
2023/4/11 20:00,0,20.2402716,1168.75
2023/4/11 20:15,0,11.09536788,1156.75
2023/4/11 20:30,0,8.075954565,1140
2023/4/11 20:45,0,8.42204082,1152
2023/4/11 21:00,0,10.65282813,1149.5
2023/4/11 21:15,0,6.623570173,1142.25
2023/4/11 21:30,0,4.114701145,1156.75
2023/4/11 21:45,0,2.566404981,1137.5
2023/4/11 22:00,0,2.60144105,1135
2023/4/11 22:15,0,3.363600894,1154.25
2023/4/11 22:30,0,2.476103363,1149.5
2023/4/11 22:45,0,2.741109059,1140
2023/4/11 23:00,0,3.894217532,1149.5
2023/4/11 23:15,0,5.063305446,1137.5
2023/4/11 23:30,0,8.720550733,1128
2023/4/11 23:45,0,11.1741181,1135
2023/4/12 00:00,0,9.043723347,1168.75
2023/4/12 00:15,0,7.202701234,1135
2023/4/12 00:30,0,9.681571266,1130.25
2023/4/12 00:45,0,19.961694,1135
2023/4/12 01:00,0,22.66528599,1144.75
2023/4/12 01:15,0,22.83241474,1147
2023/4/12 01:30,0,27.390618,1147
2023/4/12 01:45,0,34.60884208,1132.75
2023/4/12 02:00,0,33.74091162,1140
2023/4/12 02:15,0,36.35576448,1142.25
2023/4/12 02:30,0,42.09449379,1137.5
2023/4/12 02:45,0,48.12060742,1128
2023/4/12 03:00,0,52.92494635,1137.5
2023/4/12 03:15,0,55.72520576,1152
2023/4/12 03:30,0,64.36894376,1147
2023/4/12 03:45,0,68.56663535,1125.5
2023/4/12 04:00,0,65.68109068,1156.75
2023/4/12 04:15,0,57.82552292,1142.25
2023/4/12 04:30,0,56.57077244,1125.5
2023/4/12 04:45,0,52.11014262,1132.75
2023/4/12 05:00,0,47.22041482,1140
2023/4/12 05:15,0.040195695,59.37386315,1116
2023/4/12 05:30,3.85950417,69.12102425,1111
2023/4/12 05:45,18.70818871,73.12209963,1125.5
2023/4/12 06:00,40.12422035,65.38248524,1135
2023/4/12 06:15,63.57724417,70.25596401,1135
2023/4/12 06:30,92.51960905,73.69395318,1147
2023/4/12 06:45,130.7078735,85.3689554,1142.25
2023/4/12 07:00,170.0155603,100.9458985,1130.25
2023/4/12 07:15,216.6475517,89.43713765,1132.75
2023/4/12 07:30,261.3771792,86.97133262,1130.25
2023/4/12 07:45,301.6222628,88.28784377,1130.25
2023/4/12 08:00,367.0820425,84.04441898,1161.5
2023/4/12 08:15,437.6102271,91.96282739,1173.5
2023/4/12 08:30,503.9060878,96.08000195,1149.5
2023/4/12 08:45,554.0624148,105.5683683,1156.75
2023/4/12 09:00,611.2527747,114.1069098,1171
2023/4/12 09:15,668.145946,106.3762805,1159
2023/4/12 09:30,706.0561791,91.0496203,1159
2023/4/12 09:45,701.3656351,97.83256797,1166.25
2023/4/12 10:00,717.2347068,97.86879142,1154.25
2023/4/12 10:15,756.7788376,103.5891807,1152
2023/4/12 10:30,791.2944161,98.94448332,1164
2023/4/12 10:45,840.2772358,99.7804354,1159
2023/4/12 11:00,828.8454623,97.68862424,1159
2023/4/12 11:15,856.7140037,99.88481035,1144.75
2023/4/12 11:30,797.2531438,106.3640868,1159
2023/4/12 11:45,740.3849602,105.5170156,1156.75
2023/4/12 12:00,728.1070457,98.88785771,1149.5
2023/4/12 12:15,715.1932597,117.9438339,1152
2023/4/12 12:30,687.4102934,141.9188398,1142.25
2023/4/12 12:45,693.204903,145.5769607,1164
2023/4/12 13:00,702.5048117,135.9522466,1147
2023/4/12 13:15,662.6477394,120.2481802,1166.25
2023/4/12 13:30,628.5427057,118.3680089,1156.75
2023/4/12 13:45,593.2697271,123.462778,1166.25
2023/4/12 14:00,564.4128302,131.7965825,1159
2023/4/12 14:15,572.0591227,142.754979,1178.25
2023/4/12 14:30,572.2012622,164.2133349,1147
2023/4/12 14:45,566.0554615,167.6189621,1147
2023/4/12 15:00,514.8060192,175.8826102,1176
2023/4/12 15:15,450.8108877,160.1535663,1159
2023/4/12 15:30,389.4401689,151.8275253,1166.25
2023/4/12 15:45,348.070878,141.5455569,1147
2023/4/12 16:00,283.871557,138.2903823,1152
2023/4/12 16:15,233.0034725,136.46754,1149.5
2023/4/12 16:30,190.0174361,129.1375211,1164
2023/4/12 16:45,149.7250675,129.8324243,1149.5
2023/4/12 17:00,130.0555789,121.8433424,1140
2023/4/12 17:15,101.6769399,111.0968209,1159
2023/4/12 17:30,71.47322614,112.5244235,1154.25
2023/4/12 17:45,50.24249262,119.1805669,1132.75
2023/4/12 18:00,26.41602875,137.4759801,1130.25
2023/4/12 18:15,14.2854137,135.3023139,1120.75
2023/4/12 18:30,11.60484891,130.252572,1113.5
2023/4/12 18:45,0,113.4461937,1123
2023/4/12 19:00,0,115.4913342,1142.25
2023/4/12 19:15,0,106.652492,1130.25
2023/4/12 19:30,0,95.29055628,1128
2023/4/12 19:45,0,79.54181469,1132.75
2023/4/12 20:00,0,74.70617814,1125.5
2023/4/12 20:15,0,65.6145495,1118.25
2023/4/12 20:30,0,55.67482603,1125.5
2023/4/12 20:45,0,50.1684747,1125.5
2023/4/12 21:00,0,46.06207865,1116
2023/4/12 21:15,0,43.48639525,1113.5
2023/4/12 21:30,0,44.82225885,1123
2023/4/12 21:45,0,33.52972902,1128
2023/4/12 22:00,0,23.83916147,1152
2023/4/12 22:15,0,24.46110222,1156.75
2023/4/12 22:30,0,24.86503661,1154.25
2023/4/12 22:45,0,32.21021294,1137.5
2023/4/12 23:00,0,25.32907829,1149.5
2023/4/12 23:15,0,17.24478426,1147
2023/4/12 23:30,0,14.19171509,1142.25
2023/4/12 23:45,0,21.55042361,1140
2023/4/13 00:00,0,18.63705139,1137.5
2023/4/13 00:15,0,10.31578976,1130.25
2023/4/13 00:30,0,19.75920013,1125.5
2023/4/13 00:45,0,30.63087215,1149.5
2023/4/13 01:00,0,39.5184781,1132.75
2023/4/13 01:15,0,36.77688112,1128
2023/4/13 01:30,0,35.1784752,1135
2023/4/13 01:45,0,20.82792793,1142.25
2023/4/13 02:00,0,16.3775221,1142.25
2023/4/13 02:15,0,17.11441874,1135
2023/4/13 02:30,0,25.28105819,1128
2023/4/13 02:45,0,29.32261412,1118.25
2023/4/13 03:00,0,32.16453562,1101.5
2023/4/13 03:15,0,24.83834586,1101.5
2023/4/13 03:30,0,23.13756139,1106.25
2023/4/13 03:45,0,20.53298836,1104
2023/4/13 04:00,0,16.93592035,1092
2023/4/13 04:15,0,18.47883266,1094.25
2023/4/13 04:30,0,25.77906418,1092
2023/4/13 04:45,0,35.50518097,1106.25
2023/4/13 05:00,0,36.30720102,1094.25
2023/4/13 05:15,0.174331335,35.25308301,1089.5
2023/4/13 05:30,1.625106613,27.84226968,1104
2023/4/13 05:45,6.830301149,33.23307448,1111
2023/4/13 06:00,21.39662108,24.84819089,1089.5
2023/4/13 06:15,39.6910291,29.55815664,1096.75
2023/4/13 06:30,59.6265871,30.90292139,1096.75
2023/4/13 06:45,87.82804457,28.09987519,1116
2023/4/13 07:00,112.2079685,37.59664597,1108.75
2023/4/13 07:15,142.1242564,43.84367107,1108.75
2023/4/13 07:30,168.9346053,53.07037555,1116
2023/4/13 07:45,199.0994329,57.79010276,1140
2023/4/13 08:00,223.0035868,56.26014631,1144.75
2023/4/13 08:15,233.996087,53.47711457,1140
2023/4/13 08:30,274.996112,52.76469497,1144.75
2023/4/13 08:45,323.8866708,55.99089081,1142.25
2023/4/13 09:00,364.3090579,45.75744036,1135
2023/4/13 09:15,414.0091511,48.15070216,1147
2023/4/13 09:30,427.5714393,49.78101624,1144.75
2023/4/13 09:45,437.441281,51.28216682,1137.5
2023/4/13 10:00,449.3064366,56.36313489,1140
2023/4/13 10:15,465.0252485,59.29558693,1159
2023/4/13 10:30,501.9287084,58.38883652,1128
2023/4/13 10:45,554.5881183,65.55474431,1132.75
2023/4/13 11:00,639.6583313,70.06036944,1156.75
2023/4/13 11:15,669.2306169,70.4553462,1132.75
2023/4/13 11:30,586.377927,50.52324736,1144.75
2023/4/13 11:45,637.2442228,37.13042713,1168.75
2023/4/13 12:00,744.4002316,33.85293117,1142.25
2023/4/13 12:15,719.9021021,32.93927898,1154.25
2023/4/13 12:30,643.9577963,38.30339687,1125.5
2023/4/13 12:45,580.6921406,37.65502232,1144.75
2023/4/13 13:00,524.4986745,50.91264526,1140
2023/4/13 13:15,443.853187,60.87939145,1144.75
2023/4/13 13:30,371.5020945,70.65477228,1142.25
2023/4/13 13:45,346.4377838,79.80128432,1147
2023/4/13 14:00,360.203512,78.81249517,1144.75
2023/4/13 14:15,387.8086898,85.40451211,1140
2023/4/13 14:30,406.8805571,91.50193139,1140
2023/4/13 14:45,395.7258777,110.5017756,1125.5
2023/4/13 15:00,377.5294296,112.9512818,1135
2023/4/13 15:15,316.3482573,120.6413297,1137.5
2023/4/13 15:30,244.5801029,119.689683,1128
2023/4/13 15:45,180.1933785,116.8657633,1135
2023/4/13 16:00,169.7279856,110.1698858,1147
2023/4/13 16:15,175.5886523,105.8842094,1144.75
2023/4/13 16:30,153.1895122,84.42173814,1132.75
2023/4/13 16:45,113.500563,61.90014376,1118.25
2023/4/13 17:00,93.01818559,44.6879775,1116
2023/4/13 17:15,88.97279125,47.81126445,1104
2023/4/13 17:30,61.26306729,38.60046775,1111
2023/4/13 17:45,35.18765846,50.76650361,1123
2023/4/13 18:00,19.84909709,45.11721523,1101.5
2023/4/13 18:15,12.72985251,30.86340947,1130.25
2023/4/13 18:30,13.00415726,33.40469785,1116
2023/4/13 18:45,0,31.6816815,1113.5
2023/4/13 19:00,0,21.69192951,1120.75
2023/4/13 19:15,0,18.66953683,1140
2023/4/13 19:30,0,15.34857241,1128
2023/4/13 19:45,0,9.024450113,1128
2023/4/13 20:00,0,4.553254945,1130.25
2023/4/13 20:15,0,2.57422113,1118.25
2023/4/13 20:30,0,1.854677225,1111
2023/4/13 20:45,0,1.762207182,1120.75
2023/4/13 21:00,0,3.842472832,1135
2023/4/13 21:15,0,4.759637287,1120.75
2023/4/13 21:30,0,11.56076202,1116
2023/4/13 21:45,0,11.08168414,1120.75
2023/4/13 22:00,0,5.092901873,1125.5
2023/4/13 22:15,0,3.84814158,1123
2023/4/13 22:30,0,2.851015064,1108.75
2023/4/13 22:45,0,6.251905116,1092
2023/4/13 23:00,0,22.74379011,1106.25
2023/4/13 23:15,0,21.77068459,1092
2023/4/13 23:30,0,26.18485164,1099
2023/4/13 23:45,0,22.76436923,1118.25
2023/4/14 00:00,0,16.12651817,1111
2023/4/14 00:15,0,17.7276295,1092
2023/4/14 00:30,0,13.62094544,1101.5
2023/4/14 00:45,0,10.56986106,1096.75
2023/4/14 01:00,0,11.60372944,1099
2023/4/14 01:15,0,14.64783758,1084.75
2023/4/14 01:30,0,11.62181549,1089.5
2023/4/14 01:45,0,8.902144688,1089.5
2023/4/14 02:00,0,6.863642459,1108.75
2023/4/14 02:15,0,8.408333682,1096.75
2023/4/14 02:30,0,5.86992469,1084.75
2023/4/14 02:45,0,7.793868346,1118.25
2023/4/14 03:00,0,10.12932253,1080
2023/4/14 03:15,0,10.40908069,1082.25
2023/4/14 03:30,0,9.279860387,1104
2023/4/14 03:45,0,10.93171646,1101.5
2023/4/14 04:00,0,10.06184185,1087
2023/4/14 04:15,0,6.63800255,1096.75
2023/4/14 04:30,0,4.254123757,1101.5
2023/4/14 04:45,0,3.607826295,1080
2023/4/14 05:00,0,3.663296353,1068
2023/4/14 05:15,0.383675785,3.879821619,1077.5
2023/4/14 05:30,5.837858872,5.100884466,1084.75
2023/4/14 05:45,16.78242396,5.432634101,1063
2023/4/14 06:00,36.45548059,3.922836787,1072.75
2023/4/14 06:15,62.38994567,3.239735696,1077.5
2023/4/14 06:30,92.9533691,2.615636001,1094.25
2023/4/14 06:45,123.4012232,2.812090396,1089.5
2023/4/14 07:00,143.6219579,2.736697092,1094.25
2023/4/14 07:15,175.6828043,2.446829187,1113.5
2023/4/14 07:30,202.6292241,2.653457814,1116
2023/4/14 07:45,242.9363383,2.395492934,1128
2023/4/14 08:00,286.2160428,3.060816936,1137.5
2023/4/14 08:15,322.134807,2.73017571,1128
2023/4/14 08:30,352.9490175,3.433404241,1135
2023/4/14 08:45,404.9215317,3.133749971,1149.5
2023/4/14 09:00,442.8671885,2.489458516,1190.25
2023/4/14 09:15,517.6600395,2.840497186,1178.25
2023/4/14 09:30,546.9914237,2.226612161,1188
2023/4/14 09:45,575.4653351,3.004765476,1192.75
2023/4/14 10:00,593.9459248,2.456767619,1216.75
2023/4/14 10:15,600.949266,2.694788772,1212
2023/4/14 10:30,593.0011752,3.231813525,1200
2023/4/14 10:45,604.7647373,3.713580961,1197.5
2023/4/14 11:00,634.5532152,3.812495194,1190.25
2023/4/14 11:15,619.4401861,4.151270727,1228.75
2023/4/14 11:30,575.4460699,4.388045536,1192.75
2023/4/14 11:45,627.7742114,3.546128617,1192.75
2023/4/14 12:00,677.8936949,4.275268024,1180.75
2023/4/14 12:15,683.2454672,5.185966348,1176
2023/4/14 12:30,681.9715746,5.691960841,1185.5
2023/4/14 12:45,681.4897052,6.867362274,1168.75
2023/4/14 13:00,735.1056495,5.674884513,1192.75
2023/4/14 13:15,754.4512872,5.697690194,1183
2023/4/14 13:30,715.3781707,7.259047457,1188
2023/4/14 13:45,676.0100756,8.879660355,1183
2023/4/14 14:00,687.4986834,11.60605469,1216.75
2023/4/14 14:15,628.9370415,13.55743115,1216.75
2023/4/14 14:30,589.8117514,14.19930051,1204.75
2023/4/14 14:45,556.3605657,13.59291952,1212
2023/4/14 15:00,516.0164417,13.64794568,1204.75
2023/4/14 15:15,475.2076154,13.26767974,1228.75
2023/4/14 15:30,424.4984562,12.84164294,1221.5
2023/4/14 15:45,369.3882705,16.42539319,1226.25
2023/4/14 16:00,303.3863817,14.61251516,1216.75
2023/4/14 16:15,277.3035137,15.08577097,1200
2023/4/14 16:30,247.5392512,11.00671406,1195
2023/4/14 16:45,210.6831855,9.105745749,1180.75
2023/4/14 17:00,157.1338902,10.03875392,1154.25
2023/4/14 17:15,134.8187372,9.042052345,1180.75
2023/4/14 17:30,101.5600992,9.51864708,1183
2023/4/14 17:45,64.38672377,8.995471016,1180.75
2023/4/14 18:00,37.37001484,6.676103614,1161.5
2023/4/14 18:15,21.71426204,6.108343436,1149.5
2023/4/14 18:30,16.05116313,5.773215718,1159
2023/4/14 18:45,0,8.034765915,1159
2023/4/14 19:00,0,8.944889686,1137.5
2023/4/14 19:15,0,12.7182303,1132.75
2023/4/14 19:30,0,14.79835659,1128
2023/4/14 19:45,0,13.3093732,1116
2023/4/14 20:00,0,11.32363606,1084.75
2023/4/14 20:15,0,10.52756997,1082.25
2023/4/14 20:30,0,10.40380791,1077.5
2023/4/14 20:45,0,11.81709561,1077.5
2023/4/14 21:00,0,9.489586789,1082.25
2023/4/14 21:15,0,8.93893976,1087
2023/4/14 21:30,0,7.083690659,1101.5
2023/4/14 21:45,0,5.379129548,1072.75
2023/4/14 22:00,0,4.012696849,1087
2023/4/14 22:15,0,2.612123842,1072.75
2023/4/14 22:30,0,1.938089067,1080
2023/4/14 22:45,0,1.986905904,1070.25
2023/4/14 23:00,0,2.548561871,1063
2023/4/14 23:15,0,2.247039833,1063
2023/4/14 23:30,0,1.368250235,1082.25
2023/4/14 23:45,0,1.72276937,1089.5
2023/4/15 00:00,0,2.626901837,1077.5
2023/4/15 00:15,0,4.064574653,1084.75
2023/4/15 00:30,0,3.910433022,1084.75
2023/4/15 00:45,0,3.784646974,1092
2023/4/15 01:00,0,2.396706562,1087
2023/4/15 01:15,0,1.761526148,1087
2023/4/15 01:30,0,1.410991168,1089.5
2023/4/15 01:45,0,1.014584978,1080
2023/4/15 02:00,0,2.188728001,1084.75
2023/4/15 02:15,0,2.088189098,1089.5
2023/4/15 02:30,0,1.67070294,1080
2023/4/15 02:45,0,1.693210813,1065.5
2023/4/15 03:00,0,1.649919143,1075
2023/4/15 03:15,0,1.563889848,1082.25
2023/4/15 03:30,0,1.442673613,1089.5
2023/4/15 03:45,0,1.418579272,1080
2023/4/15 04:00,0,1.69468857,1075
2023/4/15 04:15,0,1.983346188,1084.75
2023/4/15 04:30,0,2.583848994,1099
2023/4/15 04:45,0,1.953440806,1060.75
2023/4/15 05:00,0,1.963727148,1051
2023/4/15 05:15,0.615524199,2.371561923,1072.75
2023/4/15 05:30,10.3466085,2.553946367,1068
2023/4/15 05:45,30.63540317,2.671656067,1080
2023/4/15 06:00,60.4988132,2.889347019,1082.25
2023/4/15 06:15,107.384869,2.726592195,1084.75
2023/4/15 06:30,161.5116601,2.297516911,1082.25
2023/4/15 06:45,216.1822975,2.827965132,1084.75
2023/4/15 07:00,282.8886606,3.82973977,1101.5
2023/4/15 07:15,361.1136793,4.38335901,1120.75
2023/4/15 07:30,401.1610781,2.647569282,1142.25
2023/4/15 07:45,446.1947493,2.156071397,1147
2023/4/15 08:00,509.4585736,2.549608764,1159
2023/4/15 08:15,559.8358586,3.916988278,1178.25
2023/4/15 08:30,603.8437286,4.11209196,1178.25
2023/4/15 08:45,656.1242195,4.590497987,1185.5
2023/4/15 09:00,703.7099008,6.753797474,1195
2023/4/15 09:15,773.3545523,6.823712135,1298.25
2023/4/15 09:30,827.7273589,7.501057991,1288.75
2023/4/15 09:45,916.5443186,10.16601916,1308
2023/4/15 10:00,995.6721233,14.91425949,1310.25
2023/4/15 10:15,1015.510607,25.51801195,1305.5
2023/4/15 10:30,1021.869138,30.88021278,1308
2023/4/15 10:45,1050.615726,30.5948854,1305.5
2023/4/15 11:00,1074.413106,32.78062359,1327
2023/4/15 11:15,1105.665605,34.48741382,1317.5
2023/4/15 11:30,1094.139046,32.41405477,1324.75
2023/4/15 11:45,1087.451496,37.57201525,1308
2023/4/15 12:00,1069.470585,41.53919088,1303
2023/4/15 12:15,1055.350798,47.45028019,1310.25
2023/4/15 12:30,1032.554039,39.9160111,1291
2023/4/15 12:45,996.0068698,39.99510656,1279
2023/4/15 13:00,1007.890271,42.76607384,1298.25
2023/4/15 13:15,998.1467518,42.18260521,1276.75
2023/4/15 13:30,974.0309234,40.92090178,1312.75
2023/4/15 13:45,917.7121221,51.30889363,1305.5
2023/4/15 14:00,872.4444628,60.61672775,1284
2023/4/15 14:15,825.0305055,53.16671799,1264.75
2023/4/15 14:30,768.4639806,46.87738413,1260
2023/4/15 14:45,716.3265656,55.65055224,1272
2023/4/15 15:00,663.3440681,56.48644602,1286.25
2023/4/15 15:15,609.1167627,52.06413174,1284
2023/4/15 15:30,557.3053362,53.6531295,1284
2023/4/15 15:45,489.6807041,55.66570128,1279
2023/4/15 16:00,427.4836986,51.85091053,1279
2023/4/15 16:15,367.5152051,49.73282609,1274.25
2023/4/15 16:30,306.1682645,45.23081788,1248
2023/4/15 16:45,249.4663367,45.00997792,1183
2023/4/15 17:00,213.4747827,43.49488271,1190.25
2023/4/15 17:15,172.6499245,44.07394718,1171
2023/4/15 17:30,134.7818874,50.39846185,1168.75
2023/4/15 17:45,85.42526155,53.65994862,1166.25
2023/4/15 18:00,44.88575888,57.02969453,1142.25
2023/4/15 18:15,22.42436891,56.20285851,1147
2023/4/15 18:30,17.35012532,53.01372202,1137.5
2023/4/15 18:45,0,56.19223861,1140
2023/4/15 19:00,0,49.37072705,1149.5
2023/4/15 19:15,0,38.3917549,1142.25
2023/4/15 19:30,0,29.22268691,1140
2023/4/15 19:45,0,21.62297205,1135
2023/4/15 20:00,0,14.76749097,1128
2023/4/15 20:15,0,8.73398838,1120.75
2023/4/15 20:30,0,5.602816416,1111
2023/4/15 20:45,0,4.779170296,1106.25
2023/4/15 21:00,0,3.268026694,1116
2023/4/15 21:15,0,3.146322795,1096.75
2023/4/15 21:30,0,2.454798928,1106.25
2023/4/15 21:45,0,1.888656322,1106.25
2023/4/15 22:00,0,2.187385299,1137.5
2023/4/15 22:15,0,2.101672231,1113.5
2023/4/15 22:30,0,2.156518786,1120.75
2023/4/15 22:45,0,2.091531934,1135
2023/4/15 23:00,0,3.311802719,1118.25
2023/4/15 23:15,0,3.786105473,1130.25
2023/4/15 23:30,0,3.606106119,1116
2023/4/15 23:45,0,3.32649468,1135
2023/4/16 00:00,0,3.511666174,1108.75
2023/4/16 00:15,0,3.442373326,1123
2023/4/16 00:30,0,4.127468012,1125.5
2023/4/16 00:45,0,3.544142095,1135
2023/4/16 01:00,0,3.630655861,1116
2023/4/16 01:15,0,3.949328212,1128
2023/4/16 01:30,0,3.180248353,1123
2023/4/16 01:45,0,2.269727891,1135
2023/4/16 02:00,0,2.298235254,1130.25
2023/4/16 02:15,0,1.388794468,1123
2023/4/16 02:30,0,1.499046585,1132.75
2023/4/16 02:45,0,1.11991263,1118.25
2023/4/16 03:00,0,1.840177222,1137.5
2023/4/16 03:15,0,1.846643334,1108.75
2023/4/16 03:30,0,1.859161503,1111
2023/4/16 03:45,0,2.161300811,1104
2023/4/16 04:00,0,2.772010824,1096.75
2023/4/16 04:15,0,3.588911191,1101.5
2023/4/16 04:30,0,3.293261359,1096.75
2023/4/16 04:45,0,3.586354185,1118.25
2023/4/16 05:00,0,3.823345713,1104
2023/4/16 05:15,0.507010342,5.641631805,1104
2023/4/16 05:30,15.46777734,6.973298836,1106.25
2023/4/16 05:45,41.89926312,8.725424025,1101.5
2023/4/16 06:00,90.33791267,7.696116446,1101.5
2023/4/16 06:15,145.1983423,12.50296937,1116
2023/4/16 06:30,211.7901677,14.85127979,1132.75
2023/4/16 06:45,291.3369957,12.298294,1123
2023/4/16 07:00,383.5965894,9.994457643,1132.75
2023/4/16 07:15,480.2420913,7.861523424,1159
2023/4/16 07:30,584.9719858,6.067890534,1156.75
2023/4/16 07:45,668.1866042,4.727444705,1168.75
2023/4/16 08:00,743.5516954,4.175171235,1176
2023/4/16 08:15,823.5742809,3.69069189,1183
2023/4/16 08:30,894.2120546,4.238567251,1207
2023/4/16 08:45,958.7261399,6.550739081,1238.25
2023/4/16 09:00,1028.487668,7.568140983,1240.75
2023/4/16 09:15,1078.735347,8.388741655,1243
2023/4/16 09:30,1122.97027,6.631160074,1255
2023/4/16 09:45,1159.749892,6.792925902,1281.5
2023/4/16 10:00,1199.88748,7.822758693,1296
2023/4/16 10:15,1244.912281,9.668041996,1284
2023/4/16 10:30,1283.279729,7.497785588,1305.5
2023/4/16 10:45,1300.849101,6.326834434,1279
2023/4/16 11:00,1328.026198,5.167906858,1274.25
2023/4/16 11:15,1331.456786,6.072762595,1272
2023/4/16 11:30,1333.311212,5.312184178,1279
2023/4/16 11:45,1325.396968,4.242696789,1267
2023/4/16 12:00,1323.678022,4.73067179,1281.5
2023/4/16 12:15,1297.749125,6.345139633,1267
2023/4/16 12:30,1271.165497,8.953956547,1257.5
2023/4/16 12:45,1264.353811,8.92650552,1233.5
2023/4/16 13:00,1247.922539,10.26742833,1255
2023/4/16 13:15,1215.723403,11.07050155,1274.25
2023/4/16 13:30,1184.733839,12.97586464,1281.5
2023/4/16 13:45,1143.162039,13.67710998,1298.25
2023/4/16 14:00,1101.910565,13.38339301,1315
2023/4/16 14:15,1059.341448,9.660115274,1315
2023/4/16 14:30,992.2888798,10.6510631,1286.25
2023/4/16 14:45,938.5070621,8.236336534,1279
2023/4/16 15:00,880.2351633,8.012856195,1267
2023/4/16 15:15,820.6585258,7.131769683,1298.25
2023/4/16 15:30,759.9095935,11.0497342,1288.75
2023/4/16 15:45,701.2778176,12.65954379,1284
2023/4/16 16:00,628.6680263,14.38546856,1288.75
2023/4/16 16:15,548.3312953,15.53832127,1281.5
2023/4/16 16:30,466.3407978,19.88934572,1274.25
2023/4/16 16:45,381.0952347,24.84330498,1255
2023/4/16 17:00,300.7572405,27.27081632,1228.75
2023/4/16 17:15,216.6134265,30.9212828,1236
2023/4/16 17:30,157.4451438,37.13343863,1224
2023/4/16 17:45,104.7079216,46.23750684,1216.75
2023/4/16 18:00,59.65065502,60.52897099,1192.75
2023/4/16 18:15,26.07149478,86.70011143,1202.25
2023/4/16 18:30,14.25465994,98.65236098,1192.75
2023/4/16 18:45,0,117.7860363,1207
2023/4/16 19:00,0,142.166295,1202.25
2023/4/16 19:15,0,157.7530754,1195
2023/4/16 19:30,0,187.5096867,1185.5
2023/4/16 19:45,0,208.0336297,1180.75
2023/4/16 20:00,0,224.6305581,1161.5
2023/4/16 20:15,0,210.2323198,1164
2023/4/16 20:30,0,203.4667077,1168.75
2023/4/16 20:45,0,217.1006599,1137.5
2023/4/16 21:00,0,249.6017935,1142.25
2023/4/16 21:15,0,271.9624607,1140
2023/4/16 21:30,0,291.2028962,1152
2023/4/16 21:45,0,299.2166799,1147
2023/4/16 22:00,0,300.6619395,1147
2023/4/16 22:15,0,291.2845179,1147
2023/4/16 22:30,0,295.6460505,1132.75
2023/4/16 22:45,0,290.6190665,1142.25
2023/4/16 23:00,0,301.4351106,1140
2023/4/16 23:15,0,303.9697556,1140
2023/4/16 23:30,0,297.5460422,1142.25
2023/4/16 23:45,0,297.1291196,1137.5
2023/4/17 00:00,0,299.4105759,1132.75
2023/4/17 00:15,0,282.5608262,1130.25
2023/4/17 00:30,0,289.6384698,1137.5
2023/4/17 00:45,0,297.59332,1130.25
2023/4/17 01:00,0,312.8540562,1130.25
2023/4/17 01:15,0,319.7386405,1140
2023/4/17 01:30,0,310.4798137,1130.25
2023/4/17 01:45,0,296.9425305,1152
2023/4/17 02:00,0,284.5313841,1149.5
2023/4/17 02:15,0,287.3035554,1135
2023/4/17 02:30,0,294.3155455,1120.75
2023/4/17 02:45,0,309.2540358,1118.25
2023/4/17 03:00,0,291.0856323,1120.75
2023/4/17 03:15,0,296.3884631,1104
2023/4/17 03:30,0,291.3951788,1108.75
2023/4/17 03:45,0,309.8892294,1118.25
2023/4/17 04:00,0,298.4811382,1128
2023/4/17 04:15,0,298.5795017,1106.25
2023/4/17 04:30,0,328.811398,1116
2023/4/17 04:45,0,350.0354602,1140
2023/4/17 05:00,0,345.1517157,1128
2023/4/17 05:15,0.427776496,302.7919645,1120.75
2023/4/17 05:30,7.71493106,296.4520385,1116
2023/4/17 05:45,34.72165294,324.7041096,1111
2023/4/17 06:00,79.27097883,336.4078404,1120.75
2023/4/17 06:15,116.8431166,324.4901436,1166.25
2023/4/17 06:30,154.215998,333.7929859,1183
2023/4/17 06:45,211.5299214,358.1282123,1164
2023/4/17 07:00,270.6905051,361.7434015,1166.25
2023/4/17 07:15,318.3020997,350.3767838,1178.25
2023/4/17 07:30,330.3830295,380.8980894,1214.25
2023/4/17 07:45,394.7996493,396.5218514,1238.25
2023/4/17 08:00,497.7273276,394.7831468,1240.75
2023/4/17 08:15,582.9204256,403.3632542,1260
2023/4/17 08:30,628.6671105,411.7309902,1257.5
2023/4/17 08:45,641.4296709,417.1828176,1262.25
2023/4/17 09:00,626.7500575,423.1062633,1281.5
2023/4/17 09:15,622.2035805,434.3600453,1310.25
2023/4/17 09:30,632.1095709,453.1730317,1324.75
2023/4/17 09:45,611.4268247,453.2836369,1334.25
2023/4/17 10:00,628.9900637,435.8240588,1339
2023/4/17 10:15,653.7642117,427.6597177,1348.75
2023/4/17 10:30,708.3229928,438.9219494,1353.5
2023/4/17 10:45,796.1360878,442.6240617,1332
2023/4/17 11:00,888.9150917,456.1327609,1324.75
2023/4/17 11:15,907.9278585,467.9006362,1308
2023/4/17 11:30,898.2692365,483.2406724,1305.5
2023/4/17 11:45,905.7034579,489.8109601,1310.25
2023/4/17 12:00,986.6388712,507.5764872,1308
2023/4/17 12:15,1034.310308,512.2383804,1291
2023/4/17 12:30,1042.85943,510.3060816,1298.25
2023/4/17 12:45,1032.147074,499.1074828,1293.5
2023/4/17 13:00,919.5561463,517.6178847,1322.25
2023/4/17 13:15,918.9613226,523.3573216,1329.5
2023/4/17 13:30,903.9995876,529.6804105,1329.5
2023/4/17 13:45,861.1778477,515.6200651,1339
2023/4/17 14:00,857.2001974,503.8740642,1346.25
2023/4/17 14:15,826.945547,514.4221037,1336.75
2023/4/17 14:30,732.2688496,518.5152671,1308
2023/4/17 14:45,665.5785065,522.5371511,1310.25
2023/4/17 15:00,618.1379928,533.1450713,1322.25
2023/4/17 15:15,597.6386435,530.9159725,1312.75
2023/4/17 15:30,570.5267825,516.6095044,1322.25
2023/4/17 15:45,521.4185805,510.6669671,1363
2023/4/17 16:00,465.2801853,508.6161,1353.5
2023/4/17 16:15,427.4840432,502.6577922,1353.5
2023/4/17 16:30,395.3877402,483.8652638,1351
2023/4/17 16:45,328.3977319,330.5163311,1298.25
2023/4/17 17:00,250.492617,442.6373985,1310.25
2023/4/17 17:15,183.6384096,442.8675079,1305.5
2023/4/17 17:30,131.8907313,443.9931849,1288.75
2023/4/17 17:45,81.89280312,402.3540468,1281.5
2023/4/17 18:00,51.68153245,347.7436795,1281.5
2023/4/17 18:15,29.82386776,321.695611,1288.75
2023/4/17 18:30,14.26138924,319.3648371,1288.75
2023/4/17 18:45,0.054033768,318.6378887,1291
2023/4/17 19:00,0,309.0674758,1279
2023/4/17 19:15,0,314.6282792,1276.75
2023/4/17 19:30,0,303.673913,1274.25
2023/4/17 19:45,0,310.2875666,1269.5
2023/4/17 20:00,0,299.8527511,1250.25
2023/4/17 20:15,0,263.3756584,1248
2023/4/17 20:30,0,277.516702,1240.75
2023/4/17 20:45,0,272.611736,1233.5
2023/4/17 21:00,0,237.1724842,1231
2023/4/17 21:15,0,234.7874733,1245.5
2023/4/17 21:30,0,245.0900359,1240.75
2023/4/17 21:45,0,265.5853131,1228.75
2023/4/17 22:00,0,255.7233103,1209.5
2023/4/17 22:15,0,251.4497945,1190.25
2023/4/17 22:30,0,241.8684653,1173.5
2023/4/17 22:45,0,258.0094801,1188
2023/4/17 23:00,0,255.299307,1188
2023/4/17 23:15,0,246.7191237,1212
2023/4/17 23:30,0,261.141086,1188
2023/4/17 23:45,0,287.466253,1185.5
2023/4/18 00:00,0,269.0656533,1183
2023/4/18 00:15,0,249.501956,1192.75
2023/4/18 00:30,0,228.3788644,1190.25
2023/4/18 00:45,0,268.530583,1185.5
2023/4/18 01:00,0,278.0356442,1183
2023/4/18 01:15,0,281.3862025,1190.25
2023/4/18 01:30,0,245.8249454,1168.75
2023/4/18 01:45,0,173.407677,1168.75
2023/4/18 02:00,0,133.6236608,1176
2023/4/18 02:15,0,146.1503943,1152
2023/4/18 02:30,0,150.5793484,1135
2023/4/18 02:45,0,158.9955733,1132.75
2023/4/18 03:00,0,194.1911893,1135
2023/4/18 03:15,0,185.2452995,1116
2023/4/18 03:30,0,198.0351593,1132.75
2023/4/18 03:45,0,180.9704138,1140
2023/4/18 04:00,0,201.6420942,1137.5
2023/4/18 04:15,0,171.1821803,1120.75
2023/4/18 04:30,0,121.4621531,1135
2023/4/18 04:45,0,134.6747675,1123
2023/4/18 05:00,0,182.2794772,1130.25
2023/4/18 05:15,0.155107566,183.9263846,1147
2023/4/18 05:30,4.894284116,159.9019991,1128
2023/4/18 05:45,25.12153354,137.51102,1132.75
2023/4/18 06:00,57.29123632,140.0641978,1130.25
2023/4/18 06:15,94.9413062,149.2474612,1149.5
2023/4/18 06:30,145.9982376,151.3634634,1137.5
2023/4/18 06:45,216.3715864,152.0216615,1154.25
2023/4/18 07:00,287.8878342,129.3403777,1144.75
2023/4/18 07:15,357.7957755,118.5937871,1161.5
2023/4/18 07:30,424.2060059,135.8080412,1176
2023/4/18 07:45,504.8951418,164.82179,1180.75
2023/4/18 08:00,545.9031795,181.5672561,1212
2023/4/18 08:15,567.8638557,223.0464942,1236
2023/4/18 08:30,610.3673625,215.6955692,1219
2023/4/18 08:45,655.1278726,206.1097533,1224
2023/4/18 09:00,674.0896739,231.7056273,1243
2023/4/18 09:15,685.1002227,273.0806573,1267
2023/4/18 09:30,683.8724682,278.4157608,1288.75
2023/4/18 09:45,704.8518412,280.5539802,1291
2023/4/18 10:00,703.4632215,303.9805612,1267
2023/4/18 10:15,720.0583028,279.4930627,1267
2023/4/18 10:30,727.8406436,271.9319458,1288.75
2023/4/18 10:45,753.895302,255.3508321,1284
2023/4/18 11:00,719.6198337,239.2163147,1298.25
2023/4/18 11:15,722.8481274,228.1104675,1276.75
2023/4/18 11:30,674.1219159,227.2274383,1272
2023/4/18 11:45,584.0059455,252.0968435,1272
2023/4/18 12:00,575.6954627,274.7197519,1260
2023/4/18 12:15,544.8781503,247.6189402,1257.5
2023/4/18 12:30,535.6649998,254.8539641,1260
2023/4/18 12:45,526.7108982,200.8217657,1264.75
2023/4/18 13:00,516.8696984,229.8492065,1252.75
2023/4/18 13:15,480.5197853,244.4914325,1262.25
2023/4/18 13:30,463.0155543,227.9658209,1264.75
2023/4/18 13:45,465.1686142,205.7976411,1260
2023/4/18 14:00,453.1489577,133.0306895,1272
2023/4/18 14:15,409.2901556,110.1736514,1267
2023/4/18 14:30,370.5395183,111.822437,1262.25
2023/4/18 14:45,357.6336785,84.13027376,1272
2023/4/18 15:00,312.8139015,59.4063299,1281.5
2023/4/18 15:15,269.1471962,54.0755072,1262.25
2023/4/18 15:30,229.8096649,50.89939618,1279
2023/4/18 15:45,204.5879215,44.80074627,1262.25
2023/4/18 16:00,189.052645,29.14968268,1248
2023/4/18 16:15,175.6946546,27.72333208,1243
2023/4/18 16:30,160.5757897,47.45050255,1219
2023/4/18 16:45,143.7021321,65.56056245,1228.75
2023/4/18 17:00,124.4606959,61.61167999,1228.75
2023/4/18 17:15,102.7324404,62.94525163,1221.5
2023/4/18 17:30,77.02277514,70.76704993,1197.5
2023/4/18 17:45,57.63741971,80.89267808,1204.75
2023/4/18 18:00,45.38504398,106.994518,1188
2023/4/18 18:15,27.37214229,121.9276112,1185.5
2023/4/18 18:30,18.45971487,133.915099,1219
2023/4/18 18:45,4.694444865,130.544639,1195
2023/4/18 19:00,0,116.7462166,1212
2023/4/18 19:15,0,85.09217684,1209.5
2023/4/18 19:30,0,65.86512006,1202.25
2023/4/18 19:45,0,61.61055283,1192.75
2023/4/18 20:00,0,57.17337191,1197.5
2023/4/18 20:15,0,51.12244442,1188
2023/4/18 20:30,0,45.63247142,1180.75
2023/4/18 20:45,0,35.29565493,1178.25
2023/4/18 21:00,0,23.09086869,1164
2023/4/18 21:15,0,14.95729735,1171
2023/4/18 21:30,0,11.23099808,1166.25
2023/4/18 21:45,0,8.157905137,1178.25
2023/4/18 22:00,0,7.085487817,1154.25
2023/4/18 22:15,0,5.657748366,1156.75
2023/4/18 22:30,0,5.643404126,1152
2023/4/18 22:45,0,4.828838089,1161.5
2023/4/18 23:00,0,4.557627684,1173.5
2023/4/18 23:15,0,4.8729449,1159
2023/4/18 23:30,0,5.313794386,1168.75
2023/4/18 23:45,0,6.08152055,1176
2023/4/19 00:00,0,6.73821091,1144.75
2023/4/19 00:15,0,4.079629201,1142.25
2023/4/19 00:30,0,5.704345841,1156.75
2023/4/19 00:45,0,5.372383711,1149.5
2023/4/19 01:00,0,4.058661618,1161.5
2023/4/19 01:15,0,3.117136608,1173.5
2023/4/19 01:30,0,2.73662414,1168.75
2023/4/19 01:45,0,2.674929739,1147
2023/4/19 02:00,0,2.067487931,1152
2023/4/19 02:15,0,1.603805444,1156.75
2023/4/19 02:30,0,1.543377297,1144.75
2023/4/19 02:45,0,1.781008715,1152
2023/4/19 03:00,0,1.531140559,1154.25
2023/4/19 03:15,0,1.908542156,1166.25
2023/4/19 03:30,0,2.015855619,1149.5
2023/4/19 03:45,0,1.555557837,1137.5
2023/4/19 04:00,0,1.174076255,1132.75
2023/4/19 04:15,0,0.985814212,1140
2023/4/19 04:30,0,1.460195694,1132.75
2023/4/19 04:45,0,1.861261385,1135
2023/4/19 05:00,0,2.480291662,1156.75
2023/4/19 05:15,0.207298327,1.154086579,1137.5
2023/4/19 05:30,9.424074935,1.192367169,1156.75
2023/4/19 05:45,30.40430911,1.556585729,1137.5
2023/4/19 06:00,64.36503338,2.941356186,1132.75
2023/4/19 06:15,104.3464291,3.100721736,1137.5
2023/4/19 06:30,148.9700923,3.246394904,1147
2023/4/19 06:45,199.257488,2.595625937,1149.5
2023/4/19 07:00,257.7209403,2.08495568,1149.5
2023/4/19 07:15,317.3111191,2.941200402,1140
2023/4/19 07:30,373.8889119,2.798028332,1144.75
2023/4/19 07:45,447.1375919,2.410599094,1156.75
2023/4/19 08:00,518.6457966,2.010264682,1168.75
2023/4/19 08:15,581.9909635,2.418950818,1188
2023/4/19 08:30,663.5912877,1.994932811,1178.25
2023/4/19 08:45,690.1631504,2.237432129,1168.75
2023/4/19 09:00,747.3128891,2.527448637,1204.75
2023/4/19 09:15,802.2396634,2.683944196,1190.25
2023/4/19 09:30,835.9669913,3.366176291,1200
2023/4/19 09:45,865.7245572,3.746092247,1197.5
2023/4/19 10:00,901.5591659,4.011105441,1197.5
2023/4/19 10:15,903.8216347,3.890846602,1183
2023/4/19 10:30,942.2141731,2.982337683,1192.75
2023/4/19 10:45,981.1804142,3.923475988,1204.75
2023/4/19 11:00,1000.865164,2.898644065,1192.75
2023/4/19 11:15,1024.818709,2.195478227,1202.25
2023/4/19 11:30,1045.185577,3.2007537,1212
2023/4/19 11:45,1077.437887,5.946191648,1219
2023/4/19 12:00,1069.721112,6.236701215,1202.25
2023/4/19 12:15,1087.872728,3.948140113,1219
2023/4/19 12:30,1075.600607,2.539901627,1221.5
2023/4/19 12:45,1047.745174,3.537892976,1202.25
2023/4/19 13:00,1042.165286,5.869635486,1202.25
2023/4/19 13:15,1050.952626,8.543257279,1219
2023/4/19 13:30,1060.894492,14.79035519,1204.75
2023/4/19 13:45,1025.689682,16.75522254,1209.5
2023/4/19 14:00,938.8891216,15.11522844,1214.25
2023/4/19 14:15,884.5624119,10.97160297,1197.5
2023/4/19 14:30,871.6360585,10.62077881,1202.25
2023/4/19 14:45,821.1827855,11.63618488,1202.25
2023/4/19 15:00,816.530902,12.34720728,1212
2023/4/19 15:15,744.8063839,15.74858824,1216.75
2023/4/19 15:30,665.0419127,14.23837589,1207
2023/4/19 15:45,585.6731462,12.10365583,1204.75
2023/4/19 16:00,516.027021,8.432948395,1195
2023/4/19 16:15,459.5503939,4.599039382,1204.75
2023/4/19 16:30,404.4481756,2.506990726,1207
2023/4/19 16:45,323.8374983,2.870718318,1192.75
2023/4/19 17:00,268.8725513,2.167246395,1195
2023/4/19 17:15,212.1731921,0.59763011,1207
2023/4/19 17:30,153.7383228,0.311206299,1195
2023/4/19 17:45,102.6953005,0.280614993,1195
2023/4/19 18:00,63.84020823,0.173447997,1200
2023/4/19 18:15,32.65912534,0.216283988,1195
2023/4/19 18:30,19.29876915,0.378392284,1197.5
2023/4/19 18:45,5.729195552,0.497736128,1200
2023/4/19 19:00,0,0.504455456,1195
2023/4/19 19:15,0,0.458072296,1192.75
2023/4/19 19:30,0,0.343346926,1190.25
2023/4/19 19:45,0,0.397196023,1192.75
2023/4/19 20:00,0,0.891625001,1188
2023/4/19 20:15,0,1.312932812,1178.25
2023/4/19 20:30,0,1.46700967,1176
2023/4/19 20:45,0,1.437509195,1168.75
2023/4/19 21:00,0,0.619434448,1164
2023/4/19 21:15,0,0.605717153,1180.75
2023/4/19 21:30,0,0.672380439,1173.5
2023/4/19 21:45,0,0.91242882,1190.25
2023/4/19 22:00,0,1.053588227,1173.5
2023/4/19 22:15,0,2.676387982,1180.75
2023/4/19 22:30,0,5.714816367,1192.75
2023/4/19 22:45,0,7.804455589,1202.25
2023/4/19 23:00,0,8.729617449,1221.5
2023/4/19 23:15,0,11.2249313,1190.25
2023/4/19 23:30,0,13.78731593,1192.75
2023/4/19 23:45,0,11.91750188,1176
2023/4/20 00:00,0,13.16852876,1180.75
2023/4/20 00:15,0,12.14839919,1176
2023/4/20 00:30,0,15.39152981,1183
2023/4/20 00:45,0,12.49816897,1171
2023/4/20 01:00,0,11.32282466,1159
2023/4/20 01:15,0,16.76460387,1166.25
2023/4/20 01:30,0,25.83158093,1176
2023/4/20 01:45,0,26.72525121,1180.75
2023/4/20 02:00,0,26.47134399,1166.25
2023/4/20 02:15,0,35.15164257,1168.75
2023/4/20 02:30,0,43.82690646,1166.25
2023/4/20 02:45,0,57.7369469,1171
2023/4/20 03:00,0,65.36241671,1171
2023/4/20 03:15,0,69.83813329,1152
2023/4/20 03:30,0,72.3565691,1149.5
2023/4/20 03:45,0,72.11263201,1142.25
2023/4/20 04:00,0,74.7079459,1149.5
2023/4/20 04:15,0,73.45450157,1159
2023/4/20 04:30,0,72.08639636,1147
2023/4/20 04:45,0,70.76893524,1147
2023/4/20 05:00,0,69.46371513,1166.25
2023/4/20 05:15,0.689300246,63.27778273,1168.75
2023/4/20 05:30,17.01221337,58.8622735,1164
2023/4/20 05:45,43.8594376,51.43780684,1156.75
2023/4/20 06:00,81.5192347,47.15233244,1159
2023/4/20 06:15,116.5920733,53.28607249,1152
2023/4/20 06:30,144.6314529,61.2768387,1159
2023/4/20 06:45,188.4393575,61.06437436,1183
2023/4/20 07:00,253.2548513,62.17011493,1159
2023/4/20 07:15,323.6485559,65.11468116,1178.25
2023/4/20 07:30,409.7489196,80.66521671,1183
2023/4/20 07:45,483.3819779,94.29057717,1188
2023/4/20 08:00,532.1670558,102.0492265,1195
2023/4/20 08:15,563.3804907,103.0715127,1221.5
2023/4/20 08:30,613.2340493,122.7125329,1207
2023/4/20 08:45,651.06415,136.6417741,1202.25
2023/4/20 09:00,720.9984243,146.9578388,1214.25
2023/4/20 09:15,805.1655118,147.8124961,1231
2023/4/20 09:30,882.5461051,159.1080448,1243
2023/4/20 09:45,898.9342177,173.9961272,1245.5
2023/4/20 10:00,941.1630382,182.404079,1255
2023/4/20 10:15,1006.266029,188.4217608,1238.25
2023/4/20 10:30,1069.374896,191.9841301,1226.25
2023/4/20 10:45,1118.55922,193.9261883,1255
2023/4/20 11:00,1137.670409,198.7569274,1252.75
2023/4/20 11:15,1162.590758,204.6681344,1243
2023/4/20 11:30,1171.259921,204.6500022,1252.75
2023/4/20 11:45,1189.184231,216.9814206,1262.25
2023/4/20 12:00,1198.4359,243.6665979,1267
2023/4/20 12:15,1203.832548,246.9615215,1228.75
2023/4/20 12:30,1198.163468,247.3614682,1238.25
2023/4/20 12:45,1203.971309,264.0997234,1238.25
2023/4/20 13:00,1202.861287,279.5333649,1245.5
2023/4/20 13:15,1145.117659,274.7431411,1255
2023/4/20 13:30,1102.001368,271.7096115,1262.25
2023/4/20 13:45,1110.472868,273.0860002,1267
2023/4/20 14:00,1079.972982,277.247688,1262.25
2023/4/20 14:15,1042.105984,291.8136093,1248
2023/4/20 14:30,1019.018477,292.2819621,1238.25
2023/4/20 14:45,954.3291484,274.6701918,1243
2023/4/20 15:00,903.3762554,268.6683138,1240.75
2023/4/20 15:15,831.7903239,260.6803744,1248
2023/4/20 15:30,756.5565041,258.2222041,1250.25
2023/4/20 15:45,680.4301251,248.7123508,1250.25
2023/4/20 16:00,615.1920628,233.9436046,1231
2023/4/20 16:15,546.5358055,230.8875276,1219
2023/4/20 16:30,501.5310305,226.3014432,1233.5
2023/4/20 16:45,425.6416848,222.0589707,1209.5
2023/4/20 17:00,338.1795989,209.8316695,1204.75
2023/4/20 17:15,253.5256218,218.0825151,1202.25
2023/4/20 17:30,179.6265512,209.2734264,1207
2023/4/20 17:45,115.5402726,208.2855461,1214.25
2023/4/20 18:00,66.75112435,206.8823633,1204.75
2023/4/20 18:15,30.87539871,216.4119041,1207
2023/4/20 18:30,18.60291764,218.6101217,1214.25
2023/4/20 18:45,6.001980116,212.134603,1221.5
2023/4/20 19:00,0,200.4248974,1202.25
2023/4/20 19:15,0,185.3204139,1226.25
2023/4/20 19:30,0,183.5412234,1200
2023/4/20 19:45,0,181.6928669,1228.75
2023/4/20 20:00,0,179.0088558,1197.5
2023/4/20 20:15,0,168.0343605,1219
2023/4/20 20:30,0,179.7704884,1204.75
2023/4/20 20:45,0,194.4944235,1192.75
2023/4/20 21:00,0,192.5257289,1202.25
2023/4/20 21:15,0,199.4061663,1188
2023/4/20 21:30,0,203.3232084,1202.25
2023/4/20 21:45,0,219.7399587,1188
2023/4/20 22:00,0,236.1309851,1195
2023/4/20 22:15,0,238.7392208,1202.25
2023/4/20 22:30,0,233.0151305,1200
2023/4/20 22:45,0,235.1929329,1195
2023/4/20 23:00,0,235.343658,1178.25
2023/4/20 23:15,0,245.7128619,1173.5
2023/4/20 23:30,0,255.1287042,1178.25
2023/4/20 23:45,0,263.5998504,1178.25
2023/4/21 00:00,0,277.9599242,1188
2023/4/21 00:15,0,304.4175999,1190.25
2023/4/21 00:30,0,317.5319109,1178.25
2023/4/21 00:45,0,323.8171982,1168.75
2023/4/21 01:00,0,332.380315,1180.75
2023/4/21 01:15,0,335.7637077,1190.25
2023/4/21 01:30,0,204.1110463,1188
2023/4/21 01:45,0,205.929244,1188
2023/4/21 02:00,0,210.5303362,1195
2023/4/21 02:15,0,205.6625371,1188
2023/4/21 02:30,0,205.3355133,1188
2023/4/21 02:45,0,206.9423414,1192.75
2023/4/21 03:00,0,203.9140289,1171
2023/4/21 03:15,0,208.4558417,1178.25
2023/4/21 03:30,0,200.8055371,1188
2023/4/21 03:45,0,189.8010491,1209.5
2023/4/21 04:00,0,181.8610251,1183
2023/4/21 04:15,0,189.9816383,1168.75
2023/4/21 04:30,0,185.3686797,1161.5
2023/4/21 04:45,0,187.9358735,1156.75
2023/4/21 05:00,0,192.4064136,1180.75
2023/4/21 05:15,2.231056771,200.5686868,1168.75
2023/4/21 05:30,25.75369264,204.0736391,1176
2023/4/21 05:45,55.39445412,208.7060807,1166.25
2023/4/21 06:00,95.2388818,219.5004499,1164
2023/4/21 06:15,145.828595,222.2514631,1161.5
2023/4/21 06:30,202.7865403,211.597993,1173.5
2023/4/21 06:45,265.7096119,222.5085849,1185.5
2023/4/21 07:00,318.4010819,228.7065856,1185.5
2023/4/21 07:15,369.6799577,233.4961688,1192.75
2023/4/21 07:30,409.5139057,232.3099322,1200
2023/4/21 07:45,476.3188563,234.0816976,1212
2023/4/21 08:00,558.0364094,220.8342019,1224
2023/4/21 08:15,613.918967,227.2379879,1238.25
2023/4/21 08:30,652.8040402,233.5745203,1238.25
2023/4/21 08:45,710.5759263,238.6512021,1248
2023/4/21 09:00,782.1402196,238.6211593,1245.5
2023/4/21 09:15,815.0576023,227.637458,1272
2023/4/21 09:30,843.6113406,228.6560288,1298.25
2023/4/21 09:45,874.7683336,229.8355366,1315
2023/4/21 10:00,923.938911,236.4314586,1315
2023/4/21 10:15,985.500498,234.7606225,1365.5
2023/4/21 10:30,1022.209466,233.6549964,1375
2023/4/21 10:45,1040.300512,230.0024716,1375
2023/4/21 11:00,1056.33453,232.1004354,1380
2023/4/21 11:15,1090.415534,241.0791358,1380
2023/4/21 11:30,1112.353534,359.5399298,1370.25
2023/4/21 11:45,1098.574928,352.8082513,1356
2023/4/21 12:00,1135.38129,362.4339048,1365.5
2023/4/21 12:15,1146.168175,365.1347583,1351
2023/4/21 12:30,1115.450921,367.8185096,1360.75
2023/4/21 12:45,1099.101494,381.3704536,1368
2023/4/21 13:00,1081.021707,384.0792766,1370.25
2023/4/21 13:15,983.4223854,377.0920421,1356
2023/4/21 13:30,958.5086992,248.0753895,1334.25
2023/4/21 13:45,934.5224617,370.3854667,1423
2023/4/21 14:00,911.5427236,383.0733017,1399
2023/4/21 14:15,885.0370013,383.9885961,1449.5
2023/4/21 14:30,871.0613645,378.1032767,1428
2023/4/21 14:45,809.9759513,378.1458958,1430.25
2023/4/21 15:00,759.8964114,368.8555902,1389.5
2023/4/21 15:15,706.6866073,364.0568584,1399
2023/4/21 15:30,634.4562611,355.8599375,1382.25
2023/4/21 15:45,553.3881577,347.2114701,1401.5
2023/4/21 16:00,495.1245282,344.2338437,1389.5
2023/4/21 16:15,434.4476253,321.5201599,1396.75
2023/4/21 16:30,373.2722127,304.0923776,1399
2023/4/21 16:45,308.6769627,301.4982561,1382.25
2023/4/21 17:00,241.6121798,315.5666941,1408.75
2023/4/21 17:15,186.1356788,309.7764046,1382.25
2023/4/21 17:30,139.4362231,272.6064531,1368
2023/4/21 17:45,95.73773384,263.7103857,1363
2023/4/21 18:00,58.30231231,270.0706032,1360.75
2023/4/21 18:15,29.224518,295.8766167,1365.5
2023/4/21 18:30,18.23019013,272.08986,1356
2023/4/21 18:45,8.67290714,238.9427476,1360.75
2023/4/21 19:00,0,222.5235978,1344
2023/4/21 19:15,0,205.9460197,1341.5
2023/4/21 19:30,0,165.4435009,1346.25
2023/4/21 19:45,0,141.5045094,1329.5
2023/4/21 20:00,0,139.8860814,1327
2023/4/21 20:15,0,161.0069547,1327
2023/4/21 20:30,0,178.6003615,1315
2023/4/21 20:45,0,225.0547993,1315
2023/4/21 21:00,0,234.6596523,1322.25
2023/4/21 21:15,0,200.2523119,1291
2023/4/21 21:30,0,199.7971649,1288.75
2023/4/21 21:45,0,198.3966607,1279
2023/4/21 22:00,0,178.6529306,1243
2023/4/21 22:15,0,259.0609025,1236
2023/4/21 22:30,0,318.4449575,1204.75
2023/4/21 22:45,0,320.4466278,1183
2023/4/21 23:00,0,324.2673603,1185.5
2023/4/21 23:15,0,349.5282684,1180.75
2023/4/21 23:30,0,361.8611591,1180.75
2023/4/21 23:45,0,348.1424087,1176
2023/4/22 00:00,0,327.7563261,1188
2023/4/22 00:15,0,341.2408721,1188
2023/4/22 00:30,0,332.3258646,1190.25
2023/4/22 00:45,0,338.4724323,1173.5
2023/4/22 01:00,0,370.0147827,1188
2023/4/22 01:15,0,332.7838377,1173.5
2023/4/22 01:30,0,330.193329,1154.25
2023/4/22 01:45,0,365.3544071,1161.5
2023/4/22 02:00,0,352.7849468,1154.25
2023/4/22 02:15,0,313.7404627,1161.5
2023/4/22 02:30,0,324.4192312,1147
2023/4/22 02:45,0,327.0112323,1154.25
2023/4/22 03:00,0,312.8481399,1140
2023/4/22 03:15,0,306.7041189,1154.25
2023/4/22 03:30,0,296.6934277,1147
2023/4/22 03:45,0,247.5372413,1137.5
2023/4/22 04:00,0,228.7716437,1135
2023/4/22 04:15,0,247.9052446,1140
2023/4/22 04:30,0,281.6173366,1154.25
2023/4/22 04:45,0,303.9637183,1128
2023/4/22 05:00,0,284.3038403,1142.25
2023/4/22 05:15,0.276477628,305.3616368,1142.25
2023/4/22 05:30,4.272046183,311.62577,1140
2023/4/22 05:45,15.97108172,319.5490035,1125.5
2023/4/22 06:00,37.23276019,338.6034512,1130.25
2023/4/22 06:15,46.78616921,396.516064,1149.5
2023/4/22 06:30,43.15701659,443.3779705,1144.75
2023/4/22 06:45,54.14149787,445.8841517,1152
2023/4/22 07:00,77.67721602,432.7587227,1152
2023/4/22 07:15,109.2870381,402.1359157,1178.25
2023/4/22 07:30,144.4851994,376.0423421,1140
2023/4/22 07:45,192.5752322,393.6359465,1168.75
2023/4/22 08:00,233.1746053,401.9118832,1176
2023/4/22 08:15,276.8111594,389.3032129,1195
2023/4/22 08:30,338.1711064,381.7772797,1195
2023/4/22 08:45,380.442127,395.9938772,1183
2023/4/22 09:00,456.6201061,404.6614305,1219
2023/4/22 09:15,515.5780259,413.021352,1248
2023/4/22 09:30,611.0486119,420.4112577,1240.75
2023/4/22 09:45,716.2961301,430.3534451,1264.75
2023/4/22 10:00,781.8178948,434.4633905,1269.5
2023/4/22 10:15,800.5118491,449.6005568,1257.5
2023/4/22 10:30,828.4708582,485.5134188,1245.5
2023/4/22 10:45,841.42198,509.661361,1255
2023/4/22 11:00,850.3529015,518.2917866,1228.75
2023/4/22 11:15,901.936411,501.1174256,1228.75
2023/4/22 11:30,934.0207855,496.2403808,1221.5
2023/4/22 11:45,936.5997276,476.0812933,1204.75
2023/4/22 12:00,968.8265451,481.8718061,1195
2023/4/22 12:15,982.1475463,473.7254296,1197.5
2023/4/22 12:30,942.4832308,495.1996525,1180.75
2023/4/22 12:45,926.6651561,513.9882748,1183
2023/4/22 13:00,949.8574542,521.299013,1185.5
2023/4/22 13:15,951.8369037,525.7944678,1238.25
2023/4/22 13:30,932.625348,519.650656,1248
2023/4/22 13:45,901.0361672,531.9686073,1243
2023/4/22 14:00,859.3734544,533.0170092,1286.25
2023/4/22 14:15,831.4890654,531.276626,1267
2023/4/22 14:30,797.3175163,529.7179299,1250.25
2023/4/22 14:45,754.5096292,537.6312521,1236
2023/4/22 15:00,710.8617358,556.1874185,1243
2023/4/22 15:15,644.1118092,557.9057734,1248
2023/4/22 15:30,563.3790871,564.3660554,1276.75
2023/4/22 15:45,490.9781424,572.9464359,1243
2023/4/22 16:00,404.603769,581.48752,1260
2023/4/22 16:15,303.7471955,586.711317,1221.5
2023/4/22 16:30,221.4557495,587.8414183,1257.5
2023/4/22 16:45,153.1071469,572.4721188,1233.5
2023/4/22 17:00,93.79733826,549.7518683,1219
2023/4/22 17:15,61.77777283,535.3166708,1224
2023/4/22 17:30,44.26973446,519.1233427,1212
2023/4/22 17:45,31.76095407,491.0627633,1197.5
2023/4/22 18:00,22.02403124,497.0122326,1195
2023/4/22 18:15,16.48699868,499.6428405,1202.25
2023/4/22 18:30,16.03494066,492.3818634,1183
2023/4/22 18:45,5.175256092,519.0789255,1192.75
2023/4/22 19:00,0,522.3341308,1176
2023/4/22 19:15,0,532.7387071,1192.75
2023/4/22 19:30,0,508.5782196,1168.75
2023/4/22 19:45,0,474.6575343,1173.5
2023/4/22 20:00,0,473.3786933,1154.25
2023/4/22 20:15,0,450.9595328,1140
2023/4/22 20:30,0,416.8639143,1118.25
2023/4/22 20:45,0,334.8814051,1144.75
2023/4/22 21:00,0,307.3861502,1111
2023/4/22 21:15,0,307.471279,1132.75
2023/4/22 21:30,0,331.0636661,1113.5
2023/4/22 21:45,0,334.265656,1132.75
2023/4/22 22:00,0,346.5897431,1113.5
2023/4/22 22:15,0,350.4390922,1101.5
2023/4/22 22:30,0,338.8047643,1118.25
2023/4/22 22:45,0,317.4628351,1101.5
2023/4/22 23:00,0,294.0087526,1130.25
2023/4/22 23:15,0,269.2403804,1123
2023/4/22 23:30,0,247.3560577,1132.75
2023/4/22 23:45,0,227.1589329,1113.5
2023/4/23 00:00,0,204.6512743,1144.75
2023/4/23 00:15,0,158.4201693,1108.75
2023/4/23 00:30,0,135.5057818,1132.75
2023/4/23 00:45,0,119.0943908,1108.75
2023/4/23 01:00,0,112.8243722,1140
2023/4/23 01:15,0,103.7712938,1106.25
2023/4/23 01:30,0,101.537391,1128
2023/4/23 01:45,0,85.63260354,1099
2023/4/23 02:00,0,68.01825163,1104
2023/4/23 02:15,0,62.99685739,1111
2023/4/23 02:30,0,63.99046677,1084.75
2023/4/23 02:45,0,79.15034747,1096.75
2023/4/23 03:00,0,84.92680653,1108.75
2023/4/23 03:15,0,75.69325958,1094.25
2023/4/23 03:30,0,75.53678444,1099
2023/4/23 03:45,0,74.76833867,1116
2023/4/23 04:00,0,69.2002233,1104
2023/4/23 04:15,0,63.72223695,1113.5
2023/4/23 04:30,0,57.20393699,1096.75
2023/4/23 04:45,0,48.99447285,1120.75
2023/4/23 05:00,0,45.61117096,1111
2023/4/23 05:15,0.478576592,50.05642118,1128
2023/4/23 05:30,9.481746715,48.13348414,1106.25
2023/4/23 05:45,27.50744025,44.97943898,1130.25
2023/4/23 06:00,53.45290242,33.83085347,1104
2023/4/23 06:15,74.54995269,24.60203311,1140
2023/4/23 06:30,97.70508492,19.30073009,1108.75
2023/4/23 06:45,129.7628351,12.89735257,1135
2023/4/23 07:00,171.7707491,8.015601152,1123
2023/4/23 07:15,214.7845058,5.763699735,1147
2023/4/23 07:30,274.9957579,5.399131795,1176
2023/4/23 07:45,353.0738559,5.93211758,1185.5
2023/4/23 08:00,434.6317471,5.098659882,1204.75
2023/4/23 08:15,528.1830422,4.704609926,1224
2023/4/23 08:30,585.010716,4.705999062,1260
2023/4/23 08:45,653.1362472,6.08379566,1252.75
2023/4/23 09:00,797.0389358,7.339504507,1279
2023/4/23 09:15,904.4095678,7.444670542,1312.75
2023/4/23 09:30,932.1620735,10.28167269,1334.25
2023/4/23 09:45,980.9543212,12.8004133,1303
2023/4/23 10:00,992.5051221,17.29098556,1332
2023/4/23 10:15,999.8929957,18.09055453,1339
2023/4/23 10:30,996.9859418,14.38978314,1308
2023/4/23 10:45,1014.65745,15.83523532,1327
2023/4/23 11:00,986.9892306,23.4871251,1336.75
2023/4/23 11:15,929.672176,38.06241939,1298.25
2023/4/23 11:30,842.403125,44.40418834,1329.5
2023/4/23 11:45,848.0922691,40.76450535,1317.5
2023/4/23 12:00,893.7541508,39.36233668,1298.25
2023/4/23 12:15,920.325633,31.86854082,1286.25
2023/4/23 12:30,932.7295812,28.55134751,1296
2023/4/23 12:45,877.7865489,32.44738051,1284
2023/4/23 13:00,794.1228262,28.52696097,1296
2023/4/23 13:15,662.0138138,24.87066493,1305.5
2023/4/23 13:30,591.2345304,21.10787576,1320
2023/4/23 13:45,557.3248348,20.22127306,1329.5
2023/4/23 14:00,537.0115033,23.24872098,1346.25
2023/4/23 14:15,507.8565992,24.93883484,1322.25
2023/4/23 14:30,485.9553697,23.09068193,1320
2023/4/23 14:45,422.032692,19.24830886,1329.5
2023/4/23 15:00,359.9201094,15.62105172,1288.75
2023/4/23 15:15,283.5347641,13.31436622,1312.75
2023/4/23 15:30,224.8505728,10.70730265,1315
2023/4/23 15:45,189.0038291,8.971970683,1312.75
2023/4/23 16:00,168.9124726,4.482734127,1327
2023/4/23 16:15,147.3896,4.793328835,1296
2023/4/23 16:30,136.3942504,4.808827958,1252.75
2023/4/23 16:45,145.7911204,9.728792974,1250.25
2023/4/23 17:00,135.2236989,14.7599176,1228.75
2023/4/23 17:15,118.1231618,14.27316805,1212
2023/4/23 17:30,86.40857251,9.777672007,1209.5
2023/4/23 17:45,62.03956859,7.138402953,1226.25
2023/4/23 18:00,38.96680636,5.604322329,1195
2023/4/23 18:15,21.9727508,4.697039959,1180.75
2023/4/23 18:30,14.81571068,3.533691043,1185.5
2023/4/23 18:45,4.683678333,3.378144637,1185.5
2023/4/23 19:00,0,5.760625549,1180.75
2023/4/23 19:15,0,7.497126466,1185.5
2023/4/23 19:30,0,10.53521672,1166.25
2023/4/23 19:45,0,8.3628369,1125.5
2023/4/23 20:00,0,8.866172021,1142.25
2023/4/23 20:15,0,8.429747047,1142.25
2023/4/23 20:30,0,6.326237468,1123
2023/4/23 20:45,0,4.253563646,1135
2023/4/23 21:00,0,8.701466451,1152
2023/4/23 21:15,0,8.259429968,1156.75
2023/4/23 21:30,0,9.86465958,1161.5
2023/4/23 21:45,0,8.133532963,1178.25
2023/4/23 22:00,0,7.45086445,1140
2023/4/23 22:15,0,4.624832723,1152
2023/4/23 22:30,0,4.777687536,1128
2023/4/23 22:45,0,5.808858354,1135
2023/4/23 23:00,0,6.516530075,1171
2023/4/23 23:15,0,5.323896188,1149.5
2023/4/23 23:30,0,6.653586323,1147
2023/4/23 23:45,0,7.665477619,1164
2023/4/24 00:00,0,14.12188203,1156.75
2023/4/24 00:15,0,18.10609355,1144.75
2023/4/24 00:30,0,20.86691825,1159
2023/4/24 00:45,0,23.0912381,1135
2023/4/24 01:00,0,21.58550292,1159
2023/4/24 01:15,0,22.9315271,1171
2023/4/24 01:30,0,25.21256757,1147
2023/4/24 01:45,0,21.93763486,1178.25
2023/4/24 02:00,0,14.05304764,1173.5
2023/4/24 02:15,0,11.92169552,1159
2023/4/24 02:30,0,8.391420502,1178.25
2023/4/24 02:45,0,9.464086611,1171
2023/4/24 03:00,0,10.31316944,1156.75
2023/4/24 03:15,0,11.7230866,1176
2023/4/24 03:30,0,13.75188483,1166.25
2023/4/24 03:45,0,16.61345968,1147
2023/4/24 04:00,0,16.93334285,1168.75
2023/4/24 04:15,0,17.92226849,1166.25
2023/4/24 04:30,0,20.55951371,1137.5
2023/4/24 04:45,0,22.18456654,1147
2023/4/24 05:00,0,28.84144357,1168.75
2023/4/24 05:15,0.491958877,30.95259663,1147
2023/4/24 05:30,6.293287507,33.47697018,1149.5
2023/4/24 05:45,16.04079122,35.43266528,1154.25
2023/4/24 06:00,36.61484049,31.06582429,1161.5
2023/4/24 06:15,60.08190972,30.67944781,1154.25
2023/4/24 06:30,94.03617726,32.99565808,1154.25
2023/4/24 06:45,140.6105294,33.49706642,1168.75
2023/4/24 07:00,196.9954123,37.9497499,1168.75
2023/4/24 07:15,247.3125606,40.50133051,1195
2023/4/24 07:30,317.0882631,31.41813712,1192.75
2023/4/24 07:45,391.5481857,26.23827023,1214.25
2023/4/24 08:00,479.4705916,24.88260332,1231
2023/4/24 08:15,557.1550135,21.95472324,1264.75
2023/4/24 08:30,625.7531718,19.76704718,1262.25
2023/4/24 08:45,714.214349,11.72503273,1286.25
2023/4/24 09:00,774.8762238,8.222122018,1291
2023/4/24 09:15,844.2551584,6.217898005,1310.25
2023/4/24 09:30,919.1027803,2.661737468,1341.5
2023/4/24 09:45,997.9208347,1.787522784,1339
2023/4/24 10:00,1056.443524,3.360828894,1324.75
2023/4/24 10:15,1092.83415,3.782282163,1329.5
2023/4/24 10:30,1135.399344,2.177595112,1346.25
2023/4/24 10:45,1162.238153,6.784455939,1368
2023/4/24 11:00,1166.224414,20.63853014,1375
2023/4/24 11:15,1192.353409,36.55727558,1327
2023/4/24 11:30,1201.900915,50.19383433,1332
2023/4/24 11:45,1217.499084,60.31156461,1327
2023/4/24 12:00,1226.613898,71.11065497,1327
2023/4/24 12:15,1213.293564,77.08919401,1308
2023/4/24 12:30,1210.665342,67.75837193,1293.5
2023/4/24 12:45,1197.363413,63.18817267,1312.75
2023/4/24 13:00,1169.098426,63.63275921,1351
2023/4/24 13:15,1157.453114,71.16786246,1360.75
2023/4/24 13:30,1166.358342,81.48610059,1382.25
2023/4/24 13:45,1140.759414,85.95049154,1356
2023/4/24 14:00,1090.589702,86.7001638,1351
2023/4/24 14:15,1061.024229,83.11797418,1339
2023/4/24 14:30,1017.528137,69.7912979,1317.5
2023/4/24 14:45,960.2755506,71.69732215,1348.75
2023/4/24 15:00,891.8726271,75.41397823,1363
2023/4/24 15:15,822.8435786,68.0462132,1346.25
2023/4/24 15:30,763.05772,69.05231924,1327
2023/4/24 15:45,697.7127779,57.25276543,1339
2023/4/24 16:00,633.2464464,48.05732118,1336.75
2023/4/24 16:15,559.3053661,44.50566049,1339
2023/4/24 16:30,480.7998685,38.72791236,1351
2023/4/24 16:45,389.9316506,33.43795089,1346.25
2023/4/24 17:00,312.6867654,26.20873172,1356
2023/4/24 17:15,234.8459933,16.69109645,1344
2023/4/24 17:30,175.2104846,11.17661137,1317.5
2023/4/24 17:45,123.1495262,8.458234384,1308
2023/4/24 18:00,71.87954812,6.358432592,1284
2023/4/24 18:15,34.17408565,5.125795612,1288.75
2023/4/24 18:30,14.57798896,5.742420271,1288.75
2023/4/24 18:45,4.759188597,6.611966252,1308
2023/4/24 19:00,0,6.912114234,1300.75
2023/4/24 19:15,0,4.677641007,1317.5
2023/4/24 19:30,0,2.539927298,1269.5
2023/4/24 19:45,0,0.968066912,1248
2023/4/24 20:00,0,1.266854885,1238.25
2023/4/24 20:15,0,0.6352226,1238.25
2023/4/24 20:30,0,0.850050525,1240.75
2023/4/24 20:45,0,2.578245993,1212
2023/4/24 21:00,0,2.725933115,1221.5
2023/4/24 21:15,0,6.388158396,1226.25
2023/4/24 21:30,0,5.560275287,1216.75
2023/4/24 21:45,0,6.61790907,1224
2023/4/24 22:00,0,9.818705761,1221.5
2023/4/24 22:15,0,10.41689526,1200
2023/4/24 22:30,0,9.998711938,1185.5
2023/4/24 22:45,0,9.746722057,1185.5
2023/4/24 23:00,0,9.168421842,1185.5
2023/4/24 23:15,0,11.36775704,1178.25
2023/4/24 23:30,0,13.92704946,1166.25
2023/4/24 23:45,0,14.63417073,1173.5
2023/4/25 00:00,0,12.48389398,1192.75
2023/4/25 00:15,0,8.64533072,1183
2023/4/25 00:30,0,7.88371479,1171
2023/4/25 00:45,0,7.782371661,1176
2023/4/25 01:00,0,5.599420044,1180.75
2023/4/25 01:15,0,3.766838547,1183
2023/4/25 01:30,0,2.812477805,1195
2023/4/25 01:45,0,1.948337909,1183
2023/4/25 02:00,0,0.648779062,1171
2023/4/25 02:15,0,0.537255999,1176
2023/4/25 02:30,0,0.616583661,1171
2023/4/25 02:45,0,0.491455024,1168.75
2023/4/25 03:00,0,0.334731574,1152
2023/4/25 03:15,0,0.167712921,1154.25
2023/4/25 03:30,0,0.111183205,1156.75
2023/4/25 03:45,0,0.220331795,1149.5
2023/4/25 04:00,0,0.742266862,1164
2023/4/25 04:15,0,0.877319218,1161.5
2023/4/25 04:30,0,1.388416858,1156.75
2023/4/25 04:45,0,1.395552157,1159
2023/4/25 05:00,0,1.167318103,1159
2023/4/25 05:15,2.585896632,1.077642386,1144.75
2023/4/25 05:30,19.29229469,1.089204928,1156.75
2023/4/25 05:45,49.39999969,0.870911483,1164
2023/4/25 06:00,95.29947225,0.443265734,1159
2023/4/25 06:15,150.5030424,0.436422084,1156.75
2023/4/25 06:30,217.768649,0.938036317,1207
2023/4/25 06:45,279.2404098,1.987193218,1200
2023/4/25 07:00,344.4415654,2.29688563,1202.25
2023/4/25 07:15,416.9024282,2.327854884,1219
2023/4/25 07:30,472.063811,2.971326989,1238.25
2023/4/25 07:45,513.2968887,4.512661291,1255
2023/4/25 08:00,557.6245638,6.86891394,1293.5
2023/4/25 08:15,594.4910463,7.84632829,1317.5
2023/4/25 08:30,643.4544766,10.98029487,1312.75
2023/4/25 08:45,697.7263045,10.21934805,1329.5
2023/4/25 09:00,756.3046829,12.54632758,1353.5
2023/4/25 09:15,791.3724504,24.39891903,1346.25
2023/4/25 09:30,805.7120847,35.59217584,1339
2023/4/25 09:45,840.0125819,44.56655127,1353.5
2023/4/25 10:00,900.8926825,57.41388538,1360.75
2023/4/25 10:15,941.9347145,55.94269147,1408.75
2023/4/25 10:30,932.1391575,56.19776383,1416
2023/4/25 10:45,966.6446257,58.91549829,1404
2023/4/25 11:00,987.343081,66.65026304,1404
2023/4/25 11:15,1000.605991,68.05519918,1408.75
2023/4/25 11:30,1012.798395,63.75371027,1399
2023/4/25 11:45,1056.036472,58.18581068,1401.5
2023/4/25 12:00,1087.25879,45.44333301,1396.75
2023/4/25 12:15,1096.972325,39.64832492,1384.75
2023/4/25 12:30,1125.47002,44.89044201,1377.5
2023/4/25 12:45,1164.403322,49.35502157,1368
2023/4/25 13:00,1133.86231,48.59853985,1372.75
2023/4/25 13:15,1132.292529,46.49081518,1377.5
2023/4/25 13:30,1113.44225,43.03479013,1401.5
2023/4/25 13:45,1072.210476,34.73035588,1401.5
2023/4/25 14:00,1021.248598,28.26256016,1401.5
2023/4/25 14:15,975.8479419,27.19560832,1408.75
2023/4/25 14:30,940.5184375,30.96938119,1365.5
2023/4/25 14:45,887.8572432,31.91647682,1341.5
2023/4/25 15:00,846.9375531,29.13607477,1329.5
2023/4/25 15:15,797.6268384,31.59275804,1332
2023/4/25 15:30,732.5279633,31.58313902,1353.5
2023/4/25 15:45,675.8734055,34.05913785,1341.5
2023/4/25 16:00,594.736153,43.70201061,1358.25
2023/4/25 16:15,516.1827162,49.0485446,1348.75
2023/4/25 16:30,447.5190659,53.43521594,1320
2023/4/25 16:45,370.8183786,62.08707641,1317.5
2023/4/25 17:00,300.9569805,65.50432614,1317.5
2023/4/25 17:15,232.2978884,66.98804831,1317.5
2023/4/25 17:30,165.2362291,66.79205383,1317.5
2023/4/25 17:45,107.5550582,60.59711498,1305.5
2023/4/25 18:00,63.35099012,61.14764126,1305.5
2023/4/25 18:15,28.44123258,71.60353477,1315
2023/4/25 18:30,12.34463029,69.39746639,1305.5
2023/4/25 18:45,4.179788146,50.21225339,1288.75
2023/4/25 19:00,0,52.03193181,1296
2023/4/25 19:15,0,43.18303144,1286.25
2023/4/25 19:30,0,34.64432188,1274.25
2023/4/25 19:45,0,30.29152838,1255
2023/4/25 20:00,0,25.17392255,1245.5
2023/4/25 20:15,0,22.28191043,1255
2023/4/25 20:30,0,17.93622795,1250.25
2023/4/25 20:45,0,12.83296171,1245.5
2023/4/25 21:00,0,14.26760566,1243
2023/4/25 21:15,0,11.06107185,1250.25
2023/4/25 21:30,0,10.1765117,1250.25
2023/4/25 21:45,0,9.301189332,1221.5
2023/4/25 22:00,0,6.342265656,1207
2023/4/25 22:15,0,6.912384766,1204.75
2023/4/25 22:30,0,8.058093,1195
2023/4/25 22:45,0,9.095766772,1190.25
2023/4/25 23:00,0,9.094413872,1209.5
2023/4/25 23:15,0,9.281746351,1202.25
2023/4/25 23:30,0,9.365137003,1190.25
2023/4/25 23:45,0,8.708661793,1192.75
2023/4/26 00:00,0,7.830104588,1207
2023/4/26 00:15,0,6.33404386,1195
2023/4/26 00:30,0,10.30247584,1204.75
2023/4/26 00:45,0,12.86832831,1216.75
2023/4/26 01:00,0,12.8670544,1202.25
2023/4/26 01:15,0,12.56170563,1192.75
2023/4/26 01:30,0,13.39158953,1190.25
2023/4/26 01:45,0,15.15944041,1200
2023/4/26 02:00,0,18.12262721,1190.25
2023/4/26 02:15,0,16.42119512,1197.5
2023/4/26 02:30,0,16.7171075,1195
2023/4/26 02:45,0,15.08106914,1192.75
2023/4/26 03:00,0,11.86887656,1202.25
2023/4/26 03:15,0,8.06457983,1219
2023/4/26 03:30,0,8.314774861,1192.75
2023/4/26 03:45,0,9.419829957,1183
2023/4/26 04:00,0,7.883878392,1188
2023/4/26 04:15,0,11.13885791,1180.75
2023/4/26 04:30,0,11.62605663,1178.25
2023/4/26 04:45,0,10.17306687,1180.75
2023/4/26 05:00,0,8.563625191,1197.5
2023/4/26 05:15,0.952394339,8.367614767,1180.75
2023/4/26 05:30,8.569447596,5.871158567,1185.5
2023/4/26 05:45,25.3092337,7.673459253,1180.75
2023/4/26 06:00,53.78557589,8.752018462,1166.25
2023/4/26 06:15,90.76561771,8.333748437,1178.25
2023/4/26 06:30,134.3112489,8.445976511,1164
2023/4/26 06:45,187.9023056,8.263682165,1161.5
2023/4/26 07:00,247.562717,9.791211215,1164
2023/4/26 07:15,310.6691977,7.840613888,1185.5
2023/4/26 07:30,382.7220806,14.16853725,1183
2023/4/26 07:45,439.1493873,18.55604788,1180.75
2023/4/26 08:00,482.0439427,22.42676886,1209.5
2023/4/26 08:15,531.7710067,27.82302967,1219
2023/4/26 08:30,593.4751978,28.33713361,1207
2023/4/26 08:45,662.2811199,21.93901295,1233.5
2023/4/26 09:00,689.0108175,19.98393724,1226.25
2023/4/26 09:15,703.1200236,19.83435087,1228.75
2023/4/26 09:30,748.0616601,20.41721132,1245.5
2023/4/26 09:45,796.0582338,19.69509077,1252.75
2023/4/26 10:00,834.3209023,10.75078679,1238.25
2023/4/26 10:15,877.6464512,15.66606678,1233.5
2023/4/26 10:30,926.3927002,18.63180031,1231
2023/4/26 10:45,972.6548805,22.00184936,1221.5
2023/4/26 11:00,974.7669148,23.50780786,1240.75
2023/4/26 11:15,973.0157555,26.17828889,1255
2023/4/26 11:30,978.725496,24.97098226,1248
2023/4/26 11:45,990.9526261,29.0293677,1252.75
2023/4/26 12:00,989.1732898,30.33365148,1267
2023/4/26 12:15,990.5354087,28.92158591,1260
2023/4/26 12:30,1012.534659,33.50505901,1272
2023/4/26 12:45,1046.311055,35.70009023,1260
2023/4/26 13:00,1050.629492,39.03558304,1250.25
2023/4/26 13:15,1051.568634,41.10344109,1248
2023/4/26 13:30,1074.03645,54.03109082,1252.75
2023/4/26 13:45,1069.559087,60.25845536,1252.75
2023/4/26 14:00,1052.422122,62.36709095,1226.25
2023/4/26 14:15,1001.192787,58.64439812,1231
2023/4/26 14:30,974.3727598,66.9308074,1226.25
2023/4/26 14:45,927.4064928,71.49139182,1219
2023/4/26 15:00,874.8259244,71.3035672,1226.25
2023/4/26 15:15,803.5318961,69.53817062,1228.75
2023/4/26 15:30,725.093364,69.48864137,1219
2023/4/26 15:45,650.2220835,72.63039779,1216.75
2023/4/26 16:00,587.3965897,75.9373325,1207
2023/4/26 16:15,504.2132562,71.41296591,1188
2023/4/26 16:30,428.4997222,75.62228241,1190.25
2023/4/26 16:45,359.9508686,80.23161822,1195
2023/4/26 17:00,295.2468289,79.74142483,1192.75
2023/4/26 17:15,228.2271828,77.17112796,1176
2023/4/26 17:30,166.8838885,69.33233748,1178.25
2023/4/26 17:45,112.8937915,75.74983993,1176
2023/4/26 18:00,64.59783773,84.01585194,1178.25
2023/4/26 18:15,30.83679849,76.80703657,1173.5
2023/4/26 18:30,13.79399586,68.49661184,1171
2023/4/26 18:45,3.736412266,65.75325912,1173.5
2023/4/26 19:00,0,56.48883682,1171
2023/4/26 19:15,0,52.43484639,1178.25
2023/4/26 19:30,0,51.6578869,1178.25
2023/4/26 19:45,0,50.06610553,1161.5
2023/4/26 20:00,0,49.18197847,1195
2023/4/26 20:15,0,43.72172033,1190.25
2023/4/26 20:30,0,32.17459624,1178.25
2023/4/26 20:45,0,31.09031251,1190.25
2023/4/26 21:00,0,27.66227963,1200
2023/4/26 21:15,0,22.20067047,1156.75
2023/4/26 21:30,0,22.51018234,1171
2023/4/26 21:45,0,20.73455645,1178.25
2023/4/26 22:00,0,15.04289135,1161.5
2023/4/26 22:15,0,11.20111553,1159
2023/4/26 22:30,0,11.22730021,1168.75
2023/4/26 22:45,0,11.17130748,1168.75
2023/4/26 23:00,0,8.538367848,1185.5
2023/4/26 23:15,0,7.122786707,1188
2023/4/26 23:30,0,5.736628009,1176
2023/4/26 23:45,0,5.985010199,1173.5
2023/4/27 00:00,0,6.802309773,1195
2023/4/27 00:15,0,9.470359265,1159
2023/4/27 00:30,0,8.8707222,1164
2023/4/27 00:45,0,9.530278528,1161.5
2023/4/27 01:00,0,11.53967783,1164
2023/4/27 01:15,0,13.0488277,1173.5
2023/4/27 01:30,0,13.7573668,1164
2023/4/27 01:45,0,12.3598715,1164
2023/4/27 02:00,0,14.00098662,1168.75
2023/4/27 02:15,0,15.91241303,1176
2023/4/27 02:30,0,15.18514189,1168.75
2023/4/27 02:45,0,15.33565926,1161.5
2023/4/27 03:00,0,16.1758752,1161.5
2023/4/27 03:15,0,20.06874535,1178.25
2023/4/27 03:30,0,22.02815696,1176
2023/4/27 03:45,0,21.07654632,1152
2023/4/27 04:00,0,21.38030098,1140
2023/4/27 04:15,0,23.76893524,1132.75
2023/4/27 04:30,0,25.584953,1128
2023/4/27 04:45,0,25.37426574,1135
2023/4/27 05:00,0,25.3389292,1140
2023/4/27 05:15,1.979763595,16.43318125,1142.25
2023/4/27 05:30,14.65689602,16.10434586,1128
2023/4/27 05:45,42.53657618,16.548081,1128
2023/4/27 06:00,85.69595675,16.23188833,1120.75
2023/4/27 06:15,137.4921592,28.24531843,1142.25
2023/4/27 06:30,195.3272965,14.97153031,1120.75
2023/4/27 06:45,269.4145256,14.46651601,1137.5
2023/4/27 07:00,353.6697813,15.88684453,1149.5
2023/4/27 07:15,436.7982168,15.80707865,1176
2023/4/27 07:30,505.4438235,13.27795257,1161.5
2023/4/27 07:45,585.6730256,13.27795257,1168.75
2023/4/27 08:00,656.9052313,9.879188955,1200
2023/4/27 08:15,737.0802109,9.084311672,1188
2023/4/27 08:30,812.7659307,11.83239344,1200
2023/4/27 08:45,859.6386118,12.80479533,1212
2023/4/27 09:00,889.2079757,10.45459381,1195
2023/4/27 09:15,922.4253099,11.35188913,1190.25
2023/4/27 09:30,999.5947574,11.50820498,1209.5
2023/4/27 09:45,1058.297657,11.4056476,1221.5
2023/4/27 10:00,1107.339832,15.22997119,1216.75
2023/4/27 10:15,1140.723654,15.4973983,1226.25
2023/4/27 10:30,1187.188173,20.74669574,1226.25
2023/4/27 10:45,1238.068497,24.01332756,1233.5
2023/4/27 11:00,1257.863795,29.4035001,1255
2023/4/27 11:15,1303.264022,30.54811972,1248
2023/4/27 11:30,1294.531068,27.07384503,1245.5
2023/4/27 11:45,1295.305931,33.11928607,1228.75
2023/4/27 12:00,1306.357675,40.10765184,1233.5
2023/4/27 12:15,1310.874201,33.49365051,1219
2023/4/27 12:30,1312.680175,35.72033149,1216.75
2023/4/27 12:45,1302.575774,32.802683,1231
2023/4/27 13:00,1296.279146,31.85175272,1216.75
2023/4/27 13:15,1281.100573,36.57089756,1221.5
2023/4/27 13:30,1254.781092,34.2323145,1233.5
2023/4/27 13:45,1223.02661,30.29631911,1233.5
2023/4/27 14:00,1170.469164,29.40571247,1228.75
2023/4/27 14:15,1141.100488,22.77247548,1252.75
2023/4/27 14:30,1098.720659,23.56751858,1240.75
2023/4/27 14:45,1045.75604,35.13221257,1245.5
2023/4/27 15:00,984.1743962,42.14316097,1221.5
2023/4/27 15:15,917.5821856,46.67492518,1212
2023/4/27 15:30,842.8116363,46.77698524,1202.25
2023/4/27 15:45,768.5565836,49.34728704,1180.75
2023/4/27 16:00,686.7427309,49.6130498,1195
2023/4/27 16:15,606.8047767,49.70064231,1178.25
2023/4/27 16:30,514.0481317,51.51998791,1180.75
2023/4/27 16:45,427.9409888,49.5685296,1192.75
2023/4/27 17:00,343.4808345,62.81656516,1195
2023/4/27 17:15,264.6375336,71.23083419,1190.25
2023/4/27 17:30,187.7053904,74.80332073,1209.5
2023/4/27 17:45,123.5865624,82.55580206,1204.75
2023/4/27 18:00,72.54158915,83.8735642,1197.5
2023/4/27 18:15,35.69131316,89.4537708,1212
2023/4/27 18:30,14.56654269,92.66675188,1197.5
2023/4/27 18:45,4.585375707,88.26882276,1192.75
2023/4/27 19:00,0,82.94642584,1195
2023/4/27 19:15,0,82.61167142,1190.25
2023/4/27 19:30,0,85.48515755,1173.5
2023/4/27 19:45,0,85.08330069,1202.25
2023/4/27 20:00,0,80.47884583,1214.25
2023/4/27 20:15,0,73.88081843,1192.75
2023/4/27 20:30,0,71.8973341,1197.5
2023/4/27 20:45,0,64.36072955,1204.75
2023/4/27 21:00,0,62.25330576,1200
2023/4/27 21:15,0,59.24141401,1200
2023/4/27 21:30,0,61.8049744,1212
2023/4/27 21:45,0,67.95457286,1209.5
2023/4/27 22:00,0,64.11439739,1202.25
2023/4/27 22:15,0,55.43230482,1204.75
2023/4/27 22:30,0,48.29267504,1202.25
2023/4/27 22:45,0,43.22839537,1204.75
2023/4/27 23:00,0,37.2854515,1214.25
2023/4/27 23:15,0,29.07254585,1236
2023/4/27 23:30,0,23.35832752,1200
2023/4/27 23:45,0,25.06248106,1204.75
2023/4/28 00:00,0,25.98179677,1200
2023/4/28 00:15,0,20.7024645,1190.25
2023/4/28 00:30,0,13.91537839,1195
2023/4/28 00:45,0,14.07270657,1221.5
2023/4/28 01:00,0,15.16734601,1188
2023/4/28 01:15,0,9.655111678,1183
2023/4/28 01:30,0,9.728593064,1195
2023/4/28 01:45,0,7.598650196,1188
2023/4/28 02:00,0,6.895732084,1171
2023/4/28 02:15,0,6.470497488,1176
2023/4/28 02:30,0,6.821467181,1166.25
2023/4/28 02:45,0,6.262008276,1166.25
2023/4/28 03:00,0,6.042627203,1142.25
2023/4/28 03:15,0,6.41175807,1152
2023/4/28 03:30,0,5.085446523,1154.25
2023/4/28 03:45,0,4.415529032,1156.75
2023/4/28 04:00,0,2.57997031,1144.75
2023/4/28 04:15,0,1.969100749,1125.5
2023/4/28 04:30,0,2.20091398,1130.25
2023/4/28 04:45,0,1.83367371,1130.25
2023/4/28 05:00,0,2.014430867,1137.5
2023/4/28 05:15,3.021078529,2.671570781,1135
2023/4/28 05:30,23.76678937,2.9647515,1147
2023/4/28 05:45,56.7803777,3.299638095,1152
2023/4/28 06:00,97.85303908,4.398562943,1137.5
2023/4/28 06:15,152.7753515,5.09701434,1144.75
2023/4/28 06:30,220.068342,6.360734493,1149.5
2023/4/28 06:45,299.4048503,10.87707869,1152
2023/4/28 07:00,381.2591157,17.53934083,1144.75
2023/4/28 07:15,461.0180805,21.89545433,1156.75
2023/4/28 07:30,540.1039105,23.15216353,1176
2023/4/28 07:45,616.7025398,21.96094651,1209.5
2023/4/28 08:00,692.0034999,22.959319,1269.5
2023/4/28 08:15,760.1044034,62.31290708,1279
2023/4/28 08:30,803.2432151,64.79647427,1308
2023/4/28 08:45,856.7469925,65.71125703,1312.75
2023/4/28 09:00,914.1006292,68.58034596,1358.25
2023/4/28 09:15,951.8390407,68.21779392,1384.75
2023/4/28 09:30,1006.597251,69.3558067,1411
2023/4/28 09:45,1047.93898,44.80733949,1406.25
2023/4/28 10:00,1087.535282,36.85699834,1408.75
2023/4/28 10:15,1106.705423,38.93523833,1332
2023/4/28 10:30,1173.759191,41.42457369,1411
2023/4/28 10:45,1201.576219,44.17895865,1471
2023/4/28 11:00,1223.98892,45.93001276,1423
2023/4/28 11:15,1260.623362,55.67510257,1404
2023/4/28 11:30,1276.923502,59.38685497,1418.25
2023/4/28 11:45,1275.418766,62.3806461,1394.25
2023/4/28 12:00,1295.194839,63.4565023,1416
2023/4/28 12:15,1314.951676,66.98183908,1399
2023/4/28 12:30,1311.432135,72.52616219,1389.5
2023/4/28 12:45,1296.523092,78.45800519,1380
2023/4/28 13:00,1278.25947,72.55918594,1392
2023/4/28 13:15,1218.664993,69.57870414,1420.75
2023/4/28 13:30,1180.499558,66.74528544,1418.25
2023/4/28 13:45,1149.534891,87.41586131,1442.25
2023/4/28 14:00,1110.733122,97.2781866,1447
2023/4/28 14:15,1056.542727,100.6706131,1437.5
2023/4/28 14:30,1006.144892,129.2125037,1435
2023/4/28 14:45,950.2367343,138.602875,1425.5
2023/4/28 15:00,902.0502958,151.6890903,1420.75
2023/4/28 15:15,857.4860933,160.631597,1406.25
2023/4/28 15:30,793.7542726,186.4054292,1399
2023/4/28 15:45,723.1591775,187.9155382,1418.25
2023/4/28 16:00,633.8433284,183.807123,1416
2023/4/28 16:15,539.714692,190.4292966,1404
2023/4/28 16:30,446.3655897,169.1828925,1382.25
2023/4/28 16:45,366.2865134,161.6282153,1358.25
2023/4/28 17:00,303.9015089,156.2270865,1346.25
2023/4/28 17:15,251.6621166,161.8229262,1353.5
2023/4/28 17:30,188.5901419,171.4006607,1344
2023/4/28 17:45,128.4458087,226.9364301,1339
2023/4/28 18:00,82.13513539,274.6272875,1332
2023/4/28 18:15,43.53091672,282.3593435,1346.25
2023/4/28 18:30,18.42733068,280.9693797,1322.25
2023/4/28 18:45,4.282618068,272.7158983,1324.75
2023/4/28 19:00,0,267.7489948,1332
2023/4/28 19:15,0,259.3557436,1329.5
2023/4/28 19:30,0,247.4308117,1320
2023/4/28 19:45,0,233.9390666,1317.5
2023/4/28 20:00,0,241.614177,1315
2023/4/28 20:15,0,240.56368,1303
2023/4/28 20:30,0,228.1165325,1281.5
2023/4/28 20:45,0,214.606299,1291
2023/4/28 21:00,0,204.6578509,1269.5
2023/4/28 21:15,0,69.57911328,1245.5
2023/4/28 21:30,0,195.8805866,1269.5
2023/4/28 21:45,0,185.6094297,1269.5
2023/4/28 22:00,0,177.2644225,1262.25
2023/4/28 22:15,0,175.6520433,1255
2023/4/28 22:30,0,172.4661912,1236
2023/4/28 22:45,0,162.29783,1245.5
2023/4/28 23:00,0,165.4952378,1245.5
2023/4/28 23:15,0,176.6089048,1243
2023/4/28 23:30,0,202.3821616,1238.25
2023/4/28 23:45,0,229.6756434,1255
2023/4/29 00:00,0,266.6388839,1250.25
2023/4/29 00:15,0,154.5335396,1236
2023/4/29 00:30,0,160.3015157,1214.25
2023/4/29 00:45,0,166.1492061,1219
2023/4/29 01:00,0,169.2341228,1195
2023/4/29 01:15,0,173.2635855,1190.25
2023/4/29 01:30,0,165.9222981,1200
2023/4/29 01:45,0,160.7934724,1197.5
2023/4/29 02:00,0,155.9585017,1204.75
2023/4/29 02:15,0,156.2615553,1228.75
2023/4/29 02:30,0,142.2579763,1216.75
2023/4/29 02:45,0,156.2084769,1209.5
2023/4/29 03:00,0,193.9984086,1214.25
2023/4/29 03:15,0,205.6477808,1209.5
2023/4/29 03:30,0,204.7710864,1190.25
2023/4/29 03:45,0,208.3378065,1202.25
2023/4/29 04:00,0,214.3233028,1207
2023/4/29 04:15,0,213.6086636,1216.75
2023/4/29 04:30,0,210.7688245,1226.25
2023/4/29 04:45,0,202.4959339,1214.25
2023/4/29 05:00,0,205.4614705,1209.5
2023/4/29 05:15,1.763902048,220.4622804,1207
2023/4/29 05:30,14.04238685,227.4091259,1221.5
2023/4/29 05:45,36.12208727,220.1439882,1214.25
2023/4/29 06:00,69.37750643,214.9894546,1212
2023/4/29 06:15,112.2624772,212.1863888,1240.75
2023/4/29 06:30,171.675296,195.8330191,1236
2023/4/29 06:45,241.5886673,333.9770329,1262.25
2023/4/29 07:00,295.5231379,330.780656,1255
2023/4/29 07:15,353.4792194,331.6044031,1291
2023/4/29 07:30,432.9060969,367.1662572,1291
2023/4/29 07:45,503.6344023,392.6543693,1293.5
2023/4/29 08:00,571.0674958,272.083786,1332
2023/4/29 08:15,627.4423465,285.73472,1380
2023/4/29 08:30,704.4259751,339.82518,1375
2023/4/29 08:45,749.5522179,342.1501483,1401.5
2023/4/29 09:00,818.2243431,353.115053,1435
2023/4/29 09:15,882.1986083,363.7299647,1468.75
2023/4/29 09:30,915.4750419,366.3365873,1464
2023/4/29 09:45,958.803152,321.3627189,1461.5
2023/4/29 10:00,1006.732237,324.7177796,1464
2023/4/29 10:15,1056.698575,323.2574947,1456.75
2023/4/29 10:30,1092.073576,327.9892863,1442.25
2023/4/29 10:45,1083.27214,332.6063895,1447
2023/4/29 11:00,1072.59128,329.0400294,1466.25
2023/4/29 11:15,1102.212528,328.276466,1476
2023/4/29 11:30,1107.225029,327.8429724,1473.5
2023/4/29 11:45,1111.112821,325.0669255,1461.5
2023/4/29 12:00,1147.283077,327.457594,1447
2023/4/29 12:15,1166.876707,213.5531778,1444.75
2023/4/29 12:30,1178.615856,210.2749347,1440
2023/4/29 12:45,1169.440691,326.5243392,1430.25
2023/4/29 13:00,1153.783755,325.9409928,1444.75
2023/4/29 13:15,1133.473683,322.0528644,1468.75
2023/4/29 13:30,1096.567993,322.1859626,1485.5
2023/4/29 13:45,1062.919776,324.9170888,1468.75
2023/4/29 14:00,1025.577343,209.4061942,1478.25
2023/4/29 14:15,961.4079508,209.5008877,1418.25
2023/4/29 14:30,919.5027696,211.0296604,1418.25
2023/4/29 14:45,861.5698384,214.3745272,1411
2023/4/29 15:00,807.0673292,212.4371621,1420.75
2023/4/29 15:15,774.2668236,209.3989856,1452
2023/4/29 15:30,717.311474,208.0955115,1447
2023/4/29 15:45,646.833311,209.8384484,1420.75
2023/4/29 16:00,568.6079137,208.7378236,1392
2023/4/29 16:15,494.9682783,208.9284814,1377.5
2023/4/29 16:30,415.3224224,202.8843348,1372.75
2023/4/29 16:45,344.3147644,201.5501713,1346.25
2023/4/29 17:00,278.4833363,203.9580327,1341.5
2023/4/29 17:15,215.2494224,198.4730631,1341.5
2023/4/29 17:30,164.1503746,197.1280932,1344
2023/4/29 17:45,117.8976426,199.0604323,1334.25
2023/4/29 18:00,73.44733144,196.4474612,1322.25
2023/4/29 18:15,40.83139648,194.8671287,1334.25
2023/4/29 18:30,18.35527691,193.4368574,1332
2023/4/29 18:45,5.965576326,193.7387723,1322.25
2023/4/29 19:00,0,197.2778094,1324.75
2023/4/29 19:15,0,196.1975254,1322.25
2023/4/29 19:30,0,192.4500543,1300.75
2023/4/29 19:45,0,192.7827418,1288.75
2023/4/29 20:00,0,194.8128195,1286.25
2023/4/29 20:15,0,198.1867359,1288.75
2023/4/29 20:30,0,200.6073773,1276.75
2023/4/29 20:45,0,199.4167745,1260
2023/4/29 21:00,0,199.4832089,1272
2023/4/29 21:15,0,196.9094177,1257.5
2023/4/29 21:30,0,202.990741,1257.5
2023/4/29 21:45,0,207.4024408,1250.25
2023/4/29 22:00,0,208.6453096,1236
2023/4/29 22:15,0,211.7246286,1190.25
2023/4/29 22:30,0,213.1387884,1197.5
2023/4/29 22:45,0,211.0459477,1209.5
2023/4/29 23:00,0,209.6447832,1209.5
2023/4/29 23:15,0,206.4789465,1209.5
2023/4/29 23:30,0,205.6189615,1207
2023/4/29 23:45,0,204.6244361,1195
2023/4/30 00:00,0,199.8022108,1188
2023/4/30 00:15,0,199.8598795,1164
2023/4/30 00:30,0,199.1608258,1166.25
2023/4/30 00:45,0,197.5130188,1176
2023/4/30 01:00,0,197.9261724,1166.25
2023/4/30 01:15,0,197.1325653,1154.25
2023/4/30 01:30,0,188.2008779,1168.75
2023/4/30 01:45,0,184.3522684,1168.75
2023/4/30 02:00,0,179.2228683,1166.25
2023/4/30 02:15,0,182.4578617,1166.25
2023/4/30 02:30,0,181.8617881,1173.5
2023/4/30 02:45,0,177.2125974,1176
2023/4/30 03:00,0,170.5820655,1176
2023/4/30 03:15,0,168.6578676,1161.5
2023/4/30 03:30,0,284.1014044,1173.5
2023/4/30 03:45,0,289.2006993,1166.25
2023/4/30 04:00,0,291.7125251,1154.25
2023/4/30 04:15,0,294.8978454,1166.25
2023/4/30 04:30,0,296.2742623,1183
2023/4/30 04:45,0,296.5302093,1166.25
2023/4/30 05:00,0,180.6163522,1192.75
2023/4/30 05:15,1.211808832,176.9622349,1173.5
2023/4/30 05:30,14.49766144,184.9638521,1178.25
2023/4/30 05:45,41.85500957,188.859841,1192.75
2023/4/30 06:00,81.32421303,191.0551304,1168.75
2023/4/30 06:15,135.439684,190.1910267,1188
2023/4/30 06:30,190.3454537,191.6759333,1192.75
2023/4/30 06:45,251.9055546,191.1415207,1207
2023/4/30 07:00,324.3789995,196.8643019,1250.25
2023/4/30 07:15,394.0932736,195.9032267,1238.25
2023/4/30 07:30,460.8333154,194.1908469,1248
2023/4/30 07:45,526.3127161,197.4692944,1248
2023/4/30 08:00,601.5574126,201.9842326,1284
2023/4/30 08:15,649.2154749,204.4655968,1329.5
2023/4/30 08:30,701.3652149,206.1868006,1339
2023/4/30 08:45,742.320973,204.8143979,1346.25
2023/4/30 09:00,786.2909616,201.9041191,1329.5
2023/4/30 09:15,811.0136537,198.7655643,1341.5
2023/4/30 09:30,816.4408002,197.5279552,1341.5
2023/4/30 09:45,815.7091196,200.0813291,1365.5
2023/4/30 10:00,864.668407,201.0622911,1336.75
2023/4/30 10:15,897.2427333,196.5237829,1351
2023/4/30 10:30,917.9072167,197.1429477,1358.25
2023/4/30 10:45,879.5709662,196.011519,1356
2023/4/30 11:00,853.7584603,204.9862489,1365.5
2023/4/30 11:15,854.9395434,203.2875256,1372.75
2023/4/30 11:30,889.9871634,201.9469348,1360.75
2023/4/30 11:45,928.2723229,205.0950965,1363
2023/4/30 12:00,912.1953178,330.5211492,1358.25
2023/4/30 12:15,906.8939689,329.4985167,1332
2023/4/30 12:30,884.7897701,325.4394018,1348.75
2023/4/30 12:45,893.6105852,322.0916058,1344
2023/4/30 13:00,833.6493134,317.8628605,1372.75
2023/4/30 13:15,800.1133851,317.4929511,1353.5
2023/4/30 13:30,777.1421365,315.7306654,1351
2023/4/30 13:45,727.3914818,330.5207523,1368
2023/4/30 14:00,651.8349196,324.6575306,1356
2023/4/30 14:15,593.40164,330.3539633,1372.75
2023/4/30 14:30,569.1970783,327.2386703,1336.75
2023/4/30 14:45,486.5281577,203.2789456,1322.25
2023/4/30 15:00,434.2245143,208.9150096,1336.75
2023/4/30 15:15,433.5557012,209.0480533,1360.75
2023/4/30 15:30,426.4253932,201.0690422,1368
2023/4/30 15:45,371.2509168,206.7883183,1351
2023/4/30 16:00,324.6215176,202.2248395,1322.25
2023/4/30 16:15,281.0006482,206.3356098,1324.75
2023/4/30 16:30,258.1023512,200.2760745,1327
2023/4/30 16:45,222.5409487,197.9799166,1329.5
2023/4/30 17:00,190.9750701,198.3427369,1322.25
2023/4/30 17:15,164.6826123,201.3807459,1312.75
2023/4/30 17:30,134.6617411,197.771536,1310.25
2023/4/30 17:45,100.9911299,196.0862745,1264.75
2023/4/30 18:00,69.42657797,194.4456976,1226.25
2023/4/30 18:15,37.62692876,195.5838867,1252.75
2023/4/30 18:30,19.22306457,194.0756801,1236
2023/4/30 18:45,7.605603186,198.1038906,1236
2023/4/30 19:00,0,199.0210502,1248
2023/4/30 19:15,0,197.930228,1233.5
2023/4/30 19:30,0,196.8873994,1236
2023/4/30 19:45,0,194.11559,1226.25
2023/4/30 20:00,0,194.9181106,1238.25
2023/4/30 20:15,0,194.6581633,1204.75
2023/4/30 20:30,0,188.3289889,1195
2023/4/30 20:45,0,182.6047589,1190.25
2023/4/30 21:00,0,166.7407463,1190.25
2023/4/30 21:15,0,310.2344647,1168.75
2023/4/30 21:30,0,298.5491218,1173.5
2023/4/30 21:45,0,292.6409358,1176
2023/4/30 22:00,0,290.2678068,1164
2023/4/30 22:15,0,285.3381865,1166.25
2023/4/30 22:30,0,279.1404673,1173.5
2023/4/30 22:45,0,278.9492471,1166.25
2023/4/30 23:00,0,294.5373512,1180.75
2023/4/30 23:15,0,289.926404,1180.75
2023/4/30 23:30,0,297.0906168,1164
2023/4/30 23:45,0,297.0990046,1147
2023/5/1 00:00,0,285.4825913,1166.25
2023/5/1 00:15,0,291.6274909,1159
2023/5/1 00:30,0,310.0332728,1156.75
2023/5/1 00:45,0,302.3665176,1173.5
2023/5/1 01:00,0,288.9127033,1161.5
2023/5/1 01:15,0,277.7450818,1164
2023/5/1 01:30,0,277.2927999,1178.25
2023/5/1 01:45,0,270.7016303,1173.5
2023/5/1 02:00,0,261.4296309,1178.25
2023/5/1 02:15,0,258.2272995,1173.5
2023/5/1 02:30,0,240.2871078,1176
2023/5/1 02:45,0,238.1612853,1164
2023/5/1 03:00,0,245.5584152,1159
2023/5/1 03:15,0,239.075161,1149.5
2023/5/1 03:30,0,223.3707209,1159
2023/5/1 03:45,0,222.6998445,1176
2023/5/1 04:00,0,226.0936249,1164
2023/5/1 04:15,0,221.8378631,1161.5
2023/5/1 04:30,0,209.3519246,1166.25
2023/5/1 04:45,0,210.6289487,1166.25
2023/5/1 05:00,0,212.836823,1185.5
2023/5/1 05:15,1.724358942,237.3401696,1171
2023/5/1 05:30,12.56147123,265.5760864,1171
2023/5/1 05:45,31.8525396,289.4652804,1161.5
2023/5/1 06:00,66.54346377,293.6379266,1159
2023/5/1 06:15,103.6120935,313.8977324,1171
2023/5/1 06:30,140.6110724,332.039973,1173.5
2023/5/1 06:45,172.5221648,338.9270673,1176
2023/5/1 07:00,212.9847893,338.8015596,1195
2023/5/1 07:15,245.1454629,344.626195,1202.25
2023/5/1 07:30,273.8848475,341.8304632,1209.5
2023/5/1 07:45,306.0990985,343.600275,1219
2023/5/1 08:00,340.4795764,343.316902,1231
2023/5/1 08:15,367.4680943,329.8830725,1284
2023/5/1 08:30,441.0524319,322.1757255,1281.5
2023/5/1 08:45,528.8535845,311.4890302,1300.75
2023/5/1 09:00,593.9835119,544.1063335,1308
2023/5/1 09:15,666.8463965,534.7012511,1358.25
2023/5/1 09:30,706.2916019,526.0702858,1365.5
2023/5/1 09:45,764.0448473,512.4484275,1332
2023/5/1 10:00,832.6705775,492.9068393,1344
2023/5/1 10:15,925.3383918,458.7814895,1356
2023/5/1 10:30,996.9349569,566.1457773,1384.75
2023/5/1 10:45,1060.316292,567.0629516,1404
2023/5/1 11:00,1084.772151,558.7042419,1389.5
2023/5/1 11:15,1155.580162,528.1946779,1401.5
2023/5/1 11:30,1169.713847,500.2479673,1372.75
2023/5/1 11:45,1200.146115,481.2600841,1380
2023/5/1 12:00,1210.88455,462.8748786,1382.25
2023/5/1 12:15,1208.065269,441.4130833,1370.25
2023/5/1 12:30,1220.704356,439.5778607,1360.75
2023/5/1 12:45,1214.702402,432.2449889,1351
2023/5/1 13:00,1220.554089,405.0370864,1377.5
2023/5/1 13:15,1227.676379,386.3885213,1394.25
2023/5/1 13:30,1210.236701,370.3804196,1396.75
2023/5/1 13:45,1185.602073,350.8605237,1392
2023/5/1 14:00,1169.684672,329.6232471,1423
2023/5/1 14:15,1156.164641,322.8137072,1408.75
2023/5/1 14:30,1102.341739,309.264383,1399
2023/5/1 14:45,1033.482852,277.8901473,1375
2023/5/1 15:00,969.0149258,257.4764145,1399
2023/5/1 15:15,918.2392397,249.0554342,1356
2023/5/1 15:30,850.2997607,229.9482993,1372.75
2023/5/1 15:45,776.9031628,203.734089,1377.5
2023/5/1 16:00,703.1721382,188.7928247,1370.25
2023/5/1 16:15,628.685499,164.5534159,1377.5
2023/5/1 16:30,545.4724211,136.1151038,1363
2023/5/1 16:45,457.0525238,107.7131656,1351
2023/5/1 17:00,370.2967874,93.74315538,1344
2023/5/1 17:15,285.4613408,86.95235126,1332
2023/5/1 17:30,202.3539533,66.19760633,1322.25
2023/5/1 17:45,128.9139133,51.34346273,1310.25
2023/5/1 18:00,76.9148159,39.78771691,1315
2023/5/1 18:15,38.88184735,36.38931856,1296
2023/5/1 18:30,19.34218568,35.48203607,1308
2023/5/1 18:45,7.458237183,27.15353614,1245.5
2023/5/1 19:00,0,26.55045998,1231
2023/5/1 19:15,0,25.33881198,1231
2023/5/1 19:30,0,25.47010187,1214.25
2023/5/1 19:45,0,34.61356596,1207
2023/5/1 20:00,0,46.81557641,1216.75
2023/5/1 20:15,0,54.22438852,1212
2023/5/1 20:30,0,65.87932116,1207
2023/5/1 20:45,0,67.31758984,1209.5
2023/5/1 21:00,0,80.64372187,1197.5
2023/5/1 21:15,0,80.45409829,1202.25
2023/5/1 21:30,0,77.63007906,1207
2023/5/1 21:45,0,76.87808851,1207
2023/5/1 22:00,0,69.17703888,1204.75
2023/5/1 22:15,0,68.28615124,1178.25
2023/5/1 22:30,0,59.65382239,1202.25
2023/5/1 22:45,0,66.40698963,1190.25
2023/5/1 23:00,0,48.83007038,1192.75
2023/5/1 23:15,0,50.45207561,1192.75
2023/5/1 23:30,0,54.93346184,1183
2023/5/1 23:45,0,47.01336015,1180.75
2023/5/2 00:00,0,52.08769789,1185.5
2023/5/2 00:15,0,47.4982718,1176
2023/5/2 00:30,0,51.92024855,1176
2023/5/2 00:45,0,45.67424677,1192.75
2023/5/2 01:00,0,25.44969973,1183
2023/5/2 01:15,0,11.13758306,1180.75
2023/5/2 01:30,0,8.041437878,1190.25
2023/5/2 01:45,0,7.815124789,1178.25
2023/5/2 02:00,0,8.69098618,1171
2023/5/2 02:15,0,7.46246499,1166.25
2023/5/2 02:30,0,6.380791442,1154.25
2023/5/2 02:45,0,5.80670246,1149.5
2023/5/2 03:00,0,5.183156697,1149.5
2023/5/2 03:15,0,4.191037282,1149.5
2023/5/2 03:30,0,3.984484442,1137.5
2023/5/2 03:45,0,4.7545173,1128
2023/5/2 04:00,0,4.723372425,1130.25
2023/5/2 04:15,0,3.849675117,1128
2023/5/2 04:30,0,5.439199604,1135
2023/5/2 04:45,0,6.937340185,1137.5
2023/5/2 05:00,0,7.629592456,1161.5
2023/5/2 05:15,4.933259918,12.50222947,1140
2023/5/2 05:30,15.37050279,21.39165445,1152
2023/5/2 05:45,34.45446241,25.13536622,1140
2023/5/2 06:00,74.90562133,27.55918478,1154.25
2023/5/2 06:15,129.9879911,33.00635707,1154.25
2023/5/2 06:30,200.2006415,42.45386294,1161.5
2023/5/2 06:45,273.8887225,45.05184815,1166.25
2023/5/2 07:00,362.5440222,59.3019095,1180.75
2023/5/2 07:15,452.4191583,64.53370392,1197.5
2023/5/2 07:30,512.8153135,60.3112373,1207
2023/5/2 07:45,581.9299562,66.32260656,1233.5
2023/5/2 08:00,651.1439539,67.19026145,1300.75
2023/5/2 08:15,704.441666,75.54051785,1315
2023/5/2 08:30,745.1724448,80.54234149,1320
2023/5/2 08:45,786.0773294,85.17680659,1341.5
2023/5/2 09:00,828.2698733,96.21877663,1329.5
2023/5/2 09:15,895.1168922,92.92607314,1344
2023/5/2 09:30,951.5008799,93.92693955,1356
2023/5/2 09:45,1007.655327,87.21951305,1351
2023/5/2 10:00,1057.894224,82.11553079,1380
2023/5/2 10:15,1107.28842,75.18664815,1387
2023/5/2 10:30,1169.620188,68.90173129,1404
2023/5/2 10:45,1200.410768,69.61850331,1368
2023/5/2 11:00,1234.094794,66.20432758,1382.25
2023/5/2 11:15,1249.18229,69.79788983,1377.5
2023/5/2 11:30,1243.879054,73.32184637,1384.75
2023/5/2 11:45,1266.871742,78.93324552,1396.75
2023/5/2 12:00,1270.056304,79.69894356,1370.25
2023/5/2 12:15,1271.734342,89.16225841,1370.25
2023/5/2 12:30,1254.057723,95.52244103,1358.25
2023/5/2 12:45,1241.618054,95.44893893,1348.75
2023/5/2 13:00,1229.424207,94.8024731,1353.5
2023/5/2 13:15,1215.021849,85.65480969,1368
2023/5/2 13:30,1188.659952,79.07139952,1351
2023/5/2 13:45,1173.809369,80.21243253,1346.25
2023/5/2 14:00,1130.965734,78.97162639,1363
2023/5/2 14:15,1096.840589,70.6806297,1360.75
2023/5/2 14:30,1054.077087,54.96866615,1348.75
2023/5/2 14:45,1005.98527,42.84070614,1358.25
2023/5/2 15:00,951.4173757,35.90988262,1384.75
2023/5/2 15:15,888.9496202,35.59662984,1389.5
2023/5/2 15:30,816.1710598,32.9159788,1372.75
2023/5/2 15:45,747.1822337,24.71956799,1382.25
2023/5/2 16:00,670.5703342,15.66793524,1365.5
2023/5/2 16:15,590.9694407,9.60441418,1360.75
2023/5/2 16:30,507.6682833,10.84239437,1356
2023/5/2 16:45,418.4557368,12.31191464,1348.75
2023/5/2 17:00,339.4627882,9.407434083,1339
2023/5/2 17:15,261.2730904,9.810410853,1332
2023/5/2 17:30,192.1958197,13.32363147,1320
2023/5/2 17:45,132.0613132,20.24427761,1310.25
2023/5/2 18:00,82.90749653,20.82025518,1303
2023/5/2 18:15,44.32194853,22.96727693,1310.25
2023/5/2 18:30,21.73022257,27.5577072,1293.5
2023/5/2 18:45,10.24992719,24.33705974,1293.5
2023/5/2 19:00,0,24.6818718,1298.25
2023/5/2 19:15,0,23.8900692,1305.5
2023/5/2 19:30,0,20.76581375,1288.75
2023/5/2 19:45,0,21.18565734,1276.75
2023/5/2 20:00,0,23.71488153,1269.5
2023/5/2 20:15,0,19.44623259,1276.75
2023/5/2 20:30,0,15.77682754,1284
2023/5/2 20:45,0,14.09946705,1257.5
2023/5/2 21:00,0,16.36699847,1204.75
2023/5/2 21:15,0,18.57402623,1190.25
2023/5/2 21:30,0,17.73938174,1204.75
2023/5/2 21:45,0,13.71584318,1200
2023/5/2 22:00,0,9.21837884,1188
2023/5/2 22:15,0,6.849539309,1180.75
2023/5/2 22:30,0,4.925692233,1190.25
2023/5/2 22:45,0,5.244742247,1176
2023/5/2 23:00,0,5.059529761,1180.75
2023/5/2 23:15,0,5.585787978,1183
2023/5/2 23:30,0,4.770651934,1197.5
2023/5/2 23:45,0,4.760530049,1195
2023/5/3 00:00,0,1.900549048,1200
2023/5/3 00:15,0,1.457493783,1197.5
2023/5/3 00:30,0,1.15170159,1219
2023/5/3 00:45,0,1.203207412,1207
2023/5/3 01:00,0,1.291469355,1197.5
2023/5/3 01:15,0,1.36165282,1216.75
2023/5/3 01:30,0,1.003377345,1197.5
2023/5/3 01:45,0,1.00938228,1202.25
2023/5/3 02:00,0,1.29018152,1178.25
2023/5/3 02:15,0,1.555990558,1200
2023/5/3 02:30,0,1.575602541,1178.25
2023/5/3 02:45,0,3.882508197,1176
2023/5/3 03:00,0,3.873262721,1180.75
2023/5/3 03:15,0,3.550940025,1166.25
2023/5/3 03:30,0,3.363227883,1154.25
2023/5/3 03:45,0,3.889142469,1154.25
2023/5/3 04:00,0,1.364056512,1144.75
2023/5/3 04:15,0,1.530814672,1147
2023/5/3 04:30,0,1.579449878,1149.5
2023/5/3 04:45,0,1.555960521,1147
2023/5/3 05:00,0,1.295323084,1147
2023/5/3 05:15,5.5696244,1.561361234,1166.25
2023/5/3 05:30,20.95213014,1.870455694,1176
2023/5/3 05:45,42.83511821,2.108263012,1178.25
2023/5/3 06:00,75.9261713,2.172930668,1156.75
2023/5/3 06:15,115.2417054,2.575068728,1159
2023/5/3 06:30,158.3588101,2.27784424,1164
2023/5/3 06:45,210.2285615,2.075615804,1156.75
2023/5/3 07:00,271.1738872,2.057174128,1173.5
2023/5/3 07:15,322.8085746,1.423570441,1161.5
2023/5/3 07:30,395.3704296,0.950138153,1173.5
2023/5/3 07:45,445.7341407,0.779871932,1185.5
2023/5/3 08:00,489.5941065,1.053153228,1195
2023/5/3 08:15,530.1598528,0.592909051,1209.5
2023/5/3 08:30,586.6092656,0.660228504,1192.75
2023/5/3 08:45,630.2630589,0.749630744,1219
2023/5/3 09:00,640.2337646,0.981283579,1209.5
2023/5/3 09:15,705.7948107,1.862431472,1209.5
2023/5/3 09:30,740.5187707,1.958436651,1209.5
2023/5/3 09:45,763.2144426,2.362975225,1216.75
2023/5/3 10:00,808.4967005,2.853239174,1202.25
2023/5/3 10:15,818.1069088,3.323433547,1192.75
2023/5/3 10:30,813.4266815,3.012061215,1209.5
2023/5/3 10:45,817.5802958,5.03964129,1214.25
2023/5/3 11:00,846.1323453,6.841854537,1219
2023/5/3 11:15,887.826946,10.0474649,1219
2023/5/3 11:30,886.5790818,15.4673568,1231
2023/5/3 11:45,886.2919102,22.54437824,1216.75
2023/5/3 12:00,858.0520116,35.49878014,1214.25
2023/5/3 12:15,803.9616112,38.17059065,1216.75
2023/5/3 12:30,785.7403842,38.90682666,1219
2023/5/3 12:45,789.6206902,36.91780355,1214.25
2023/5/3 13:00,792.3218336,36.25771261,1214.25
2023/5/3 13:15,753.5662273,35.24079285,1214.25
2023/5/3 13:30,688.6262372,38.36480658,1204.75
2023/5/3 13:45,598.4972159,36.12783656,1209.5
2023/5/3 14:00,504.3602184,33.55568651,1219
2023/5/3 14:15,441.6791807,30.68137322,1236
2023/5/3 14:30,417.5401699,29.18753617,1221.5
2023/5/3 14:45,424.671039,23.38401875,1219
2023/5/3 15:00,411.2361576,16.89631312,1216.75
2023/5/3 15:15,390.9303418,13.30454783,1197.5
2023/5/3 15:30,365.3316008,11.57241519,1204.75
2023/5/3 15:45,340.2916429,8.378302446,1214.25
2023/5/3 16:00,290.9186599,6.880960155,1212
2023/5/3 16:15,268.4600787,5.411567317,1202.25
2023/5/3 16:30,259.3910674,4.731483056,1212
2023/5/3 16:45,232.1802913,8.273362454,1207
2023/5/3 17:00,198.5624574,11.29544194,1207
2023/5/3 17:15,161.5362092,10.19420702,1204.75
2023/5/3 17:30,125.2566931,7.882462293,1204.75
2023/5/3 17:45,95.39249849,6.409716836,1192.75
2023/5/3 18:00,68.95510294,4.065028461,1185.5
2023/5/3 18:15,39.29178426,3.26595896,1192.75
2023/5/3 18:30,16.83624524,3.619841698,1185.5
2023/5/3 18:45,5.123683452,4.210993066,1190.25
2023/5/3 19:00,0,5.526625603,1200
2023/5/3 19:15,0,5.19058611,1195
2023/5/3 19:30,0,4.312268627,1197.5
2023/5/3 19:45,0,4.639242748,1209.5
2023/5/3 20:00,0,5.251309947,1212
2023/5/3 20:15,0,3.324336878,1212
2023/5/3 20:30,0,3.347393033,1214.25
2023/5/3 20:45,0,6.598970969,1204.75
2023/5/3 21:00,0,10.26378887,1197.5
2023/5/3 21:15,0,13.57597313,1200
2023/5/3 21:30,0,14.09992641,1202.25
2023/5/3 21:45,0,15.93290904,1214.25
2023/5/3 22:00,0,18.94489271,1185.5
2023/5/3 22:15,0,21.17646718,1219
2023/5/3 22:30,0,17.36238561,1214.25
2023/5/3 22:45,0,17.74152905,1202.25
2023/5/3 23:00,0,20.91748491,1212
2023/5/3 23:15,0,25.32711957,1209.5
2023/5/3 23:30,0,22.0017982,1197.5
2023/5/3 23:45,0,24.95168699,1190.25
2023/5/4 00:00,0,22.96779974,1190.25
2023/5/4 00:15,0,17.62179619,1180.75
2023/5/4 00:30,0,13.54830578,1188
2023/5/4 00:45,0,12.76476916,1192.75
2023/5/4 01:00,0,10.79949053,1204.75
2023/5/4 01:15,0,11.89312369,1188
2023/5/4 01:30,0,11.04259633,1173.5
2023/5/4 01:45,0,11.84338743,1188
2023/5/4 02:00,0,11.00144956,1185.5
2023/5/4 02:15,0,10.93995609,1180.75
2023/5/4 02:30,0,12.00069321,1176
2023/5/4 02:45,0,10.95516969,1178.25
2023/5/4 03:00,0,11.42428994,1178.25
2023/5/4 03:15,0,10.58116899,1168.75
2023/5/4 03:30,0,14.9719578,1173.5
2023/5/4 03:45,0,17.579186,1166.25
2023/5/4 04:00,0,18.36835405,1159
2023/5/4 04:15,0,16.41694124,1154.25
2023/5/4 04:30,0,14.56915727,1154.25
2023/5/4 04:45,0,16.40977315,1164
2023/5/4 05:00,0,17.23442509,1173.5
2023/5/4 05:15,1.988444711,12.45801131,1168.75
2023/5/4 05:30,14.79157126,10.94027186,1164
2023/5/4 05:45,38.13147986,9.927647673,1164
2023/5/4 06:00,77.24775163,12.09604678,1164
2023/5/4 06:15,123.9720021,13.09005081,1166.25
2023/5/4 06:30,180.2732015,11.34857834,1161.5
2023/5/4 06:45,251.131182,9.201280626,1149.5
2023/5/4 07:00,319.1968183,8.290942331,1161.5
2023/5/4 07:15,388.1281949,7.897540315,1154.25
2023/5/4 07:30,446.923986,8.081678122,1156.75
2023/5/4 07:45,510.3844321,8.21488297,1178.25
2023/5/4 08:00,589.2242179,9.834772013,1185.5
2023/5/4 08:15,683.9582369,15.50148504,1200
2023/5/4 08:30,763.0195205,20.31144617,1221.5
2023/5/4 08:45,824.8505274,22.42280771,1195
2023/5/4 09:00,864.3827512,19.26997026,1209.5
2023/5/4 09:15,894.879251,21.416886,1221.5
2023/5/4 09:30,932.8854304,25.71591467,1204.75
2023/5/4 09:45,979.7284894,24.63124738,1209.5
2023/5/4 10:00,989.4297389,27.33509034,1200
2023/5/4 10:15,1020.840183,25.94394592,1204.75
2023/5/4 10:30,1051.619663,17.87422827,1200
2023/5/4 10:45,1081.102638,24.40893724,1204.75
2023/5/4 11:00,1071.871054,25.22906815,1221.5
2023/5/4 11:15,1104.326095,31.85364362,1224
2023/5/4 11:30,1098.334037,35.14233061,1236
2023/5/4 11:45,1120.871024,35.08422117,1228.75
2023/5/4 12:00,1149.809234,34.59408136,1243
2023/5/4 12:15,1162.377953,36.14393276,1231
2023/5/4 12:30,1149.282828,38.73742008,1231
2023/5/4 12:45,1143.8257,40.73107501,1240.75
2023/5/4 13:00,1132.949754,46.37048262,1231
2023/5/4 13:15,1139.001955,58.30318127,1240.75
2023/5/4 13:30,1093.361543,64.72012185,1236
2023/5/4 13:45,1063.301042,68.09988851,1236
2023/5/4 14:00,1022.951398,66.05525536,1224
2023/5/4 14:15,982.7390403,66.97898666,1228.75
2023/5/4 14:30,942.9464262,78.64135295,1233.5
2023/5/4 14:45,879.5079053,86.77123348,1212
2023/5/4 15:00,817.8156513,89.26456039,1219
2023/5/4 15:15,771.9533384,82.82243533,1221.5
2023/5/4 15:30,718.8629883,77.76173502,1233.5
2023/5/4 15:45,648.5504074,84.41270153,1221.5
2023/5/4 16:00,584.7592641,84.87101588,1216.75
2023/5/4 16:15,515.037849,74.16566059,1214.25
2023/5/4 16:30,433.8337477,68.66060097,1212
2023/5/4 16:45,375.0692696,59.40428686,1190.25
2023/5/4 17:00,308.4454875,52.29267746,1188
2023/5/4 17:15,243.3526412,45.2312272,1192.75
2023/5/4 17:30,179.4650178,38.93554495,1200
2023/5/4 17:45,124.0038395,37.44428484,1200
2023/5/4 18:00,83.21522559,36.78180414,1195
2023/5/4 18:15,43.92791142,25.32616588,1202.25
2023/5/4 18:30,19.4724599,17.09551052,1197.5
2023/5/4 18:45,4.616358113,15.36649123,1183
2023/5/4 19:00,0,10.88426407,1195
2023/5/4 19:15,0,11.07356192,1180.75
2023/5/4 19:30,0,11.45452787,1178.25
2023/5/4 19:45,0,9.587953678,1183
2023/5/4 20:00,0,7.284970449,1185.5
2023/5/4 20:15,0,4.860238388,1185.5
2023/5/4 20:30,0,4.324040718,1197.5
2023/5/4 20:45,0,4.72360606,1202.25
2023/5/4 21:00,0,5.338837185,1197.5
2023/5/4 21:15,0,5.239454244,1197.5
2023/5/4 21:30,0,5.82573011,1202.25
2023/5/4 21:45,0,7.061344558,1212
2023/5/4 22:00,0,6.680028064,1190.25
2023/5/4 22:15,0,7.827696551,1164
2023/5/4 22:30,0,6.52833335,1152
2023/5/4 22:45,0,6.786705893,1149.5
2023/5/4 23:00,0,7.987419617,1161.5
2023/5/4 23:15,0,9.3234631,1164
2023/5/4 23:30,0,8.159486866,1180.75
2023/5/4 23:45,0,8.646032149,1156.75
2023/5/5 00:00,0,7.721314734,1166.25
2023/5/5 00:15,0,8.125481169,1164
2023/5/5 00:30,0,9.886847984,1188
2023/5/5 00:45,0,9.092280834,1161.5
2023/5/5 01:00,0,10.7932561,1161.5
2023/5/5 01:15,0,9.95129885,1173.5
2023/5/5 01:30,0,8.215665756,1166.25
2023/5/5 01:45,0,7.451026597,1159
2023/5/5 02:00,0,6.282226876,1159
2023/5/5 02:15,0,5.031956413,1142.25
2023/5/5 02:30,0,4.309045354,1125.5
2023/5/5 02:45,0,4.121760675,1132.75
2023/5/5 03:00,0,4.403938706,1142.25
2023/5/5 03:15,0,4.615832477,1135
2023/5/5 03:30,0,5.287316382,1147
2023/5/5 03:45,0,6.699569833,1154.25
2023/5/5 04:00,0,5.763703679,1137.5
2023/5/5 04:15,0,5.219053072,1120.75
2023/5/5 04:30,0,6.712200774,1128
2023/5/5 04:45,0,8.249687165,1125.5
2023/5/5 05:00,0,8.701516633,1111
2023/5/5 05:15,2.825145157,8.744910285,1113.5
2023/5/5 05:30,23.84143648,11.35512077,1128
2023/5/5 05:45,62.77753237,11.71874395,1120.75
2023/5/5 06:00,109.3901044,17.98273286,1120.75
2023/5/5 06:15,162.2708876,16.60276617,1137.5
2023/5/5 06:30,221.9010727,17.91840593,1159
2023/5/5 06:45,289.4042971,14.52726054,1159
2023/5/5 07:00,367.5005662,8.485064157,1168.75
2023/5/5 07:15,433.7802646,7.285443875,1190.25
2023/5/5 07:30,506.3189659,7.613063163,1207
2023/5/5 07:45,587.961309,6.512607427,1221.5
2023/5/5 08:00,658.2706946,7.046934295,1245.5
2023/5/5 08:15,729.0785373,4.635236958,1255
2023/5/5 08:30,798.2947202,4.378550045,1260
2023/5/5 08:45,840.5991328,4.3189527,1262.25
2023/5/5 09:00,868.5299906,5.443123799,1262.25
2023/5/5 09:15,902.8272922,6.245626164,1274.25
2023/5/5 09:30,949.8300699,6.088470307,1286.25
2023/5/5 09:45,1004.530179,6.51559839,1305.5
2023/5/5 10:00,1041.355607,6.24815138,1324.75
2023/5/5 10:15,1090.819261,6.739343262,1293.5
2023/5/5 10:30,1123.412256,7.566480434,1296
2023/5/5 10:45,1150.269125,8.45217102,1315
2023/5/5 11:00,1193.526722,8.343554761,1308
2023/5/5 11:15,1214.482739,9.184018529,1327
2023/5/5 11:30,1234.503105,13.21006209,1344
2023/5/5 11:45,1260.112838,17.54263798,1300.75
2023/5/5 12:00,1248.105515,15.47701035,1303
2023/5/5 12:15,1245.023992,16.68365787,1300.75
2023/5/5 12:30,1221.484427,19.93701358,1279
2023/5/5 12:45,1208.224237,14.84137347,1260
2023/5/5 13:00,1215.911886,14.92488569,1267
2023/5/5 13:15,1204.958089,13.01603837,1288.75
2023/5/5 13:30,1170.664839,12.44143145,1276.75
2023/5/5 13:45,1137.786656,16.07585665,1305.5
2023/5/5 14:00,1088.560436,18.18495308,1310.25
2023/5/5 14:15,1059.231022,26.77111108,1305.5
2023/5/5 14:30,1005.404444,25.50030095,1305.5
2023/5/5 14:45,928.9465699,20.8143309,1293.5
2023/5/5 15:00,859.3012365,17.1369965,1296
2023/5/5 15:15,784.9451013,16.99689831,1310.25
2023/5/5 15:30,704.6067075,11.71016661,1303
2023/5/5 15:45,652.1345634,8.788312819,1305.5
2023/5/5 16:00,598.3532762,5.804438615,1293.5
2023/5/5 16:15,541.3006222,5.346320315,1284
2023/5/5 16:30,474.2683231,5.532956909,1264.75
2023/5/5 16:45,420.068685,3.882015187,1272
2023/5/5 17:00,353.9153865,2.586523722,1240.75
2023/5/5 17:15,299.435763,2.414629397,1243
2023/5/5 17:30,247.0116867,1.613133055,1238.25
2023/5/5 17:45,195.6318845,1.626704934,1243
2023/5/5 18:00,143.0587453,1.6999458,1226.25
2023/5/5 18:15,92.82653051,1.712412658,1236
2023/5/5 18:30,45.00865423,1.761649466,1228.75
2023/5/5 18:45,9.002354693,1.957204521,1219
2023/5/5 19:00,0,1.802474836,1216.75
2023/5/5 19:15,0,2.178770245,1231
2023/5/5 19:30,0,2.515577609,1219
2023/5/5 19:45,0,2.753113879,1209.5
2023/5/5 20:00,0,3.326600393,1221.5
2023/5/5 20:15,0,4.007828601,1226.25
2023/5/5 20:30,0,4.785927238,1212
2023/5/5 20:45,0,4.786012712,1214.25
2023/5/5 21:00,0,5.886298474,1214.25
2023/5/5 21:15,0,7.235068859,1216.75
2023/5/5 21:30,0,10.6477968,1207
2023/5/5 21:45,0,14.90635793,1204.75
2023/5/5 22:00,0,20.61675191,1195
2023/5/5 22:15,0,27.85503584,1178.25
2023/5/5 22:30,0,36.79011371,1171
2023/5/5 22:45,0,48.84490222,1178.25
2023/5/5 23:00,0,49.64830673,1195
2023/5/5 23:15,0,51.74489591,1183
2023/5/5 23:30,0,56.01088669,1180.75
2023/5/5 23:45,0,55.22598263,1183
2023/5/6 00:00,0,63.99431521,1176
2023/5/6 00:15,0,58.52762929,1178.25
2023/5/6 00:30,0,60.12437192,1195
2023/5/6 00:45,0,52.46282998,1183
2023/5/6 01:00,0,42.30601809,1188
2023/5/6 01:15,0,36.6980005,1185.5
2023/5/6 01:30,0,33.72831111,1171
2023/5/6 01:45,0,34.62032546,1192.75
2023/5/6 02:00,0,37.68739771,1176
2023/5/6 02:15,0,29.47585037,1168.75
2023/5/6 02:30,0,19.14296677,1156.75
2023/5/6 02:45,0,12.57864353,1166.25
2023/5/6 03:00,0,6.589234001,1173.5
2023/5/6 03:15,0,4.826572197,1168.75
2023/5/6 03:30,0,7.129210949,1178.25
2023/5/6 03:45,0,9.057294097,1171
2023/5/6 04:00,0,14.3678543,1152
2023/5/6 04:15,0,16.87633371,1154.25
2023/5/6 04:30,0,20.83321919,1168.75
2023/5/6 04:45,0,19.40147337,1152
2023/5/6 05:00,0.000257357,17.5644903,1147
2023/5/6 05:15,3.335045753,13.7709954,1140
2023/5/6 05:30,22.77836119,13.65839009,1147
2023/5/6 05:45,56.43105221,14.92231946,1147
2023/5/6 06:00,104.6419083,13.86167968,1128
2023/5/6 06:15,168.8948707,18.90610399,1142.25
2023/5/6 06:30,242.5676812,20.49439495,1144.75
2023/5/6 06:45,330.8491575,29.52352625,1154.25
2023/5/6 07:00,420.4689521,36.82001647,1171
2023/5/6 07:15,508.3979297,48.09139273,1188
2023/5/6 07:30,590.0535015,42.82627583,1238.25
2023/5/6 07:45,660.5725015,39.04213764,1243
2023/5/6 08:00,720.9136684,49.99616321,1250.25
2023/5/6 08:15,766.9384797,69.5875842,1281.5
2023/5/6 08:30,838.4266456,75.58542039,1298.25
2023/5/6 08:45,877.9874698,78.65541043,1296
2023/5/6 09:00,937.2999028,89.98399003,1317.5
2023/5/6 09:15,981.3752183,102.6661491,1320
2023/5/6 09:30,1030.422622,99.95586717,1332
2023/5/6 09:45,1091.834797,96.55553956,1377.5
2023/5/6 10:00,1122.355254,100.6036636,1408.75
2023/5/6 10:15,1164.375224,115.7384371,1413.5
2023/5/6 10:30,1189.05741,114.0415074,1418.25
2023/5/6 10:45,1229.750294,118.3657431,1418.25
2023/5/6 11:00,1265.695561,124.3967886,1408.75
2023/5/6 11:15,1264.795536,123.6807477,1423
2023/5/6 11:30,1277.659229,131.0987968,1449.5
2023/5/6 11:45,1306.226982,135.5527748,1408.75
2023/5/6 12:00,1292.754742,134.9564654,1396.75
2023/5/6 12:15,1313.325616,136.5495937,1396.75
2023/5/6 12:30,1326.198935,148.6155596,1356
2023/5/6 12:45,1319.537559,157.1289524,1363
2023/5/6 13:00,1295.235477,151.9246352,1394.25
2023/5/6 13:15,1280.059849,152.736449,1401.5
2023/5/6 13:30,1237.432269,166.9864954,1399
2023/5/6 13:45,1219.415189,161.2751333,1437.5
2023/5/6 14:00,1188.478261,155.9194387,1461.5
2023/5/6 14:15,1167.516139,148.8722441,1456.75
2023/5/6 14:30,1103.893477,152.9413955,1442.25
2023/5/6 14:45,1047.917057,149.5362491,1449.5
2023/5/6 15:00,995.6515519,139.2206739,1418.25
2023/5/6 15:15,928.2881949,129.0027777,1416
2023/5/6 15:30,868.529545,136.8479191,1423
2023/5/6 15:45,790.4622321,140.5374359,1392
2023/5/6 16:00,708.6270473,132.9295844,1392
2023/5/6 16:15,632.0953286,133.542581,1389.5
2023/5/6 16:30,547.9107251,126.2005512,1399
2023/5/6 16:45,455.9939629,129.2796562,1356
2023/5/6 17:00,365.2691888,138.6016756,1339
2023/5/6 17:15,261.7921142,138.0069918,1334.25
2023/5/6 17:30,186.1745692,121.1920542,1336.75
2023/5/6 17:45,126.4319306,114.6858937,1312.75
2023/5/6 18:00,85.25785227,123.3998896,1315
2023/5/6 18:15,48.07244297,103.7547151,1312.75
2023/5/6 18:30,17.38372799,85.58059626,1320
2023/5/6 18:45,9.018917187,77.16137579,1324.75
2023/5/6 19:00,0,62.25000998,1291
2023/5/6 19:15,0,54.66552419,1281.5
2023/5/6 19:30,0,57.37894095,1279
2023/5/6 19:45,0,62.84368727,1284
2023/5/6 20:00,0,61.46890367,1255
2023/5/6 20:15,0,58.7145863,1195
2023/5/6 20:30,0,63.55944652,1190.25
2023/5/6 20:45,0,68.38294711,1202.25
2023/5/6 21:00,0,73.68061786,1190.25
2023/5/6 21:15,0,72.09256629,1200
2023/5/6 21:30,0,71.2303388,1204.75
2023/5/6 21:45,0,63.47807741,1221.5
2023/5/6 22:00,0,66.59438951,1216.75
2023/5/6 22:15,0,80.69602401,1207
2023/5/6 22:30,0,87.66043004,1200
2023/5/6 22:45,0,87.82052731,1195
2023/5/6 23:00,0,80.39976682,1207
2023/5/6 23:15,0,75.04984149,1195
2023/5/6 23:30,0,63.72980223,1192.75
2023/5/6 23:45,0,65.02122322,1185.5
2023/5/7 00:00,0,64.03379835,1214.25
2023/5/7 00:15,0,59.32480532,1188
2023/5/7 00:30,0,62.19895596,1192.75
2023/5/7 00:45,0,50.99540514,1176
2023/5/7 01:00,0,46.35635329,1185.5
2023/5/7 01:15,0,36.94010842,1180.75
2023/5/7 01:30,0,26.69205175,1171
2023/5/7 01:45,0,19.79767448,1173.5
2023/5/7 02:00,0,19.16651283,1166.25
2023/5/7 02:15,0,15.34257657,1178.25
2023/5/7 02:30,0,14.35251576,1147
2023/5/7 02:45,0,9.570346779,1154.25
2023/5/7 03:00,0,9.198698879,1137.5
2023/5/7 03:15,0,8.538026562,1171
2023/5/7 03:30,0,7.735901966,1156.75
2023/5/7 03:45,0,4.353262181,1152
2023/5/7 04:00,0,4.138412056,1149.5
2023/5/7 04:15,0,4.127043947,1142.25
2023/5/7 04:30,0,3.823053244,1137.5
2023/5/7 04:45,0,2.116456912,1125.5
2023/5/7 05:00,0.012138269,1.750173665,1125.5
2023/5/7 05:15,3.489692854,1.772210352,1118.25
2023/5/7 05:30,23.66593685,2.213872952,1137.5
2023/5/7 05:45,55.59305659,2.138082461,1132.75
2023/5/7 06:00,103.5612926,2.616847174,1132.75
2023/5/7 06:15,167.6049917,2.908979111,1144.75
2023/5/7 06:30,239.8392995,2.318354293,1159
2023/5/7 06:45,313.3652467,2.045892421,1159
2023/5/7 07:00,397.8231849,2.080615769,1159
2023/5/7 07:15,483.0908579,4.991723281,1166.25
2023/5/7 07:30,562.3723814,5.966687814,1188
2023/5/7 07:45,630.6341306,6.54758884,1216.75
2023/5/7 08:00,701.3430514,7.26401497,1250.25
2023/5/7 08:15,738.6609351,8.712342685,1286.25
2023/5/7 08:30,794.8522085,7.271426772,1334.25
2023/5/7 08:45,853.7783038,9.148459358,1356
2023/5/7 09:00,894.0281448,10.9875873,1365.5
2023/5/7 09:15,940.1584503,15.21806081,1356
2023/5/7 09:30,986.645059,18.8436851,1406.25
2023/5/7 09:45,1033.431645,26.62885663,1408.75
2023/5/7 10:00,1069.965394,33.73273365,1428
2023/5/7 10:15,1069.344029,38.66342513,1425.5
2023/5/7 10:30,1115.376551,42.22736524,1437.5
2023/5/7 10:45,1122.926436,50.87578869,1430.25
2023/5/7 11:00,1171.494986,54.07541511,1430.25
2023/5/7 11:15,1169.359246,55.53058573,1425.5
2023/5/7 11:30,1181.52278,60.73082947,1440
2023/5/7 11:45,1193.983884,69.08922048,1440
2023/5/7 12:00,1181.767411,70.63965825,1432.75
2023/5/7 12:15,1185.355169,67.33781998,1392
2023/5/7 12:30,1154.013983,64.54606534,1384.75
2023/5/7 12:45,1142.358287,63.77593029,1363
2023/5/7 13:00,1130.722592,67.45939156,1389.5
2023/5/7 13:15,1106.36345,60.08448465,1368
2023/5/7 13:30,1088.543107,46.53980955,1377.5
2023/5/7 13:45,1056.874253,41.5342133,1382.25
2023/5/7 14:00,1038.557031,38.80864827,1365.5
2023/5/7 14:15,1025.754912,40.81239867,1365.5
2023/5/7 14:30,978.3125633,40.86634074,1363
2023/5/7 14:45,898.0816018,35.31330049,1382.25
2023/5/7 15:00,858.2788195,27.37087127,1380
2023/5/7 15:15,784.4594128,25.64597458,1396.75
2023/5/7 15:30,747.8152788,16.35921998,1368
2023/5/7 15:45,687.9035645,16.05369921,1372.75
2023/5/7 16:00,617.0507571,20.7434168,1377.5
2023/5/7 16:15,546.9781113,18.96956204,1351
2023/5/7 16:30,471.9983488,17.04778495,1360.75
2023/5/7 16:45,395.542926,18.57394492,1368
2023/5/7 17:00,339.3901785,15.83616402,1358.25
2023/5/7 17:15,276.2667761,15.39512857,1336.75
2023/5/7 17:30,210.5825735,21.74642256,1327
2023/5/7 17:45,138.8326024,28.26316511,1310.25
2023/5/7 18:00,81.68407872,29.3241999,1324.75
2023/5/7 18:15,36.40515732,29.84957799,1303
2023/5/7 18:30,13.14964865,26.18141264,1315
2023/5/7 18:45,8.064771128,32.64258194,1320
2023/5/7 19:00,0,35.51139713,1300.75
2023/5/7 19:15,0,37.72953469,1281.5
2023/5/7 19:30,0,39.82686901,1276.75
2023/5/7 19:45,0,38.08262955,1272
2023/5/7 20:00,0,33.9708898,1185.5
2023/5/7 20:15,0,34.2087035,1197.5
2023/5/7 20:30,0,31.65473192,1195
2023/5/7 20:45,0,34.59768675,1180.75
2023/5/7 21:00,0,40.82615058,1200
2023/5/7 21:15,0,41.69651444,1202.25
2023/5/7 21:30,0,43.70874024,1200
2023/5/7 21:45,0,44.41928429,1195
2023/5/7 22:00,0,40.56690298,1176
2023/5/7 22:15,0,39.80565612,1173.5
2023/5/7 22:30,0,37.92980552,1168.75
2023/5/7 22:45,0,45.18627201,1178.25
2023/5/7 23:00,0,50.65533849,1173.5
2023/5/7 23:15,0,54.08465624,1178.25
2023/5/7 23:30,0,64.61560152,1171
2023/5/7 23:45,0,70.44943086,1173.5
2023/5/8 00:00,0,61.57362959,1166.25
2023/5/8 00:15,0,39.87088462,1164
2023/5/8 00:30,0,41.05153998,1166.25
2023/5/8 00:45,0,47.91839085,1159
2023/5/8 01:00,0,45.70025614,1166.25
2023/5/8 01:15,0,43.71284996,1156.75
2023/5/8 01:30,0,37.00645415,1159
2023/5/8 01:45,0,37.38635435,1161.5
2023/5/8 02:00,0,28.99633817,1183
2023/5/8 02:15,0,22.70297323,1164
2023/5/8 02:30,0,15.48696185,1144.75
2023/5/8 02:45,0,16.90115501,1149.5
2023/5/8 03:00,0,19.46583657,1142.25
2023/5/8 03:15,0,24.83575402,1152
2023/5/8 03:30,0,24.76334744,1159
2023/5/8 03:45,0,23.84689148,1144.75
2023/5/8 04:00,0,23.0916183,1147
2023/5/8 04:15,0,19.3223889,1144.75
2023/5/8 04:30,0,22.1999901,1147
2023/5/8 04:45,0,24.94768543,1137.5
2023/5/8 05:00,0,28.6060999,1132.75
2023/5/8 05:15,3.47619548,32.63252022,1144.75
2023/5/8 05:30,25.32448356,30.92180745,1159
2023/5/8 05:45,59.7427025,29.70399429,1142.25
2023/5/8 06:00,107.0843239,30.76358823,1147
2023/5/8 06:15,164.1367341,32.979896,1156.75
2023/5/8 06:30,241.769061,31.90978024,1159
2023/5/8 06:45,328.702085,34.3114858,1168.75
2023/5/8 07:00,403.9661758,41.60808526,1190.25
2023/5/8 07:15,470.2875309,49.024606,1204.75
2023/5/8 07:30,553.6886895,54.54515437,1238.25
2023/5/8 07:45,623.8549448,64.202824,1238.25
2023/5/8 08:00,685.1218267,67.37588204,1274.25
2023/5/8 08:15,702.3316822,76.67933228,1269.5
2023/5/8 08:30,722.0564483,96.7277896,1300.75
2023/5/8 08:45,806.1650562,116.1312686,1310.25
2023/5/8 09:00,862.0325209,141.4452665,1353.5
2023/5/8 09:15,882.2695397,147.8948566,1363
2023/5/8 09:30,889.3247275,138.4933315,1377.5
2023/5/8 09:45,933.9113798,146.2965461,1380
2023/5/8 10:00,996.986023,146.761891,1363
2023/5/8 10:15,1041.600614,159.6723395,1363
2023/5/8 10:30,1036.408869,178.6803079,1394.25
2023/5/8 10:45,1067.934576,183.7656694,1384.75
2023/5/8 11:00,1038.397955,183.1929645,1384.75
2023/5/8 11:15,1017.092568,186.8003298,1365.5
2023/5/8 11:30,1020.956347,199.5549248,1377.5
2023/5/8 11:45,968.2973577,213.376276,1375
2023/5/8 12:00,1001.565872,227.291374,1372.75
2023/5/8 12:15,1044.116686,224.5591936,1351
2023/5/8 12:30,1078.361027,234.5078775,1356
2023/5/8 12:45,1151.566113,233.9425087,1336.75
2023/5/8 13:00,1178.768799,222.3656514,1348.75
2023/5/8 13:15,1137.232336,219.0203974,1348.75
2023/5/8 13:30,1056.218405,236.8274841,1348.75
2023/5/8 13:45,1029.32601,229.6319051,1360.75
2023/5/8 14:00,989.7671296,226.0969361,1346.25
2023/5/8 14:15,919.0841674,229.145631,1341.5
2023/5/8 14:30,853.3543787,225.829342,1324.75
2023/5/8 14:45,797.8238435,218.5499262,1334.25
2023/5/8 15:00,750.8510518,219.964843,1339
2023/5/8 15:15,697.6285143,208.9933631,1372.75
2023/5/8 15:30,648.6706387,193.7148569,1358.25
2023/5/8 15:45,605.0628477,182.9050812,1375
2023/5/8 16:00,549.7894665,177.1758728,1401.5
2023/5/8 16:15,519.1612796,163.0717276,1418.25
2023/5/8 16:30,464.0476953,156.1672774,1425.5
2023/5/8 16:45,363.548203,144.5448077,1461.5
2023/5/8 17:00,298.9407032,130.2798683,1473.5
2023/5/8 17:15,242.0085146,115.2524596,1406.25
2023/5/8 17:30,189.1533068,103.4577983,1372.75
2023/5/8 17:45,136.4639935,109.282383,1353.5
2023/5/8 18:00,81.56817666,107.0258132,1336.75
2023/5/8 18:15,41.15774529,106.5835366,1332
2023/5/8 18:30,16.546286,97.40977439,1317.5
2023/5/8 18:45,8.633554595,98.6807643,1329.5
2023/5/8 19:00,0,103.1923165,1324.75
2023/5/8 19:15,0,93.56855348,1317.5
2023/5/8 19:30,0,84.29875025,1296
2023/5/8 19:45,0,80.49797227,1293.5
2023/5/8 20:00,0,70.37698858,1296
2023/5/8 20:15,0,61.06604388,1276.75
2023/5/8 20:30,0,65.01922404,1286.25
2023/5/8 20:45,0,65.61681396,1276.75
2023/5/8 21:00,0,64.8117508,1281.5
2023/5/8 21:15,0,54.5437064,1312.75
2023/5/8 21:30,0,46.08362371,1303
2023/5/8 21:45,0,41.28534334,1296
2023/5/8 22:00,0,36.75947484,1291
2023/5/8 22:15,0,44.65923322,1284
2023/5/8 22:30,0,46.21697904,1274.25
2023/5/8 22:45,0,47.5129295,1276.75
2023/5/8 23:00,0,38.58084723,1269.5
2023/5/8 23:15,0,41.80298493,1272
2023/5/8 23:30,0,40.83897828,1272
2023/5/8 23:45,0,55.27678112,1260
2023/5/9 00:00,0,59.87454918,1260
2023/5/9 00:15,0,62.11468189,1257.5
2023/5/9 00:30,0,64.31101307,1260
2023/5/9 00:45,0,71.92858727,1264.75
2023/5/9 01:00,0,71.68235842,1267
2023/5/9 01:15,0,90.13327969,1308
2023/5/9 01:30,0,108.2150874,1286.25
2023/5/9 01:45,0,100.5685998,1276.75
2023/5/9 02:00,0,76.28451451,1279
2023/5/9 02:15,0,82.60554497,1274.25
2023/5/9 02:30,0,90.91249776,1257.5
2023/5/9 02:45,0,75.72355309,1264.75
2023/5/9 03:00,0,68.27445947,1272
2023/5/9 03:15,0,70.68127911,1274.25
2023/5/9 03:30,0,56.158515,1262.25
2023/5/9 03:45,0,52.52560205,1264.75
2023/5/9 04:00,0,55.03576645,1264.75
2023/5/9 04:15,0,59.22147637,1276.75
2023/5/9 04:30,0,60.78687468,1269.5
2023/5/9 04:45,0,67.13222856,1252.75
2023/5/9 05:00,0,76.37758818,1255
2023/5/9 05:15,1.78528152,78.12231358,1255
2023/5/9 05:30,18.10651582,83.85895668,1252.75
2023/5/9 05:45,41.21873597,79.01154768,1257.5
2023/5/9 06:00,76.34454506,84.45490233,1264.75
2023/5/9 06:15,116.9747983,79.11528051,1262.25
2023/5/9 06:30,161.61474,70.63751146,1262.25
2023/5/9 06:45,213.5392357,79.0955325,1264.75
2023/5/9 07:00,277.2544034,77.85091366,1267
2023/5/9 07:15,339.2769185,73.59117992,1284
2023/5/9 07:30,415.4268633,68.82745678,1293.5
2023/5/9 07:45,475.9276804,62.98784967,1305.5
2023/5/9 08:00,511.7443476,69.53498041,1298.25
2023/5/9 08:15,534.4277179,75.97528466,1298.25
2023/5/9 08:30,556.7655568,84.29047779,1308
2023/5/9 08:45,568.265362,90.50240518,1320
2023/5/9 09:00,620.2121455,86.38749068,1372.75
2023/5/9 09:15,639.2431104,76.51564263,1339
2023/5/9 09:30,662.7504904,82.55986853,1353.5
2023/5/9 09:45,673.8822301,93.96284296,1348.75
2023/5/9 10:00,658.0902026,97.45294049,1327
2023/5/9 10:15,706.4013871,97.03462084,1344
2023/5/9 10:30,768.7122893,100.2587347,1365.5
2023/5/9 10:45,802.4526127,101.0572983,1372.75
2023/5/9 11:00,845.4530247,98.58750233,1353.5
2023/5/9 11:15,860.3050835,100.4913435,1348.75
2023/5/9 11:30,899.4550512,99.1314225,1360.75
2023/5/9 11:45,914.5856612,99.75942786,1341.5
2023/5/9 12:00,972.6639779,95.17023245,1339
2023/5/9 12:15,985.89484,91.05931175,1332
2023/5/9 12:30,983.871915,89.75088628,1320
2023/5/9 12:45,969.3318191,85.32000448,1315
2023/5/9 13:00,1029.751181,75.99406784,1327
2023/5/9 13:15,1076.632728,78.24522599,1322.25
2023/5/9 13:30,1056.748086,72.16373361,1327
2023/5/9 13:45,1048.095868,63.58162789,1387
2023/5/9 14:00,1020.801417,54.70998794,1387
2023/5/9 14:15,996.8030799,51.67338587,1384.75
2023/5/9 14:30,954.8584909,52.16427886,1358.25
2023/5/9 14:45,894.3554844,47.61960832,1356
2023/5/9 15:00,848.2689722,41.14804163,1353.5
2023/5/9 15:15,806.6662018,28.06804338,1365.5
2023/5/9 15:30,783.1730521,23.66439869,1375
2023/5/9 15:45,720.8127909,23.21355057,1358.25
2023/5/9 16:00,665.6119486,16.95515096,1370.25
2023/5/9 16:15,595.497218,12.0927016,1346.25
2023/5/9 16:30,522.1596585,7.346778563,1336.75
2023/5/9 16:45,419.7049639,4.164880933,1332
2023/5/9 17:00,316.5780052,3.33647997,1327
2023/5/9 17:15,214.6078649,3.76813106,1300.75
2023/5/9 17:30,139.7225765,3.506220534,1317.5
2023/5/9 17:45,85.12739111,2.825218475,1303
2023/5/9 18:00,48.85030657,2.044589326,1305.5
2023/5/9 18:15,27.84810827,2.286617575,1312.75
2023/5/9 18:30,13.96831775,3.75289539,1293.5
2023/5/9 18:45,4.469666226,3.484901733,1296
2023/5/9 19:00,0,2.120566512,1303
2023/5/9 19:15,0,1.735935139,1293.5
2023/5/9 19:30,0,1.494644161,1267
2023/5/9 19:45,0,0.803350217,1257.5
2023/5/9 20:00,0,0.697138906,1274.25
2023/5/9 20:15,0,0.846278792,1240.75
2023/5/9 20:30,0,0.670357951,1248
2023/5/9 20:45,0,2.189436421,1243
2023/5/9 21:00,0,2.057498323,1209.5
2023/5/9 21:15,0,1.582546979,1195
2023/5/9 21:30,0,0.294678273,1202.25
2023/5/9 21:45,0,0.307594907,1207
2023/5/9 22:00,0,0.278255416,1197.5
2023/5/9 22:15,0,0.32169147,1197.5
2023/5/9 22:30,0,0.350356859,1202.25
2023/5/9 22:45,0,0.49270417,1202.25
2023/5/9 23:00,0,0.482797171,1197.5
2023/5/9 23:15,0,0.364123817,1202.25
2023/5/9 23:30,0,0.4323159,1209.5
2023/5/9 23:45,0,0.533265775,1202.25
2023/5/10 00:00,0,0.753710362,1195
2023/5/10 00:15,0,0.613262852,1212
2023/5/10 00:30,0,0.35858061,1207
2023/5/10 00:45,0,0.371023381,1200
2023/5/10 01:00,0,0.34745404,1216.75
2023/5/10 01:15,0,0.221110243,1192.75
2023/5/10 01:30,0,0.126439752,1195
2023/5/10 01:45,0,0.087763474,1190.25
2023/5/10 02:00,0,0.326877835,1178.25
2023/5/10 02:15,0,0.298895513,1180.75
2023/5/10 02:30,0,0.300408372,1168.75
2023/5/10 02:45,0,0.166282128,1176
2023/5/10 03:00,0,0.395571704,1180.75
2023/5/10 03:15,0,0.474844406,1185.5
2023/5/10 03:30,0,0.754444642,1195
2023/5/10 03:45,0,1.14416504,1183
2023/5/10 04:00,0,1.291057066,1173.5
2023/5/10 04:15,0,1.406799316,1166.25
2023/5/10 04:30,0,1.789853039,1156.75
2023/5/10 04:45,0,1.76928627,1161.5
2023/5/10 05:00,0,1.212391209,1166.25
2023/5/10 05:15,1.285268033,0.645369926,1161.5
2023/5/10 05:30,12.88169093,0.588256528,1159
2023/5/10 05:45,29.97065382,0.484277139,1166.25
2023/5/10 06:00,66.18624397,0.593401267,1164
2023/5/10 06:15,106.0874665,0.470629801,1156.75
2023/5/10 06:30,137.5600441,0.501132091,1168.75
2023/5/10 06:45,169.6183709,0.545479856,1168.75
2023/5/10 07:00,206.0200162,0.578966402,1161.5
2023/5/10 07:15,253.5028219,0.501289744,1164
2023/5/10 07:30,299.4301142,0.469385903,1173.5
2023/5/10 07:45,345.4011371,0.424493611,1171
2023/5/10 08:00,400.9859867,0.528498859,1171
2023/5/10 08:15,456.7236184,0.395855072,1178.25
2023/5/10 08:30,469.5414802,0.707130107,1178.25
2023/5/10 08:45,495.8250277,0.483837012,1180.75
2023/5/10 09:00,602.3273118,0.810872965,1207
2023/5/10 09:15,724.6796264,0.910077695,1202.25
2023/5/10 09:30,767.4962039,0.536255071,1200
2023/5/10 09:45,829.8466769,0.540452993,1226.25
2023/5/10 10:00,824.6583267,0.754130572,1216.75
2023/5/10 10:15,793.8700133,0.19499658,1219
2023/5/10 10:30,814.4206208,0.913413999,1219
2023/5/10 10:45,862.919897,2.601201617,1214.25
2023/5/10 11:00,929.5251299,5.245634433,1224
2023/5/10 11:15,986.1043188,5.956722455,1214.25
2023/5/10 11:30,1019.339721,4.966632872,1224
2023/5/10 11:45,1021.416989,5.889710109,1200
2023/5/10 12:00,976.1744716,7.564990116,1207
2023/5/10 12:15,933.0828965,11.62139726,1212
2023/5/10 12:30,902.5825562,11.61444837,1207
2023/5/10 12:45,885.1507996,11.62219909,1195
2023/5/10 13:00,891.362646,7.698076633,1212
2023/5/10 13:15,871.3664799,5.301775069,1219
2023/5/10 13:30,848.3587063,5.038899075,1216.75
2023/5/10 13:45,832.063656,3.594616647,1221.5
2023/5/10 14:00,740.463499,3.546303492,1212
2023/5/10 14:15,669.9157658,4.871186387,1202.25
2023/5/10 14:30,653.0077942,5.49948363,1202.25
2023/5/10 14:45,654.0757537,8.303976118,1192.75
2023/5/10 15:00,622.7664618,11.98956209,1176
2023/5/10 15:15,556.7966464,11.40822197,1192.75
2023/5/10 15:30,505.996004,18.01235863,1188
2023/5/10 15:45,504.6411295,18.31797421,1197.5
2023/5/10 16:00,472.1822123,20.58794677,1192.75
2023/5/10 16:15,433.3451513,29.00792517,1197.5
2023/5/10 16:30,346.8933857,29.80960782,1195
2023/5/10 16:45,285.5181802,29.59988851,1183
2023/5/10 17:00,245.8089288,26.94626983,1195
2023/5/10 17:15,169.2055515,22.72856168,1171
2023/5/10 17:30,108.7263213,23.95725422,1173.5
2023/5/10 17:45,69.73836216,35.78503456,1185.5
2023/5/10 18:00,39.85897506,45.78498301,1166.25
2023/5/10 18:15,24.36701122,40.15805156,1185.5
2023/5/10 18:30,13.45855829,33.93559989,1197.5
2023/5/10 18:45,5.562485129,28.04766411,1192.75
2023/5/10 19:00,0,23.80672494,1183
2023/5/10 19:15,0,16.81952501,1190.25
2023/5/10 19:30,0,14.56418932,1188
2023/5/10 19:45,0,11.46449429,1180.75
2023/5/10 20:00,0,12.71029432,1185.5
2023/5/10 20:15,0,24.18880283,1192.75
2023/5/10 20:30,0,23.24033994,1173.5
2023/5/10 20:45,0,19.62189886,1176
2023/5/10 21:00,0,17.61081099,1183
2023/5/10 21:15,0,11.81778912,1168.75
2023/5/10 21:30,0,7.593498439,1161.5
2023/5/10 21:45,0,8.173718766,1176
2023/5/10 22:00,0,6.641912269,1161.5
2023/5/10 22:15,0,4.132968361,1159
2023/5/10 22:30,0,5.60713328,1161.5
2023/5/10 22:45,0,4.741454405,1171
2023/5/10 23:00,0,3.713338725,1168.75
2023/5/10 23:15,0,2.118776082,1161.5
2023/5/10 23:30,0,0.963571672,1171
2023/5/10 23:45,0,0.818568323,1159
2023/5/11 00:00,0,0.969357149,1152
2023/5/11 00:15,0,1.39106734,1156.75
2023/5/11 00:30,0,1.401532762,1152
2023/5/11 00:45,0,0.560494377,1135
2023/5/11 01:00,0,0.315599027,1142.25
2023/5/11 01:15,0,0.400272519,1135
2023/5/11 01:30,0,0.418273786,1130.25
2023/5/11 01:45,0,0.646135946,1132.75
2023/5/11 02:00,0,0.893109027,1123
2023/5/11 02:15,0,0.234664171,1106.25
2023/5/11 02:30,0,0.331929696,1101.5
2023/5/11 02:45,0,0.264830144,1108.75
2023/5/11 03:00,0,0.311258654,1099
2023/5/11 03:15,0,0.332753921,1111
2023/5/11 03:30,0,0.450858783,1125.5
2023/5/11 03:45,0,0.248100262,1108.75
2023/5/11 04:00,0,0.170518007,1120.75
2023/5/11 04:15,0,0.081772843,1125.5
2023/5/11 04:30,0,0.195627006,1123
2023/5/11 04:45,0,0.056419004,1113.5
2023/5/11 05:00,0,0.09969994,1130.25
2023/5/11 05:15,5.178191835,0.106318254,1123
2023/5/11 05:30,42.35501478,0.274650033,1118.25
2023/5/11 05:45,91.38562483,0.352401503,1113.5
2023/5/11 06:00,142.3406447,0.381642116,1128
2023/5/11 06:15,180.4139995,0.297787486,1123
2023/5/11 06:30,202.3325353,0.251167664,1118.25
2023/5/11 06:45,208.9426308,0.62402017,1116
2023/5/11 07:00,236.3162873,0.726161945,1137.5
2023/5/11 07:15,288.4080788,0.890061056,1130.25
2023/5/11 07:30,343.3976937,2.642988152,1140
2023/5/11 07:45,393.3515361,3.367091116,1128
2023/5/11 08:00,424.8699516,5.106424045,1159
2023/5/11 08:15,415.5845343,4.682189417,1154.25
2023/5/11 08:30,417.5071972,3.837023864,1149.5
2023/5/11 08:45,385.7802272,4.1380912,1161.5
2023/5/11 09:00,401.8418929,4.688553818,1168.75
2023/5/11 09:15,419.1141628,5.74208905,1176
2023/5/11 09:30,443.6773617,14.24429121,1190.25
2023/5/11 09:45,467.4665461,19.69932705,1197.5
2023/5/11 10:00,444.2715166,21.62166791,1195
2023/5/11 10:15,437.3855896,20.08883281,1197.5
2023/5/11 10:30,461.2588456,25.70781472,1195
2023/5/11 10:45,521.9229491,32.35268878,1202.25
2023/5/11 11:00,619.3838097,36.17415525,1192.75
2023/5/11 11:15,698.4274196,34.18639764,1195
2023/5/11 11:30,662.0277303,33.23877072,1190.25
2023/5/11 11:45,657.0410399,32.15054032,1185.5
2023/5/11 12:00,664.3961261,30.17458329,1183
2023/5/11 12:15,601.8323356,38.59890321,1185.5
2023/5/11 12:30,615.8067115,42.07114188,1200
2023/5/11 12:45,677.9174948,42.0433681,1178.25
2023/5/11 13:00,676.5428975,30.85792115,1192.75
2023/5/11 13:15,646.4424293,20.70261739,1209.5
2023/5/11 13:30,615.9027989,15.17607739,1204.75
2023/5/11 13:45,610.2923053,13.93696583,1200
2023/5/11 14:00,593.1177241,11.14411138,1192.75
2023/5/11 14:15,560.4269666,8.079603071,1197.5
2023/5/11 14:30,548.7883472,5.741079323,1180.75
2023/5/11 14:45,524.1596157,4.546023912,1168.75
2023/5/11 15:00,478.444436,2.538131671,1176
2023/5/11 15:15,493.0054265,3.177505769,1185.5
2023/5/11 15:30,443.7737023,4.19190933,1180.75
2023/5/11 15:45,378.5566462,4.172481803,1185.5
2023/5/11 16:00,328.854718,3.191405945,1202.25
2023/5/11 16:15,294.1331459,7.436259516,1204.75
2023/5/11 16:30,260.6978709,7.467247673,1185.5
2023/5/11 16:45,226.7764476,7.336574424,1185.5
2023/5/11 17:00,201.9666217,10.10503545,1188
2023/5/11 17:15,179.758776,14.35708525,1183
2023/5/11 17:30,144.6713737,14.8443716,1190.25
2023/5/11 17:45,101.0635941,16.45693074,1192.75
2023/5/11 18:00,60.29145221,14.75555355,1200
2023/5/11 18:15,31.32042339,16.05262938,1192.75
2023/5/11 18:30,15.88804706,14.14722433,1183
2023/5/11 18:45,5.006995429,10.52762523,1192.75
2023/5/11 19:00,0,8.862002406,1185.5
2023/5/11 19:15,0,5.845070802,1173.5
2023/5/11 19:30,0,5.704601468,1166.25
2023/5/11 19:45,0,6.507628381,1156.75
2023/5/11 20:00,0,7.241858611,1168.75
2023/5/11 20:15,0,6.582068961,1159
2023/5/11 20:30,0,4.944551356,1149.5
2023/5/11 20:45,0,2.56055417,1152
2023/5/11 21:00,0,1.583518627,1156.75
2023/5/11 21:15,0,1.178154382,1159
2023/5/11 21:30,0,1.283317143,1168.75
2023/5/11 21:45,0,1.236331625,1178.25
2023/5/11 22:00,0,1.110818526,1188
2023/5/11 22:15,0,1.278845651,1168.75
2023/5/11 22:30,0,1.460688815,1176
2023/5/11 22:45,0,1.663851589,1168.75
2023/5/11 23:00,0,2.951268087,1166.25
2023/5/11 23:15,0,3.065964197,1168.75
2023/5/11 23:30,0,2.277784556,1173.5
2023/5/11 23:45,0,1.986699223,1159
2023/5/12 00:00,0,1.648628357,1166.25
2023/5/12 00:15,0,1.096003596,1171
2023/5/12 00:30,0,0.716116704,1168.75
2023/5/12 00:45,0,0.467351479,1171
2023/5/12 01:00,0,0.207652079,1173.5
2023/5/12 01:15,0,0.293056489,1178.25
2023/5/12 01:30,0,0.351988521,1161.5
2023/5/12 01:45,0,0.296133111,1140
2023/5/12 02:00,0,0.63065993,1144.75
2023/5/12 02:15,0,0.588881077,1147
2023/5/12 02:30,0,0.535959429,1130.25
2023/5/12 02:45,0,0.26112501,1132.75
2023/5/12 03:00,0,0.304298171,1132.75
2023/5/12 03:15,0,0.148677927,1147
2023/5/12 03:30,0,0.376532213,1149.5
2023/5/12 03:45,0,30.21254591,1144.75
2023/5/12 04:00,0,51.02131211,1166.25
2023/5/12 04:15,0,23.56691754,1144.75
2023/5/12 04:30,0,14.39343299,1152
2023/5/12 04:45,0,8.577150855,1147
2023/5/12 05:00,0,2.527710143,1149.5
2023/5/12 05:15,2.138387924,1.037858357,1135
2023/5/12 05:30,20.62193162,1.479398101,1123
2023/5/12 05:45,42.34297707,1.921393334,1123
2023/5/12 06:00,61.28668194,1.376750456,1108.75
2023/5/12 06:15,80.88677283,2.303943952,1120.75
2023/5/12 06:30,96.69782031,1.502805727,1128
2023/5/12 06:45,108.9178155,1.777664151,1123
2023/5/12 07:00,113.9463114,3.002864239,1137.5
2023/5/12 07:15,114.8240241,7.131847883,1154.25
2023/5/12 07:30,114.8962862,19.84284928,1180.75
2023/5/12 07:45,119.5227411,32.93819515,1202.25
2023/5/12 08:00,123.633253,31.46556671,1207
2023/5/12 08:15,127.3398331,21.815828,1243
2023/5/12 08:30,138.8486469,15.4443586,1257.5
2023/5/12 08:45,160.2896325,16.4091153,1298.25
2023/5/12 09:00,194.905419,30.61705429,1288.75
2023/5/12 09:15,230.7418189,31.83598644,1262.25
2023/5/12 09:30,239.1558915,32.53782794,1284
2023/5/12 09:45,253.1246546,34.47315496,1288.75
2023/5/12 10:00,259.3049399,31.41585596,1305.5
2023/5/12 10:15,294.3033968,18.74298798,1312.75
2023/5/12 10:30,345.7283203,22.47397295,1312.75
2023/5/12 10:45,387.2671295,23.00122098,1288.75
2023/5/12 11:00,440.2127142,16.17333969,1264.75
2023/5/12 11:15,538.8114938,13.50927977,1276.75
2023/5/12 11:30,650.213842,12.29496336,1312.75
2023/5/12 11:45,755.8834044,11.14238022,1322.25
2023/5/12 12:00,795.3966211,8.984338428,1310.25
2023/5/12 12:15,869.2955451,12.41768777,1279
2023/5/12 12:30,880.5392014,16.94020318,1269.5
2023/5/12 12:45,871.9604479,17.40958299,1298.25
2023/5/12 13:00,829.0991504,16.68007002,1293.5
2023/5/12 13:15,856.4343097,19.59403786,1300.75
2023/5/12 13:30,843.045831,21.54307324,1298.25
2023/5/12 13:45,800.3282356,27.39837475,1298.25
2023/5/12 14:00,744.0004366,37.96781006,1300.75
2023/5/12 14:15,676.524754,40.60061073,1322.25
2023/5/12 14:30,670.6095488,51.01448174,1341.5
2023/5/12 14:45,638.3033448,51.07609948,1348.75
2023/5/12 15:00,584.5241052,56.63403911,1344
2023/5/12 15:15,541.0036997,58.58301379,1353.5
2023/5/12 15:30,538.2880418,60.80211382,1344
2023/5/12 15:45,489.9260144,65.57399643,1348.75
2023/5/12 16:00,437.5249237,69.90425482,1320
2023/5/12 16:15,392.2720675,67.22711484,1279
2023/5/12 16:30,314.9333223,64.45686805,1286.25
2023/5/12 16:45,245.7152812,64.48938467,1279
2023/5/12 17:00,216.3160334,62.23640362,1267
2023/5/12 17:15,172.9645219,53.03164035,1264.75
2023/5/12 17:30,136.56927,53.38616505,1252.75
2023/5/12 17:45,99.50602331,59.95847626,1243
2023/5/12 18:00,68.95945974,55.37677161,1243
2023/5/12 18:15,45.35096515,46.56716826,1252.75
2023/5/12 18:30,21.61998177,39.81016053,1248
2023/5/12 18:45,6.406452153,35.74469223,1238.25
2023/5/12 19:00,0,37.19777257,1219
2023/5/12 19:15,0,30.23970543,1202.25
2023/5/12 19:30,0,25.60307015,1190.25
2023/5/12 19:45,0,21.59716768,1183
2023/5/12 20:00,0,18.26146826,1185.5
2023/5/12 20:15,0,16.86371558,1178.25
2023/5/12 20:30,0,15.65705559,1164
2023/5/12 20:45,0,11.55710142,1178.25
2023/5/12 21:00,0,13.90690809,1173.5
2023/5/12 21:15,0,12.93085764,1171
2023/5/12 21:30,0,10.80559235,1171
2023/5/12 21:45,0,11.54317319,1142.25
2023/5/12 22:00,0,11.80620282,1152
2023/5/12 22:15,0,13.18558327,1130.25
2023/5/12 22:30,0,17.63030638,1125.5
2023/5/12 22:45,0,16.80903091,1123
2023/5/12 23:00,0,16.62720491,1123
2023/5/12 23:15,0,10.03036348,1135
2023/5/12 23:30,0,8.985176885,1128
2023/5/12 23:45,0,4.566320545,1120.75
2023/5/13 00:00,0,3.680822063,1125.5
2023/5/13 00:15,0,3.893404802,1140
2023/5/13 00:30,0,4.314658158,1116
2023/5/13 00:45,0,8.156033252,1116
2023/5/13 01:00,0,8.270647715,1118.25
2023/5/13 01:15,0,9.137738487,1113.5
2023/5/13 01:30,0,8.236774034,1116
2023/5/13 01:45,0,10.46005101,1118.25
2023/5/13 02:00,0,13.68979054,1118.25
2023/5/13 02:15,0,10.29717775,1099
2023/5/13 02:30,0,6.05358282,1092
2023/5/13 02:45,0,4.32965507,1096.75
2023/5/13 03:00,0,4.16237745,1094.25
2023/5/13 03:15,0,1.692873713,1092
2023/5/13 03:30,0,3.962817412,1125.5
2023/5/13 03:45,0,3.613850565,1104
2023/5/13 04:00,0,2.256639298,1106.25
2023/5/13 04:15,0,1.131336022,1116
2023/5/13 04:30,0,1.041915008,1106.25
2023/5/13 04:45,0,3.726797647,1104
2023/5/13 05:00,0,3.678942502,1104
2023/5/13 05:15,1.06446193,3.646755568,1132.75
2023/5/13 05:30,11.37140179,3.59435253,1128
2023/5/13 05:45,32.32852377,3.391740051,1108.75
2023/5/13 06:00,57.37131025,0.273469367,1106.25
2023/5/13 06:15,87.72516706,0.259964567,1116
2023/5/13 06:30,110.1083846,1.190497935,1116
2023/5/13 06:45,144.0763045,3.702187681,1111
2023/5/13 07:00,175.0847936,12.19500545,1132.75
2023/5/13 07:15,216.0380882,19.29086684,1161.5
2023/5/13 07:30,269.6164935,15.11804601,1173.5
2023/5/13 07:45,308.2997264,14.2265369,1209.5
2023/5/13 08:00,371.0112537,9.329921331,1236
2023/5/13 08:15,464.9671877,3.372890758,1233.5
2023/5/13 08:30,521.4520772,7.362614088,1233.5
2023/5/13 08:45,574.2604941,7.768380344,1257.5
2023/5/13 09:00,623.9627436,8.308312404,1267
2023/5/13 09:15,650.5106518,8.839985901,1276.75
2023/5/13 09:30,703.7877051,9.539650364,1288.75
2023/5/13 09:45,791.9108308,12.4528015,1296
2023/5/13 10:00,830.3132275,14.99137736,1291
2023/5/13 10:15,872.2513642,17.37242349,1300.75
2023/5/13 10:30,863.4912051,24.28316448,1293.5
2023/5/13 10:45,871.6621384,31.8012038,1296
2023/5/13 11:00,887.6094975,39.77830089,1317.5
2023/5/13 11:15,917.6399224,47.35431581,1315
2023/5/13 11:30,882.1621139,53.73351033,1334.25
2023/5/13 11:45,869.6961974,61.38569874,1305.5
2023/5/13 12:00,897.0420534,62.79621606,1298.25
2023/5/13 12:15,904.4713102,62.7827145,1284
2023/5/13 12:30,901.3900966,60.45673722,1269.5
2023/5/13 12:45,898.9531373,58.65585726,1284
2023/5/13 13:00,856.9794431,57.06250723,1274.25
2023/5/13 13:15,849.644249,59.40488884,1317.5
2023/5/13 13:30,817.4783059,65.68821701,1308
2023/5/13 13:45,766.0274436,61.29658764,1312.75
2023/5/13 14:00,759.3822266,60.46081159,1332
2023/5/13 14:15,726.273741,53.70149818,1339
2023/5/13 14:30,676.3132378,41.17962678,1348.75
2023/5/13 14:45,612.9925576,38.33157996,1341.5
2023/5/13 15:00,558.8820216,54.36750536,1365.5
2023/5/13 15:15,488.1130531,60.63552647,1377.5
2023/5/13 15:30,417.9294574,54.03597236,1348.75
2023/5/13 15:45,375.6291533,50.51234327,1360.75
2023/5/13 16:00,343.4636311,49.30762942,1356
2023/5/13 16:15,334.4689826,44.69696532,1327
2023/5/13 16:30,301.6718141,46.84218235,1317.5
2023/5/13 16:45,261.9221912,54.00543449,1310.25
2023/5/13 17:00,214.0990929,48.9357491,1284
2023/5/13 17:15,167.0761008,48.49026297,1262.25
2023/5/13 17:30,121.0090607,60.27882606,1264.75
2023/5/13 17:45,81.67476508,71.12361307,1255
2023/5/13 18:00,59.96257256,64.49931543,1245.5
2023/5/13 18:15,37.65577458,43.31373253,1257.5
2023/5/13 18:30,20.39469239,23.25641961,1260
2023/5/13 18:45,6.441614489,23.83574786,1233.5
2023/5/13 19:00,0,23.94892275,1228.75
2023/5/13 19:15,0,27.98568232,1226.25
2023/5/13 19:30,0,38.97368152,1212
2023/5/13 19:45,0,39.7481932,1202.25
2023/5/13 20:00,0,33.8698394,1192.75
2023/5/13 20:15,0,25.51287967,1178.25
2023/5/13 20:30,0,19.21062808,1178.25
2023/5/13 20:45,0,15.67433755,1178.25
2023/5/13 21:00,0,18.17190766,1173.5
2023/5/13 21:15,0,20.09705065,1200
2023/5/13 21:30,0,20.54254798,1214.25
2023/5/13 21:45,0,17.92451917,1228.75
2023/5/13 22:00,0,14.42938792,1219
2023/5/13 22:15,0,14.15916822,1219
2023/5/13 22:30,0,10.11900372,1214.25
2023/5/13 22:45,0,10.20245209,1209.5
2023/5/13 23:00,0,11.2587852,1214.25
2023/5/13 23:15,0,15.43801887,1202.25
2023/5/13 23:30,0,15.2342465,1216.75
2023/5/13 23:45,0,10.8251142,1209.5
2023/5/14 00:00,0,7.576017088,1195
2023/5/14 00:15,0,7.827849688,1192.75
2023/5/14 00:30,0,11.20802076,1190.25
2023/5/14 00:45,0,14.79777498,1180.75
2023/5/14 01:00,0,15.58809598,1173.5
2023/5/14 01:15,0,16.29357381,1185.5
2023/5/14 01:30,0,13.17380319,1173.5
2023/5/14 01:45,0,12.16464452,1168.75
2023/5/14 02:00,0,11.98245848,1161.5
2023/5/14 02:15,0,11.5617606,1159
2023/5/14 02:30,0,10.61801066,1164
2023/5/14 02:45,0,11.00808364,1176
2023/5/14 03:00,0,14.5921503,1149.5
2023/5/14 03:15,0,8.257265527,1173.5
2023/5/14 03:30,0,4.357198699,1190.25
2023/5/14 03:45,0,3.792548254,1180.75
2023/5/14 04:00,0,5.639448418,1180.75
2023/5/14 04:15,0,9.276138274,1204.75
2023/5/14 04:30,0,6.536674713,1195
2023/5/14 04:45,0,5.677892971,1195
2023/5/14 05:00,0,4.377294462,1173.5
2023/5/14 05:15,0.716082984,7.647552366,1183
2023/5/14 05:30,5.222707682,5.60518375,1173.5
2023/5/14 05:45,17.06895436,4.797739594,1180.75
2023/5/14 06:00,41.60182735,3.267409648,1180.75
2023/5/14 06:15,82.4424178,4.830687258,1178.25
2023/5/14 06:30,132.5994657,8.334563613,1180.75
2023/5/14 06:45,187.5853921,14.03514389,1185.5
2023/5/14 07:00,242.4331566,15.13067197,1209.5
2023/5/14 07:15,306.0581434,19.38753497,1219
2023/5/14 07:30,378.0731328,19.00186158,1233.5
2023/5/14 07:45,425.1973839,15.41361998,1238.25
2023/5/14 08:00,506.2739693,10.47048526,1250.25
2023/5/14 08:15,547.4636716,10.51070537,1262.25
2023/5/14 08:30,534.318628,8.52092147,1274.25
2023/5/14 08:45,581.6635109,4.891407314,1267
2023/5/14 09:00,650.5639517,2.468329522,1269.5
2023/5/14 09:15,715.3050867,1.646043592,1308
2023/5/14 09:30,783.7239173,1.293316172,1332
2023/5/14 09:45,782.4181863,1.28485718,1336.75
2023/5/14 10:00,749.0691908,1.885851599,1324.75
2023/5/14 10:15,750.4706426,4.388217895,1341.5
2023/5/14 10:30,752.9279576,6.412861737,1363
2023/5/14 10:45,766.779374,11.87817219,1358.25
2023/5/14 11:00,793.0680933,13.60500061,1363
2023/5/14 11:15,833.1898167,18.92069947,1358.25
2023/5/14 11:30,844.3750065,20.17396706,1339
2023/5/14 11:45,864.1935388,19.42107655,1368
2023/5/14 12:00,857.1317838,18.63906348,1370.25
2023/5/14 12:15,844.9745326,18.686785,1365.5
2023/5/14 12:30,801.2165288,17.24954663,1341.5
2023/5/14 12:45,804.787795,18.03223728,1356
2023/5/14 13:00,872.3159473,20.30900653,1346.25
2023/5/14 13:15,882.1607084,21.79308345,1360.75
2023/5/14 13:30,833.382821,29.83548647,1368
2023/5/14 13:45,817.398961,29.77766021,1382.25
2023/5/14 14:00,784.8991676,30.01785625,1387
2023/5/14 14:15,729.4781466,30.95257687,1396.75
2023/5/14 14:30,698.8545099,38.04493172,1389.5
2023/5/14 14:45,696.1930919,52.47160172,1384.75
2023/5/14 15:00,679.8570581,63.64860678,1392
2023/5/14 15:15,616.8714409,67.61460058,1399
2023/5/14 15:30,549.4787469,77.5013164,1401.5
2023/5/14 15:45,502.111756,76.63462837,1389.5
2023/5/14 16:00,438.2243037,79.13744008,1394.25
2023/5/14 16:15,394.7471206,90.28592773,1408.75
2023/5/14 16:30,333.0882126,89.27774625,1382.25
2023/5/14 16:45,264.6651297,94.60859047,1334.25
2023/5/14 17:00,208.1829374,102.8340154,1339
2023/5/14 17:15,163.5411867,112.1695541,1334.25
2023/5/14 17:30,131.481013,118.4867983,1312.75
2023/5/14 17:45,91.87205147,118.0426447,1308
2023/5/14 18:00,63.21398852,124.3451373,1308
2023/5/14 18:15,35.62545022,131.8106166,1296
2023/5/14 18:30,18.59494699,119.316737,1293.5
2023/5/14 18:45,4.85970631,117.7099091,1296
2023/5/14 19:00,0.05701329,131.7416513,1291
2023/5/14 19:15,0,139.2808193,1286.25
2023/5/14 19:30,0,172.542359,1267
2023/5/14 19:45,0,195.426192,1255
2023/5/14 20:00,0,169.2099956,1245.5
2023/5/14 20:15,0,141.606884,1204.75
2023/5/14 20:30,0,130.9478,1185.5
2023/5/14 20:45,0,96.56448755,1192.75
2023/5/14 21:00,0,73.24031792,1173.5
2023/5/14 21:15,0,68.47354475,1180.75
2023/5/14 21:30,0,63.78898019,1173.5
2023/5/14 21:45,0,57.13463887,1183
2023/5/14 22:00,0,44.86606792,1173.5
2023/5/14 22:15,0,31.72707389,1173.5
2023/5/14 22:30,0,22.78522755,1156.75
2023/5/14 22:45,0,20.37683868,1147
2023/5/14 23:00,0,12.46639559,1152
2023/5/14 23:15,0,9.175077816,1144.75
2023/5/14 23:30,0,8.993542917,1152
2023/5/14 23:45,0,7.704416756,1144.75
2023/5/15 00:00,0,7.864183521,1147
2023/5/15 00:15,0,10.5801957,1142.25
2023/5/15 00:30,0,12.75675006,1132.75
2023/5/15 00:45,0,15.4481133,1152
2023/5/15 01:00,0,14.3275988,1128
2023/5/15 01:15,0,16.07574546,1116
2023/5/15 01:30,0,22.95445875,1108.75
2023/5/15 01:45,0,28.45095107,1106.25
2023/5/15 02:00,0,28.80875509,1111
2023/5/15 02:15,0,26.08020218,1120.75
2023/5/15 02:30,0,26.98915485,1113.5
2023/5/15 02:45,0,24.27064946,1104
2023/5/15 03:00,0,20.48582096,1096.75
2023/5/15 03:15,0,21.87091025,1096.75
2023/5/15 03:30,0,19.15883166,1111
2023/5/15 03:45,0,18.90391433,1142.25
2023/5/15 04:00,0,23.17455066,1130.25
2023/5/15 04:15,0,22.89195937,1137.5
2023/5/15 04:30,0,24.51100574,1132.75
2023/5/15 04:45,0,25.01488833,1123
2023/5/15 05:00,0,23.96709285,1137.5
2023/5/15 05:15,0.563031037,25.14338573,1135
2023/5/15 05:30,5.666827361,20.85535711,1142.25
2023/5/15 05:45,13.41387123,19.281208,1142.25
2023/5/15 06:00,23.07866818,20.83954844,1140
2023/5/15 06:15,33.81388862,28.33922041,1128
2023/5/15 06:30,49.6054859,59.41202832,1130.25
2023/5/15 06:45,69.08664455,85.87274755,1132.75
2023/5/15 07:00,94.30330808,61.95768928,1149.5
2023/5/15 07:15,130.9915536,41.45538211,1164
2023/5/15 07:30,180.6476714,33.20678214,1159
2023/5/15 07:45,225.8551435,29.82315303,1197.5
2023/5/15 08:00,278.4295835,36.29819265,1178.25
2023/5/15 08:15,320.8036257,38.85088809,1188
2023/5/15 08:30,354.5159763,36.31688277,1214.25
2023/5/15 08:45,380.4907147,38.39203353,1231
2023/5/15 09:00,407.6801296,53.20374282,1269.5
2023/5/15 09:15,425.4608434,56.8640295,1269.5
2023/5/15 09:30,446.5236122,56.38454276,1276.75
2023/5/15 09:45,482.1084936,49.24426196,1320
2023/5/15 10:00,512.9574254,43.17485783,1315
2023/5/15 10:15,514.7631292,40.76928318,1310.25
2023/5/15 10:30,522.9295858,49.90824311,1308
2023/5/15 10:45,534.4576322,53.01540093,1296
2023/5/15 11:00,553.9296332,65.82529675,1310.25
2023/5/15 11:15,591.038445,83.50522147,1288.75
2023/5/15 11:30,605.6843996,90.70719532,1312.75
2023/5/15 11:45,641.3839835,107.4422478,1320
2023/5/15 12:00,663.3808284,121.941171,1298.25
2023/5/15 12:15,686.1296148,134.6182917,1308
2023/5/15 12:30,696.5963118,125.4022997,1322.25
2023/5/15 12:45,708.1400812,128.0459702,1334.25
2023/5/15 13:00,720.621792,119.5607372,1332
2023/5/15 13:15,719.1422765,120.0274536,1344
2023/5/15 13:30,689.2804111,120.7500532,1341.5
2023/5/15 13:45,666.7752315,118.5283208,1320
2023/5/15 14:00,645.1144922,119.1770999,1310.25
2023/5/15 14:15,626.7375857,122.2950573,1336.75
2023/5/15 14:30,588.5768823,129.1845619,1365.5
2023/5/15 14:45,591.9309721,131.853712,1356
2023/5/15 15:00,541.4019512,124.0042745,1360.75
2023/5/15 15:15,473.2504863,94.5272519,1375
2023/5/15 15:30,423.8901119,86.52771127,1353.5
2023/5/15 15:45,393.2842223,80.45185178,1363
2023/5/15 16:00,351.9049153,82.22791202,1348.75
2023/5/15 16:15,308.3813418,79.86826635,1332
2023/5/15 16:30,263.5905646,70.65448782,1305.5
2023/5/15 16:45,217.0969407,62.39510891,1279
2023/5/15 17:00,164.4458562,71.44459882,1264.75
2023/5/15 17:15,116.7278789,69.24174461,1262.25
2023/5/15 17:30,85.88890586,58.69133053,1252.75
2023/5/15 17:45,59.2224709,57.41208584,1243
2023/5/15 18:00,37.24991771,57.4749082,1245.5
2023/5/15 18:15,21.15207707,50.079309,1255
2023/5/15 18:30,14.00260825,32.38991678,1257.5
2023/5/15 18:45,5.288004065,26.0067855,1257.5
2023/5/15 19:00,0.0569049,25.79896277,1231
2023/5/15 19:15,0,24.25143961,1233.5
2023/5/15 19:30,0,67.30666615,1212
2023/5/15 19:45,0,63.6284098,1214.25
2023/5/15 20:00,0,64.94125335,1228.75
2023/5/15 20:15,0,71.31091951,1192.75
2023/5/15 20:30,0,73.04071378,1166.25
2023/5/15 20:45,0,69.50331459,1152
2023/5/15 21:00,0,60.37902448,1140
2023/5/15 21:15,0,55.92207239,1149.5
2023/5/15 21:30,0,53.73597885,1142.25
2023/5/15 21:45,0,59.45033389,1147
2023/5/15 22:00,0,71.36196865,1137.5
2023/5/15 22:15,0,107.2226273,1144.75
2023/5/15 22:30,0,115.8124592,1142.25
2023/5/15 22:45,0,105.8718083,1149.5
2023/5/15 23:00,0,91.82213548,1149.5
2023/5/15 23:15,0,66.73346406,1149.5
2023/5/15 23:30,0,49.80659828,1132.75
2023/5/15 23:45,0,69.55235235,1130.25
2023/5/16 00:00,0,99.76444163,1123
2023/5/16 00:15,0,127.3252904,1130.25
2023/5/16 00:30,0,127.5495622,1128
2023/5/16 00:45,0,90.89289933,1156.75
2023/5/16 01:00,0,148.3703154,1137.5
2023/5/16 01:15,0,158.7879454,1130.25
2023/5/16 01:30,0,158.4568787,1140
2023/5/16 01:45,0,145.9208381,1140
2023/5/16 02:00,0,132.4645127,1152
2023/5/16 02:15,0,107.0370671,1142.25
2023/5/16 02:30,0,109.1456017,1132.75
2023/5/16 02:45,0,124.4598581,1132.75
2023/5/16 03:00,0,163.2942328,1132.75
2023/5/16 03:15,0,122.3875566,1142.25
2023/5/16 03:30,0,137.332194,1152
2023/5/16 03:45,0,158.5697166,1164
2023/5/16 04:00,0,190.5542777,1152
2023/5/16 04:15,0,206.4351611,1147
2023/5/16 04:30,0,183.0736891,1132.75
2023/5/16 04:45,0,144.0642821,1142.25
2023/5/16 05:00,0,99.2424659,1120.75
2023/5/16 05:15,0.97326617,79.4324676,1132.75
2023/5/16 05:30,8.361480798,70.38245013,1132.75
2023/5/16 05:45,25.12892929,61.59615373,1154.25
2023/5/16 06:00,51.01785171,52.34187984,1140
2023/5/16 06:15,84.02183572,49.60468033,1144.75
2023/5/16 06:30,124.1703673,50.18079979,1147
2023/5/16 06:45,167.9992922,6.05427807,1166.25
2023/5/16 07:00,210.5072643,7.970197619,1171
2023/5/16 07:15,241.8196662,5.168210744,1183
2023/5/16 07:30,287.2677425,4.176044202,1190.25
2023/5/16 07:45,342.0840695,2.665731922,1224
2023/5/16 08:00,417.1858912,1.964735422,1255
2023/5/16 08:15,508.3102618,47.19098099,1250.25
2023/5/16 08:30,582.388394,46.82873185,1252.75
2023/5/16 08:45,652.0695224,46.58532473,1272
2023/5/16 09:00,656.9154482,46.67569484,1269.5
2023/5/16 09:15,675.2468338,47.11281972,1291
2023/5/16 09:30,681.8976733,2.734002371,1286.25
2023/5/16 09:45,696.0009178,3.824955606,1312.75
2023/5/16 10:00,756.636741,5.690101736,1322.25
2023/5/16 10:15,756.5119325,7.387964021,1329.5
2023/5/16 10:30,788.2164237,71.94250444,1329.5
2023/5/16 10:45,814.2789008,73.08971306,1324.75
2023/5/16 11:00,849.479245,78.97020379,1329.5
2023/5/16 11:15,882.0253643,71.61609084,1317.5
2023/5/16 11:30,920.5705134,100.4676376,1305.5
2023/5/16 11:45,918.245447,118.9637205,1305.5
2023/5/16 12:00,873.2792663,136.632901,1293.5
2023/5/16 12:15,797.0631398,135.3428778,1281.5
2023/5/16 12:30,742.9217897,133.3027872,1262.25
2023/5/16 12:45,673.3412974,137.4060021,1269.5
2023/5/16 13:00,695.8180997,126.4134484,1279
2023/5/16 13:15,729.7568799,142.2942589,1298.25
2023/5/16 13:30,715.7381713,134.2151227,1317.5
2023/5/16 13:45,638.7552662,129.3961046,1296
2023/5/16 14:00,632.4852032,119.4649642,1303
2023/5/16 14:15,615.8158232,144.6729444,1293.5
2023/5/16 14:30,573.0921914,133.1955213,1293.5
2023/5/16 14:45,506.0328102,135.8012025,1358.25
2023/5/16 15:00,435.7749556,125.7297558,1341.5
2023/5/16 15:15,391.0271914,120.7632414,1334.25
2023/5/16 15:30,352.7935793,125.2624641,1344
2023/5/16 15:45,308.292329,153.5266221,1346.25
2023/5/16 16:00,287.6866449,171.3365801,1348.75
2023/5/16 16:15,260.4194215,162.436477,1324.75
2023/5/16 16:30,242.8128039,154.9286505,1312.75
2023/5/16 16:45,225.3963897,149.8402802,1300.75
2023/5/16 17:00,189.1320191,153.0377571,1293.5
2023/5/16 17:15,142.1489355,146.379245,1291
2023/5/16 17:30,101.0974638,144.5743446,1303
2023/5/16 17:45,70.95714626,132.2421831,1286.25
2023/5/16 18:00,45.94860229,109.3612277,1284
2023/5/16 18:15,27.84149761,99.13894622,1281.5
2023/5/16 18:30,16.57520989,84.27190885,1288.75
2023/5/16 18:45,7.292755454,75.88624001,1296
2023/5/16 19:00,0.056189524,64.47606219,1298.25
2023/5/16 19:15,0,52.56348435,1272
2023/5/16 19:30,0,50.06479151,1260
2023/5/16 19:45,0,48.60030068,1250.25
2023/5/16 20:00,0,51.53841966,1238.25
2023/5/16 20:15,0,57.19131497,1245.5
2023/5/16 20:30,0,63.99088067,1255
2023/5/16 20:45,0,64.74961293,1250.25
2023/5/16 21:00,0,66.58769313,1245.5
2023/5/16 21:15,0,64.3317768,1255
2023/5/16 21:30,0,70.17717157,1269.5
2023/5/16 21:45,0,64.5896794,1269.5
2023/5/16 22:00,0,54.68549341,1267
2023/5/16 22:15,0,45.51559779,1240.75
2023/5/16 22:30,0,44.36269727,1255
2023/5/16 22:45,0,49.1578141,1250.25
2023/5/16 23:00,0,46.25293618,1252.75
2023/5/16 23:15,0,46.80840263,1248
2023/5/16 23:30,0,57.20106167,1262.25
2023/5/16 23:45,0,103.4138008,1272
2023/5/17 00:00,0,94.61161381,1272
2023/5/17 00:15,0,60.65110627,1262.25
2023/5/17 00:30,0,63.32358854,1252.75
2023/5/17 00:45,0,60.23109424,1264.75
2023/5/17 01:00,0,63.94469134,1274.25
2023/5/17 01:15,0,69.32495707,1252.75
2023/5/17 01:30,0,75.73399259,1262.25
2023/5/17 01:45,0,76.37265334,1269.5
2023/5/17 02:00,0,84.05201383,1267
2023/5/17 02:15,0,73.54905845,1248
2023/5/17 02:30,0,71.13338158,1243
2023/5/17 02:45,0,97.34694085,1231
2023/5/17 03:00,0,62.6619666,1216.75
2023/5/17 03:15,0,87.79531519,1236
2023/5/17 03:30,0,95.48123818,1240.75
2023/5/17 03:45,0,91.71679502,1250.25
2023/5/17 04:00,0,130.9301845,1264.75
2023/5/17 04:15,0,156.9927749,1269.5
2023/5/17 04:30,0,115.3995731,1255
2023/5/17 04:45,0,106.8262027,1245.5
2023/5/17 05:00,0,71.51390895,1252.75
2023/5/17 05:15,0.305765443,90.23033719,1238.25
2023/5/17 05:30,1.659193729,79.00995858,1248
2023/5/17 05:45,4.596125662,73.52943881,1250.25
2023/5/17 06:00,17.50231588,70.64901241,1267
2023/5/17 06:15,25.95904917,67.29726987,1252.75
2023/5/17 06:30,36.54600784,65.34918585,1250.25
2023/5/17 06:45,52.82381165,66.21261508,1281.5
2023/5/17 07:00,71.63951048,58.54199812,1288.75
2023/5/17 07:15,93.9202713,64.49880387,1276.75
2023/5/17 07:30,117.902148,57.75009987,1274.25
2023/5/17 07:45,143.7442,40.89626966,1276.75
2023/5/17 08:00,179.0837443,36.7769032,1293.5
2023/5/17 08:15,223.0408032,28.71722466,1281.5
2023/5/17 08:30,261.4394057,27.87842648,1281.5
2023/5/17 08:45,309.6087604,23.61976294,1267
2023/5/17 09:00,368.2845143,22.41933199,1250.25
2023/5/17 09:15,433.4793575,21.18329758,1300.75
2023/5/17 09:30,497.7797465,22.7417973,1315
2023/5/17 09:45,548.6892032,32.01086256,1324.75
2023/5/17 10:00,581.8175932,38.24966075,1308
2023/5/17 10:15,620.7567273,41.39795045,1324.75
2023/5/17 10:30,664.9518507,39.79767363,1305.5
2023/5/17 10:45,725.5551672,43.37883718,1303
2023/5/17 11:00,786.0446021,45.74874691,1303
2023/5/17 11:15,832.591659,44.50766017,1327
2023/5/17 11:30,869.3855467,51.02224757,1344
2023/5/17 11:45,875.4747567,61.54072364,1365.5
2023/5/17 12:00,885.5129945,65.81132537,1329.5
2023/5/17 12:15,907.1866136,70.81818176,1329.5
2023/5/17 12:30,917.3557898,65.04618786,1351
2023/5/17 12:45,951.828807,39.03822493,1351
2023/5/17 13:00,969.4282936,63.21166348,1308
2023/5/17 13:15,970.0739888,61.21658873,1303
2023/5/17 13:30,946.1598474,64.50506117,1305.5
2023/5/17 13:45,906.1811766,70.47694716,1298.25
2023/5/17 14:00,860.0407528,79.65650539,1303
2023/5/17 14:15,796.0969441,90.68693922,1305.5
2023/5/17 14:30,761.1827216,91.99537457,1305.5
2023/5/17 14:45,689.8554744,86.60745824,1315
2023/5/17 15:00,578.9791389,84.76951276,1291
2023/5/17 15:15,468.6752679,89.71337023,1300.75
2023/5/17 15:30,430.5699033,96.27670648,1310.25
2023/5/17 15:45,397.1010257,91.29247648,1320
2023/5/17 16:00,371.2713736,103.6358097,1315
2023/5/17 16:15,326.5244422,114.3829956,1336.75
2023/5/17 16:30,275.1590778,108.4618593,1315
2023/5/17 16:45,252.3668176,102.0903446,1303
2023/5/17 17:00,228.0999014,93.07598011,1296
2023/5/17 17:15,197.5907236,102.3272605,1288.75
2023/5/17 17:30,156.3464424,100.5797994,1286.25
2023/5/17 17:45,112.4907901,110.4680438,1286.25
2023/5/17 18:00,74.4932851,94.28833677,1284
2023/5/17 18:15,39.68904298,77.58684164,1272
2023/5/17 18:30,18.93296349,74.15021726,1252.75
2023/5/17 18:45,13.42280498,53.62218622,1248
2023/5/17 19:00,0.056579729,41.89490817,1233.5
2023/5/17 19:15,0,35.06135385,1245.5
2023/5/17 19:30,0,34.45801196,1233.5
2023/5/17 19:45,0,34.50886499,1236
2023/5/17 20:00,0,31.55189064,1240.75
2023/5/17 20:15,0,38.24363025,1245.5
2023/5/17 20:30,0,36.85429092,1238.25
2023/5/17 20:45,0,36.30410568,1250.25
2023/5/17 21:00,0,29.75147336,1240.75
2023/5/17 21:15,0,36.23997174,1245.5
2023/5/17 21:30,0,35.29093845,1257.5
2023/5/17 21:45,0,35.26144652,1257.5
2023/5/17 22:00,0,32.84465233,1257.5
2023/5/17 22:15,0,39.67214014,1252.75
2023/5/17 22:30,0,47.35921101,1238.25
2023/5/17 22:45,0,49.39193419,1238.25
2023/5/17 23:00,0,48.08825284,1231
2023/5/17 23:15,0,47.13455126,1231
2023/5/17 23:30,0,47.55857466,1231
2023/5/17 23:45,0,44.80052524,1243
2023/5/18 00:00,0,47.46668022,1228.75
2023/5/18 00:15,0,52.80717619,1240.75
2023/5/18 00:30,0,60.03966064,1233.5
2023/5/18 00:45,0,63.3482696,1238.25
2023/5/18 01:00,0,69.40010396,1248
2023/5/18 01:15,0,66.00232644,1250.25
2023/5/18 01:30,0,61.61100497,1248
2023/5/18 01:45,0,53.17465446,1245.5
2023/5/18 02:00,0,51.56252935,1243
2023/5/18 02:15,0,46.74636273,1250.25
2023/5/18 02:30,0,46.89764487,1224
2023/5/18 02:45,0,46.06108497,1228.75
2023/5/18 03:00,0,42.52730152,1228.75
2023/5/18 03:15,0,41.54515386,1236
2023/5/18 03:30,0,46.36435891,1238.25
2023/5/18 03:45,0,42.00553451,1240.75
2023/5/18 04:00,0,45.46301124,1240.75
2023/5/18 04:15,0,51.46741753,1240.75
2023/5/18 04:30,0,55.78984626,1228.75
2023/5/18 04:45,0,55.95005231,1226.25
2023/5/18 05:00,0,58.17862118,1226.25
2023/5/18 05:15,0.996048753,62.74574137,1216.75
2023/5/18 05:30,10.76499047,69.53440028,1224
2023/5/18 05:45,32.15978184,81.55320276,1231
2023/5/18 06:00,67.33854172,92.55849361,1224
2023/5/18 06:15,109.3691188,98.45634121,1226.25
2023/5/18 06:30,160.0264649,110.886995,1224
2023/5/18 06:45,202.6123593,117.9470516,1233.5
2023/5/18 07:00,249.6539262,125.7488644,1231
2023/5/18 07:15,304.4097084,152.2829195,1245.5
2023/5/18 07:30,366.6958745,169.9790288,1252.75
2023/5/18 07:45,433.9734991,188.218491,1243
2023/5/18 08:00,492.5552148,201.987428,1257.5
2023/5/18 08:15,581.1928402,206.5255173,1267
2023/5/18 08:30,625.9319808,223.8018687,1272
2023/5/18 08:45,677.7395117,223.579986,1276.75
2023/5/18 09:00,731.5536445,228.8755123,1264.75
2023/5/18 09:15,789.7226199,224.5051024,1262.25
2023/5/18 09:30,847.6835893,234.1700482,1274.25
2023/5/18 09:45,909.4687198,243.4042544,1288.75
2023/5/18 10:00,998.2916877,243.7939785,1293.5
2023/5/18 10:15,1047.767622,252.0211755,1310.25
2023/5/18 10:30,1088.551333,263.8797914,1288.75
2023/5/18 10:45,1133.326689,278.8714511,1298.25
2023/5/18 11:00,1199.556192,281.0906137,1303
2023/5/18 11:15,1220.930565,279.2431789,1296
2023/5/18 11:30,1236.68358,286.9162539,1303
2023/5/18 11:45,1233.204114,287.66736,1300.75
2023/5/18 12:00,1253.222877,293.7831721,1312.75
2023/5/18 12:15,1297.293545,298.3052365,1305.5
2023/5/18 12:30,1283.15629,295.4326215,1293.5
2023/5/18 12:45,1280.352818,292.5496607,1286.25
2023/5/18 13:00,1270.998462,282.5562234,1298.25
2023/5/18 13:15,1265.782737,276.0670101,1315
2023/5/18 13:30,1237.524841,261.9916229,1303
2023/5/18 13:45,1211.468078,244.260983,1298.25
2023/5/18 14:00,1193.094106,221.2380041,1286.25
2023/5/18 14:15,1170.332636,208.0802836,1281.5
2023/5/18 14:30,1120.356133,207.0830022,1264.75
2023/5/18 14:45,1068.453487,198.3028681,1279
2023/5/18 15:00,1031.431002,207.4763864,1276.75
2023/5/18 15:15,986.5682962,206.6342129,1291
2023/5/18 15:30,919.9481933,204.5156275,1291
2023/5/18 15:45,839.1474529,194.4302415,1296
2023/5/18 16:00,768.58937,189.7718352,1279
2023/5/18 16:15,689.5212966,198.825514,1284
2023/5/18 16:30,605.0774541,188.351879,1267
2023/5/18 16:45,504.4008097,165.9736363,1252.75
2023/5/18 17:00,414.5841856,156.33891,1267
2023/5/18 17:15,337.1468812,159.9851793,1262.25
2023/5/18 17:30,252.0317122,167.9461883,1267
2023/5/18 17:45,180.9642883,169.7801358,1272
2023/5/18 18:00,119.8860217,164.0434954,1269.5
2023/5/18 18:15,71.97677635,157.3070877,1269.5
2023/5/18 18:30,36.22178183,161.9719756,1255
2023/5/18 18:45,8.250620282,187.6341017,1262.25
2023/5/18 19:00,0.057230071,180.114415,1262.25
2023/5/18 19:15,0,178.518842,1276.75
2023/5/18 19:30,0,177.3097056,1260
2023/5/18 19:45,0,166.0088264,1255
2023/5/18 20:00,0,165.7683746,1260
2023/5/18 20:15,0,154.2625656,1252.75
2023/5/18 20:30,0,142.8750992,1252.75
2023/5/18 20:45,0,138.7361489,1252.75
2023/5/18 21:00,0,135.7423211,1267
2023/5/18 21:15,0,130.7432728,1257.5
2023/5/18 21:30,0,119.9686307,1269.5
2023/5/18 21:45,0,121.0621964,1262.25
2023/5/18 22:00,0,126.7745159,1255
2023/5/18 22:15,0,130.3195567,1228.75
2023/5/18 22:30,0,138.7831248,1243
2023/5/18 22:45,0,148.6031964,1233.5
2023/5/18 23:00,0,143.7472504,1238.25
2023/5/18 23:15,0,141.3295696,1236
2023/5/18 23:30,0,113.7859391,1236
2023/5/18 23:45,0,108.3872334,1238.25
2023/5/19 00:00,0,111.2791449,1250.25
2023/5/19 00:15,0,116.6368125,1228.75
2023/5/19 00:30,0,115.3471195,1221.5
2023/5/19 00:45,0,116.6354433,1228.75
2023/5/19 01:00,0,124.0420223,1231
2023/5/19 01:15,0,126.6284736,1236
2023/5/19 01:30,0,130.1187151,1248
2023/5/19 01:45,0,122.8126861,1238.25
2023/5/19 02:00,0,112.4198267,1240.75
2023/5/19 02:15,0,114.1688795,1216.75
2023/5/19 02:30,0,112.1848072,1212
2023/5/19 02:45,0,124.2953827,1204.75
2023/5/19 03:00,0,128.216556,1212
2023/5/19 03:15,0,125.9823859,1207
2023/5/19 03:30,0,128.4630231,1216.75
2023/5/19 03:45,0,143.8304872,1207
2023/5/19 04:00,0,163.6534836,1216.75
2023/5/19 04:15,0,173.219427,1209.5
2023/5/19 04:30,0,168.2316884,1243
2023/5/19 04:45,0,166.730038,1212
2023/5/19 05:00,0,185.3683223,1200
2023/5/19 05:15,2.673198193,182.8707411,1204.75
2023/5/19 05:30,26.19581095,169.5644018,1214.25
2023/5/19 05:45,58.21793617,181.0699382,1214.25
2023/5/19 06:00,103.7688024,172.9095515,1248
2023/5/19 06:15,157.4051277,177.2363145,1252.75
2023/5/19 06:30,206.4121401,176.9432146,1233.5
2023/5/19 06:45,256.8854256,178.3576105,1240.75
2023/5/19 07:00,317.9447811,178.7915837,1231
2023/5/19 07:15,408.3970347,182.7276664,1252.75
2023/5/19 07:30,495.0551947,189.1068201,1262.25
2023/5/19 07:45,561.5288895,186.8226704,1291
2023/5/19 08:00,657.8804471,193.0113093,1296
2023/5/19 08:15,712.2854755,196.681458,1288.75
2023/5/19 08:30,779.6948163,207.9282612,1288.75
2023/5/19 08:45,874.4084307,214.2225274,1303
2023/5/19 09:00,902.7668209,215.7552083,1332
2023/5/19 09:15,940.9561823,214.181886,1368
2023/5/19 09:30,1004.46752,220.2065294,1382.25
2023/5/19 09:45,1051.949284,203.3317449,1377.5
2023/5/19 10:00,1077.673238,211.7923335,1372.75
2023/5/19 10:15,1105.307039,224.6002255,1370.25
2023/5/19 10:30,1156.570366,244.6832652,1392
2023/5/19 10:45,1197.062666,259.6921621,1380
2023/5/19 11:00,1247.921637,267.7048061,1394.25
2023/5/19 11:15,1285.49951,277.3595747,1392
2023/5/19 11:30,1313.242991,295.003031,1396.75
2023/5/19 11:45,1320.028495,298.7301609,1392
2023/5/19 12:00,1311.873843,303.5449063,1413.5
2023/5/19 12:15,1315.639929,309.6705283,1425.5
2023/5/19 12:30,1339.328677,309.3624663,1384.75
2023/5/19 12:45,1320.346548,313.8865796,1370.25
2023/5/19 13:00,1300.741393,306.7431678,1399
2023/5/19 13:15,1287.016872,319.2481241,1392
2023/5/19 13:30,1254.513817,309.2042405,1420.75
2023/5/19 13:45,1232.238816,305.9495021,1430.25
2023/5/19 14:00,1201.076003,304.7636497,1428
2023/5/19 14:15,1173.327756,305.5728345,1423
2023/5/19 14:30,1107.254301,302.8152819,1411
2023/5/19 14:45,1056.635761,302.5807356,1418.25
2023/5/19 15:00,1020.229895,314.1185683,1411
2023/5/19 15:15,945.5258436,313.4637326,1435
2023/5/19 15:30,881.6415533,320.2786358,1416
2023/5/19 15:45,804.4450974,315.5585827,1399
2023/5/19 16:00,733.5886074,192.5029036,1406.25
2023/5/19 16:15,658.978329,192.7680966,1372.75
2023/5/19 16:30,571.8926542,199.376495,1375
2023/5/19 16:45,476.9335554,193.4039888,1394.25
2023/5/19 17:00,390.4828476,187.9982671,1384.75
2023/5/19 17:15,305.235736,307.4643731,1358.25
2023/5/19 17:30,224.1175599,301.9115244,1351
2023/5/19 17:45,159.2486516,295.4175791,1329.5
2023/5/19 18:00,102.0906357,289.4254104,1324.75
2023/5/19 18:15,57.82475863,285.0915729,1332
2023/5/19 18:30,30.05789897,279.8269219,1320
2023/5/19 18:45,7.849277766,277.364252,1324.75
2023/5/19 19:00,0,277.7289325,1308
2023/5/19 19:15,0,268.7800837,1320
2023/5/19 19:30,0,262.9149912,1284
2023/5/19 19:45,0,253.7042319,1264.75
2023/5/19 20:00,0,223.8718012,1260
2023/5/19 20:15,0,206.5316664,1260
2023/5/19 20:30,0,204.6575012,1250.25
2023/5/19 20:45,0,199.5312135,1248
2023/5/19 21:00,0,230.4331832,1255
2023/5/19 21:15,0,248.2337835,1264.75
2023/5/19 21:30,0,237.0747252,1264.75
2023/5/19 21:45,0,238.5883538,1272
2023/5/19 22:00,0,256.129945,1260
2023/5/19 22:15,0,267.7564861,1252.75
2023/5/19 22:30,0,263.9536383,1262.25
2023/5/19 22:45,0,252.5410531,1276.75
2023/5/19 23:00,0,248.5322172,1264.75
2023/5/19 23:15,0,249.2976481,1257.5
2023/5/19 23:30,0,254.0746024,1257.5
2023/5/19 23:45,0,264.664155,1236
2023/5/20 00:00,0,258.5897235,1231
2023/5/20 00:15,0,254.6307721,1255
2023/5/20 00:30,0,254.2136978,1236
2023/5/20 00:45,0,265.2236525,1226.25
2023/5/20 01:00,0,267.5323387,1238.25
2023/5/20 01:15,0,259.0403665,1231
2023/5/20 01:30,0,256.6906368,1224
2023/5/20 01:45,0,266.1503378,1233.5
2023/5/20 02:00,0,256.7188165,1221.5
2023/5/20 02:15,0,251.3849415,1209.5
2023/5/20 02:30,0,247.2475417,1207
2023/5/20 02:45,0,248.1501345,1216.75
2023/5/20 03:00,0,253.6766402,1214.25
2023/5/20 03:15,0,256.8492933,1236
2023/5/20 03:30,0,258.9507543,1236
2023/5/20 03:45,0,255.3796153,1233.5
2023/5/20 04:00,0,268.4880584,1219
2023/5/20 04:15,0,280.2216651,1224
2023/5/20 04:30,0,277.5589561,1219
2023/5/20 04:45,0,276.0441745,1243
2023/5/20 05:00,0,275.7158451,1224
2023/5/20 05:15,5.347081861,284.6115425,1226.25
2023/5/20 05:30,27.12085816,274.2842525,1228.75
2023/5/20 05:45,56.32948661,262.3924854,1238.25
2023/5/20 06:00,104.8302145,251.3798073,1238.25
2023/5/20 06:15,165.616372,246.8051391,1255
2023/5/20 06:30,237.1491523,247.3763175,1248
2023/5/20 06:45,323.4896149,238.7436403,1250.25
2023/5/20 07:00,414.0796766,232.4983517,1243
2023/5/20 07:15,498.6955875,236.7750553,1257.5
2023/5/20 07:30,579.7530614,243.9813145,1269.5
2023/5/20 07:45,638.5058378,252.7667998,1310.25
2023/5/20 08:00,728.4984335,253.8189098,1327
2023/5/20 08:15,779.3293679,257.5603054,1341.5
2023/5/20 08:30,846.1370079,253.2457994,1315
2023/5/20 08:45,927.936091,269.3689349,1336.75
2023/5/20 09:00,983.1713328,283.9429514,1365.5
2023/5/20 09:15,1023.288149,283.1601041,1380
2023/5/20 09:30,1064.765764,289.9074717,1377.5
2023/5/20 09:45,1121.36368,297.287364,1392
2023/5/20 10:00,1174.922842,290.7521928,1396.75
2023/5/20 10:15,1201.182082,316.5628469,1416
2023/5/20 10:30,1253.3666,317.3073698,1411
2023/5/20 10:45,1270.61663,316.7099439,1423
2023/5/20 11:00,1293.635894,321.9669007,1416
2023/5/20 11:15,1324.281445,337.1069227,1396.75
2023/5/20 11:30,1322.966322,357.916219,1413.5
2023/5/20 11:45,1362.60982,364.0560429,1411
2023/5/20 12:00,1343.22179,362.1193035,1389.5
2023/5/20 12:15,1342.639022,366.4273776,1389.5
2023/5/20 12:30,1364.500214,370.3076693,1413.5
2023/5/20 12:45,1356.12916,374.297469,1387
2023/5/20 13:00,1345.644761,376.9662478,1387
2023/5/20 13:15,1345.434863,361.6951639,1404
2023/5/20 13:30,1316.730004,362.2080138,1408.75
2023/5/20 13:45,1294.514816,383.9414467,1404
2023/5/20 14:00,1273.536215,371.553339,1416
2023/5/20 14:15,1220.79816,371.2537585,1444.75
2023/5/20 14:30,1179.614628,370.4770153,1418.25
2023/5/20 14:45,1120.261934,369.9667196,1404
2023/5/20 15:00,1057.82719,370.6896483,1375
2023/5/20 15:15,1001.300921,355.8982418,1392
2023/5/20 15:30,930.4457651,352.7027417,1389.5
2023/5/20 15:45,854.8960872,364.3037697,1406.25
2023/5/20 16:00,781.4972285,366.2509458,1406.25
2023/5/20 16:15,692.1866453,363.3211329,1401.5
2023/5/20 16:30,606.3149641,344.3784185,1399
2023/5/20 16:45,517.8766001,317.044688,1360.75
2023/5/20 17:00,421.2724178,341.6008873,1372.75
2023/5/20 17:15,329.9269537,338.0186779,1348.75
2023/5/20 17:30,243.4199411,337.150767,1334.25
2023/5/20 17:45,160.9749197,323.1812748,1334.25
2023/5/20 18:00,93.78039714,312.4669442,1348.75
2023/5/20 18:15,46.72362799,292.3597331,1329.5
2023/5/20 18:30,22.02326218,271.1825501,1312.75
2023/5/20 18:45,6.811960749,249.1307434,1334.25
2023/5/20 19:00,0,232.1895247,1315
2023/5/20 19:15,0,228.4211388,1305.5
2023/5/20 19:30,0,216.8277425,1315
2023/5/20 19:45,0,212.9411014,1269.5
2023/5/20 20:00,0,201.7482221,1257.5
2023/5/20 20:15,0,190.5654636,1255
2023/5/20 20:30,0,192.7984834,1262.25
2023/5/20 20:45,0,212.0381255,1255
2023/5/20 21:00,0,225.6096952,1262.25
2023/5/20 21:15,0,235.236754,1260
2023/5/20 21:30,0,237.0012809,1260
2023/5/20 21:45,0,237.4022993,1264.75
2023/5/20 22:00,0,233.8612932,1264.75
2023/5/20 22:15,0,235.7878625,1262.25
2023/5/20 22:30,0,233.4276573,1260
2023/5/20 22:45,0,237.5151954,1276.75
2023/5/20 23:00,0,242.5102263,1262.25
2023/5/20 23:15,0,250.7184162,1257.5
2023/5/20 23:30,0,267.6124892,1272
2023/5/20 23:45,0,259.953947,1264.75
2023/5/21 00:00,0,266.760638,1257.5
2023/5/21 00:15,0,271.8095875,1243
2023/5/21 00:30,0,282.7696592,1243
2023/5/21 00:45,0,289.1324411,1228.75
2023/5/21 01:00,0,282.4399505,1240.75
2023/5/21 01:15,0,293.2417221,1240.75
2023/5/21 01:30,0,291.2277506,1245.5
2023/5/21 01:45,0,291.6171011,1250.25
2023/5/21 02:00,0,286.7639656,1252.75
2023/5/21 02:15,0,269.8673522,1255
2023/5/21 02:30,0,270.9859054,1245.5
2023/5/21 02:45,0,271.1481274,1262.25
2023/5/21 03:00,0,263.2484372,1245.5
2023/5/21 03:15,0,264.0211379,1240.75
2023/5/21 03:30,0,261.8158195,1260
2023/5/21 03:45,0,260.7477377,1257.5
2023/5/21 04:00,0,258.9069798,1248
2023/5/21 04:15,0,258.8616436,1252.75
2023/5/21 04:30,0,253.343031,1260
2023/5/21 04:45,0,249.611143,1255
2023/5/21 05:00,0,238.7637717,1255
2023/5/21 05:15,9.482198693,227.0683298,1248
2023/5/21 05:30,38.54312176,227.7390962,1240.75
2023/5/21 05:45,55.23020994,227.8309509,1236
2023/5/21 06:00,101.1247199,230.7691327,1212
2023/5/21 06:15,160.9535191,235.1714066,1214.25
2023/5/21 06:30,234.6983655,230.8198929,1209.5
2023/5/21 06:45,317.3008329,230.9270728,1233.5
2023/5/21 07:00,384.7329131,239.0589976,1224
2023/5/21 07:15,436.3032818,247.0748816,1236
2023/5/21 07:30,503.7080024,245.9296869,1274.25
2023/5/21 07:45,569.5588756,256.1526543,1305.5
2023/5/21 08:00,633.2897571,264.7761868,1308
2023/5/21 08:15,700.8349524,274.6792689,1322.25
2023/5/21 08:30,754.9072759,293.4053931,1320
2023/5/21 08:45,811.8771684,311.0457775,1327
2023/5/21 09:00,845.320353,322.050752,1348.75
2023/5/21 09:15,907.1009741,343.2722188,1365.5
2023/5/21 09:30,919.7560399,353.6297748,1372.75
2023/5/21 09:45,988.1793599,359.522509,1389.5
2023/5/21 10:00,1058.471101,371.8650894,1372.75
2023/5/21 10:15,1109.98471,380.0532016,1399
2023/5/21 10:30,1127.588787,384.8166208,1428
2023/5/21 10:45,1156.211476,378.4915287,1420.75
2023/5/21 11:00,1201.381567,383.43689,1413.5
2023/5/21 11:15,1226.533486,383.7626326,1423
2023/5/21 11:30,1279.075615,389.3064213,1411
2023/5/21 11:45,1251.718884,357.4442349,1413.5
2023/5/21 12:00,1305.315996,356.3688635,1423
2023/5/21 12:15,1324.311701,349.6242078,1423
2023/5/21 12:30,1342.620106,348.9912274,1389.5
2023/5/21 12:45,1332.068201,347.8263343,1382.25
2023/5/21 13:00,1322.395844,344.7019732,1389.5
2023/5/21 13:15,1311.6794,367.6514167,1392
2023/5/21 13:30,1286.944128,368.6441802,1387
2023/5/21 13:45,1264.954866,366.5096015,1406.25
2023/5/21 14:00,1234.27353,358.3868939,1399
2023/5/21 14:15,1194.842023,357.2758615,1399
2023/5/21 14:30,1161.136489,351.5789294,1387
2023/5/21 14:45,1104.512181,352.0218917,1387
2023/5/21 15:00,1048.865728,365.3990964,1375
2023/5/21 15:15,983.8208185,371.3881622,1389.5
2023/5/21 15:30,909.6512165,374.3007879,1382.25
2023/5/21 15:45,834.8433737,384.1576442,1344
2023/5/21 16:00,762.6863027,387.0928445,1423
2023/5/21 16:15,675.7640002,373.1710807,1389.5
2023/5/21 16:30,596.5389551,356.9206245,1368
2023/5/21 16:45,498.805629,342.2030464,1370.25
2023/5/21 17:00,398.1511678,330.166965,1363
2023/5/21 17:15,306.780121,315.2443332,1341.5
2023/5/21 17:30,218.3760862,307.1420212,1334.25
2023/5/21 17:45,137.4456233,302.8491556,1339
2023/5/21 18:00,81.6032269,292.955713,1327
2023/5/21 18:15,46.07992836,280.2316252,1360.75
2023/5/21 18:30,23.73981416,263.7621995,1339
2023/5/21 18:45,5.922442079,251.2690797,1324.75
2023/5/21 19:00,0,247.0236771,1312.75
2023/5/21 19:15,0,255.0796896,1303
2023/5/21 19:30,0,247.5642838,1310.25
2023/5/21 19:45,0,262.8695928,1303
2023/5/21 20:00,0,260.0161145,1303
2023/5/21 20:15,0,252.4762145,1284
2023/5/21 20:30,0,213.2372583,1288.75
2023/5/21 20:45,0,205.2190163,1269.5
2023/5/21 21:00,0,217.567839,1269.5
2023/5/21 21:15,0,217.1399139,1279
2023/5/21 21:30,0,217.8219579,1267
2023/5/21 21:45,0,220.3475041,1255
2023/5/21 22:00,0,223.1715864,1231
2023/5/21 22:15,0,212.83702,1248
2023/5/21 22:30,0,197.7052839,1255
2023/5/21 22:45,0,180.0724495,1274.25
2023/5/21 23:00,0,154.6530718,1250.25
2023/5/21 23:15,0,141.7198768,1248
2023/5/21 23:30,0,129.2641783,1252.75
2023/5/21 23:45,0,103.5922073,1236
2023/5/22 00:00,0,92.17706913,1252.75
2023/5/22 00:15,0,97.163252,1264.75
2023/5/22 00:30,0,103.9079726,1248
2023/5/22 00:45,0,109.4259811,1238.25
2023/5/22 01:00,0,106.9337146,1236
2023/5/22 01:15,0,118.2951041,1255
2023/5/22 01:30,0,126.991858,1248
2023/5/22 01:45,0,117.4941144,1255
2023/5/22 02:00,0,107.3473747,1245.5
2023/5/22 02:15,0,112.3874838,1240.75
2023/5/22 02:30,0,105.0831834,1233.5
2023/5/22 02:45,0,91.96952788,1236
2023/5/22 03:00,0,86.46271787,1248
2023/5/22 03:15,0,94.06931265,1238.25
2023/5/22 03:30,0,94.18732484,1252.75
2023/5/22 03:45,0,89.69410027,1236
2023/5/22 04:00,0,88.05783208,1236
2023/5/22 04:15,0,100.8908374,1231
2023/5/22 04:30,0,115.4990124,1240.75
2023/5/22 04:45,0,133.3442504,1252.75
2023/5/22 05:00,0,128.3909583,1243
2023/5/22 05:15,6.018193642,125.3097617,1240.75
2023/5/22 05:30,33.84575861,125.1640209,1224
2023/5/22 05:45,58.42236885,135.0898634,1226.25
2023/5/22 06:00,103.9547147,139.3969104,1221.5
2023/5/22 06:15,152.1962712,150.20453,1238.25
2023/5/22 06:30,206.908459,158.0875676,1224
2023/5/22 06:45,277.3919552,156.724328,1228.75
2023/5/22 07:00,342.3326193,160.3102758,1231
2023/5/22 07:15,385.210632,174.0343735,1236
2023/5/22 07:30,447.0053794,193.7895483,1252.75
2023/5/22 07:45,526.218563,220.3573488,1257.5
2023/5/22 08:00,583.0847573,245.6717856,1274.25
2023/5/22 08:15,629.968623,246.9961718,1272
2023/5/22 08:30,680.4393699,258.6198975,1272
2023/5/22 08:45,728.6476641,263.7338792,1279
2023/5/22 09:00,823.7514417,258.4080689,1279
2023/5/22 09:15,866.3261491,268.0624236,1288.75
2023/5/22 09:30,925.1374836,279.0591834,1300.75
2023/5/22 09:45,983.2707263,261.8347222,1296
2023/5/22 10:00,1044.163703,271.6228464,1286.25
2023/5/22 10:15,1074.457373,266.8207413,1288.75
2023/5/22 10:30,1099.772761,279.2126392,1286.25
2023/5/22 10:45,1085.527319,286.5523218,1293.5
2023/5/22 11:00,1112.300063,289.4736914,1315
2023/5/22 11:15,1100.582502,305.3446561,1298.25
2023/5/22 11:30,1154.249327,314.4337961,1288.75
2023/5/22 11:45,1171.690878,318.2360596,1286.25
2023/5/22 12:00,1195.430404,312.9988998,1291
2023/5/22 12:15,1183.912635,298.2700429,1284
2023/5/22 12:30,1211.211738,294.6378165,1284
2023/5/22 12:45,1207.132702,286.2970602,1264.75
2023/5/22 13:00,1191.983934,281.6538114,1252.75
2023/5/22 13:15,1200.887733,285.555467,1264.75
2023/5/22 13:30,1169.652257,285.4095878,1262.25
2023/5/22 13:45,1144.019353,275.8191575,1274.25
2023/5/22 14:00,1104.5727,279.6571096,1276.75
2023/5/22 14:15,1074.480424,275.1087476,1257.5
2023/5/22 14:30,1045.18569,272.7101336,1260
2023/5/22 14:45,1007.329998,265.1109567,1264.75
2023/5/22 15:00,950.7256332,243.8820785,1255
2023/5/22 15:15,895.3435179,236.2702167,1252.75
2023/5/22 15:30,841.0073568,229.3190414,1274.25
2023/5/22 15:45,777.4234441,219.8286829,1284
2023/5/22 16:00,710.2636959,206.4954913,1262.25
2023/5/22 16:15,630.8873145,195.7425901,1255
2023/5/22 16:30,561.6930796,179.3474221,1252.75
2023/5/22 16:45,489.3507867,153.8391084,1260
2023/5/22 17:00,411.4591651,156.7541638,1257.5
2023/5/22 17:15,335.3268809,149.8858912,1252.75
2023/5/22 17:30,260.4901763,140.9813024,1257.5
2023/5/22 17:45,182.7360707,127.9443301,1255
2023/5/22 18:00,117.6484202,120.9505691,1260
2023/5/22 18:15,64.83849511,107.8520157,1262.25
2023/5/22 18:30,28.92350628,90.32884719,1267
2023/5/22 18:45,13.87537794,72.8182186,1243
2023/5/22 19:00,0,62.02146151,1243
2023/5/22 19:15,0,50.72303296,1245.5
2023/5/22 19:30,0,44.00687888,1245.5
2023/5/22 19:45,0,34.94952717,1243
2023/5/22 20:00,0,27.85380937,1260
2023/5/22 20:15,0,24.68502314,1240.75
2023/5/22 20:30,0,23.84708043,1231
2023/5/22 20:45,0,22.64152961,1236
2023/5/22 21:00,0,27.21031835,1243
2023/5/22 21:15,0,28.00004707,1248
2023/5/22 21:30,0,25.34056977,1305.5
2023/5/22 21:45,0,25.60778625,1274.25
2023/5/22 22:00,0,24.42028035,1257.5
2023/5/22 22:15,0,30.06277643,1257.5
2023/5/22 22:30,0,32.93290386,1272
2023/5/22 22:45,0,33.87879947,1255
2023/5/22 23:00,0,31.58554371,1274.25
2023/5/22 23:15,0,33.89456501,1262.25
2023/5/22 23:30,0,37.20626013,1262.25
2023/5/22 23:45,0,34.75586421,1262.25
2023/5/23 00:00,0,30.3508183,1276.75
2023/5/23 00:15,0,33.90625507,1264.75
2023/5/23 00:30,0,31.02384266,1260
2023/5/23 00:45,0,32.23212998,1252.75
2023/5/23 01:00,0,30.67197662,1231
2023/5/23 01:15,0,34.71043511,1233.5
2023/5/23 01:30,0,36.11639254,1240.75
2023/5/23 01:45,0,38.83535832,1255
2023/5/23 02:00,0,48.53351917,1257.5
2023/5/23 02:15,0,51.81080659,1248
2023/5/23 02:30,0,52.37890799,1250.25
2023/5/23 02:45,0,51.77472557,1255
2023/5/23 03:00,0,59.99830522,1252.75
2023/5/23 03:15,0,65.7710153,1260
2023/5/23 03:30,0,70.22950981,1264.75
2023/5/23 03:45,0,74.99920119,1255
2023/5/23 04:00,0,68.7424489,1243
2023/5/23 04:15,0,61.65111024,1233.5
2023/5/23 04:30,0,62.20038583,1245.5
2023/5/23 04:45,0,60.3993837,1250.25
2023/5/23 05:00,0,72.74456562,1255
2023/5/23 05:15,7.141951149,79.24754435,1262.25
2023/5/23 05:30,27.55045112,93.59986047,1245.5
2023/5/23 05:45,53.91266405,112.4196343,1248
2023/5/23 06:00,96.29565275,101.5394846,1238.25
2023/5/23 06:15,143.8281297,116.0870442,1257.5
2023/5/23 06:30,204.303095,92.84038957,1262.25
2023/5/23 06:45,274.0371258,80.97573273,1260
2023/5/23 07:00,357.9109941,53.06497272,1260
2023/5/23 07:15,427.1974471,30.72337503,1260
2023/5/23 07:30,510.0746229,28.77333423,1269.5
2023/5/23 07:45,583.0097471,20.17312214,1279
2023/5/23 08:00,667.9452253,18.84445884,1305.5
2023/5/23 08:15,740.0603575,22.56038902,1300.75
2023/5/23 08:30,825.1651559,31.87093683,1288.75
2023/5/23 08:45,875.0018693,33.54321819,1300.75
2023/5/23 09:00,920.8049072,38.19430595,1293.5
2023/5/23 09:15,945.8036528,48.47716412,1308
2023/5/23 09:30,998.2403856,53.94519109,1327
2023/5/23 09:45,1070.480638,65.27995248,1329.5
2023/5/23 10:00,1124.573029,63.28965899,1317.5
2023/5/23 10:15,1129.387689,64.07759799,1315
2023/5/23 10:30,1133.550195,65.58866019,1327
2023/5/23 10:45,1170.149985,63.33619096,1312.75
2023/5/23 11:00,1197.761583,65.36011653,1329.5
2023/5/23 11:15,1201.385891,65.84539583,1320
2023/5/23 11:30,1214.865845,65.5124018,1315
2023/5/23 11:45,1237.003584,58.42350584,1317.5
2023/5/23 12:00,1220.107694,60.40314984,1315
2023/5/23 12:15,1226.172694,60.62382137,1310.25
2023/5/23 12:30,1237.196878,61.25761464,1320
2023/5/23 12:45,1197.884277,60.32599472,1291
2023/5/23 13:00,1173.967165,64.92450537,1296
2023/5/23 13:15,1181.174625,61.18509576,1298.25
2023/5/23 13:30,1191.293718,60.60105079,1298.25
2023/5/23 13:45,1140.00759,54.30005816,1310.25
2023/5/23 14:00,1068.339223,46.57782471,1312.75
2023/5/23 14:15,992.9517306,43.39005957,1303
2023/5/23 14:30,932.8930355,37.63101938,1291
2023/5/23 14:45,866.6663004,40.32850935,1264.75
2023/5/23 15:00,811.5649898,46.27548309,1269.5
2023/5/23 15:15,758.9099745,45.90565741,1252.75
2023/5/23 15:30,706.8824049,38.58897581,1269.5
2023/5/23 15:45,633.0696334,30.29252082,1257.5
2023/5/23 16:00,579.1279437,22.63018608,1262.25
2023/5/23 16:15,569.1759115,23.76195069,1260
2023/5/23 16:30,492.5900137,26.9883436,1257.5
2023/5/23 16:45,415.4056488,27.80135011,1248
2023/5/23 17:00,354.3290332,17.0472274,1248
2023/5/23 17:15,294.6438987,16.02310381,1250.25
2023/5/23 17:30,251.0566334,11.92782947,1255
2023/5/23 17:45,186.9588604,10.08285677,1267
2023/5/23 18:00,126.2546947,9.390923138,1252.75
2023/5/23 18:15,68.39998848,6.525702207,1262.25
2023/5/23 18:30,30.73989065,4.980986071,1243
2023/5/23 18:45,10.85626417,3.615675608,1243
2023/5/23 19:00,0,2.708368633,1240.75
2023/5/23 19:15,0,1.950993906,1238.25
2023/5/23 19:30,0,1.03934203,1243
2023/5/23 19:45,0,0.807025512,1233.5
2023/5/23 20:00,0,0.840291209,1238.25
2023/5/23 20:15,0,0.654211892,1243
2023/5/23 20:30,0,0.447053887,1233.5
2023/5/23 20:45,0,0.469045622,1233.5
2023/5/23 21:00,0,0.262316331,1240.75
2023/5/23 21:15,0,0.164854006,1228.75
2023/5/23 21:30,0,0.181172336,1231
2023/5/23 21:45,0,0.1775178,1248
2023/5/23 22:00,0,0.234955797,1257.5
2023/5/23 22:15,0,0.242359815,1248
2023/5/23 22:30,0,0.169946413,1252.75
2023/5/23 22:45,0,0.197641423,1250.25
2023/5/23 23:00,0,0.305595974,1262.25
2023/5/23 23:15,0,0.404714233,1257.5
2023/5/23 23:30,0,0.56257383,1252.75
2023/5/23 23:45,0,0.488123994,1250.25
2023/5/24 00:00,0,0.683899865,1260
2023/5/24 00:15,0,0.67059836,1250.25
2023/5/24 00:30,0,0.698081536,1248
2023/5/24 00:45,0,0.662981454,1252.75
2023/5/24 01:00,0,0.939447258,1245.5
2023/5/24 01:15,0,0.974631939,1250.25
2023/5/24 01:30,0,0.97447039,1245.5
2023/5/24 01:45,0,1.064898584,1240.75
2023/5/24 02:00,0,1.478060048,1219
2023/5/24 02:15,0,5.992899809,1231
2023/5/24 02:30,0,5.778510486,1226.25
2023/5/24 02:45,0,5.948566103,1231
2023/5/24 03:00,0,6.430176199,1228.75
2023/5/24 03:15,0,7.060279995,1224
2023/5/24 03:30,0,11.67195929,1245.5
2023/5/24 03:45,0,12.13246008,1238.25
2023/5/24 04:00,0,11.74002166,1250.25
2023/5/24 04:15,0,12.31404089,1231
2023/5/24 04:30,0,12.32570064,1219
2023/5/24 04:45,0,3.096198238,1219
2023/5/24 05:00,0,3.057728009,1219
2023/5/24 05:15,6.078711908,7.245309633,1221.5
2023/5/24 05:30,31.83015308,7.52576998,1209.5
2023/5/24 05:45,46.71750035,9.433643246,1209.5
2023/5/24 06:00,91.81416582,12.53164631,1197.5
2023/5/24 06:15,151.2589514,11.99644299,1209.5
2023/5/24 06:30,222.7106251,6.327944485,1204.75
2023/5/24 06:45,314.3473725,6.992397244,1209.5
2023/5/24 07:00,410.245802,11.51797692,1216.75
2023/5/24 07:15,501.4217202,15.97885439,1209.5
2023/5/24 07:30,581.1942644,15.74739235,1224
2023/5/24 07:45,662.7767679,15.50861693,1240.75
2023/5/24 08:00,744.8863848,17.64120611,1248
2023/5/24 08:15,825.5985086,18.56555391,1248
2023/5/24 08:30,898.4843494,24.59519285,1240.75
2023/5/24 08:45,970.0382408,25.51650583,1248
2023/5/24 09:00,1036.323533,26.29033103,1243
2023/5/24 09:15,1086.747194,30.36267759,1257.5
2023/5/24 09:30,1142.325933,30.75338856,1252.75
2023/5/24 09:45,1177.420378,39.60111696,1262.25
2023/5/24 10:00,1198.432318,47.71866691,1243
2023/5/24 10:15,1227.435677,51.6591858,1257.5
2023/5/24 10:30,1274.988462,53.54466119,1264.75
2023/5/24 10:45,1294.946986,59.22521174,1262.25
2023/5/24 11:00,1302.68553,71.12565669,1276.75
2023/5/24 11:15,1314.61019,93.10252332,1281.5
2023/5/24 11:30,1323.313648,110.6076097,1274.25
2023/5/24 11:45,1344.933674,133.4356009,1269.5
2023/5/24 12:00,1334.54215,149.4826952,1274.25
2023/5/24 12:15,1333.040225,161.0365891,1279
2023/5/24 12:30,1321.441631,165.0653315,1272
2023/5/24 12:45,1299.234472,178.2859089,1286.25
2023/5/24 13:00,1306.049648,197.9102757,1276.75
2023/5/24 13:15,1293.552215,215.0515967,1276.75
2023/5/24 13:30,1266.546326,246.0669266,1269.5
2023/5/24 13:45,1244.748107,263.3550762,1274.25
2023/5/24 14:00,1206.453057,273.5840604,1269.5
2023/5/24 14:15,1186.72662,285.7426632,1279
2023/5/24 14:30,1131.641167,281.2091436,1269.5
2023/5/24 14:45,1088.427223,266.6882721,1267
2023/5/24 15:00,1016.72233,265.5387614,1264.75
2023/5/24 15:15,946.8559741,249.8843357,1274.25
2023/5/24 15:30,865.8540141,231.7582988,1276.75
2023/5/24 15:45,788.235025,222.831208,1296
2023/5/24 16:00,718.8365194,205.9213695,1303
2023/5/24 16:15,638.8046117,198.9382822,1298.25
2023/5/24 16:30,557.9052476,183.3559678,1286.25
2023/5/24 16:45,484.4496387,162.0302743,1284
2023/5/24 17:00,402.7812126,159.9948572,1267
2023/5/24 17:15,295.0480341,151.3226545,1281.5
2023/5/24 17:30,204.6574333,126.7230264,1269.5
2023/5/24 17:45,149.5553297,121.5980385,1260
2023/5/24 18:00,109.2998627,102.7904651,1262.25
2023/5/24 18:15,77.62689947,86.00249554,1272
2023/5/24 18:30,36.7038913,72.24015384,1267
2023/5/24 18:45,4.55122039,64.86842236,1281.5
2023/5/24 19:00,0,63.34373744,1276.75
2023/5/24 19:15,0,62.60656303,1272
2023/5/24 19:30,0,54.02346038,1281.5
2023/5/24 19:45,0,49.87065257,1264.75
2023/5/24 20:00,0,40.90215481,1250.25
2023/5/24 20:15,0,41.43908333,1245.5
2023/5/24 20:30,0,55.63977761,1260
2023/5/24 20:45,0,43.90197547,1245.5
2023/5/24 21:00,0,38.29008703,1236
2023/5/24 21:15,0,24.25145924,1245.5
2023/5/24 21:30,0,15.64501758,1262.25
2023/5/24 21:45,0,17.76165501,1257.5
2023/5/24 22:00,0,14.58122075,1255
2023/5/24 22:15,0,7.751097986,1238.25
2023/5/24 22:30,0,8.778513406,1231
2023/5/24 22:45,0,7.058928715,1238.25
2023/5/24 23:00,0,9.563968671,1243
2023/5/24 23:15,0,9.641238992,1228.75
2023/5/24 23:30,0,11.32405402,1233.5
2023/5/24 23:45,0,13.0007701,1219
2023/5/25 00:00,0,12.62571022,1221.5
2023/5/25 00:15,0,13.53904841,1248
2023/5/25 00:30,0,13.937933,1238.25
2023/5/25 00:45,0,12.43149416,1231
2023/5/25 01:00,0,11.21602973,1231
2023/5/25 01:15,0,10.917324,1233.5
2023/5/25 01:30,0,9.574622535,1231
2023/5/25 01:45,0,8.867409872,1231
2023/5/25 02:00,0,7.942625068,1233.5
2023/5/25 02:15,0,6.539132303,1226.25
2023/5/25 02:30,0,5.529353184,1236
2023/5/25 02:45,0,4.639986277,1233.5
2023/5/25 03:00,0,2.765615583,1228.75
2023/5/25 03:15,0,2.664524871,1238.25
2023/5/25 03:30,0,2.638894398,1231
2023/5/25 03:45,0,2.352760578,1245.5
2023/5/25 04:00,0,2.548348314,1238.25
2023/5/25 04:15,0,4.011476053,1231
2023/5/25 04:30,0,3.813082345,1226.25
2023/5/25 04:45,0,3.87587541,1226.25
2023/5/25 05:00,0,3.20005135,1224
2023/5/25 05:15,13.99879114,2.888253235,1221.5
2023/5/25 05:30,45.31714055,2.250835346,1214.25
2023/5/25 05:45,28.16846103,1.958094704,1202.25
2023/5/25 06:00,52.52691619,2.037306388,1197.5
2023/5/25 06:15,82.1493973,1.639725815,1212
2023/5/25 06:30,117.2123581,1.526722634,1212
2023/5/25 06:45,159.236822,1.272803739,1221.5
2023/5/25 07:00,201.0339948,1.848288898,1228.75
2023/5/25 07:15,246.1521921,2.138982734,1183
2023/5/25 07:30,292.07582,2.416916438,1197.5
2023/5/25 07:45,333.3268613,2.771707802,1221.5
2023/5/25 08:00,364.5045564,2.605431544,1226.25
2023/5/25 08:15,382.6292292,2.347440275,1224
2023/5/25 08:30,407.9291478,2.577406073,1250.25
2023/5/25 08:45,443.2946167,3.097550243,1252.75
2023/5/25 09:00,478.6491517,3.692251328,1245.5
2023/5/25 09:15,483.8363155,3.562698466,1255
2023/5/25 09:30,1087.61785,3.539502745,1257.5
2023/5/25 09:45,1112.632449,5.63999705,1257.5
2023/5/25 10:00,1150.140887,5.450076001,1267
2023/5/25 10:15,1150.134878,5.764602959,1262.25
2023/5/25 10:30,1171.7417,6.356340973,1248
2023/5/25 10:45,1201.492058,6.384971976,1267
2023/5/25 11:00,1186.060817,6.50348434,1264.75
2023/5/25 11:15,1220.448589,7.292940412,1257.5
2023/5/25 11:30,1215.203112,7.967013526,1276.75
2023/5/25 11:45,1216.757657,8.207828919,1264.75
2023/5/25 12:00,1237.729801,9.525131959,1255
2023/5/25 12:15,1249.201103,10.72158241,1252.75
2023/5/25 12:30,1233.364853,15.34709534,1252.75
2023/5/25 12:45,1217.35098,19.0308542,1257.5
2023/5/25 13:00,1206.924717,20.83231988,1272
2023/5/25 13:15,1209.617972,22.98551611,1264.75
2023/5/25 13:30,1206.241497,25.00443426,1269.5
2023/5/25 13:45,1153.444195,22.86469391,1264.75
2023/5/25 14:00,1110.822065,21.00979918,1257.5
2023/5/25 14:15,1052.964934,23.08080243,1264.75
2023/5/25 14:30,1039.135231,26.03057669,1262.25
2023/5/25 14:45,981.2236345,28.23802572,1257.5
2023/5/25 15:00,938.0176235,31.05819391,1252.75
2023/5/25 15:15,893.2635971,31.58713529,1257.5
2023/5/25 15:30,818.3226397,29.76056507,1267
2023/5/25 15:45,753.8068802,31.8562488,1262.25
2023/5/25 16:00,688.1888887,28.14195329,1262.25
2023/5/25 16:15,593.8863964,31.1705734,1257.5
2023/5/25 16:30,509.7111541,39.49672011,1248
2023/5/25 16:45,424.4403224,39.3669026,1233.5
2023/5/25 17:00,348.630713,37.42176837,1238.25
2023/5/25 17:15,285.7460363,35.90689604,1238.25
2023/5/25 17:30,214.8000027,32.68288612,1257.5
2023/5/25 17:45,167.5616733,29.45603636,1248
2023/5/25 18:00,125.3505433,31.12399235,1240.75
2023/5/25 18:15,74.05037116,34.358913,1238.25
2023/5/25 18:30,31.77007289,32.35587809,1238.25
2023/5/25 18:45,7.266380404,26.73790053,1240.75
2023/5/25 19:00,0,24.70897964,1243
2023/5/25 19:15,0,23.48797535,1245.5
2023/5/25 19:30,0,21.18088687,1233.5
2023/5/25 19:45,0,18.26324101,1245.5
2023/5/25 20:00,0,20.32611291,1231
2023/5/25 20:15,0,21.42096327,1231
2023/5/25 20:30,0,19.04752012,1238.25
2023/5/25 20:45,0,17.22715387,1236
2023/5/25 21:00,0,12.06345735,1240.75
2023/5/25 21:15,0,13.60007654,1231
2023/5/25 21:30,0,12.44847307,1243
2023/5/25 21:45,0,18.16685724,1231
2023/5/25 22:00,0,15.13814461,1245.5
2023/5/25 22:15,0,13.49361951,1243
2023/5/25 22:30,0,13.6096493,1236
2023/5/25 22:45,0,11.16257529,1243
2023/5/25 23:00,0,9.568995511,1250.25
2023/5/25 23:15,0,9.52410223,1240.75
2023/5/25 23:30,0,8.624048479,1243
2023/5/25 23:45,0,11.16261966,1245.5
2023/5/26 00:00,0,11.66929258,1236
2023/5/26 00:15,0,11.66444356,1231
2023/5/26 00:30,0,8.997601803,1236
2023/5/26 00:45,0,10.75508068,1228.75
2023/5/26 01:00,0,8.31914829,1238.25
2023/5/26 01:15,0,5.953945483,1226.25
2023/5/26 01:30,0,10.62159001,1231
2023/5/26 01:45,0,11.4872241,1236
2023/5/26 02:00,0,12.37134055,1231
2023/5/26 02:15,0,13.00369012,1233.5
2023/5/26 02:30,0,13.86565718,1226.25
2023/5/26 02:45,0,10.90425743,1240.75
2023/5/26 03:00,0,13.58418967,1228.75
2023/5/26 03:15,0,28.16696909,1221.5
2023/5/26 03:30,0,31.5292766,1224
2023/5/26 03:45,0,28.24058908,1228.75
2023/5/26 04:00,0,35.94810165,1224
2023/5/26 04:15,0,49.05182658,1224
2023/5/26 04:30,0,48.46813937,1221.5
2023/5/26 04:45,0,44.23687997,1216.75
2023/5/26 05:00,0,40.25283796,1224
2023/5/26 05:15,6.871276603,28.89640153,1219
2023/5/26 05:30,27.43825197,26.62032915,1224
2023/5/26 05:45,53.48495956,28.55335262,1226.25
2023/5/26 06:00,99.77077299,26.76684997,1207
2023/5/26 06:15,159.858531,24.97432973,1214.25
2023/5/26 06:30,228.9002915,25.13642551,1209.5
2023/5/26 06:45,308.0048755,26.54246558,1226.25
2023/5/26 07:00,394.582973,29.22207321,1228.75
2023/5/26 07:15,489.9062645,34.12254192,1252.75
2023/5/26 07:30,574.4589608,37.59735194,1255
2023/5/26 07:45,652.9440721,35.47389298,1274.25
2023/5/26 08:00,715.3432407,39.42585542,1300.75
2023/5/26 08:15,789.585885,33.00984138,1312.75
2023/5/26 08:30,839.0909534,51.38063608,1320
2023/5/26 08:45,901.5400112,55.28402569,1317.5
2023/5/26 09:00,957.8447786,57.33479292,1320
2023/5/26 09:15,1002.771301,51.73154019,1334.25
2023/5/26 09:30,1028.941789,52.035795,1344
2023/5/26 09:45,1057.323621,53.36215062,1341.5
2023/5/26 10:00,1115.444081,62.55544518,1351
2023/5/26 10:15,1145.899899,69.63139187,1380
2023/5/26 10:30,1168.929651,72.17169081,1375
2023/5/26 10:45,1182.161306,84.06315106,1375
2023/5/26 11:00,1208.195016,94.30770901,1377.5
2023/5/26 11:15,1210.876268,102.06402,1380
2023/5/26 11:30,1234.884573,102.7739833,1370.25
2023/5/26 11:45,1214.267879,98.54146779,1363
2023/5/26 12:00,1247.558535,95.80933155,1365.5
2023/5/26 12:15,1260.463583,93.54390605,1351
2023/5/26 12:30,1260.306343,91.92233901,1336.75
2023/5/26 12:45,1253.905139,97.751509,1332
2023/5/26 13:00,1218.534718,96.34792213,1348.75
2023/5/26 13:15,1210.398532,96.92756749,1363
2023/5/26 13:30,1194.3115,117.0555319,1377.5
2023/5/26 13:45,1144.852873,119.7040321,1375
2023/5/26 14:00,1118.045684,125.9199105,1360.75
2023/5/26 14:15,1063.25186,130.3046251,1358.25
2023/5/26 14:30,1038.729759,126.7172434,1360.75
2023/5/26 14:45,974.987525,130.3595826,1348.75
2023/5/26 15:00,890.5002535,126.6900843,1375
2023/5/26 15:15,773.5700892,115.5338019,1377.5
2023/5/26 15:30,624.5054715,90.1140711,1377.5
2023/5/26 15:45,448.9382691,82.47090259,1384.75
2023/5/26 16:00,347.020898,76.04221285,1387
2023/5/26 16:15,274.5556715,63.87999467,1358.25
2023/5/26 16:30,215.4122047,47.76518748,1339
2023/5/26 16:45,166.1351454,31.93665913,1341.5
2023/5/26 17:00,117.0803519,27.94908091,1346.25
2023/5/26 17:15,89.06824007,25.78221362,1341.5
2023/5/26 17:30,74.49267757,23.93474369,1317.5
2023/5/26 17:45,58.23407508,14.60853807,1293.5
2023/5/26 18:00,47.19548273,10.31633071,1286.25
2023/5/26 18:15,35.99181285,6.009144366,1279
2023/5/26 18:30,25.14688577,4.999279956,1300.75
2023/5/26 18:45,7.524632513,12.16010745,1284
2023/5/26 19:00,0,9.28585214,1274.25
2023/5/26 19:15,0,7.570575764,1276.75
2023/5/26 19:30,0,6.05908377,1262.25
2023/5/26 19:45,0,2.651052512,1264.75
2023/5/26 20:00,0,2.479746641,1267
2023/5/26 20:15,0,2.537748908,1248
2023/5/26 20:30,0,2.431754411,1255
2023/5/26 20:45,0,1.557528018,1252.75
2023/5/26 21:00,0,1.127840881,1238.25
2023/5/26 21:15,0,0.939094838,1233.5
2023/5/26 21:30,0,0.940577364,1226.25
2023/5/26 21:45,0,1.151179263,1221.5
2023/5/26 22:00,0,1.12372246,1226.25
2023/5/26 22:15,0,0.997468053,1231
2023/5/26 22:30,0,1.039249112,1214.25
2023/5/26 22:45,0,0.983768332,1212
2023/5/26 23:00,0,0.797653436,1214.25
2023/5/26 23:15,0,0.505501247,1214.25
2023/5/26 23:30,0,0.458347081,1214.25
2023/5/26 23:45,0,0.498391632,1233.5
2023/5/27 00:00,0,0.467895325,1224
2023/5/27 00:15,0,0.322074508,1200
2023/5/27 00:30,0,0.376445408,1190.25
2023/5/27 00:45,0,0.522660253,1195
2023/5/27 01:00,0,0.608610403,1202.25
2023/5/27 01:15,0,0.703026308,1214.25
2023/5/27 01:30,0,0.849582981,1207
2023/5/27 01:45,0,0.630554737,1204.75
2023/5/27 02:00,0,0.830539682,1207
2023/5/27 02:15,0,0.901309911,1204.75
2023/5/27 02:30,0,0.900909187,1202.25
2023/5/27 02:45,0,1.950614849,1214.25
2023/5/27 03:00,0,2.076578252,1212
2023/5/27 03:15,0,2.116940932,1202.25
2023/5/27 03:30,0,2.48115383,1207
2023/5/27 03:45,0,2.310103624,1204.75
2023/5/27 04:00,0,1.545346849,1207
2023/5/27 04:15,0,1.741141213,1207
2023/5/27 04:30,0,1.196230885,1202.25
2023/5/27 04:45,0,0.988645498,1195
2023/5/27 05:00,0,1.084626841,1190.25
2023/5/27 05:15,5.831799834,1.288646603,1195
2023/5/27 05:30,23.63463004,1.578054543,1197.5
2023/5/27 05:45,44.64953339,1.476706954,1200
2023/5/27 06:00,90.88008592,1.926228903,1192.75
2023/5/27 06:15,152.8518533,1.988523837,1185.5
2023/5/27 06:30,224.995358,2.202595302,1233.5
2023/5/27 06:45,307.8266779,1.813889184,1209.5
2023/5/27 07:00,383.5847712,2.520101007,1216.75
2023/5/27 07:15,473.6040701,3.098626544,1233.5
2023/5/27 07:30,556.1011763,3.125679141,1264.75
2023/5/27 07:45,618.1863768,3.894137176,1296
2023/5/27 08:00,683.8927301,3.985062608,1305.5
2023/5/27 08:15,752.2631198,4.292810177,1320
2023/5/27 08:30,804.3691856,4.153902813,1315
2023/5/27 08:45,861.4421044,5.606132662,1334.25
2023/5/27 09:00,934.5474594,7.034534865,1375
2023/5/27 09:15,1009.462034,10.34965938,1387
2023/5/27 09:30,1048.318171,15.81556422,1384.75
2023/5/27 09:45,1079.263903,24.70799282,1387
2023/5/27 10:00,1115.087951,32.35065837,1423
2023/5/27 10:15,1156.449564,47.35470151,1430.25
2023/5/27 10:30,1176.908766,58.75137646,1442.25
2023/5/27 10:45,1167.78791,69.46979383,1416
2023/5/27 11:00,1154.176539,77.09255452,1418.25
2023/5/27 11:15,1185.245759,88.02055203,1430.25
2023/5/27 11:30,1206.206839,95.7369647,1413.5
2023/5/27 11:45,1199.182254,101.6304774,1413.5
2023/5/27 12:00,1181.260013,100.16887,1406.25
2023/5/27 12:15,1181.535003,84.9671673,1413.5
2023/5/27 12:30,1164.852767,84.670393,1389.5
2023/5/27 12:45,1166.372028,84.29431858,1375
2023/5/27 13:00,1146.245132,79.96257618,1384.75
2023/5/27 13:15,1136.010087,91.60710869,1411
2023/5/27 13:30,1122.406152,90.49054583,1442.25
2023/5/27 13:45,1064.264712,86.22292758,1435
2023/5/27 14:00,993.3991512,85.02501341,1452
2023/5/27 14:15,966.6464464,83.96273765,1430.25
2023/5/27 14:30,932.5551868,73.30589693,1432.75
2023/5/27 14:45,886.5844,72.61316945,1425.5
2023/5/27 15:00,883.5973255,59.89284012,1452
2023/5/27 15:15,828.496355,56.06358989,1444.75
2023/5/27 15:30,763.9976645,50.0272805,1454.25
2023/5/27 15:45,703.5252184,51.8461749,1437.5
2023/5/27 16:00,633.4695218,52.49152749,1420.75
2023/5/27 16:15,561.8963103,51.40513312,1396.75
2023/5/27 16:30,483.4359504,50.2313175,1394.25
2023/5/27 16:45,409.9985498,50.66454977,1382.25
2023/5/27 17:00,344.5901754,43.10765407,1375
2023/5/27 17:15,285.8213608,36.96128858,1360.75
2023/5/27 17:30,228.9183426,30.55934274,1365.5
2023/5/27 17:45,174.67103,24.43584819,1348.75
2023/5/27 18:00,129.3392034,20.19024545,1341.5
2023/5/27 18:15,72.26348559,17.25615318,1332
2023/5/27 18:30,25.18664706,16.88121244,1322.25
2023/5/27 18:45,6.773752975,14.65225513,1322.25
2023/5/27 19:00,0,16.77597765,1298.25
2023/5/27 19:15,0,17.18227873,1324.75
2023/5/27 19:30,0,13.57099702,1332
2023/5/27 19:45,0,13.93023351,1315
2023/5/27 20:00,0,15.91236664,1300.75
2023/5/27 20:15,0,23.18775824,1300.75
2023/5/27 20:30,0,32.31621466,1300.75
2023/5/27 20:45,0,33.24341982,1298.25
2023/5/27 21:00,0,32.50389261,1296
2023/5/27 21:15,0,24.79988186,1300.75
2023/5/27 21:30,0,18.80366336,1296
2023/5/27 21:45,0,15.34371139,1300.75
2023/5/27 22:00,0,15.41865627,1272
2023/5/27 22:15,0,15.37558334,1288.75
2023/5/27 22:30,0,10.4139511,1286.25
2023/5/27 22:45,0,10.65352241,1300.75
2023/5/27 23:00,0,7.063162517,1291
2023/5/27 23:15,0,6.48343744,1284
2023/5/27 23:30,0,6.248981274,1272
2023/5/27 23:45,0,4.908843302,1267
2023/5/28 00:00,0,4.499554864,1262.25
2023/5/28 00:15,0,2.840324298,1262.25
2023/5/28 00:30,0,2.704063456,1252.75
2023/5/28 00:45,0,2.552058694,1240.75
2023/5/28 01:00,0,1.835138902,1238.25
2023/5/28 01:15,0,1.288921884,1243
2023/5/28 01:30,0,0.908040186,1257.5
2023/5/28 01:45,0,0.898680153,1262.25
2023/5/28 02:00,0,2.620113808,1236
2023/5/28 02:15,0,0.474958405,1238.25
2023/5/28 02:30,0,0.433705753,1238.25
2023/5/28 02:45,0,0.968462174,1243
2023/5/28 03:00,0,1.660469831,1240.75
2023/5/28 03:15,0,2.154154059,1250.25
2023/5/28 03:30,0,2.268078526,1245.5
2023/5/28 03:45,0,2.09179117,1252.75
2023/5/28 04:00,0,2.072118662,1255
2023/5/28 04:15,0,1.219042207,1231
2023/5/28 04:30,0,1.743150551,1243
2023/5/28 04:45,0,2.05323017,1228.75
2023/5/28 05:00,0,4.515782469,1243
2023/5/28 05:15,6.417266264,6.232334968,1221.5
2023/5/28 05:30,23.99375807,6.912045894,1238.25
2023/5/28 05:45,28.12484323,4.583356426,1233.5
2023/5/28 06:00,53.92255217,5.743812087,1238.25
2023/5/28 06:15,83.65499764,5.550674735,1236
2023/5/28 06:30,123.6565291,5.9721836,1226.25
2023/5/28 06:45,156.3754507,11.19208855,1216.75
2023/5/28 07:00,202.561,13.13678762,1219
2023/5/28 07:15,255.4142772,20.25308139,1272
2023/5/28 07:30,294.8934937,29.75173659,1286.25
2023/5/28 07:45,337.2861655,34.56717453,1308
2023/5/28 08:00,402.3046454,41.08937343,1329.5
2023/5/28 08:15,447.3514587,43.74359448,1332
2023/5/28 08:30,474.9424487,37.12660081,1334.25
2023/5/28 08:45,515.5265141,35.44337711,1329.5
2023/5/28 09:00,541.1777878,25.16649502,1341.5
2023/5/28 09:15,561.4260465,20.85463065,1370.25
2023/5/28 09:30,593.5875891,17.95263356,1396.75
2023/5/28 09:45,646.9686242,15.16649118,1392
2023/5/28 10:00,713.8956161,10.81248775,1394.25
2023/5/28 10:15,763.4886131,10.97256221,1384.75
2023/5/28 10:30,798.4428201,13.44016733,1408.75
2023/5/28 10:45,809.6134429,14.34256082,1401.5
2023/5/28 11:00,819.3527938,12.17659032,1420.75
2023/5/28 11:15,822.9714845,13.24245444,1399
2023/5/28 11:30,792.0382061,14.19092582,1404
2023/5/28 11:45,767.8313176,16.35321594,1418.25
2023/5/28 12:00,736.23797,14.90384999,1406.25
2023/5/28 12:15,736.2117665,16.98134943,1382.25
2023/5/28 12:30,729.641876,20.98647701,1396.75
2023/5/28 12:45,727.0071441,31.94249864,1358.25
2023/5/28 13:00,717.79797,29.99099009,1375
2023/5/28 13:15,713.894506,32.5066832,1365.5
2023/5/28 13:30,717.1821571,38.46969397,1382.25
2023/5/28 13:45,714.1177449,46.84933971,1392
2023/5/28 14:00,703.974343,46.78439636,1420.75
2023/5/28 14:15,673.854976,34.19060465,1394.25
2023/5/28 14:30,666.2091603,28.23551399,1401.5
2023/5/28 14:45,650.664622,28.43314207,1382.25
2023/5/28 15:00,615.3361294,25.60166248,1368
2023/5/28 15:15,552.1361028,25.22255402,1382.25
2023/5/28 15:30,490.2100503,26.33539604,1406.25
2023/5/28 15:45,451.0856599,28.71221247,1406.25
2023/5/28 16:00,399.4105604,27.15053565,1394.25
2023/5/28 16:15,368.4427489,24.94396364,1392
2023/5/28 16:30,330.2217676,22.35105119,1382.25
2023/5/28 16:45,282.9024619,19.14077366,1375
2023/5/28 17:00,239.2110164,17.87668205,1399
2023/5/28 17:15,201.9942129,11.35957872,1382.25
2023/5/28 17:30,150.2967359,11.40774973,1356
2023/5/28 17:45,113.7679031,11.96773114,1334.25
2023/5/28 18:00,85.54498916,13.34201076,1329.5
2023/5/28 18:15,52.58962878,11.23006131,1334.25
2023/5/28 18:30,29.61639286,8.034130358,1336.75
2023/5/28 18:45,15.76828994,6.789302565,1344
2023/5/28 19:00,0,6.454384261,1327
2023/5/28 19:15,0,6.582559531,1320
2023/5/28 19:30,0,4.53255072,1329.5
2023/5/28 19:45,0,2.927294955,1329.5
2023/5/28 20:00,0,2.485980573,1336.75
2023/5/28 20:15,0,3.528096248,1324.75
2023/5/28 20:30,0,4.343104858,1305.5
2023/5/28 20:45,0,3.223734147,1308
2023/5/28 21:00,0,3.302157049,1303
2023/5/28 21:15,0,3.492070792,1288.75
2023/5/28 21:30,0,3.249503055,1300.75
2023/5/28 21:45,0,2.243057937,1293.5
2023/5/28 22:00,0,2.006467073,1286.25
2023/5/28 22:15,0,1.807872643,1269.5
2023/5/28 22:30,0,1.405373077,1274.25
2023/5/28 22:45,0,2.19142604,1267
2023/5/28 23:00,0,2.624841491,1267
2023/5/28 23:15,0,2.677143666,1286.25
2023/5/28 23:30,0,2.815693054,1276.75
2023/5/28 23:45,0,4.287389937,1274.25
2023/5/29 00:00,0,4.458138115,1267
2023/5/29 00:15,0,4.694137499,1252.75
2023/5/29 00:30,0,6.415561546,1243
2023/5/29 00:45,0,7.336470926,1245.5
2023/5/29 01:00,0,8.347360231,1243
2023/5/29 01:15,0,7.329999779,1236
2023/5/29 01:30,0,9.254592603,1243
2023/5/29 01:45,0,10.66622048,1243
2023/5/29 02:00,0,8.705831195,1255
2023/5/29 02:15,0,5.714106632,1257.5
2023/5/29 02:30,0,3.807768762,1238.25
2023/5/29 02:45,0,3.933332834,1228.75
2023/5/29 03:00,0,5.367179434,1231
2023/5/29 03:15,0,4.156544154,1233.5
2023/5/29 03:30,0,3.614548574,1257.5
2023/5/29 03:45,0,2.158387832,1257.5
2023/5/29 04:00,0,2.349508364,1245.5
2023/5/29 04:15,0,2.703051939,1236
2023/5/29 04:30,0,3.072812449,1248
2023/5/29 04:45,0,3.242302127,1250.25
2023/5/29 05:00,0,3.026903138,1240.75
2023/5/29 05:15,8.445847548,3.969575848,1257.5
2023/5/29 05:30,27.50775565,3.523990465,1252.75
2023/5/29 05:45,47.26924937,2.971245302,1257.5
2023/5/29 06:00,87.72960111,2.800565332,1245.5
2023/5/29 06:15,141.0295256,2.721979632,1238.25
2023/5/29 06:30,205.9620003,2.469992966,1240.75
2023/5/29 06:45,278.5591158,1.369423506,1255
2023/5/29 07:00,366.818687,1.318254479,1276.75
2023/5/29 07:15,453.9994076,0.761341629,1286.25
2023/5/29 07:30,535.2257987,1.083888009,1317.5
2023/5/29 07:45,606.0634773,1.106435001,1320
2023/5/29 08:00,678.6643564,0.695042128,1334.25
2023/5/29 08:15,739.1096226,0.716794564,1336.75
2023/5/29 08:30,813.6939357,0.918714318,1334.25
2023/5/29 08:45,865.0673346,2.600372292,1336.75
2023/5/29 09:00,882.5930307,2.707952766,1336.75
2023/5/29 09:15,921.884588,2.690317304,1363
2023/5/29 09:30,963.24688,3.313295172,1375
2023/5/29 09:45,976.5331886,3.325021302,1389.5
2023/5/29 10:00,992.5753585,2.88007869,1392
2023/5/29 10:15,1018.329516,3.388919684,1382.25
2023/5/29 10:30,1042.719902,3.884037539,1387
2023/5/29 10:45,1059.923494,5.239417624,1396.75
2023/5/29 11:00,1075.808642,5.487099386,1401.5
2023/5/29 11:15,1071.067888,4.840224838,1401.5
2023/5/29 11:30,1046.568546,6.172549969,1404
2023/5/29 11:45,1054.512692,6.83405195,1408.75
2023/5/29 12:00,1032.174558,9.25334042,1375
2023/5/29 12:15,1062.140181,13.26978807,1358.25
2023/5/29 12:30,1100.732184,14.77508131,1360.75
2023/5/29 12:45,1074.109965,16.20240447,1356
2023/5/29 13:00,1065.058021,16.82240999,1365.5
2023/5/29 13:15,1083.183666,18.08111218,1372.75
2023/5/29 13:30,1115.236694,25.37133564,1392
2023/5/29 13:45,1081.738892,28.31685939,1423
2023/5/29 14:00,1051.050605,33.46284994,1425.5
2023/5/29 14:15,967.6539159,40.86100154,1428
2023/5/29 14:30,862.3032829,50.54245092,1432.75
2023/5/29 14:45,782.1856263,58.49080184,1399
2023/5/29 15:00,701.6801442,47.37885338,1401.5
2023/5/29 15:15,614.4386509,60.52345805,1380
2023/5/29 15:30,463.0623799,66.73608719,1404
2023/5/29 15:45,330.28134,83.1107134,1387
2023/5/29 16:00,266.6070701,100.7269771,1428
2023/5/29 16:15,208.759224,112.5623512,1389.5
2023/5/29 16:30,175.5702548,117.4991606,1380
2023/5/29 16:45,155.5016338,117.5701123,1368
2023/5/29 17:00,141.2366441,110.7354023,1358.25
2023/5/29 17:15,116.4924807,126.7757452,1353.5
2023/5/29 17:30,90.70197575,168.9890139,1358.25
2023/5/29 17:45,62.10544523,152.3011075,1348.75
2023/5/29 18:00,43.54179523,117.7364513,1332
2023/5/29 18:15,30.66141366,89.09187683,1322.25
2023/5/29 18:30,20.2714924,89.42341469,1308
2023/5/29 18:45,13.70608437,98.19083135,1320
2023/5/29 19:00,0.055168166,128.6370572,1320
2023/5/29 19:15,0,190.0925853,1276.75
2023/5/29 19:30,0,246.5863837,1298.25
2023/5/29 19:45,0,251.6602775,1281.5
2023/5/29 20:00,0,164.7174364,1260
2023/5/29 20:15,0,154.3758684,1260
2023/5/29 20:30,0,124.4802473,1260
2023/5/29 20:45,0,87.33991303,1252.75
2023/5/29 21:00,0,70.33078051,1238.25
2023/5/29 21:15,0,75.18181778,1236
2023/5/29 21:30,0,84.79066598,1240.75
2023/5/29 21:45,0,120.6586117,1248
2023/5/29 22:00,0,125.9588731,1245.5
2023/5/29 22:15,0,100.8298582,1240.75
2023/5/29 22:30,0,101.8625183,1238.25
2023/5/29 22:45,0,118.5826518,1233.5
2023/5/29 23:00,0,151.6115429,1236
2023/5/29 23:15,0,172.4267592,1257.5
2023/5/29 23:30,0,210.5612094,1260
2023/5/29 23:45,0,244.3812998,1250.25
2023/5/30 00:00,0,227.5832584,1250.25
2023/5/30 00:15,0,187.5246206,1238.25
2023/5/30 00:30,0,157.8002954,1243
2023/5/30 00:45,0,159.9504508,1236
2023/5/30 01:00,0,163.580484,1238.25
2023/5/30 01:15,0,164.7654361,1233.5
2023/5/30 01:30,0,167.6524865,1226.25
2023/5/30 01:45,0,175.8757953,1236
2023/5/30 02:00,0,179.6704142,1236
2023/5/30 02:15,0,184.6302755,1245.5
2023/5/30 02:30,0,198.1825923,1248
2023/5/30 02:45,0,228.8672096,1250.25
2023/5/30 03:00,0,234.1728554,1231
2023/5/30 03:15,0,223.0033394,1228.75
2023/5/30 03:30,0,235.4495017,1236
2023/5/30 03:45,0,267.7461642,1224
2023/5/30 04:00,0,273.5705333,1224
2023/5/30 04:15,0,275.8262811,1226.25
2023/5/30 04:30,0,237.8921687,1216.75
2023/5/30 04:45,0,218.7003224,1212
2023/5/30 05:00,0,216.4869403,1212
2023/5/30 05:15,7.088722618,190.6787526,1219
2023/5/30 05:30,28.04753701,169.925415,1207
2023/5/30 05:45,44.4372587,163.3987851,1228.75
2023/5/30 06:00,91.05854253,149.4806561,1219
2023/5/30 06:15,146.2165777,154.3140108,1214.25
2023/5/30 06:30,219.3300502,149.8498645,1207
2023/5/30 06:45,297.3652358,142.2473608,1212
2023/5/30 07:00,374.4266616,143.6866764,1236
2023/5/30 07:15,448.1033364,148.2761747,1260
2023/5/30 07:30,522.6232998,147.9913904,1269.5
2023/5/30 07:45,618.6552922,160.8958024,1286.25
2023/5/30 08:00,696.5549884,173.3564568,1300.75
2023/5/30 08:15,762.9671591,175.3321591,1300.75
2023/5/30 08:30,832.3692419,178.4460456,1317.5
2023/5/30 08:45,889.0871923,200.0848045,1346.25
2023/5/30 09:00,934.3065987,209.8046693,1312.75
2023/5/30 09:15,965.7975626,202.6473377,1327
2023/5/30 09:30,974.534444,214.2561089,1351
2023/5/30 09:45,1023.00376,222.2986877,1358.25
2023/5/30 10:00,1039.761407,226.6747968,1375
2023/5/30 10:15,1053.877657,227.4297381,1389.5
2023/5/30 10:30,1081.702162,234.7792054,1399
2023/5/30 10:45,1125.707476,249.5709168,1387
2023/5/30 11:00,1157.517006,259.2080659,1396.75
2023/5/30 11:15,1186.473709,257.0305663,1399
2023/5/30 11:30,1197.91043,266.0136269,1411
2023/5/30 11:45,1208.19112,291.8326353,1399
2023/5/30 12:00,1198.905823,300.6953,1377.5
2023/5/30 12:15,1173.44562,304.6489019,1339
2023/5/30 12:30,1104.828503,301.242345,1329.5
2023/5/30 12:45,1013.962067,284.8570458,1327
2023/5/30 13:00,978.841916,262.6219994,1332
2023/5/30 13:15,931.8902303,258.3433421,1360.75
2023/5/30 13:30,908.0041723,267.0048932,1387
2023/5/30 13:45,862.1749837,279.0513991,1399
2023/5/30 14:00,836.0873242,281.8921253,1380
2023/5/30 14:15,824.683687,282.8151479,1387
2023/5/30 14:30,815.4557886,280.784948,1358.25
2023/5/30 14:45,763.686196,281.3830642,1392
2023/5/30 15:00,711.0739835,263.2567374,1375
2023/5/30 15:15,657.5956389,253.0616743,1358.25
2023/5/30 15:30,623.4121035,221.8986173,1372.75
2023/5/30 15:45,599.485746,223.3695461,1339
2023/5/30 16:00,570.3623245,246.8719784,1336.75
2023/5/30 16:15,553.6754344,236.2180914,1336.75
2023/5/30 16:30,509.3951289,238.7038466,1356
2023/5/30 16:45,432.6337544,229.1062797,1344
2023/5/30 17:00,358.5722039,219.8015976,1327
2023/5/30 17:15,308.9755299,207.6816659,1315
2023/5/30 17:30,248.1235286,183.0285598,1320
2023/5/30 17:45,205.3265777,176.5636313,1317.5
2023/5/30 18:00,150.3306531,147.6937838,1303
2023/5/30 18:15,77.5891881,139.0658498,1296
2023/5/30 18:30,32.08993487,122.1920208,1279
2023/5/30 18:45,19.98751988,104.6141508,1303
2023/5/30 19:00,0.067600955,97.99157379,1274.25
2023/5/30 19:15,0,89.12482996,1274.25
2023/5/30 19:30,0,80.51981796,1267
2023/5/30 19:45,0,82.60629577,1269.5
2023/5/30 20:00,0,87.06203489,1257.5
2023/5/30 20:15,0,92.89626472,1260
2023/5/30 20:30,0,81.21710783,1272
2023/5/30 20:45,0,78.49734584,1240.75
2023/5/30 21:00,0,77.56709086,1224
2023/5/30 21:15,0,82.96754956,1228.75
2023/5/30 21:30,0,99.49214395,1233.5
2023/5/30 21:45,0,111.3657126,1238.25
2023/5/30 22:00,0,118.9922295,1221.5
2023/5/30 22:15,0,135.5888364,1226.25
2023/5/30 22:30,0,145.1823304,1226.25
2023/5/30 22:45,0,132.1780709,1224
2023/5/30 23:00,0,135.7292344,1224
2023/5/30 23:15,0,126.8792281,1240.75
2023/5/30 23:30,0,117.7203184,1226.25
2023/5/30 23:45,0,102.3315328,1216.75
2023/5/31 00:00,0,107.5674037,1214.25
2023/5/31 00:15,0,133.3026444,1207
2023/5/31 00:30,0,163.3383946,1221.5
2023/5/31 00:45,0,182.533869,1243
2023/5/31 01:00,0,200.8223374,1221.5
2023/5/31 01:15,0,220.9038506,1238.25
2023/5/31 01:30,0,215.5586511,1236
2023/5/31 01:45,0,189.1663443,1233.5
2023/5/31 02:00,0,192.3389356,1228.75
2023/5/31 02:15,0,199.42303,1236
2023/5/31 02:30,0,209.7641519,1233.5
2023/5/31 02:45,0,222.2580143,1226.25
2023/5/31 03:00,0,235.1095093,1224
2023/5/31 03:15,0,234.8271807,1240.75
2023/5/31 03:30,0,127.143711,1233.5
2023/5/31 03:45,0,150.1618824,1228.75
2023/5/31 04:00,0,171.1205655,1224
2023/5/31 04:15,0,165.6676353,1226.25
2023/5/31 04:30,0,167.9822118,1214.25
2023/5/31 04:45,0,164.4252473,1214.25
2023/5/31 05:00,0,170.6549999,1214.25
2023/5/31 05:15,0.586942551,143.3239356,1207
2023/5/31 05:30,12.03870819,133.8556507,1216.75
2023/5/31 05:45,38.6436377,258.358276,1214.25
2023/5/31 06:00,77.38948919,270.8568201,1207
2023/5/31 06:15,125.156652,259.3300211,1212
2023/5/31 06:30,179.5010993,233.142325,1202.25
2023/5/31 06:45,238.8666376,239.9673134,1200
2023/5/31 07:00,309.8148646,216.3351933,1221.5
2023/5/31 07:15,382.361463,194.2853028,1209.5
2023/5/31 07:30,464.519123,246.0052507,1221.5
2023/5/31 07:45,568.5000276,248.1273078,1240.75
2023/5/31 08:00,649.2779934,247.4225262,1245.5
2023/5/31 08:15,722.1852462,263.9251007,1248
2023/5/31 08:30,806.9623944,276.2181899,1260
2023/5/31 08:45,911.8316987,251.7622552,1245.5
2023/5/31 09:00,966.5597972,220.8176364,1243
2023/5/31 09:15,1031.386492,208.3771338,1245.5
2023/5/31 09:30,1048.13089,218.6769747,1250.25
2023/5/31 09:45,1064.022847,215.9158628,1250.25
2023/5/31 10:00,1033.519645,211.1112678,1267
2023/5/31 10:15,969.4803703,213.5789958,1255
2023/5/31 10:30,937.682278,203.8814038,1260
2023/5/31 10:45,942.150554,224.0719077,1269.5
2023/5/31 11:00,961.2131561,258.0169533,1260
2023/5/31 11:15,992.7131947,261.0234055,1274.25
2023/5/31 11:30,1042.723881,229.514863,1276.75
2023/5/31 11:45,1082.704237,257.9250418,1260
2023/5/31 12:00,1088.248739,305.9169329,1257.5
2023/5/31 12:15,1064.861042,334.2710461,1257.5
2023/5/31 12:30,1026.319022,343.1298512,1248
2023/5/31 12:45,964.3553728,244.9704371,1250.25
2023/5/31 13:00,919.679197,212.5778307,1260
2023/5/31 13:15,902.9995393,253.7776656,1262.25
2023/5/31 13:30,868.9210502,300.243841,1274.25
2023/5/31 13:45,892.6464522,333.5198979,1267
2023/5/31 14:00,868.0494099,366.4259817,1269.5
2023/5/31 14:15,743.6299347,367.8231789,1264.75
2023/5/31 14:30,678.6974783,359.7631187,1269.5
2023/5/31 14:45,595.8369876,348.8112293,1272
2023/5/31 15:00,527.5011856,364.3021844,1257.5
2023/5/31 15:15,502.0738276,364.0042748,1255
2023/5/31 15:30,517.5143916,356.7727789,1267
2023/5/31 15:45,513.3733885,358.3658069,1269.5
2023/5/31 16:00,490.4308225,381.4332041,1264.75
2023/5/31 16:15,455.2057728,378.4108389,1272
2023/5/31 16:30,419.1992879,349.7078742,1248
2023/5/31 16:45,378.6492408,322.6767058,1245.5
2023/5/31 17:00,319.6338189,336.340982,1250.25
2023/5/31 17:15,280.3184595,335.6522696,1240.75
2023/5/31 17:30,236.9472441,298.2125562,1243
2023/5/31 17:45,191.2118148,262.3445766,1260
2023/5/31 18:00,143.107062,236.8712764,1245.5
2023/5/31 18:15,90.7888687,203.3825386,1243
2023/5/31 18:30,43.88540703,203.2286844,1238.25
2023/5/31 18:45,9.643722905,194.2680848,1233.5
2023/5/31 19:00,0.257350634,180.9480093,1228.75
2023/5/31 19:15,0,169.8432673,1255
2023/5/31 19:30,0,164.160823,1240.75
2023/5/31 19:45,0,158.5371927,1240.75
2023/5/31 20:00,0,167.5245308,1236
2023/5/31 20:15,0,175.8665504,1238.25
2023/5/31 20:30,0,196.6940764,1236
2023/5/31 20:45,0,205.5216358,1245.5
2023/5/31 21:00,0,186.1447631,1238.25
2023/5/31 21:15,0,181.2303284,1238.25
2023/5/31 21:30,0,174.0041619,1248
2023/5/31 21:45,0,164.5234846,1238.25
2023/5/31 22:00,0,155.9136763,1243
2023/5/31 22:15,0,147.1268153,1267
2023/5/31 22:30,0,144.8532085,1252.75
2023/5/31 22:45,0,142.7567991,1240.75
2023/5/31 23:00,0,154.7534506,1236
2023/5/31 23:15,0,180.2868383,1243
2023/5/31 23:30,0,181.0971854,1231
2023/5/31 23:45,0,160.7577289,1243
2023/6/1 00:00,0,171.8332638,1240.75
2023/6/1 00:15,0,177.3397795,1216.75
2023/6/1 00:30,0,187.8714427,1219
2023/6/1 00:45,0,231.1502162,1216.75
2023/6/1 01:00,0,233.8025891,1221.5
2023/6/1 01:15,0,207.3460986,1238.25
2023/6/1 01:30,0,211.5432262,1233.5
2023/6/1 01:45,0,206.5605326,1226.25
2023/6/1 02:00,0,220.411374,1221.5
2023/6/1 02:15,0,215.6550562,1233.5
2023/6/1 02:30,0,195.7693925,1214.25
2023/6/1 02:45,0,183.1739936,1231
2023/6/1 03:00,0,170.7481365,1219
2023/6/1 03:15,0,157.0605974,1228.75
2023/6/1 03:30,0,152.523147,1226.25
2023/6/1 03:45,0,142.329283,1219
2023/6/1 04:00,0,145.9914795,1221.5
2023/6/1 04:15,0,146.7606698,1228.75
2023/6/1 04:30,0,145.3183368,1226.25
2023/6/1 04:45,0,137.1188634,1216.75
2023/6/1 05:00,0,127.506524,1219
2023/6/1 05:15,2.025800855,134.3926931,1214.25
2023/6/1 05:30,21.9437242,134.9444956,1209.5
2023/6/1 05:45,55.67872662,128.4004976,1231
2023/6/1 06:00,106.1327568,120.8028265,1224
2023/6/1 06:15,172.5967045,117.4229811,1207
2023/6/1 06:30,252.8475036,122.8168984,1200
2023/6/1 06:45,348.4164655,124.6328117,1207
2023/6/1 07:00,431.8567526,139.9540188,1209.5
2023/6/1 07:15,521.26434,147.4664115,1219
2023/6/1 07:30,600.6603252,135.5755789,1250.25
2023/6/1 07:45,680.6341864,127.0921093,1243
2023/6/1 08:00,750.8073729,125.3747481,1250.25
2023/6/1 08:15,838.346018,127.9476101,1262.25
2023/6/1 08:30,922.1146433,130.9496943,1252.75
2023/6/1 08:45,990.838797,131.4692993,1245.5
2023/6/1 09:00,1054.393794,139.7010455,1250.25
2023/6/1 09:15,1113.05361,158.8036922,1240.75
2023/6/1 09:30,1154.546707,159.0033986,1245.5
2023/6/1 09:45,1195.342156,157.4891436,1245.5
2023/6/1 10:00,1213.972951,164.9591953,1252.75
2023/6/1 10:15,1270.356711,170.7384985,1257.5
2023/6/1 10:30,1302.633575,174.735879,1269.5
2023/6/1 10:45,1338.298481,206.7880453,1267
2023/6/1 11:00,1345.517256,234.1933666,1257.5
2023/6/1 11:15,1378.791151,250.407668,1264.75
2023/6/1 11:30,1378.6781,270.9800683,1252.75
2023/6/1 11:45,1372.492586,298.4397756,1264.75
2023/6/1 12:00,1351.873684,314.3303209,1272
2023/6/1 12:15,1337.918138,331.4473549,1250.25
2023/6/1 12:30,1351.520876,345.1303519,1257.5
2023/6/1 12:45,1349.970071,329.8536604,1245.5
2023/6/1 13:00,1318.652966,355.3607503,1260
2023/6/1 13:15,1295.647769,396.2049989,1272
2023/6/1 13:30,1282.056748,398.7430064,1288.75
2023/6/1 13:45,1252.86044,393.1233927,1288.75
2023/6/1 14:00,1229.417352,406.9853967,1274.25
2023/6/1 14:15,1173.496533,413.5815827,1264.75
2023/6/1 14:30,1090.10642,411.1084736,1248
2023/6/1 14:45,1022.45712,416.4914107,1255
2023/6/1 15:00,951.7411275,400.3453375,1267
2023/6/1 15:15,884.7031615,389.2722087,1267
2023/6/1 15:30,815.687552,384.0853501,1272
2023/6/1 15:45,708.0122174,388.1160669,1276.75
2023/6/1 16:00,604.2267218,396.7181575,1274.25
2023/6/1 16:15,525.2838515,395.1945438,1269.5
2023/6/1 16:30,435.3138098,381.1202842,1279
2023/6/1 16:45,352.3612787,369.1747148,1264.75
2023/6/1 17:00,283.0300808,343.8393732,1248
2023/6/1 17:15,220.077102,324.5704444,1236
2023/6/1 17:30,170.5414627,319.3857072,1243
2023/6/1 17:45,125.3001624,313.0802315,1238.25
2023/6/1 18:00,89.64179224,295.2641584,1250.25
2023/6/1 18:15,63.52690285,312.9388657,1233.5
2023/6/1 18:30,32.12459633,301.5317246,1219
2023/6/1 18:45,8.33064533,276.0183442,1219
2023/6/1 19:00,0.177156092,285.8583947,1226.25
2023/6/1 19:15,0,260.4022463,1224
2023/6/1 19:30,0,242.9160081,1236
2023/6/1 19:45,0,206.1719515,1252.75
2023/6/1 20:00,0,175.45796,1238.25
2023/6/1 20:15,0,159.5667225,1257.5
2023/6/1 20:30,0,148.2332526,1252.75
2023/6/1 20:45,0,130.0968632,1248
2023/6/1 21:00,0,133.4714414,1260
2023/6/1 21:15,0,125.5674254,1257.5
2023/6/1 21:30,0,119.334356,1248
2023/6/1 21:45,0,124.7744014,1252.75
2023/6/1 22:00,0,119.3742087,1248
2023/6/1 22:15,0,97.49038979,1250.25
2023/6/1 22:30,0,91.4745694,1257.5
2023/6/1 22:45,0,96.03047864,1267
2023/6/1 23:00,0,93.12229447,1255
2023/6/1 23:15,0,101.1047644,1252.75
2023/6/1 23:30,0,104.7854051,1252.75
2023/6/1 23:45,0,94.58600247,1245.5
2023/6/2 00:00,0,88.82207301,1248
2023/6/2 00:15,0,78.74834221,1248
2023/6/2 00:30,0,86.6066365,1231
2023/6/2 00:45,0,90.11153972,1212
2023/6/2 01:00,0,84.68999534,1226.25
2023/6/2 01:15,0,83.85406562,1228.75
2023/6/2 01:30,0,74.50626044,1248
2023/6/2 01:45,0,65.31749742,1252.75
2023/6/2 02:00,0,65.65554659,1240.75
2023/6/2 02:15,0,63.9244085,1236
2023/6/2 02:30,0,67.02930262,1226.25
2023/6/2 02:45,0,70.90534878,1233.5
2023/6/2 03:00,0,70.27070271,1240.75
2023/6/2 03:15,0,75.07157721,1240.75
2023/6/2 03:30,0,80.23418288,1224
2023/6/2 03:45,0,83.77589225,1224
2023/6/2 04:00,0,78.00061757,1233.5
2023/6/2 04:15,0,77.21488656,1224
2023/6/2 04:30,0,70.640193,1243
2023/6/2 04:45,0,71.51206588,1245.5
2023/6/2 05:00,0,78.59048631,1243
2023/6/2 05:15,1.112341115,80.65905824,1228.75
2023/6/2 05:30,16.69207597,76.26383826,1226.25
2023/6/2 05:45,45.73172694,78.92938624,1216.75
2023/6/2 06:00,90.85508369,75.47616361,1221.5
2023/6/2 06:15,151.2107849,76.40488906,1228.75
2023/6/2 06:30,225.1768298,75.79175933,1224
2023/6/2 06:45,312.4214557,73.72230615,1219
2023/6/2 07:00,412.0492311,72.06810955,1240.75
2023/6/2 07:15,510.1144609,74.28466675,1252.75
2023/6/2 07:30,590.051836,85.85510939,1286.25
2023/6/2 07:45,669.4464416,97.32623429,1305.5
2023/6/2 08:00,752.5947293,110.8528742,1327
2023/6/2 08:15,801.7820713,128.6554546,1317.5
2023/6/2 08:30,871.4641207,141.1731622,1327
2023/6/2 08:45,917.4661366,139.7582377,1317.5
2023/6/2 09:00,942.6426425,147.4576089,1360.75
2023/6/2 09:15,985.8292418,157.8808026,1372.75
2023/6/2 09:30,1060.621459,174.8473986,1413.5
2023/6/2 09:45,1136.25513,172.205887,1416
2023/6/2 10:00,1137.370275,213.5194232,1411
2023/6/2 10:15,1181.393064,249.9462443,1389.5
2023/6/2 10:30,1201.914746,261.4520586,1408.75
2023/6/2 10:45,1234.460345,269.0595716,1406.25
2023/6/2 11:00,1266.536823,270.721065,1392
2023/6/2 11:15,1289.974789,284.9428585,1413.5
2023/6/2 11:30,1288.706093,289.867577,1392
2023/6/2 11:45,1314.965537,296.7576166,1394.25
2023/6/2 12:00,1325.371871,303.7927853,1392
2023/6/2 12:15,1337.961282,305.9583795,1382.25
2023/6/2 12:30,1335.750826,324.8287572,1380
2023/6/2 12:45,1314.543173,336.2058984,1356
2023/6/2 13:00,1284.490905,354.4073756,1368
2023/6/2 13:15,1263.096441,357.6023036,1389.5
2023/6/2 13:30,1219.452756,360.1753514,1435
2023/6/2 13:45,1185.644707,355.460904,1430.25
2023/6/2 14:00,1165.250838,349.3355038,1420.75
2023/6/2 14:15,1116.991231,341.3939599,1416
2023/6/2 14:30,1059.991358,338.755264,1413.5
2023/6/2 14:45,1017.179476,336.0854818,1404
2023/6/2 15:00,968.4054215,328.8973989,1413.5
2023/6/2 15:15,926.9005726,318.496667,1389.5
2023/6/2 15:30,878.6212003,316.0362593,1392
2023/6/2 15:45,804.1514237,328.659428,1389.5
2023/6/2 16:00,684.4717816,321.4438555,1387
2023/6/2 16:15,612.387532,334.2854986,1408.75
2023/6/2 16:30,522.9173665,327.2617517,1404
2023/6/2 16:45,419.4944333,319.4762435,1401.5
2023/6/2 17:00,369.9223308,314.2954002,1346.25
2023/6/2 17:15,311.7508364,305.114741,1356
2023/6/2 17:30,243.2441333,302.940049,1336.75
2023/6/2 17:45,170.9461941,278.4860811,1317.5
2023/6/2 18:00,122.0732195,276.8520585,1315
2023/6/2 18:15,69.05849883,266.3488192,1303
2023/6/2 18:30,35.39298575,237.7092396,1286.25
2023/6/2 18:45,9.996665837,229.6338324,1281.5
2023/6/2 19:00,0.080020506,222.7305959,1276.75
2023/6/2 19:15,0,203.0548039,1293.5
2023/6/2 19:30,0,191.7514751,1303
2023/6/2 19:45,0,199.0744591,1324.75
2023/6/2 20:00,0,199.3811134,1286.25
2023/6/2 20:15,0,194.1622195,1291
2023/6/2 20:30,0,198.7944318,1276.75
2023/6/2 20:45,0,220.1538812,1279
2023/6/2 21:00,0,221.3006233,1276.75
2023/6/2 21:15,0,224.0239403,1288.75
2023/6/2 21:30,0,233.6645084,1298.25
2023/6/2 21:45,0,243.6346814,1288.75
2023/6/2 22:00,0,242.6239486,1288.75
2023/6/2 22:15,0,241.9317679,1284
2023/6/2 22:30,0,258.3610704,1267
2023/6/2 22:45,0,288.6209859,1286.25
2023/6/2 23:00,0,303.6860006,1269.5
2023/6/2 23:15,0,324.4442215,1269.5
2023/6/2 23:30,0,341.6470615,1281.5
2023/6/2 23:45,0,351.5157232,1262.25
2023/6/3 00:00,0,351.8110224,1264.75
2023/6/3 00:15,0,361.5817121,1272
2023/6/3 00:30,0,365.8313519,1252.75
2023/6/3 00:45,0,365.1187218,1245.5
2023/6/3 01:00,0,351.4579987,1240.75
2023/6/3 01:15,0,345.9321484,1238.25
2023/6/3 01:30,0,347.9138107,1260
2023/6/3 01:45,0,335.2781148,1252.75
2023/6/3 02:00,0,329.1323376,1260
2023/6/3 02:15,0,314.5095078,1245.5
2023/6/3 02:30,0,316.6812953,1243
2023/6/3 02:45,0,306.8338537,1238.25
2023/6/3 03:00,0,303.2992213,1255
2023/6/3 03:15,0,290.0952612,1262.25
2023/6/3 03:30,0,300.5556624,1262.25
2023/6/3 03:45,0,287.4966433,1248
2023/6/3 04:00,0,273.7315382,1257.5
2023/6/3 04:15,0,274.0200817,1231
2023/6/3 04:30,0,279.9159804,1240.75
2023/6/3 04:45,0,286.4841246,1236
2023/6/3 05:00,0,288.4558384,1240.75
2023/6/3 05:15,0.647056828,270.9056253,1243
2023/6/3 05:30,11.30163863,253.7859348,1255
2023/6/3 05:45,34.18143793,245.1380666,1243
2023/6/3 06:00,75.84699679,241.2578364,1250.25
2023/6/3 06:15,136.5108545,237.3317643,1240.75
2023/6/3 06:30,212.5573775,244.7345705,1240.75
2023/6/3 06:45,307.174635,263.9253316,1236
2023/6/3 07:00,390.6980164,284.9063535,1257.5
2023/6/3 07:15,484.9000771,286.7357987,1269.5
2023/6/3 07:30,569.8673598,298.9898983,1303
2023/6/3 07:45,661.2233463,306.2662381,1320
2023/6/3 08:00,749.7357018,317.6862698,1329.5
2023/6/3 08:15,833.171608,319.801754,1322.25
2023/6/3 08:30,905.432357,317.4356629,1341.5
2023/6/3 08:45,970.899576,311.2930179,1372.75
2023/6/3 09:00,1036.684401,310.6565431,1382.25
2023/6/3 09:15,1083.027515,315.4981213,1346.25
2023/6/3 09:30,1108.222934,306.9059604,1404
2023/6/3 09:45,1179.520219,307.5988329,1387
2023/6/3 10:00,1230.838654,311.2635283,1392
2023/6/3 10:15,1265.490215,313.1723505,1406.25
2023/6/3 10:30,1296.44455,323.321028,1394.25
2023/6/3 10:45,1312.407528,327.0431173,1382.25
2023/6/3 11:00,1348.772741,317.620957,1401.5
2023/6/3 11:15,1358.715555,335.6814998,1380
2023/6/3 11:30,1381.861296,351.3589613,1363
2023/6/3 11:45,1391.140582,350.3169886,1387
2023/6/3 12:00,1379.407899,363.8905926,1375
2023/6/3 12:15,1386.384794,385.6337197,1365.5
2023/6/3 12:30,1380.906836,387.220065,1363
2023/6/3 12:45,1364.559039,392.0360169,1346.25
2023/6/3 13:00,1358.804043,388.2089089,1353.5
2023/6/3 13:15,1339.212032,387.6445932,1387
2023/6/3 13:30,1317.251364,390.9866326,1399
2023/6/3 13:45,1283.600946,406.7378187,1399
2023/6/3 14:00,1241.448646,405.757588,1420.75
2023/6/3 14:15,1200.628077,409.4894159,1406.25
2023/6/3 14:30,1149.007675,415.3228375,1413.5
2023/6/3 14:45,1099.156234,458.4705219,1404
2023/6/3 15:00,1038.354135,491.3807537,1382.25
2023/6/3 15:15,979.5173289,523.4081998,1389.5
2023/6/3 15:30,898.4799489,549.3597049,1389.5
2023/6/3 15:45,778.600813,483.8901037,1368
2023/6/3 16:00,664.5483554,451.8320645,1346.25
2023/6/3 16:15,572.0020568,430.753318,1346.25
2023/6/3 16:30,453.9978282,412.0130392,1356
2023/6/3 16:45,371.9085299,394.6019002,1341.5
2023/6/3 17:00,296.9952661,375.3275006,1332
2023/6/3 17:15,240.1447987,367.4355964,1327
2023/6/3 17:30,190.2581017,365.18415,1312.75
2023/6/3 17:45,140.5266797,337.3424628,1310.25
2023/6/3 18:00,96.68623591,313.5303,1293.5
2023/6/3 18:15,58.39714845,314.0375955,1291
2023/6/3 18:30,28.92921986,319.3775949,1284
2023/6/3 18:45,6.832697618,319.354138,1267
2023/6/3 19:00,0.09685758,314.6721598,1257.5
2023/6/3 19:15,0,320.3911089,1267
2023/6/3 19:30,0,318.7984191,1264.75
2023/6/3 19:45,0,321.8526671,1269.5
2023/6/3 20:00,0,332.1104133,1255
2023/6/3 20:15,0,354.2086165,1262.25
2023/6/3 20:30,0,358.7793957,1255
2023/6/3 20:45,0,362.4299578,1267
2023/6/3 21:00,0,376.0859556,1250.25
2023/6/3 21:15,0,384.7345117,1248
2023/6/3 21:30,0,378.0126188,1250.25
2023/6/3 21:45,0,373.1187975,1236
2023/6/3 22:00,0,352.1377229,1243
2023/6/3 22:15,0,339.0123455,1233.5
2023/6/3 22:30,0,353.3227893,1231
2023/6/3 22:45,0,343.9692896,1243
2023/6/3 23:00,0,343.7575218,1245.5
2023/6/3 23:15,0,344.1641064,1257.5
2023/6/3 23:30,0,345.4873017,1240.75
2023/6/3 23:45,0,336.0373715,1226.25
2023/6/4 00:00,0,324.2020205,1228.75
2023/6/4 00:15,0,308.297456,1224
2023/6/4 00:30,0,301.8196519,1214.25
2023/6/4 00:45,0,314.0039946,1214.25
2023/6/4 01:00,0,322.1366476,1231
2023/6/4 01:15,0,324.3956524,1212
2023/6/4 01:30,0,321.5588607,1212
2023/6/4 01:45,0,308.2797024,1212
2023/6/4 02:00,0,302.9951928,1231
2023/6/4 02:15,0,300.5926553,1221.5
2023/6/4 02:30,0,290.6330443,1219
2023/6/4 02:45,0,288.3537571,1221.5
2023/6/4 03:00,0,293.2352071,1236
2023/6/4 03:15,0,309.8596364,1224
2023/6/4 03:30,0,335.0278625,1219
2023/6/4 03:45,0,330.7870969,1228.75
2023/6/4 04:00,0,320.7377974,1219
2023/6/4 04:15,0,318.9682543,1219
2023/6/4 04:30,0,316.7694569,1226.25
2023/6/4 04:45,0,317.5946834,1216.75
2023/6/4 05:00,0,317.0189705,1221.5
2023/6/4 05:15,0.909504189,323.1265261,1221.5
2023/6/4 05:30,17.19295581,332.0884905,1219
2023/6/4 05:45,47.14003478,338.7359346,1214.25
2023/6/4 06:00,90.43883894,341.4128799,1207
2023/6/4 06:15,149.6702877,345.1133719,1214.25
2023/6/4 06:30,221.553585,340.8121338,1214.25
2023/6/4 06:45,304.4543102,343.3742839,1250.25
2023/6/4 07:00,398.8050949,341.3341547,1238.25
2023/6/4 07:15,488.2175208,338.8493135,1274.25
2023/6/4 07:30,566.3747933,346.4504834,1284
2023/6/4 07:45,661.0260246,359.4332918,1303
2023/6/4 08:00,742.9227779,367.8353015,1310.25
2023/6/4 08:15,820.3503253,379.8127245,1329.5
2023/6/4 08:30,879.1393247,399.9396628,1351
2023/6/4 08:45,961.6628682,399.0023159,1358.25
2023/6/4 09:00,1022.402344,386.0703883,1365.5
2023/6/4 09:15,1078.511969,383.4806406,1392
2023/6/4 09:30,1132.560013,383.2694723,1384.75
2023/6/4 09:45,1181.971165,385.4385853,1375
2023/6/4 10:00,1216.038049,390.8676747,1372.75
2023/6/4 10:15,1250.503693,399.882615,1394.25
2023/6/4 10:30,1277.757719,398.4270498,1394.25
2023/6/4 10:45,1299.032656,282.0198232,1413.5
2023/6/4 11:00,1325.650045,275.3630537,1399
2023/6/4 11:15,1335.412326,270.28291,1428
2023/6/4 11:30,1325.501125,393.6703518,1411
2023/6/4 11:45,1341.115999,398.586576,1401.5
2023/6/4 12:00,1332.782965,399.9087762,1392
2023/6/4 12:15,1357.911004,393.1517509,1372.75
2023/6/4 12:30,1357.130575,397.6190182,1360.75
2023/6/4 12:45,1371.184204,408.0805937,1356
2023/6/4 13:00,1360.404074,415.8276514,1394.25
2023/6/4 13:15,1329.147287,422.1962554,1377.5
2023/6/4 13:30,1294.4879,304.8798703,1380
2023/6/4 13:45,1259.835829,308.6937041,1389.5
2023/6/4 14:00,1203.755633,416.296907,1380
2023/6/4 14:15,1184.069863,418.277629,1406.25
2023/6/4 14:30,1169.092946,412.9875602,1408.75
2023/6/4 14:45,1130.185694,422.4914299,1416
2023/6/4 15:00,1058.400026,434.0223415,1423
2023/6/4 15:15,969.5369449,297.8025273,1404
2023/6/4 15:30,912.6062186,281.4465939,1406.25
2023/6/4 15:45,851.501637,403.323092,1377.5
2023/6/4 16:00,775.1717881,395.1983869,1387
2023/6/4 16:15,693.7146132,380.1166289,1365.5
2023/6/4 16:30,612.5654265,374.0069354,1389.5
2023/6/4 16:45,521.3423053,371.4128062,1382.25
2023/6/4 17:00,429.608945,355.9685246,1363
2023/6/4 17:15,340.7035017,349.7502546,1346.25
2023/6/4 17:30,247.1151517,325.4521741,1339
2023/6/4 17:45,166.7034687,322.6469145,1332
2023/6/4 18:00,101.7754692,310.3260686,1327
2023/6/4 18:15,55.56537398,302.2940547,1303
2023/6/4 18:30,28.14696159,276.5152381,1288.75
2023/6/4 18:45,10.29784769,271.4400285,1288.75
2023/6/4 19:00,0.197258742,279.6224027,1288.75
2023/6/4 19:15,0,274.9959059,1300.75
2023/6/4 19:30,0,255.7357451,1288.75
2023/6/4 19:45,0,253.4027256,1291
2023/6/4 20:00,0,264.3475699,1291
2023/6/4 20:15,0,284.4307698,1291
2023/6/4 20:30,0,286.8178395,1279
2023/6/4 20:45,0,288.9260908,1272
2023/6/4 21:00,0,281.6608854,1276.75
2023/6/4 21:15,0,282.0137573,1264.75
2023/6/4 21:30,0,290.1550038,1272
2023/6/4 21:45,0,294.9738406,1267
2023/6/4 22:00,0,297.9155808,1269.5
2023/6/4 22:15,0,305.5330887,1274.25
2023/6/4 22:30,0,306.7142505,1272
2023/6/4 22:45,0,305.0079148,1274.25
2023/6/4 23:00,0,305.5956361,1260
2023/6/4 23:15,0,298.1679666,1260
2023/6/4 23:30,0,300.211682,1267
2023/6/4 23:45,0,297.8925033,1274.25
2023/6/5 00:00,0,310.181217,1272
2023/6/5 00:15,0,308.0198702,1272
2023/6/5 00:30,0,304.6500639,1250.25
2023/6/5 00:45,0,302.6314141,1248
2023/6/5 01:00,0,284.2107767,1250.25
2023/6/5 01:15,0,275.1240301,1262.25
2023/6/5 01:30,0,273.6940951,1264.75
2023/6/5 01:45,0,279.9987755,1267
2023/6/5 02:00,0,270.3790145,1264.75
2023/6/5 02:15,0,257.0447432,1264.75
2023/6/5 02:30,0,246.8002387,1252.75
2023/6/5 02:45,0,255.2169006,1264.75
2023/6/5 03:00,0,272.5331628,1233.5
2023/6/5 03:15,0,277.5664766,1238.25
2023/6/5 03:30,0,274.702359,1250.25
2023/6/5 03:45,0,271.5270143,1264.75
2023/6/5 04:00,0,271.6129654,1262.25
2023/6/5 04:15,0,260.860397,1264.75
2023/6/5 04:30,0,252.6244467,1260
2023/6/5 04:45,0,254.38882,1248
2023/6/5 05:00,0,251.2773533,1250.25
2023/6/5 05:15,0.531701953,243.4175172,1248
2023/6/5 05:30,15.14924271,234.1284232,1238.25
2023/6/5 05:45,45.19428616,232.8069708,1257.5
2023/6/5 06:00,90.01038953,221.4455715,1240.75
2023/6/5 06:15,149.901189,220.1347172,1267
2023/6/5 06:30,221.5796661,231.6476487,1279
2023/6/5 06:45,296.7115559,242.0257095,1262.25
2023/6/5 07:00,380.1907041,247.0348754,1264.75
2023/6/5 07:15,460.1224921,254.3805625,1305.5
2023/6/5 07:30,522.9342842,263.7266519,1298.25
2023/6/5 07:45,561.3296803,277.1222523,1344
2023/6/5 08:00,598.7563126,294.3019141,1365.5
2023/6/5 08:15,709.6860396,317.0831,1370.25
2023/6/5 08:30,760.7658819,332.5041154,1389.5
2023/6/5 08:45,826.672469,339.4567096,1423
2023/6/5 09:00,893.0415254,336.0821451,1416
2023/6/5 09:15,942.7027874,343.8558382,1406.25
2023/6/5 09:30,997.8941866,351.7393144,1430.25
2023/6/5 09:45,1033.304709,354.1820048,1425.5
2023/6/5 10:00,1076.086694,347.8866056,1428
2023/6/5 10:15,1112.485359,341.9668902,1461.5
2023/6/5 10:30,1155.598452,336.0809459,1454.25
2023/6/5 10:45,1230.493885,334.5715332,1440
2023/6/5 11:00,1268.564605,333.7679871,1466.25
2023/6/5 11:15,1271.769151,326.0126784,1444.75
2023/6/5 11:30,1291.975654,324.7520622,1444.75
2023/6/5 11:45,1306.763045,318.9536482,1447
2023/6/5 12:00,1299.118938,319.0653859,1456.75
2023/6/5 12:15,1314.886574,323.500244,1428
2023/6/5 12:30,1310.09377,313.2493671,1418.25
2023/6/5 12:45,1316.204199,316.8109787,1418.25
2023/6/5 13:00,1301.743588,216.2964845,1425.5
2023/6/5 13:15,1295.919058,335.9570905,1423
2023/6/5 13:30,1273.30318,350.9282065,1459
2023/6/5 13:45,1249.86353,354.2913867,1456.75
2023/6/5 14:00,1227.236609,361.7696413,1454.25
2023/6/5 14:15,1184.33832,369.651726,1464
2023/6/5 14:30,1137.20908,375.540469,1449.5
2023/6/5 14:45,1090.912146,376.9747368,1454.25
2023/6/5 15:00,1066.267133,374.3507466,1449.5
2023/6/5 15:15,994.1312208,361.8300575,1442.25
2023/6/5 15:30,921.3862923,246.4631178,1464
2023/6/5 15:45,843.4629371,254.2311174,1456.75
2023/6/5 16:00,741.4257579,264.0171406,1423
2023/6/5 16:15,638.8558531,265.0645879,1423
2023/6/5 16:30,558.3641557,377.7824946,1396.75
2023/6/5 16:45,484.7520852,385.4927912,1387
2023/6/5 17:00,404.8397775,387.0514922,1392
2023/6/5 17:15,322.7662259,391.1366106,1375
2023/6/5 17:30,240.7501966,390.9213499,1392
2023/6/5 17:45,169.2595131,395.6655288,1377.5
2023/6/5 18:00,112.0119212,402.0987275,1363
2023/6/5 18:15,65.11494285,404.9182834,1380
2023/6/5 18:30,32.7292876,389.1537516,1372.75
2023/6/5 18:45,8.863837788,380.1022297,1382.25
2023/6/5 19:00,0.107422833,375.0124444,1360.75
2023/6/5 19:15,0,365.1855048,1344
2023/6/5 19:30,0,368.0943068,1334.25
2023/6/5 19:45,0,366.9553875,1353.5
2023/6/5 20:00,0,358.2625093,1334.25
2023/6/5 20:15,0,350.2938701,1334.25
2023/6/5 20:30,0,344.2401366,1320
2023/6/5 20:45,0,340.8742665,1312.75
2023/6/5 21:00,0,333.3716798,1300.75
2023/6/5 21:15,0,321.0896752,1312.75
2023/6/5 21:30,0,313.6259518,1308
2023/6/5 21:45,0,320.6789613,1308
2023/6/5 22:00,0,328.0207803,1315
2023/6/5 22:15,0,324.0545906,1315
2023/6/5 22:30,0,310.2134472,1315
2023/6/5 22:45,0,303.3618436,1315
2023/6/5 23:00,0,302.4473811,1303
2023/6/5 23:15,0,281.9830304,1303
2023/6/5 23:30,0,271.999124,1281.5
2023/6/5 23:45,0,263.5508807,1296
2023/6/6 00:00,0,261.8948564,1296
2023/6/6 00:15,0,256.152696,1281.5
2023/6/6 00:30,0,261.4424021,1291
2023/6/6 00:45,0,261.6960167,1279
2023/6/6 01:00,0,272.0214402,1276.75
2023/6/6 01:15,0,285.5629876,1276.75
2023/6/6 01:30,0,296.6986741,1281.5
2023/6/6 01:45,0,294.7408721,1293.5
2023/6/6 02:00,0,286.9079776,1298.25
2023/6/6 02:15,0,288.754527,1288.75
2023/6/6 02:30,0,287.6845823,1281.5
2023/6/6 02:45,0,290.8339637,1279
2023/6/6 03:00,0,297.3136343,1269.5
2023/6/6 03:15,0,292.1733402,1274.25
2023/6/6 03:30,0,286.8525383,1291
2023/6/6 03:45,0,295.1666298,1286.25
2023/6/6 04:00,0,294.1902876,1296
2023/6/6 04:15,0,276.1526223,1286.25
2023/6/6 04:30,0,252.0369509,1293.5
2023/6/6 04:45,0,249.9322087,1291
2023/6/6 05:00,0,251.0617905,1291
2023/6/6 05:15,0.51631489,274.6160719,1262.25
2023/6/6 05:30,13.24520288,289.7607696,1262.25
2023/6/6 05:45,43.50480392,302.1848889,1257.5
2023/6/6 06:00,86.61325812,306.8014926,1255
2023/6/6 06:15,141.2715113,313.0848847,1260
2023/6/6 06:30,207.6399323,316.3623217,1274.25
2023/6/6 06:45,281.8368268,320.9740448,1264.75
2023/6/6 07:00,369.1875875,326.0860068,1279
2023/6/6 07:15,459.8296268,328.183474,1293.5
2023/6/6 07:30,548.7160111,337.903482,1312.75
2023/6/6 07:45,623.871076,345.443421,1353.5
2023/6/6 08:00,705.8536626,356.2266296,1377.5
2023/6/6 08:15,762.2512229,358.7195435,1356
2023/6/6 08:30,811.4667798,368.1257098,1351
2023/6/6 08:45,874.156339,373.3297762,1368
2023/6/6 09:00,953.4482268,380.2772415,1404
2023/6/6 09:15,1025.672125,392.0934932,1389.5
2023/6/6 09:30,1091.725885,381.0875055,1406.25
2023/6/6 09:45,1178.316353,393.5027542,1413.5
2023/6/6 10:00,1225.950826,393.2000855,1394.25
2023/6/6 10:15,1258.628106,405.8290275,1399
2023/6/6 10:30,1292.342323,288.1752911,1413.5
2023/6/6 10:45,1317.57266,295.3430182,1416
2023/6/6 11:00,1364.880006,303.2589794,1425.5
2023/6/6 11:15,1372.570087,307.9547299,1437.5
2023/6/6 11:30,1378.541466,432.3110829,1420.75
2023/6/6 11:45,1399.736054,439.9027222,1416
2023/6/6 12:00,1422.78988,444.7990731,1404
2023/6/6 12:15,1429.794276,435.7041326,1396.75
2023/6/6 12:30,1418.039729,441.364641,1413.5
2023/6/6 12:45,1400.573195,317.7124404,1408.75
2023/6/6 13:00,1397.73837,443.3800888,1456.75
2023/6/6 13:15,1379.666595,448.1347186,1454.25
2023/6/6 13:30,1365.143591,448.5929512,1449.5
2023/6/6 13:45,1340.588876,444.8508346,1471
2023/6/6 14:00,1304.877086,452.5149602,1464
2023/6/6 14:15,1260.711915,446.1718208,1466.25
2023/6/6 14:30,1215.878881,445.5491741,1442.25
2023/6/6 14:45,1160.246381,445.9156022,1442.25
2023/6/6 15:00,1101.282948,422.8295267,1454.25
2023/6/6 15:15,1034.85066,420.0400718,1456.75
2023/6/6 15:30,967.0212016,446.2688821,1447
2023/6/6 15:45,889.2483812,443.9635708,1452
2023/6/6 16:00,805.1483142,442.0747493,1432.75
2023/6/6 16:15,717.0181429,445.603852,1430.25
2023/6/6 16:30,633.1033715,447.9760717,1389.5
2023/6/6 16:45,534.5980845,427.9675033,1368
2023/6/6 17:00,437.3620122,419.8802643,1382.25
2023/6/6 17:15,342.1867462,423.7008335,1360.75
2023/6/6 17:30,256.8949885,426.831911,1356
2023/6/6 17:45,177.4295018,421.154612,1341.5
2023/6/6 18:00,111.3619918,414.4597541,1341.5
2023/6/6 18:15,60.7556771,407.857467,1317.5
2023/6/6 18:30,28.95309419,264.8404934,1327
2023/6/6 18:45,7.391584582,257.5584375,1334.25
2023/6/6 19:00,0.121004995,239.377618,1324.75
2023/6/6 19:15,0,223.2691008,1320
2023/6/6 19:30,0,200.0181577,1291
2023/6/6 19:45,0,202.1449588,1284
2023/6/6 20:00,0,323.0681748,1291
2023/6/6 20:15,0,318.4971578,1296
2023/6/6 20:30,0,309.2130488,1284
2023/6/6 20:45,0,306.8894209,1272
2023/6/6 21:00,0,311.8863975,1274.25
2023/6/6 21:15,0,304.2182876,1269.5
2023/6/6 21:30,0,292.8774768,1272
2023/6/6 21:45,0,281.9086947,1284
2023/6/6 22:00,0,279.0858687,1267
2023/6/6 22:15,0,273.1110053,1252.75
2023/6/6 22:30,0,266.3039725,1248
2023/6/6 22:45,0,259.5768647,1250.25
2023/6/6 23:00,0,246.1874849,1240.75
2023/6/6 23:15,0,226.1411534,1250.25
2023/6/6 23:30,0,222.515569,1238.25
2023/6/6 23:45,0,227.8221332,1238.25
2023/6/7 00:00,0,244.7220677,1236
2023/6/7 00:15,0,240.0927668,1231
2023/6/7 00:30,0,236.4373672,1231
2023/6/7 00:45,0,246.3453167,1233.5
2023/6/7 01:00,0,254.6689694,1233.5
2023/6/7 01:15,0,252.3291345,1221.5
2023/6/7 01:30,0,255.71919,1216.75
2023/6/7 01:45,0,253.5861947,1226.25
2023/6/7 02:00,0,257.8312518,1224
2023/6/7 02:15,0,263.2662755,1238.25
2023/6/7 02:30,0,268.252861,1231
2023/6/7 02:45,0,268.5845087,1236
2023/6/7 03:00,0,266.1657536,1226.25
2023/6/7 03:15,0,262.2243334,1236
2023/6/7 03:30,0,266.6554166,1226.25
2023/6/7 03:45,0,269.6932212,1245.5
2023/6/7 04:00,0,277.0633414,1250.25
2023/6/7 04:15,0,272.4625572,1236
2023/6/7 04:30,0,267.8650438,1236
2023/6/7 04:45,0,271.625766,1233.5
2023/6/7 05:00,0,271.8178304,1236
2023/6/7 05:15,0.549765357,265.540192,1238.25
2023/6/7 05:30,14.07796137,259.7627875,1255
2023/6/7 05:45,37.86115398,247.5004394,1240.75
2023/6/7 06:00,78.41625392,242.4961481,1231
2023/6/7 06:15,133.3849778,247.4774017,1233.5
2023/6/7 06:30,202.235858,244.0104195,1240.75
2023/6/7 06:45,281.6251307,250.1154823,1257.5
2023/6/7 07:00,367.40749,247.9881251,1272
2023/6/7 07:15,458.5020066,255.1941315,1276.75
2023/6/7 07:30,552.141108,250.8348707,1286.25
2023/6/7 07:45,641.0940579,251.0301102,1300.75
2023/6/7 08:00,727.053095,261.2638186,1288.75
2023/6/7 08:15,812.2256171,281.7078399,1298.25
2023/6/7 08:30,880.850635,290.0114219,1322.25
2023/6/7 08:45,945.8283357,296.5220839,1308
2023/6/7 09:00,1008.012145,296.9844029,1308
2023/6/7 09:15,1056.814133,292.3425298,1308
2023/6/7 09:30,1111.329684,286.2091991,1308
2023/6/7 09:45,1125.738096,300.1323926,1320
2023/6/7 10:00,1185.171048,318.1352783,1327
2023/6/7 10:15,1204.817102,331.1304327,1327
2023/6/7 10:30,1232.522626,349.1464456,1310.25
2023/6/7 10:45,1264.417347,363.9629341,1312.75
2023/6/7 11:00,1316.816851,381.9097302,1334.25
2023/6/7 11:15,1342.068255,391.1546438,1332
2023/6/7 11:30,1354.490757,398.6827794,1353.5
2023/6/7 11:45,1348.945133,407.5113394,1344
2023/6/7 12:00,1344.324278,415.7055407,1356
2023/6/7 12:15,1382.08546,305.2956122,1351
2023/6/7 12:30,1380.675678,309.4197889,1365.5
2023/6/7 12:45,1372.053776,298.7091625,1341.5
2023/6/7 13:00,1370.93369,296.1396589,1358.25
2023/6/7 13:15,1354.327553,292.7572638,1358.25
2023/6/7 13:30,1333.093785,285.4322721,1363
2023/6/7 13:45,980.1705647,279.7665581,1363
2023/6/7 14:00,706.7096525,273.2006443,1348.75
2023/6/7 14:15,1229.906006,248.2060677,1346.25
2023/6/7 14:30,1183.068371,242.8893591,1322.25
2023/6/7 14:45,463.0865778,231.1948246,1339
2023/6/7 15:00,364.5598973,344.9541188,1327
2023/6/7 15:15,874.3638157,340.561426,1324.75
2023/6/7 15:30,946.203385,339.3664151,1327
2023/6/7 15:45,876.0298991,333.7286485,1332
2023/6/7 16:00,792.6414706,331.0604943,1327
2023/6/7 16:15,707.9148702,319.9891897,1334.25
2023/6/7 16:30,622.3551945,318.0605391,1315
2023/6/7 16:45,530.2566949,310.5270423,1308
2023/6/7 17:00,436.6690031,298.7925659,1296
2023/6/7 17:15,341.5933804,278.4113266,1286.25
2023/6/7 17:30,253.3479244,275.6537495,1284
2023/6/7 17:45,181.7237475,279.6717949,1291
2023/6/7 18:00,121.781574,280.0400722,1288.75
2023/6/7 18:15,70.76822213,278.4799899,1284
2023/6/7 18:30,33.33920849,268.334844,1281.5
2023/6/7 18:45,8.169465708,262.0051124,1286.25
2023/6/7 19:00,0.107784531,253.867305,1264.75
2023/6/7 19:15,0,230.5001308,1281.5
2023/6/7 19:30,0,215.7894699,1272
2023/6/7 19:45,0,208.4001921,1284
2023/6/7 20:00,0,194.9508712,1288.75
2023/6/7 20:15,0,180.3743726,1293.5
2023/6/7 20:30,0,177.1881371,1284
2023/6/7 20:45,0,188.9665469,1291
2023/6/7 21:00,0,187.4923844,1291
2023/6/7 21:15,0,193.5256456,1269.5
2023/6/7 21:30,0,184.091576,1293.5
2023/6/7 21:45,0,176.7664232,1286.25
2023/6/7 22:00,0,167.274858,1274.25
2023/6/7 22:15,0,156.4529943,1286.25
2023/6/7 22:30,0,144.4299063,1269.5
2023/6/7 22:45,0,116.7728123,1272
2023/6/7 23:00,0,109.562856,1264.75
2023/6/7 23:15,0,109.7765585,1260
2023/6/7 23:30,0,95.04162093,1264.75
2023/6/7 23:45,0,75.51392687,1255
2023/6/8 00:00,0,88.09430611,1260
2023/6/8 00:15,0,115.5421837,1248
2023/6/8 00:30,0,146.2344758,1248
2023/6/8 00:45,0,173.4389061,1248
2023/6/8 01:00,0,204.3441141,1250.25
2023/6/8 01:15,0,224.5230104,1262.25
2023/6/8 01:30,0,221.402467,1262.25
2023/6/8 01:45,0,222.7482792,1252.75
2023/6/8 02:00,0,213.9144255,1248
2023/6/8 02:15,0,208.8208239,1248
2023/6/8 02:30,0,206.0908848,1248
2023/6/8 02:45,0,197.8610383,1248
2023/6/8 03:00,0,183.8198459,1243
2023/6/8 03:15,0,182.8331665,1245.5
2023/6/8 03:30,0,174.3806938,1245.5
2023/6/8 03:45,0,175.1454022,1252.75
2023/6/8 04:00,0,160.0639743,1250.25
2023/6/8 04:15,0,148.8822889,1248
2023/6/8 04:30,0,143.2999485,1250.25
2023/6/8 04:45,0,136.9188349,1231
2023/6/8 05:00,0,134.0523847,1221.5
2023/6/8 05:15,0.426649502,135.7363841,1228.75
2023/6/8 05:30,11.38521163,131.7158077,1226.25
2023/6/8 05:45,36.92431634,118.3570497,1214.25
2023/6/8 06:00,77.23921743,125.9205464,1221.5
2023/6/8 06:15,129.2875888,129.5460417,1214.25
2023/6/8 06:30,188.3182315,129.5805124,1209.5
2023/6/8 06:45,267.0990909,122.8962282,1226.25
2023/6/8 07:00,356.2386798,121.2220035,1231
2023/6/8 07:15,432.6673814,127.9885528,1252.75
2023/6/8 07:30,530.5918748,146.3900608,1262.25
2023/6/8 07:45,604.280154,173.7765619,1272
2023/6/8 08:00,653.5797585,193.242259,1286.25
2023/6/8 08:15,693.6351952,214.7026778,1288.75
2023/6/8 08:30,756.1599586,233.2642822,1298.25
2023/6/8 08:45,817.4201706,266.0201136,1298.25
2023/6/8 09:00,855.7784491,283.6491679,1320
2023/6/8 09:15,921.4945673,316.4675248,1291
2023/6/8 09:30,959.5137876,339.3501917,1320
2023/6/8 09:45,1023.966344,359.8876422,1327
2023/6/8 10:00,1070.16711,371.3586951,1327
2023/6/8 10:15,1099.79761,377.4694832,1332
2023/6/8 10:30,1155.805358,369.7660406,1332
2023/6/8 10:45,1172.897663,363.9927654,1322.25
2023/6/8 11:00,1209.377576,336.6227609,1320
2023/6/8 11:15,1253.027655,323.2639898,1305.5
2023/6/8 11:30,1270.022458,311.9613846,1291
2023/6/8 11:45,1289.412483,307.5808258,1288.75
2023/6/8 12:00,1287.496995,303.7095377,1300.75
2023/6/8 12:15,1308.048107,302.7973257,1298.25
2023/6/8 12:30,1311.113288,299.3496054,1308
2023/6/8 12:45,1319.17968,295.6904697,1305.5
2023/6/8 13:00,1320.782627,295.4079726,1317.5
2023/6/8 13:15,1298.836552,291.0260631,1308
2023/6/8 13:30,1278.490204,294.015754,1341.5
2023/6/8 13:45,1249.923453,295.9997413,1336.75
2023/6/8 14:00,1214.034962,285.1957302,1310.25
2023/6/8 14:15,1171.826153,274.4456125,1305.5
2023/6/8 14:30,1110.587166,269.4193866,1303
2023/6/8 14:45,1049.973689,271.0869379,1312.75
2023/6/8 15:00,992.9955009,255.7820924,1315
2023/6/8 15:15,935.2250961,242.5628296,1298.25
2023/6/8 15:30,887.0516409,236.908033,1284
2023/6/8 15:45,810.9455983,240.9310142,1298.25
2023/6/8 16:00,733.7774182,254.8305628,1298.25
2023/6/8 16:15,651.5000975,257.3370576,1296
2023/6/8 16:30,583.1267515,256.6954598,1298.25
2023/6/8 16:45,500.5174508,242.5267451,1296
2023/6/8 17:00,408.6836334,244.1785913,1284
2023/6/8 17:15,332.2891362,248.497818,1291
2023/6/8 17:30,250.8220153,251.8599181,1296
2023/6/8 17:45,179.9438109,240.7908631,1279
2023/6/8 18:00,116.3335151,235.6701842,1284
2023/6/8 18:15,65.5863763,226.3744714,1300.75
2023/6/8 18:30,31.20575534,220.1926549,1267
2023/6/8 18:45,8.060557662,213.6008327,1262.25
2023/6/8 19:00,0.060828628,204.9601372,1267
2023/6/8 19:15,0,196.7746593,1269.5
2023/6/8 19:30,0,189.4429892,1274.25
2023/6/8 19:45,0,178.6731428,1291
2023/6/8 20:00,0,143.0523123,1272
2023/6/8 20:15,0,127.728864,1281.5
2023/6/8 20:30,0,109.9812785,1279
2023/6/8 20:45,0,99.19994494,1269.5
2023/6/8 21:00,0,112.5256131,1288.75
2023/6/8 21:15,0,116.9426896,1274.25
2023/6/8 21:30,0,123.4939884,1286.25
2023/6/8 21:45,0,122.1799849,1267
2023/6/8 22:00,0,114.4870883,1269.5
2023/6/8 22:15,0,88.21227996,1276.75
2023/6/8 22:30,0,80.71300733,1276.75
2023/6/8 22:45,0,74.59930325,1293.5
2023/6/8 23:00,0,70.83317933,1281.5
2023/6/8 23:15,0,72.59787496,1276.75
2023/6/8 23:30,0,65.97397114,1276.75
2023/6/8 23:45,0,58.80311801,1274.25
2023/6/9 00:00,0,57.79734091,1257.5
2023/6/9 00:15,0,66.16834156,1260
2023/6/9 00:30,0,62.6067467,1252.75
2023/6/9 00:45,0,50.70657771,1240.75
2023/6/9 01:00,0,65.57502744,1238.25
2023/6/9 01:15,0,62.84471341,1248
2023/6/9 01:30,0,64.85870997,1248
2023/6/9 01:45,0,68.27606629,1257.5
2023/6/9 02:00,0,74.04348669,1233.5
2023/6/9 02:15,0,75.03687374,1228.75
2023/6/9 02:30,0,81.64345249,1224
2023/6/9 02:45,0,83.12852836,1224
2023/6/9 03:00,0,87.40110047,1221.5
2023/6/9 03:15,0,89.62017061,1231
2023/6/9 03:30,0,97.47711542,1231
2023/6/9 03:45,0,96.68404411,1240.75
2023/6/9 04:00,0,101.9914498,1236
2023/6/9 04:15,0,103.7361452,1245.5
2023/6/9 04:30,0,105.6440439,1231
2023/6/9 04:45,0,111.6769333,1224
2023/6/9 05:00,0,114.7104157,1224
2023/6/9 05:15,0.365178035,120.4743244,1214.25
2023/6/9 05:30,11.99412616,126.2081061,1214.25
2023/6/9 05:45,37.71100204,115.3403429,1209.5
2023/6/9 06:00,79.41725544,106.6689243,1204.75
2023/6/9 06:15,130.6832769,94.83020301,1207
2023/6/9 06:30,204.1426737,86.64792161,1233.5
2023/6/9 06:45,283.9644617,91.335222,1204.75
2023/6/9 07:00,375.6120982,106.1130568,1236
2023/6/9 07:15,456.432977,125.2143845,1262.25
2023/6/9 07:30,548.6040055,127.1197266,1274.25
2023/6/9 07:45,634.1000845,116.8956247,1298.25
2023/6/9 08:00,689.3638358,131.7195239,1336.75
2023/6/9 08:15,712.1635222,135.0677375,1334.25
2023/6/9 08:30,731.5968681,145.9007058,1341.5
2023/6/9 08:45,806.5513712,145.6884777,1344
2023/6/9 09:00,852.7357481,144.0672047,1358.25
2023/6/9 09:15,940.5078951,152.244514,1356
2023/6/9 09:30,1012.377461,164.7968198,1375
2023/6/9 09:45,1046.54182,178.7436435,1375
2023/6/9 10:00,1092.012017,194.0710553,1399
2023/6/9 10:15,1148.748057,195.7462581,1411
2023/6/9 10:30,1141.367216,193.913126,1411
2023/6/9 10:45,1159.728186,206.9053585,1408.75
2023/6/9 11:00,1199.568986,199.6851789,1432.75
2023/6/9 11:15,1192.502623,193.8910164,1437.5
2023/6/9 11:30,1239.610589,190.8514667,1425.5
2023/6/9 11:45,1253.401272,191.6986742,1442.25
2023/6/9 12:00,1278.966458,193.3728835,1430.25
2023/6/9 12:15,1237.614534,131.8305165,1447
2023/6/9 12:30,1238.250724,136.5208034,1456.75
2023/6/9 12:45,1265.877871,137.3475373,1413.5
2023/6/9 13:00,1245.649933,140.9136669,1430.25
2023/6/9 13:15,1247.521185,144.298478,1447
2023/6/9 13:30,1234.741311,139.6789002,1432.75
2023/6/9 13:45,1207.608892,140.9266733,1423
2023/6/9 14:00,1163.244223,142.7028299,1442.25
2023/6/9 14:15,1147.358981,147.027694,1420.75
2023/6/9 14:30,1097.352646,142.3042709,1416
2023/6/9 14:45,1044.030431,127.6415613,1408.75
2023/6/9 15:00,971.1899831,116.0636263,1404
2023/6/9 15:15,892.2541553,105.7634983,1394.25
2023/6/9 15:30,797.863424,93.31981214,1420.75
2023/6/9 15:45,705.6691001,97.34136419,1437.5
2023/6/9 16:00,619.0262962,86.26048417,1432.75
2023/6/9 16:15,547.914787,78.97284018,1442.25
2023/6/9 16:30,493.5321793,75.77551003,1408.75
2023/6/9 16:45,412.0977922,67.06399469,1387
2023/6/9 17:00,338.6114465,60.27753854,1382.25
2023/6/9 17:15,271.3022803,56.08358246,1380
2023/6/9 17:30,212.7964025,51.93739556,1368
2023/6/9 17:45,156.7283496,46.79144004,1348.75
2023/6/9 18:00,104.8262933,44.82963003,1327
2023/6/9 18:15,67.679923,35.08652159,1315
2023/6/9 18:30,37.55133911,30.3235141,1317.5
2023/6/9 18:45,13.58249193,35.4279162,1324.75
2023/6/9 19:00,0,31.20134447,1310.25
2023/6/9 19:15,0,27.47087952,1308
2023/6/9 19:30,0,21.40779616,1303
2023/6/9 19:45,0,19.70783838,1322.25
2023/6/9 20:00,0,14.34571176,1312.75
2023/6/9 20:15,0,6.8436568,1334.25
2023/6/9 20:30,0,5.515103461,1324.75
2023/6/9 20:45,0,5.263591807,1324.75
2023/6/9 21:00,0,3.571749898,1308
2023/6/9 21:15,0,3.764007524,1310.25
2023/6/9 21:30,0,3.198678064,1317.5
2023/6/9 21:45,0,3.65594881,1322.25
2023/6/9 22:00,0,4.90042507,1320
2023/6/9 22:15,0,4.936204722,1296
2023/6/9 22:30,0,7.220073326,1303
2023/6/9 22:45,0,8.716873867,1308
2023/6/9 23:00,0,8.401796442,1288.75
2023/6/9 23:15,0,7.851690311,1300.75
2023/6/9 23:30,0,10.89682767,1288.75
2023/6/9 23:45,0,12.02221488,1293.5
2023/6/10 00:00,0,12.4838356,1303
2023/6/10 00:15,0,15.0697191,1279
2023/6/10 00:30,0,17.45806158,1262.25
2023/6/10 00:45,0,20.11168964,1262.25
2023/6/10 01:00,0,19.87555787,1260
2023/6/10 01:15,0,19.16843112,1245.5
2023/6/10 01:30,0,19.39623528,1267
2023/6/10 01:45,0,15.20429855,1274.25
2023/6/10 02:00,0,15.30203892,1274.25
2023/6/10 02:15,0,15.94168556,1279
2023/6/10 02:30,0,20.25618995,1281.5
2023/6/10 02:45,0,23.36004803,1269.5
2023/6/10 03:00,0,22.61369805,1257.5
2023/6/10 03:15,0,25.86569491,1255
2023/6/10 03:30,0,29.01889809,1260
2023/6/10 03:45,0,36.9569691,1267
2023/6/10 04:00,0,34.75775377,1276.75
2023/6/10 04:15,0,30.50761168,1267
2023/6/10 04:30,0,27.58987934,1255
2023/6/10 04:45,0,23.48886719,1260
2023/6/10 05:00,0,20.07900433,1267
2023/6/10 05:15,0.242407262,16.30211396,1262.25
2023/6/10 05:30,14.29650692,17.65487571,1274.25
2023/6/10 05:45,49.12994999,26.98757296,1245.5
2023/6/10 06:00,101.6927661,23.86119701,1248
2023/6/10 06:15,162.8309627,19.16167453,1243
2023/6/10 06:30,229.0521822,15.26206286,1252.75
2023/6/10 06:45,286.525042,8.947432347,1260
2023/6/10 07:00,369.3178451,8.901145373,1264.75
2023/6/10 07:15,461.0438692,8.988813016,1286.25
2023/6/10 07:30,514.2698238,8.957585305,1303
2023/6/10 07:45,578.6178416,7.321885869,1339
2023/6/10 08:00,625.7469177,12.6731027,1363
2023/6/10 08:15,647.3664437,20.00216931,1380
2023/6/10 08:30,679.4755704,26.33338757,1375
2023/6/10 08:45,729.6991807,36.35103222,1389.5
2023/6/10 09:00,789.2718827,45.96256421,1394.25
2023/6/10 09:15,823.4981913,47.75597629,1389.5
2023/6/10 09:30,855.1966172,43.49942967,1423
2023/6/10 09:45,906.5900839,41.25337662,1413.5
2023/6/10 10:00,1000.589199,45.04753766,1442.25
2023/6/10 10:15,1039.001173,47.66953429,1440
2023/6/10 10:30,1037.588495,54.87677513,1444.75
2023/6/10 10:45,1080.014327,58.26168264,1442.25
2023/6/10 11:00,1120.706694,70.29401606,1452
2023/6/10 11:15,1115.127428,70.81294366,1425.5
2023/6/10 11:30,1139.395531,75.13965095,1420.75
2023/6/10 11:45,1169.591804,75.56543548,1432.75
2023/6/10 12:00,1175.649725,78.14477274,1425.5
2023/6/10 12:15,1165.718977,78.46602343,1394.25
2023/6/10 12:30,1151.584013,79.138317,1392
2023/6/10 12:45,1125.271687,74.1342831,1389.5
2023/6/10 13:00,1091.638678,71.88625767,1394.25
2023/6/10 13:15,1036.635638,67.37984035,1406.25
2023/6/10 13:30,1024.178721,53.99193591,1401.5
2023/6/10 13:45,974.4192514,47.69564403,1408.75
2023/6/10 14:00,886.7209644,42.0334797,1418.25
2023/6/10 14:15,816.5254791,39.23862166,1404
2023/6/10 14:30,667.4420623,36.71693179,1377.5
2023/6/10 14:45,474.2912614,30.7176984,1425.5
2023/6/10 15:00,349.4060536,28.4636045,1396.75
2023/6/10 15:15,273.2997182,22.31286372,1387
2023/6/10 15:30,220.1942274,23.7656165,1437.5
2023/6/10 15:45,169.2752493,18.39325966,1440
2023/6/10 16:00,133.4002901,16.70958761,1432.75
2023/6/10 16:15,119.3314812,20.65376679,1423
2023/6/10 16:30,106.5965341,25.01155402,1406.25
2023/6/10 16:45,101.6610849,28.33806508,1389.5
2023/6/10 17:00,98.02087151,25.91225879,1387
2023/6/10 17:15,96.35103589,24.97612777,1372.75
2023/6/10 17:30,91.12864796,26.95082813,1370.25
2023/6/10 17:45,77.90294516,28.99871674,1363
2023/6/10 18:00,63.28865585,31.33086742,1360.75
2023/6/10 18:15,47.31739921,28.19113729,1344
2023/6/10 18:30,33.87916054,15.63712046,1353.5
2023/6/10 18:45,17.66845667,8.868258229,1336.75
2023/6/10 19:00,0,6.341831408,1324.75
2023/6/10 19:15,0,5.627818565,1327
2023/6/10 19:30,0,1.98563156,1327
2023/6/10 19:45,0,1.622922714,1322.25
2023/6/10 20:00,0,1.153147071,1312.75
2023/6/10 20:15,0,0.791172287,1310.25
2023/6/10 20:30,0,1.4431044,1296
2023/6/10 20:45,0,6.620376489,1310.25
2023/6/10 21:00,0,8.36442339,1305.5
2023/6/10 21:15,0,6.796707483,1293.5
2023/6/10 21:30,0,7.235594689,1303
2023/6/10 21:45,0,7.331035961,1312.75
2023/6/10 22:00,0,4.455413973,1305.5
2023/6/10 22:15,0,5.252434675,1303
2023/6/10 22:30,0,6.377995252,1322.25
2023/6/10 22:45,0,6.783925389,1293.5
2023/6/10 23:00,0,5.874897439,1293.5
2023/6/10 23:15,0,4.501007428,1293.5
2023/6/10 23:30,0,3.979563231,1284
2023/6/10 23:45,0,5.045461442,1293.5
2023/6/11 00:00,0,6.262089998,1305.5
2023/6/11 00:15,0,7.421005181,1293.5
2023/6/11 00:30,0,7.892887819,1279
2023/6/11 00:45,0,7.615486955,1279
2023/6/11 01:00,0,7.827745597,1262.25
2023/6/11 01:15,0,6.750214344,1269.5
2023/6/11 01:30,0,6.93003438,1286.25
2023/6/11 01:45,0,6.010685896,1288.75
2023/6/11 02:00,0,5.761430108,1279
2023/6/11 02:15,0,8.843198532,1281.5
2023/6/11 02:30,0,9.298657722,1279
2023/6/11 02:45,0,9.063846942,1272
2023/6/11 03:00,0,8.128441644,1257.5
2023/6/11 03:15,0,6.894528465,1236
2023/6/11 03:30,0,7.374374766,1240.75
2023/6/11 03:45,0,7.325871304,1245.5
2023/6/11 04:00,0,5.353183507,1245.5
2023/6/11 04:15,0,4.385853142,1252.75
2023/6/11 04:30,0,3.701816557,1250.25
2023/6/11 04:45,0,4.404492046,1240.75
2023/6/11 05:00,0,3.468175307,1245.5
2023/6/11 05:15,0.235421812,3.271595303,1221.5
2023/6/11 05:30,9.475185812,3.184280473,1238.25
2023/6/11 05:45,33.6792709,2.930068094,1224
2023/6/11 06:00,74.08461189,2.433739461,1245.5
2023/6/11 06:15,131.871339,2.317654766,1243
2023/6/11 06:30,203.2330843,2.096241484,1238.25
2023/6/11 06:45,287.6174658,2.12964307,1240.75
2023/6/11 07:00,378.5615218,2.592996617,1255
2023/6/11 07:15,467.364152,2.235424893,1274.25
2023/6/11 07:30,536.3277584,1.562805183,1286.25
2023/6/11 07:45,622.5883629,3.100676981,1303
2023/6/11 08:00,715.6439308,3.0849419,1329.5
2023/6/11 08:15,781.6711999,3.296526493,1346.25
2023/6/11 08:30,828.8390377,3.691852717,1358.25
2023/6/11 08:45,871.0817068,3.797267533,1370.25
2023/6/11 09:00,923.5820554,4.074474864,1363
2023/6/11 09:15,905.8327568,5.124283808,1372.75
2023/6/11 09:30,986.91921,6.449384846,1406.25
2023/6/11 09:45,1029.26332,8.609956781,1401.5
2023/6/11 10:00,1088.936092,9.422334311,1425.5
2023/6/11 10:15,1122.427039,10.90421809,1408.75
2023/6/11 10:30,1161.127015,10.03417614,1420.75
2023/6/11 10:45,1150.346353,8.673668041,1428
2023/6/11 11:00,1163.075355,10.4148962,1440
2023/6/11 11:15,1206.306638,11.36285727,1432.75
2023/6/11 11:30,1236.975303,12.47955639,1440
2023/6/11 11:45,1238.370774,14.90161818,1437.5
2023/6/11 12:00,1214.843483,16.85136048,1387
2023/6/11 12:15,1225.706021,22.56627834,1384.75
2023/6/11 12:30,1234.52026,26.2138234,1372.75
2023/6/11 12:45,1198.484186,20.91543932,1372.75
2023/6/11 13:00,1170.695912,18.02399513,1365.5
2023/6/11 13:15,1157.982873,20.37019334,1394.25
2023/6/11 13:30,1150.330814,21.37153276,1396.75
2023/6/11 13:45,1109.077357,23.92937452,1423
2023/6/11 14:00,1064.761712,25.51056358,1423
2023/6/11 14:15,1020.635855,27.04398021,1413.5
2023/6/11 14:30,1016.33131,22.47567946,1425.5
2023/6/11 14:45,972.5030682,21.87367945,1413.5
2023/6/11 15:00,946.87258,23.48489744,1425.5
2023/6/11 15:15,880.4636282,20.19393846,1411
2023/6/11 15:30,819.8190355,17.19376935,1406.25
2023/6/11 15:45,713.6617077,15.26856741,1416
2023/6/11 16:00,611.0420131,7.532007075,1413.5
2023/6/11 16:15,508.3274673,5.668292721,1411
2023/6/11 16:30,406.4120446,2.602888418,1382.25
2023/6/11 16:45,321.7903206,1.990466732,1351
2023/6/11 17:00,270.5392424,1.93276147,1339
2023/6/11 17:15,241.3444178,2.966670079,1329.5
2023/6/11 17:30,218.9654832,2.973423058,1324.75
2023/6/11 17:45,194.1189781,1.544440558,1336.75
2023/6/11 18:00,158.7425199,0.754358425,1327
2023/6/11 18:15,107.4167766,0.520416963,1329.5
2023/6/11 18:30,56.59734569,0.576991137,1329.5
2023/6/11 18:45,22.17176636,0.484464989,1320
2023/6/11 19:00,0,0.404086435,1324.75
2023/6/11 19:15,0,0.246979273,1327
2023/6/11 19:30,0,0.140238821,1320
2023/6/11 19:45,0,0,1308
2023/6/11 20:00,0,0,1291
2023/6/11 20:15,0,0,1303
2023/6/11 20:30,0,0.322390218,1296
2023/6/11 20:45,0,0.391913007,1298.25
2023/6/11 21:00,0,0.735890051,1281.5
2023/6/11 21:15,0,0.687399208,1300.75
2023/6/11 21:30,0,0.642337135,1317.5
2023/6/11 21:45,0,0.843667172,1298.25
2023/6/11 22:00,0,0.918006006,1315
2023/6/11 22:15,0,0.997495137,1300.75
2023/6/11 22:30,0,0.869962908,1308
2023/6/11 22:45,0,0.893687561,1288.75
2023/6/11 23:00,0,0.92107001,1279
2023/6/11 23:15,0,0.892934814,1260
2023/6/11 23:30,0,0.906030443,1245.5
2023/6/11 23:45,0,0.626741867,1250.25
2023/6/12 00:00,0,0.674480772,1245.5
2023/6/12 00:15,0,0.462426999,1243
2023/6/12 00:30,0,0.618222951,1231
2023/6/12 00:45,0,0.429922202,1231
2023/6/12 01:00,0,0.218996803,1226.25
2023/6/12 01:15,0,0.88054965,1226.25
2023/6/12 01:30,0,0.703425832,1248
2023/6/12 01:45,0,0.650501605,1240.75
2023/6/12 02:00,0,0.652934904,1238.25
2023/6/12 02:15,0,0.75391676,1221.5
2023/6/12 02:30,0,0.239071509,1226.25
2023/6/12 02:45,0,0.173980789,1214.25
2023/6/12 03:00,0,0.125923158,1214.25
2023/6/12 03:15,0,0.106456779,1207
2023/6/12 03:30,0,0.097940237,1207
2023/6/12 03:45,0,0.359629861,1214.25
2023/6/12 04:00,0,0.820455929,1207
2023/6/12 04:15,0,0.657708847,1212
2023/6/12 04:30,0,0.447025812,1212
2023/6/12 04:45,0,0.313458034,1224
2023/6/12 05:00,0,0.069653151,1207
2023/6/12 05:15,0.229761629,0.113149016,1195
2023/6/12 05:30,9.90654304,0.060832448,1195
2023/6/12 05:45,35.0086348,0.398604602,1188
2023/6/12 06:00,77.29594564,0.467953589,1204.75
2023/6/12 06:15,135.7332662,0.457175186,1202.25
2023/6/12 06:30,205.505298,0.269964254,1202.25
2023/6/12 06:45,284.2251158,0.020987193,1192.75
2023/6/12 07:00,367.4011033,0.046021217,1233.5
2023/6/12 07:15,463.381604,0.250260514,1272
2023/6/12 07:30,547.5822307,0.252085488,1363
2023/6/12 07:45,625.4603845,0.255735434,1356
2023/6/12 08:00,708.4660387,0.261210354,1377.5
2023/6/12 08:15,752.7802497,0.036499465,1396.75
2023/6/12 08:30,792.580891,0.052924225,1396.75
2023/6/12 08:45,831.7347279,0.619244461,1404
2023/6/12 09:00,879.8226259,1.78624167,1447
2023/6/12 09:15,930.2149032,2.200937006,1444.75
2023/6/12 09:30,941.1011898,3.549366105,1449.5
2023/6/12 09:45,1009.54798,4.586478694,1452
2023/6/12 10:00,1038.737001,9.047833916,1461.5
2023/6/12 10:15,1072.149916,9.885761835,1454.25
2023/6/12 10:30,1096.770274,11.24954842,1464
2023/6/12 10:45,1134.336795,14.60027982,1444.75
2023/6/12 11:00,1146.252655,17.59281501,1423
2023/6/12 11:15,1149.211607,24.37574593,1413.5
2023/6/12 11:30,1195.464764,25.15304563,1406.25
2023/6/12 11:45,1187.773035,27.45816597,1411
2023/6/12 12:00,1187.010414,30.00995049,1418.25
2023/6/12 12:15,1154.817083,28.2999663,1425.5
2023/6/12 12:30,1180.0799,30.80769378,1408.75
2023/6/12 12:45,1183.28437,31.04373604,1404
2023/6/12 13:00,1143.109846,37.38853354,1416
2023/6/12 13:15,1103.7282,36.82584791,1454.25
2023/6/12 13:30,1130.800003,42.08189016,1454.25
2023/6/12 13:45,1066.913936,51.31070035,1478.25
2023/6/12 14:00,1008.417623,52.75342592,1464
2023/6/12 14:15,961.9236178,50.87862901,1454.25
2023/6/12 14:30,973.6159745,45.72906752,1423
2023/6/12 14:45,948.6900728,39.49576817,1440
2023/6/12 15:00,919.1394969,42.42602459,1425.5
2023/6/12 15:15,873.9197836,38.94903656,1459
2023/6/12 15:30,796.475626,35.0326899,1461.5
2023/6/12 15:45,723.8939279,32.12036691,1461.5
2023/6/12 16:00,635.3666563,33.27900462,1413.5
2023/6/12 16:15,568.5372571,31.42327146,1401.5
2023/6/12 16:30,495.4474706,28.81752866,1404
2023/6/12 16:45,427.5607424,28.68860004,1406.25
2023/6/12 17:00,353.102077,29.77383744,1382.25
2023/6/12 17:15,289.0651679,26.58227992,1370.25
2023/6/12 17:30,221.0531116,18.96444836,1360.75
2023/6/12 17:45,146.9288872,19.43016634,1372.75
2023/6/12 18:00,95.54206093,10.78473939,1363
2023/6/12 18:15,65.8878071,10.64361203,1372.75
2023/6/12 18:30,34.64647388,9.903582271,1363
2023/6/12 18:45,7.546372947,5.03560352,1334.25
2023/6/12 19:00,0,2.00250269,1332
2023/6/12 19:15,0,1.737132711,1327
2023/6/12 19:30,0,1.573025308,1310.25
2023/6/12 19:45,0,0.992582714,1322.25
2023/6/12 20:00,0,0.57750267,1310.25
2023/6/12 20:15,0,0.567769479,1308
2023/6/12 20:30,0,0.567769479,1310.25
2023/6/12 20:45,0,0,1300.75
2023/6/12 21:00,0,0,1305.5
2023/6/12 21:15,0,0.023298001,1305.5
2023/6/12 21:30,0,0.254085567,1288.75
2023/6/12 21:45,0,0.237784062,1300.75
2023/6/12 22:00,0,0.029348156,1291
2023/6/12 22:15,0,0.029063004,1284
2023/6/12 22:30,0,0.020793593,1293.5
2023/6/12 22:45,0,0.020793593,1300.75
2023/6/12 23:00,0,0,1305.5
2023/6/12 23:15,0,0.00821238,1296
2023/6/12 23:30,0,0.045016009,1293.5
2023/6/12 23:45,0,0.155731053,1281.5
2023/6/13 00:00,0,0.655275532,1298.25
2023/6/13 00:15,0,0.852777896,1286.25
2023/6/13 00:30,0,0.520227514,1308
2023/6/13 00:45,0,0.412554088,1293.5
2023/6/13 01:00,0,0.143608614,1288.75
2023/6/13 01:15,0,0,1291
2023/6/13 01:30,0,0.200138744,1284
2023/6/13 01:45,0,0.223863398,1293.5
2023/6/13 02:00,0,0.314503737,1303
2023/6/13 02:15,0,0.47469585,1284
2023/6/13 02:30,0,0.629938627,1288.75
2023/6/13 02:45,0,0.402662305,1274.25
2023/6/13 03:00,0,0.684843334,1284
2023/6/13 03:15,0,1.055684688,1286.25
2023/6/13 03:30,0,3.470352558,1286.25
2023/6/13 03:45,0,4.177193527,1279
2023/6/13 04:00,0,8.761060332,1267
2023/6/13 04:15,0,8.274914918,1269.5
2023/6/13 04:30,0,8.36614448,1260
2023/6/13 04:45,0,8.720661274,1272
2023/6/13 05:00,0,8.325383678,1286.25
2023/6/13 05:15,0.11963087,4.108843502,1260
2023/6/13 05:30,6.543782545,3.727492674,1262.25
2023/6/13 05:45,28.38344433,3.811294023,1257.5
2023/6/13 06:00,66.75242394,3.619961449,1255
2023/6/13 06:15,118.8922766,6.392054206,1272
2023/6/13 06:30,171.4557038,5.821927914,1276.75
2023/6/13 06:45,236.5923907,5.415313771,1274.25
2023/6/13 07:00,301.9986239,5.602420159,1284
2023/6/13 07:15,359.100958,1.712162326,1279
2023/6/13 07:30,447.4901605,1.12890079,1305.5
2023/6/13 07:45,550.3307489,1.420722971,1320
2023/6/13 08:00,658.3927725,2.117020913,1344
2023/6/13 08:15,719.5605709,4.925979181,1356
2023/6/13 08:30,822.2379872,7.923312772,1353.5
2023/6/13 08:45,871.2372949,6.160434549,1344
2023/6/13 09:00,945.6530427,8.5512152,1334.25
2023/6/13 09:15,1019.351275,10.88534882,1334.25
2023/6/13 09:30,1078.858901,13.45755995,1348.75
2023/6/13 09:45,1112.946142,10.57429499,1384.75
2023/6/13 10:00,1145.135121,6.893945232,1380
2023/6/13 10:15,1194.287749,6.350352699,1394.25
2023/6/13 10:30,1200.877462,6.264809411,1408.75
2023/6/13 10:45,1242.031226,6.813007171,1418.25
2023/6/13 11:00,1279.916112,2.569013355,1420.75
2023/6/13 11:15,1272.1119,6.125342782,1437.5
2023/6/13 11:30,1290.855412,9.401591386,1430.25
2023/6/13 11:45,1328.014172,10.96394278,1392
2023/6/13 12:00,1295.12058,14.07212852,1372.75
2023/6/13 12:15,1269.789402,10.95565676,1368
2023/6/13 12:30,1299.717632,10.86764669,1358.25
2023/6/13 12:45,1257.615662,13.22357335,1356
2023/6/13 13:00,1260.846736,15.57317116,1332
2023/6/13 13:15,1209.808159,16.99210289,1344
2023/6/13 13:30,1154.542763,12.57043123,1346.25
2023/6/13 13:45,1109.069778,10.89460055,1363
2023/6/13 14:00,1104.653736,9.995508164,1360.75
2023/6/13 14:15,1078.292748,9.045514882,1370.25
2023/6/13 14:30,1060.837176,5.287095959,1387
2023/6/13 14:45,1015.290688,4.531337349,1411
2023/6/13 15:00,953.9841793,5.459646851,1416
2023/6/13 15:15,887.1883743,7.153262091,1413.5
2023/6/13 15:30,814.6236898,9.113365071,1392
2023/6/13 15:45,689.755757,12.48429056,1423
2023/6/13 16:00,607.105583,15.51824543,1375
2023/6/13 16:15,548.0769225,18.81212217,1370.25
2023/6/13 16:30,468.1647337,23.81566108,1377.5
2023/6/13 16:45,404.4840003,37.25543094,1360.75
2023/6/13 17:00,349.0565373,44.71524072,1348.75
2023/6/13 17:15,268.8871994,48.38717764,1372.75
2023/6/13 17:30,205.3846271,50.27855369,1346.25
2023/6/13 17:45,146.5161489,45.42558042,1336.75
2023/6/13 18:00,97.39812815,46.50261441,1320
2023/6/13 18:15,58.22372693,48.9513998,1320
2023/6/13 18:30,27.368535,39.94927687,1312.75
2023/6/13 18:45,5.902703445,29.51227947,1320
2023/6/13 19:00,0,19.98213882,1312.75
2023/6/13 19:15,0,16.11714267,1296
2023/6/13 19:30,0,10.49105748,1284
2023/6/13 19:45,0,6.506094991,1281.5
2023/6/13 20:00,0,5.900212141,1274.25
2023/6/13 20:15,0,5.325315175,1281.5
2023/6/13 20:30,0,4.112051893,1322.25
2023/6/13 20:45,0,3.353475904,1308
2023/6/13 21:00,0,3.296627457,1322.25
2023/6/13 21:15,0,2.376946381,1320
2023/6/13 21:30,0,2.005990267,1317.5
2023/6/13 21:45,0,2.428855857,1322.25
2023/6/13 22:00,0,4.104571903,1327
2023/6/13 22:15,0,5.343413556,1310.25
2023/6/13 22:30,0,7.237683855,1308
2023/6/13 22:45,0,8.270741363,1305.5
2023/6/13 23:00,0,9.897582636,1296
2023/6/13 23:15,0,8.63178484,1300.75
2023/6/13 23:30,0,7.674877269,1310.25
2023/6/13 23:45,0,9.01273477,1303
2023/6/14 00:00,0,12.33027739,1308
2023/6/14 00:15,0,14.96830357,1310.25
2023/6/14 00:30,0,11.78916909,1317.5
2023/6/14 00:45,0,11.87746405,1305.5
2023/6/14 01:00,0,13.69653929,1317.5
2023/6/14 01:15,0,10.79241798,1300.75
2023/6/14 01:30,0,11.90637543,1281.5
2023/6/14 01:45,0,14.65828236,1274.25
2023/6/14 02:00,0,16.53566232,1279
2023/6/14 02:15,0,17.29667572,1288.75
2023/6/14 02:30,0,15.80376521,1329.5
2023/6/14 02:45,0,15.04817419,1322.25
2023/6/14 03:00,0,14.23371722,1329.5
2023/6/14 03:15,0,10.67921274,1324.75
2023/6/14 03:30,0,5.411617185,1327
2023/6/14 03:45,0,3.60200475,1315
2023/6/14 04:00,0,3.381021896,1315
2023/6/14 04:15,0,6.859635206,1288.75
2023/6/14 04:30,0,6.592928912,1296
2023/6/14 04:45,0,6.40446911,1291
2023/6/14 05:00,0,7.006932861,1288.75
2023/6/14 05:15,0.064371163,2.791134997,1284
2023/6/14 05:30,9.313626246,2.741574184,1272
2023/6/14 05:45,38.96423766,2.956347604,1269.5
2023/6/14 06:00,82.60634798,3.218708707,1250.25
2023/6/14 06:15,131.643717,4.244314825,1252.75
2023/6/14 06:30,191.202254,5.768168239,1245.5
2023/6/14 06:45,254.5493575,6.217104641,1260
2023/6/14 07:00,329.6766957,5.769017095,1260
2023/6/14 07:15,404.2770114,6.806419929,1281.5
2023/6/14 07:30,475.5350235,10.04523693,1274.25
2023/6/14 07:45,547.3602251,11.21020527,1276.75
2023/6/14 08:00,654.6257106,11.4141757,1296
2023/6/14 08:15,726.5881312,10.66517937,1308
2023/6/14 08:30,807.9427299,8.814797404,1324.75
2023/6/14 08:45,873.6217388,6.060835496,1344
2023/6/14 09:00,925.4685285,6.595280028,1351
2023/6/14 09:15,991.5630665,6.206761205,1360.75
2023/6/14 09:30,1026.657279,7.80067649,1370.25
2023/6/14 09:45,1067.709193,8.121886079,1368
2023/6/14 10:00,1085.403816,9.624940214,1360.75
2023/6/14 10:15,1116.022805,11.41865795,1372.75
2023/6/14 10:30,1143.872252,14.89359481,1351
2023/6/14 10:45,1166.145073,11.97123312,1360.75
2023/6/14 11:00,1158.951991,9.738800806,1370.25
2023/6/14 11:15,1183.033107,10.16769802,1375
2023/6/14 11:30,1179.305707,9.251280117,1351
2023/6/14 11:45,1174.081109,10.65156115,1348.75
2023/6/14 12:00,1206.776458,11.14101674,1351
2023/6/14 12:15,1243.55534,13.2516953,1339
2023/6/14 12:30,1255.894939,12.73032347,1332
2023/6/14 12:45,1243.512853,14.35391842,1336.75
2023/6/14 13:00,1219.618355,14.31909865,1322.25
2023/6/14 13:15,1191.203938,12.60777728,1329.5
2023/6/14 13:30,1112.084484,10.60886382,1312.75
2023/6/14 13:45,1031.704382,10.98496915,1310.25
2023/6/14 14:00,1051.733845,14.83442512,1315
2023/6/14 14:15,1024.005267,13.20934681,1317.5
2023/6/14 14:30,959.2986445,9.754458609,1336.75
2023/6/14 14:45,880.4769877,15.45641506,1356
2023/6/14 15:00,787.0853471,21.91606674,1353.5
2023/6/14 15:15,746.0558354,23.43916013,1327
2023/6/14 15:30,674.6593426,25.51893991,1336.75
2023/6/14 15:45,573.3408378,27.14442067,1291
2023/6/14 16:00,527.7226587,25.71341454,1308
2023/6/14 16:15,491.9470179,23.80178216,1329.5
2023/6/14 16:30,420.7234677,21.16006222,1327
2023/6/14 16:45,353.5540952,18.64935853,1317.5
2023/6/14 17:00,297.3602154,11.33749706,1315
2023/6/14 17:15,244.1547539,8.182700568,1308
2023/6/14 17:30,177.9317339,6.02169345,1315
2023/6/14 17:45,123.1313652,3.963929527,1310.25
2023/6/14 18:00,79.20828101,2.444654821,1322.25
2023/6/14 18:15,46.01857829,1.787061873,1305.5
2023/6/14 18:30,19.51777202,1.538867851,1296
2023/6/14 18:45,4.933847473,1.588991811,1300.75
2023/6/14 19:00,0,1.896982328,1288.75
2023/6/14 19:15,0,1.034506401,1300.75
2023/6/14 19:30,0,0.257476302,1286.25
2023/6/14 19:45,0,0.052573269,1279
2023/6/14 20:00,0,0.009124867,1274.25
2023/6/14 20:15,0,0.01207703,1286.25
2023/6/14 20:30,0,0.003509564,1305.5
2023/6/14 20:45,0,0,1296
2023/6/14 21:00,0,0,1312.75
2023/6/14 21:15,0,0,1288.75
2023/6/14 21:30,0,0.018249732,1288.75
2023/6/14 21:45,0,0.0273746,1274.25
2023/6/14 22:00,0,0.045624335,1281.5
2023/6/14 22:15,0,0.113756671,1281.5
2023/6/14 22:30,0,0.169722519,1284
2023/6/14 22:45,0,0.303756678,1274.25
2023/6/14 23:00,0,0.352726798,1274.25
2023/6/14 23:15,0,0.301053013,1264.75
2023/6/14 23:30,0,0.4647599,1252.75
2023/6/14 23:45,0,1.956506608,1262.25
2023/6/15 00:00,0,3.17011386,1274.25
2023/6/15 00:15,0,3.01682033,1262.25
2023/6/15 00:30,0,2.622871092,1255
2023/6/15 00:45,0,3.503038715,1262.25
2023/6/15 01:00,0,5.244487497,1257.5
2023/6/15 01:15,0,5.203715872,1250.25
2023/6/15 01:30,0,4.887915811,1238.25
2023/6/15 01:45,0,3.936897324,1228.75
2023/6/15 02:00,0,2.762299921,1240.75
2023/6/15 02:15,0,2.295964629,1236
2023/6/15 02:30,0,1.600829001,1264.75
2023/6/15 02:45,0,1.994243862,1272
2023/6/15 03:00,0,2.644698655,1267
2023/6/15 03:15,0,2.453436704,1276.75
2023/6/15 03:30,0,1.441733156,1262.25
2023/6/15 03:45,0,1.56102896,1272
2023/6/15 04:00,0,1.339062958,1257.5
2023/6/15 04:15,0,0.962774824,1233.5
2023/6/15 04:30,0,0.395005345,1245.5
2023/6/15 04:45,0,0.227107798,1236
2023/6/15 05:00,0,0.196488791,1228.75
2023/6/15 05:15,0.136154554,0.773991459,1226.25
2023/6/15 05:30,7.701299233,0.784028811,1243
2023/6/15 05:45,29.21570396,0.730192105,1236
2023/6/15 06:00,65.78463812,0.730192105,1228.75
2023/6/15 06:15,119.9231439,0.613678964,1252.75
2023/6/15 06:30,181.1803782,0.607861863,1245.5
2023/6/15 06:45,251.6325644,0.694812643,1260
2023/6/15 07:00,325.5135256,0.120024035,1262.25
2023/6/15 07:15,407.925559,0.110899169,1257.5
2023/6/15 07:30,488.6577508,0.110899169,1255
2023/6/15 07:45,565.6419125,0.110899169,1288.75
2023/6/15 08:00,639.9438076,0.139398358,1279
2023/6/15 08:15,705.2151649,0.167897547,1281.5
2023/6/15 08:30,760.5621432,0.27070438,1329.5
2023/6/15 08:45,812.4072664,0.617264277,1322.25
2023/6/15 09:00,864.7196676,0.632426272,1329.5
2023/6/15 09:15,879.0367485,1.600128803,1339
2023/6/15 09:30,928.3940787,1.316163215,1327
2023/6/15 09:45,914.9117646,1.860787667,1324.75
2023/6/15 10:00,921.9296176,2.922900894,1305.5
2023/6/15 10:15,921.3985442,2.934663696,1332
2023/6/15 10:30,922.1151228,3.503954608,1329.5
2023/6/15 10:45,899.250489,5.819101518,1346.25
2023/6/15 11:00,908.6378163,9.798196934,1341.5
2023/6/15 11:15,900.6833883,11.72472171,1334.25
2023/6/15 11:30,912.1173833,12.72097907,1341.5
2023/6/15 11:45,872.0228405,18.65858762,1336.75
2023/6/15 12:00,833.6647895,21.29814712,1339
2023/6/15 12:15,793.1205417,25.32886035,1351
2023/6/15 12:30,723.5282462,28.03450518,1348.75
2023/6/15 12:45,708.7495742,57.31163715,1332
2023/6/15 13:00,670.0023401,109.4660554,1341.5
2023/6/15 13:15,587.4684581,101.6981614,1339
2023/6/15 13:30,535.9578022,100.4848949,1322.25
2023/6/15 13:45,497.7433018,90.34734498,1327
2023/6/15 14:00,474.7667586,69.00615948,1315
2023/6/15 14:15,399.8944215,56.19664269,1310.25
2023/6/15 14:30,327.6078473,44.82009968,1336.75
2023/6/15 14:45,295.7152492,36.31794737,1336.75
2023/6/15 15:00,283.3344635,22.42491559,1332
2023/6/15 15:15,266.501161,22.39262095,1344
2023/6/15 15:30,247.2668202,28.96848448,1334.25
2023/6/15 15:45,221.4033295,42.33704635,1327
2023/6/15 16:00,214.6138445,56.41201694,1312.75
2023/6/15 16:15,188.8598633,56.83894337,1298.25
2023/6/15 16:30,165.8334051,47.67133995,1303
2023/6/15 16:45,151.6565239,44.66884427,1303
2023/6/15 17:00,137.8843451,43.24525015,1310.25
2023/6/15 17:15,126.489286,36.84338345,1298.25
2023/6/15 17:30,119.422798,36.96057231,1291
2023/6/15 17:45,101.4401187,26.03099563,1269.5
2023/6/15 18:00,75.30191624,30.37274169,1284
2023/6/15 18:15,53.55503558,32.55208179,1269.5
2023/6/15 18:30,33.06746286,21.47609165,1286.25
2023/6/15 18:45,11.40311566,17.64896007,1274.25
2023/6/15 19:00,0,11.54191858,1267
2023/6/15 19:15,0,5.249134525,1250.25
2023/6/15 19:30,0,4.646943115,1228.75
2023/6/15 19:45,0,3.947801149,1233.5
2023/6/15 20:00,0,3.011043411,1248
2023/6/15 20:15,0,3.513870715,1243
2023/6/15 20:30,0,3.377308369,1264.75
2023/6/15 20:45,0,3.342376782,1279
2023/6/15 21:00,0,3.308960593,1264.75
2023/6/15 21:15,0,1.98921081,1269.5
2023/6/15 21:30,0,1.410964381,1286.25
2023/6/15 21:45,0,0.883571003,1276.75
2023/6/15 22:00,0,0.581450054,1276.75
2023/6/15 22:15,0,0.720154792,1269.5
2023/6/15 22:30,0,1.726881059,1269.5
2023/6/15 22:45,0,0.798390349,1269.5
2023/6/15 23:00,0,0.371777487,1279
2023/6/15 23:15,0,0.512371909,1267
2023/6/15 23:30,0,0.865059493,1262.25
2023/6/15 23:45,0,0.529167936,1260
2023/6/16 00:00,0,0.420453596,1260
2023/6/16 00:15,0,0.409503758,1257.5
2023/6/16 00:30,0,0.435235872,1257.5
2023/6/16 00:45,0,0.238463192,1272
2023/6/16 01:00,0,0.209263626,1262.25
2023/6/16 01:15,0,0.36864462,1250.25
2023/6/16 01:30,0,0.475488497,1243
2023/6/16 01:45,0,0.439453557,1233.5
2023/6/16 02:00,0,1.008578743,1240.75
2023/6/16 02:15,0,1.338111016,1243
2023/6/16 02:30,0,1.22535468,1260
2023/6/16 02:45,0,0.947404486,1264.75
2023/6/16 03:00,0,0.742764148,1264.75
2023/6/16 03:15,0,0.649284956,1264.75
2023/6/16 03:30,0,0.059615797,1262.25
2023/6/16 03:45,0,0.048665956,1255
2023/6/16 04:00,0,1.184204915,1238.25
2023/6/16 04:15,0,1.184204915,1233.5
2023/6/16 04:30,0,1.184204915,1233.5
2023/6/16 04:45,0,1.270706807,1231
2023/6/16 05:00,0,1.781038778,1238.25
2023/6/16 05:15,0.1825935,0.200747061,1248
2023/6/16 05:30,14.52507936,0.111323372,1226.25
2023/6/16 05:45,54.10784902,0.069348984,1236
2023/6/16 06:00,99.29041603,0.018249732,1226.25
2023/6/16 06:15,142.5183256,0.012166488,1238.25
2023/6/16 06:30,194.6500798,0.006083244,1240.75
2023/6/16 06:45,254.3763494,0,1262.25
2023/6/16 07:00,319.2732694,0,1255
2023/6/16 07:15,398.4081286,0,1248
2023/6/16 07:30,475.1730905,0,1257.5
2023/6/16 07:45,547.1425155,0,1276.75
2023/6/16 08:00,626.9837817,0,1305.5
2023/6/16 08:15,702.1343048,0,1351
2023/6/16 08:30,784.7906703,0,1368
2023/6/16 08:45,844.3736546,0,1384.75
2023/6/16 09:00,903.1852335,0.000304162,1392
2023/6/16 09:15,945.3835756,0,1408.75
2023/6/16 09:30,991.6839954,0.575069373,1375
2023/6/16 09:45,1053.589118,0.865810987,1387
2023/6/16 10:00,1107.633284,1.106808869,1401.5
2023/6/16 10:15,1154.152316,1.298920155,1389.5
2023/6/16 10:30,1197.542826,2.093359548,1384.75
2023/6/16 10:45,1227.909238,2.784348526,1363
2023/6/16 11:00,1263.52613,3.830125792,1387
2023/6/16 11:15,1262.578255,4.283428844,1387
2023/6/16 11:30,1274.016361,4.680184869,1365.5
2023/6/16 11:45,1258.936245,5.298473782,1384.75
2023/6/16 12:00,1281.948602,6.731554543,1353.5
2023/6/16 12:15,1294.206793,6.994338747,1372.75
2023/6/16 12:30,1294.466931,8.617412634,1365.5
2023/6/16 12:45,1285.528379,11.4240263,1363
2023/6/16 13:00,1268.488803,12.33714083,1370.25
2023/6/16 13:15,1238.650124,16.63012417,1396.75
2023/6/16 13:30,1215.00688,20.68128152,1396.75
2023/6/16 13:45,1190.143577,25.34177663,1392
2023/6/16 14:00,1146.303572,26.74187927,1384.75
2023/6/16 14:15,1078.206958,29.42647313,1372.75
2023/6/16 14:30,1047.401708,27.0412479,1401.5
2023/6/16 14:45,1011.490646,22.00669725,1418.25
2023/6/16 15:00,957.9982704,19.57274453,1442.25
2023/6/16 15:15,877.7889883,19.88067299,1435
2023/6/16 15:30,795.9818829,28.55418957,1435
2023/6/16 15:45,709.2387059,33.49487332,1437.5
2023/6/16 16:00,641.1386542,32.51124647,1368
2023/6/16 16:15,573.3668941,35.41996127,1384.75
2023/6/16 16:30,469.2582297,26.51833483,1394.25
2023/6/16 16:45,371.4519338,19.17546628,1372.75
2023/6/16 17:00,289.740223,14.4992161,1365.5
2023/6/16 17:15,226.6039136,12.72460175,1360.75
2023/6/16 17:30,173.3462443,8.498927312,1363
2023/6/16 17:45,124.1032965,10.10907137,1348.75
2023/6/16 18:00,82.14419413,18.15291835,1344
2023/6/16 18:15,49.05448113,10.74307715,1341.5
2023/6/16 18:30,21.63240425,6.258460022,1358.25
2023/6/16 18:45,6.810963984,6.669469031,1341.5
2023/6/16 19:00,0,8.332997283,1327
2023/6/16 19:15,0,15.49088057,1320
2023/6/16 19:30,0,27.49917096,1324.75
2023/6/16 19:45,0,32.94680184,1308
2023/6/16 20:00,0,32.09440638,1293.5
2023/6/16 20:15,0,35.7069639,1300.75
2023/6/16 20:30,0,28.95028253,1310.25
2023/6/16 20:45,0,25.88836093,1317.5
2023/6/16 21:00,0,43.69202273,1334.25
2023/6/16 21:15,0,30.0393307,1317.5
2023/6/16 21:30,0,16.26793674,1327
2023/6/16 21:45,0,24.16588248,1329.5
2023/6/16 22:00,0,21.12217585,1322.25
2023/6/16 22:15,0,9.638536591,1315
2023/6/16 22:30,0,5.912437487,1329.5
2023/6/16 22:45,0,2.6197501,1320
2023/6/16 23:00,0,2.541515363,1317.5
2023/6/16 23:15,0,2.17986656,1308
2023/6/16 23:30,0,1.601720844,1310.25
2023/6/16 23:45,0,1.563178027,1305.5
2023/6/17 00:00,0,1.537647093,1303
2023/6/17 00:15,0,1.484237824,1298.25
2023/6/17 00:30,0,1.702220747,1291
2023/6/17 00:45,0,2.322018383,1296
2023/6/17 01:00,0,4.013410335,1293.5
2023/6/17 01:15,0,3.009001896,1257.5
2023/6/17 01:30,0,3.834408018,1262.25
2023/6/17 01:45,0,3.675067576,1257.5
2023/6/17 02:00,0,2.533861061,1250.25
2023/6/17 02:15,0,1.993770394,1248
2023/6/17 02:30,0,1.78749722,1264.75
2023/6/17 02:45,0,1.639766095,1260
2023/6/17 03:00,0,1.667435635,1267
2023/6/17 03:15,0,1.577514216,1281.5
2023/6/17 03:30,0,7.596822531,1276.75
2023/6/17 03:45,0,7.712303715,1276.75
2023/6/17 04:00,0,7.176512816,1267
2023/6/17 04:15,0,6.885016197,1281.5
2023/6/17 04:30,0,4.591565419,1262.25
2023/6/17 04:45,0,3.168637319,1272
2023/6/17 05:00,0,3.203909731,1252.75
2023/6/17 05:15,0.006937975,2.464716524,1250.25
2023/6/17 05:30,5.153801866,2.754259209,1252.75
2023/6/17 05:45,25.91935214,0.958375829,1250.25
2023/6/17 06:00,52.9661937,7.177899546,1264.75
2023/6/17 06:15,85.35343347,8.428560176,1269.5
2023/6/17 06:30,125.6326618,10.9086156,1264.75
2023/6/17 06:45,166.7083315,10.93373603,1267
2023/6/17 07:00,202.2580586,10.8287035,1286.25
2023/6/17 07:15,240.1067435,12.28207053,1300.75
2023/6/17 07:30,287.3663154,17.88288014,1286.25
2023/6/17 07:45,363.0768675,23.57421115,1332
2023/6/17 08:00,439.9262595,28.37985016,1315
2023/6/17 08:15,509.4633927,37.77428926,1341.5
2023/6/17 08:30,576.4625531,54.35344597,1368
2023/6/17 08:45,602.2679707,42.7767652,1396.75
2023/6/17 09:00,641.4577685,57.64634479,1432.75
2023/6/17 09:15,666.637383,38.56776998,1440
2023/6/17 09:30,721.7953475,21.61891427,1490.25
2023/6/17 09:45,757.7179794,17.88473845,1471
2023/6/17 10:00,800.150142,20.5343294,1444.75
2023/6/17 10:15,822.1718876,14.92422652,1437.5
2023/6/17 10:30,891.493728,7.191746941,1437.5
2023/6/17 10:45,953.3611257,5.931062013,1432.75
2023/6/17 11:00,994.7255947,2.867043241,1442.25
2023/6/17 11:15,1014.393407,4.329662235,1442.25
2023/6/17 11:30,1053.275885,6.309449957,1423
2023/6/17 11:45,1075.59537,4.922706769,1416
2023/6/17 12:00,1050.968229,3.854799933,1406.25
2023/6/17 12:15,998.0581311,4.067266769,1401.5
2023/6/17 12:30,918.817464,4.140857977,1392
2023/6/17 12:45,852.7102758,4.272533861,1382.25
2023/6/17 13:00,826.1725165,8.68401195,1394.25
2023/6/17 13:15,807.3979797,8.479302654,1416
2023/6/17 13:30,786.0251562,5.006329243,1432.75
2023/6/17 13:45,798.9795953,5.883693703,1447
2023/6/17 14:00,817.4131572,6.688056762,1447
2023/6/17 14:15,780.69336,7.918254406,1440
2023/6/17 14:30,740.0956506,12.03100574,1444.75
2023/6/17 14:45,699.974879,12.88366638,1442.25
2023/6/17 15:00,654.6436813,15.18781895,1456.75
2023/6/17 15:15,624.5293818,18.5993339,1452
2023/6/17 15:30,598.1913702,17.60268324,1473.5
2023/6/17 15:45,590.8806304,14.77581269,1425.5
2023/6/17 16:00,498.0143124,14.79607352,1384.75
2023/6/17 16:15,403.2579309,14.57218127,1363
2023/6/17 16:30,297.1684147,14.40636946,1351
2023/6/17 16:45,204.0310699,24.54885104,1356
2023/6/17 17:00,147.5533016,13.26251265,1358.25
2023/6/17 17:15,99.20183348,19.76496624,1348.75
2023/6/17 17:30,59.56028612,27.9889289,1346.25
2023/6/17 17:45,38.37743132,31.27719835,1327
2023/6/17 18:00,24.93534681,37.28434256,1346.25
2023/6/17 18:15,14.3802963,41.42378102,1327
2023/6/17 18:30,12.0654163,52.14210201,1312.75
2023/6/17 18:45,4.001801303,50.94113705,1298.25
2023/6/17 19:00,0,58.36524283,1286.25
2023/6/17 19:15,0,75.07776516,1276.75
2023/6/17 19:30,0,62.62169478,1267
2023/6/17 19:45,0,50.8299278,1260
2023/6/17 20:00,0,52.23935426,1236
2023/6/17 20:15,0,45.75716817,1245.5
2023/6/17 20:30,0,33.89815904,1264.75
2023/6/17 20:45,0,20.583711,1264.75
2023/6/17 21:00,0,14.64616338,1264.75
2023/6/17 21:15,0,10.54372923,1260
2023/6/17 21:30,0,6.272942756,1274.25
2023/6/17 21:45,0,3.620178103,1274.25
2023/6/17 22:00,0,3.01341998,1269.5
2023/6/17 22:15,0,4.350714141,1274.25
2023/6/17 22:30,0,5.640314647,1267
2023/6/17 22:45,0,5.302456565,1262.25
2023/6/17 23:00,0,4.940215912,1274.25
2023/6/17 23:15,0,1.917763056,1269.5
2023/6/17 23:30,0,1.478888758,1269.5
2023/6/17 23:45,0,1.432032938,1257.5
2023/6/18 00:00,0,1.28694417,1248
2023/6/18 00:15,0,0.628538563,1279
2023/6/18 00:30,0,2.255840866,1269.5
2023/6/18 00:45,0,4.74229458,1269.5
2023/6/18 01:00,0,4.553460537,1255
2023/6/18 01:15,0,2.943385132,1248
2023/6/18 01:30,0,3.496023732,1240.75
2023/6/18 01:45,0,1.955670809,1233.5
2023/6/18 02:00,0,1.742517955,1245.5
2023/6/18 02:15,0,1.227463547,1257.5
2023/6/18 02:30,0,1.476478289,1269.5
2023/6/18 02:45,0,1.180233912,1262.25
2023/6/18 03:00,0,1.144948978,1264.75
2023/6/18 03:15,0,1.169605128,1262.25
2023/6/18 03:30,0,1.175384211,1260
2023/6/18 03:45,0,0.613678966,1267
2023/6/18 04:00,0,0.04227855,1243
2023/6/18 04:15,0,0.663681975,1248
2023/6/18 04:30,0,0.588046963,1236
2023/6/18 04:45,0,1.230167216,1231
2023/6/18 05:00,0,1.244725409,1224
2023/6/18 05:15,0.00062313,1.136147283,1231
2023/6/18 05:30,7.660031771,1.159024631,1224
2023/6/18 05:45,35.13310316,1.307998957,1221.5
2023/6/18 06:00,66.95410065,1.194611752,1228.75
2023/6/18 06:15,96.41262741,0.585410889,1231
2023/6/18 06:30,133.1322438,1.419513849,1231
2023/6/18 06:45,185.7977051,3.557932584,1257.5
2023/6/18 07:00,251.7969169,3.406616877,1281.5
2023/6/18 07:15,322.997345,2.838847397,1272
2023/6/18 07:30,394.1681237,2.838847397,1267
2023/6/18 07:45,476.8670706,2.334163416,1298.25
2023/6/18 08:00,536.3561268,0,1315
2023/6/18 08:15,613.4906139,0,1344
2023/6/18 08:30,700.9159311,0,1372.75
2023/6/18 08:45,786.1809483,0,1380
2023/6/18 09:00,802.7025405,0.003345785,1372.75
2023/6/18 09:15,850.3142902,0.603599789,1382.25
2023/6/18 09:30,887.2101513,0.913652487,1389.5
2023/6/18 09:45,919.3205962,1.853352354,1399
2023/6/18 10:00,955.3555387,2.321737267,1420.75
2023/6/18 10:15,995.3572699,2.771997381,1430.25
2023/6/18 10:30,1050.854032,3.963814406,1452
2023/6/18 10:45,1087.575944,6.454503467,1430.25
2023/6/18 11:00,1109.443343,7.07774753,1418.25
2023/6/18 11:15,1126.013905,8.392015438,1416
2023/6/18 11:30,1135.322506,9.547896492,1435
2023/6/18 11:45,1151.897075,9.756715723,1411
2023/6/18 12:00,1138.781205,10.10600801,1399
2023/6/18 12:15,1125.238944,7.955840496,1394.25
2023/6/18 12:30,1081.584612,5.996781722,1382.25
2023/6/18 12:45,1033.236253,4.221692197,1377.5
2023/6/18 13:00,991.7656565,3.894288227,1387
2023/6/18 13:15,933.4233659,3.755022854,1380
2023/6/18 13:30,914.3341977,7.16853012,1348.75
2023/6/18 13:45,853.3138474,5.914623125,1356
2023/6/18 14:00,829.8390665,5.191654923,1358.25
2023/6/18 14:15,800.031252,4.844547489,1375
2023/6/18 14:30,752.3799199,5.0596332,1406.25
2023/6/18 14:45,757.3787892,3.064140568,1377.5
2023/6/18 15:00,689.5219119,3.241419636,1406.25
2023/6/18 15:15,590.2732832,3.454975381,1425.5
2023/6/18 15:30,542.5227784,3.757177414,1406.25
2023/6/18 15:45,480.9876631,3.333207971,1394.25
2023/6/18 16:00,437.3679687,2.859126959,1408.75
2023/6/18 16:15,370.2083211,2.104799946,1396.75
2023/6/18 16:30,290.3788153,1.894177252,1358.25
2023/6/18 16:45,264.9957353,1.339717606,1363
2023/6/18 17:00,220.8453492,1.270719301,1365.5
2023/6/18 17:15,183.072035,1.524134633,1377.5
2023/6/18 17:30,146.7388373,1.271979185,1372.75
2023/6/18 17:45,122.0982993,3.235798985,1363
2023/6/18 18:00,90.60039259,6.89670261,1360.75
2023/6/18 18:15,59.36624787,6.89670261,1348.75
2023/6/18 18:30,32.22070293,6.396254726,1365.5
2023/6/18 18:45,6.546033256,9.642473955,1356
2023/6/18 19:00,0,5.601205493,1339
2023/6/18 19:15,0,2.459436099,1327
2023/6/18 19:30,0,3.027205579,1286.25
2023/6/18 19:45,0,2.005220524,1284
2023/6/18 20:00,0,1.199504272,1276.75
2023/6/18 20:15,0,1.002947885,1288.75
2023/6/18 20:30,0,2.897043772,1300.75
2023/6/18 20:45,0,0.729989331,1320
2023/6/18 21:00,0,0,1303
2023/6/18 21:15,0,0,1303
2023/6/18 21:30,0,0,1300.75
2023/6/18 21:45,0,0,1293.5
2023/6/18 22:00,0,2.271077918,1298.25
2023/6/18 22:15,0,2.271077918,1305.5
2023/6/18 22:30,0,2.271077918,1296
2023/6/18 22:45,0,4.511739638,1291
2023/6/18 23:00,0,7.741672046,1296
2023/6/18 23:15,0,4.872780099,1291
2023/6/18 23:30,0,6.775035665,1286.25
2023/6/18 23:45,0,7.368917921,1305.5
2023/6/19 00:00,0,9.600561886,1284
2023/6/19 00:15,0,10.19872201,1272
2023/6/19 00:30,0,12.36609296,1272
2023/6/19 00:45,0,16.11054326,1269.5
2023/6/19 01:00,0,17.69943928,1262.25
2023/6/19 01:15,0,20.44454819,1274.25
2023/6/19 01:30,0,28.28844359,1260
2023/6/19 01:45,0,27.33352295,1248
2023/6/19 02:00,0,22.65577424,1245.5
2023/6/19 02:15,0,17.31068199,1252.75
2023/6/19 02:30,0,21.90245213,1269.5
2023/6/19 02:45,0,19.04571404,1264.75
2023/6/19 03:00,0,13.64913409,1276.75
2023/6/19 03:15,0,9.699611881,1264.75
2023/6/19 03:30,0,7.651331262,1260
2023/6/19 03:45,0,11.20458692,1262.25
2023/6/19 04:00,0,10.18419666,1255
2023/6/19 04:15,0,7.909344911,1272
2023/6/19 04:30,0,6.584643403,1264.75
2023/6/19 04:45,0,5.527820784,1260
2023/6/19 05:00,0,3.892900151,1255
2023/6/19 05:15,0.03173553,2.898016095,1260
2023/6/19 05:30,8.537103449,3.190891256,1255
2023/6/19 05:45,39.71473018,2.305161929,1255
2023/6/19 06:00,79.55415439,1.559678292,1274.25
2023/6/19 06:15,127.0020217,1.259748665,1262.25
2023/6/19 06:30,184.4727726,1.094726135,1269.5
2023/6/19 06:45,258.6139453,1.388420568,1269.5
2023/6/19 07:00,345.0655752,1.143700118,1272
2023/6/19 07:15,424.6346257,0.697028228,1291
2023/6/19 07:30,502.4667949,0.546569576,1310.25
2023/6/19 07:45,595.0785135,0.522844928,1300.75
2023/6/19 08:00,664.4078225,0.355758775,1315
2023/6/19 08:15,747.6105045,0.282913574,1312.75
2023/6/19 08:30,817.2575078,0.509332723,1344
2023/6/19 08:45,875.2063462,0.764596045,1372.75
2023/6/19 09:00,934.5091931,1.581029709,1416
2023/6/19 09:15,998.160565,2.4458397,1408.75
2023/6/19 09:30,1052.691106,2.765852349,1392
2023/6/19 09:45,1085.01471,3.458499955,1377.5
2023/6/19 10:00,1097.986579,4.740772931,1363
2023/6/19 10:15,1099.023559,5.003094956,1360.75
2023/6/19 10:30,1117.542616,4.134134482,1375
2023/6/19 10:45,1161.242228,4.549632879,1406.25
2023/6/19 11:00,1163.213147,6.370634324,1399
2023/6/19 11:15,1203.019972,8.431741277,1370.25
2023/6/19 11:30,1182.695742,10.00288035,1368
2023/6/19 11:45,1162.722544,12.06488521,1372.75
2023/6/19 12:00,1153.053332,17.77425055,1384.75
2023/6/19 12:15,1163.165994,23.41499529,1375
2023/6/19 12:30,1067.050162,20.31986853,1360.75
2023/6/19 12:45,943.7080133,21.60089252,1370.25
2023/6/19 13:00,916.0160765,22.4776702,1380
2023/6/19 13:15,886.0451604,26.72471698,1420.75
2023/6/19 13:30,888.4065579,32.96471521,1447
2023/6/19 13:45,931.2740403,29.23832904,1442.25
2023/6/19 14:00,899.6756673,27.71940695,1425.5
2023/6/19 14:15,771.7999183,23.65296221,1416
2023/6/19 14:30,635.9416768,23.45719912,1435
2023/6/19 14:45,591.5733941,22.71599622,1423
2023/6/19 15:00,516.7893865,21.02215136,1432.75
2023/6/19 15:15,424.0200949,21.38635059,1432.75
2023/6/19 15:30,364.1273583,24.02941378,1423
2023/6/19 15:45,302.3214298,26.72765331,1399
2023/6/19 16:00,272.2610887,23.70444964,1430.25
2023/6/19 16:15,245.649181,26.59346854,1413.5
2023/6/19 16:30,238.0759648,28.86954836,1420.75
2023/6/19 16:45,185.976392,28.19870903,1411
2023/6/19 17:00,144.4196378,25.3736207,1384.75
2023/6/19 17:15,117.8059006,16.03895526,1375
2023/6/19 17:30,91.4517784,12.3584494,1370.25
2023/6/19 17:45,69.3464827,18.07482433,1351
2023/6/19 18:00,45.4985516,15.62312339,1346.25
2023/6/19 18:15,32.86497546,9.97787299,1360.75
2023/6/19 18:30,22.42456665,8.238223891,1341.5
2023/6/19 18:45,8.084712421,8.190438887,1334.25
2023/6/19 19:00,0,4.890829943,1322.25
2023/6/19 19:15,0,3.42409211,1303
2023/6/19 19:30,0,3.77626322,1286.25
2023/6/19 19:45,0,3.399892887,1286.25
2023/6/19 20:00,0,3.728875544,1274.25
2023/6/19 20:15,0,2.875376838,1267
2023/6/19 20:30,0,4.299924464,1276.75
2023/6/19 20:45,0,7.799080883,1272
2023/6/19 21:00,0,23.30461739,1260
2023/6/19 21:15,0,34.0115515,1269.5
2023/6/19 21:30,0,29.97003916,1274.25
2023/6/19 21:45,0,35.29334544,1276.75
2023/6/19 22:00,0,41.80472499,1269.5
2023/6/19 22:15,0,34.18579302,1260
2023/6/19 22:30,0,34.60189156,1272
2023/6/19 22:45,0,58.05396457,1267
2023/6/19 23:00,0,69.42679313,1276.75
2023/6/19 23:15,0,53.55958432,1269.5
2023/6/19 23:30,0,48.92434673,1274.25
2023/6/19 23:45,0,50.54961726,1276.75
2023/6/20 00:00,0,49.77967843,1276.75
2023/6/20 00:15,0,50.64927201,1269.5
2023/6/20 00:30,0,51.89604352,1248
2023/6/20 00:45,0,47.61637126,1291
2023/6/20 01:00,0,48.2672223,1264.75
2023/6/20 01:15,0,45.66920296,1267
2023/6/20 01:30,0,38.50741283,1231
2023/6/20 01:45,0,40.43814468,1233.5
2023/6/20 02:00,0,44.59177136,1243
2023/6/20 02:15,0,48.41177441,1236
2023/6/20 02:30,0,41.07852503,1257.5
2023/6/20 02:45,0,34.5157001,1262.25
2023/6/20 03:00,0,30.90193243,1264.75
2023/6/20 03:15,0,26.48587106,1264.75
2023/6/20 03:30,0,22.60597077,1269.5
2023/6/20 03:45,0,21.06289837,1264.75
2023/6/20 04:00,0,18.86414862,1252.75
2023/6/20 04:15,0,16.31914958,1252.75
2023/6/20 04:30,0,17.42343,1243
2023/6/20 04:45,0,25.32201889,1231
2023/6/20 05:00,0,26.3567424,1243
2023/6/20 05:15,0.012992974,24.80584783,1233.5
2023/6/20 05:30,7.481381327,24.21786739,1231
2023/6/20 05:45,35.07978863,19.78537751,1226.25
2023/6/20 06:00,78.68316619,15.85541348,1236
2023/6/20 06:15,133.2810999,10.44318836,1231
2023/6/20 06:30,193.9729318,6.298359299,1245.5
2023/6/20 06:45,265.3203266,3.565611996,1236
2023/6/20 07:00,337.6323704,1.679639167,1252.75
2023/6/20 07:15,412.7346865,1.999838703,1264.75
2023/6/20 07:30,504.3094603,3.044309719,1262.25
2023/6/20 07:45,598.6405897,5.983938084,1269.5
2023/6/20 08:00,688.5109966,9.595549656,1298.25
2023/6/20 08:15,757.3036837,12.91541646,1320
2023/6/20 08:30,823.1800222,16.63596245,1375
2023/6/20 08:45,892.8243508,21.4587811,1394.25
2023/6/20 09:00,960.1232233,20.64591824,1404
2023/6/20 09:15,1024.338045,16.27981008,1406.25
2023/6/20 09:30,1088.349236,13.16688338,1413.5
2023/6/20 09:45,1146.983451,16.42910069,1406.25
2023/6/20 10:00,1183.252523,18.10601061,1404
2023/6/20 10:15,1196.39768,19.60746034,1396.75
2023/6/20 10:30,1205.962265,18.03396851,1382.25
2023/6/20 10:45,1208.511124,19.13145401,1375
2023/6/20 11:00,1234.766681,21.18702557,1411
2023/6/20 11:15,1288.540328,20.73996846,1404
2023/6/20 11:30,1274.8916,23.38144847,1401.5
2023/6/20 11:45,1278.950281,31.5918339,1399
2023/6/20 12:00,1283.290965,36.26538876,1380
2023/6/20 12:15,1292.738413,38.23713111,1370.25
2023/6/20 12:30,1291.054842,38.27378469,1360.75
2023/6/20 12:45,1286.276109,36.95358535,1351
2023/6/20 13:00,1259.820329,36.34769735,1365.5
2023/6/20 13:15,1248.534941,38.26846386,1358.25
2023/6/20 13:30,1236.991387,36.88007491,1346.25
2023/6/20 13:45,1217.432516,39.1680468,1356
2023/6/20 14:00,1184.763198,33.87918781,1336.75
2023/6/20 14:15,1153.409491,34.29851748,1312.75
2023/6/20 14:30,1096.326707,35.48032609,1348.75
2023/6/20 14:45,1046.06786,41.84328805,1360.75
2023/6/20 15:00,991.4594042,81.77522797,1387
2023/6/20 15:15,939.2310528,88.59849026,1375
2023/6/20 15:30,885.4834039,106.1642998,1387
2023/6/20 15:45,802.598076,116.3038521,1377.5
2023/6/20 16:00,726.8129872,118.7202641,1370.25
2023/6/20 16:15,649.3832965,113.6233821,1358.25
2023/6/20 16:30,581.3014859,109.8606446,1370.25
2023/6/20 16:45,489.63478,105.3541492,1363
2023/6/20 17:00,411.8736544,100.2017954,1341.5
2023/6/20 17:15,350.2996385,92.23978729,1341.5
2023/6/20 17:30,288.7944963,76.49420379,1339
2023/6/20 17:45,220.577341,63.76719087,1334.25
2023/6/20 18:00,149.689708,57.95270349,1332
2023/6/20 18:15,93.11747667,51.48431873,1320
2023/6/20 18:30,34.45149164,48.95620797,1322.25
2023/6/20 18:45,9.888938816,39.83641932,1317.5
2023/6/20 19:00,0,37.13149927,1310.25
2023/6/20 19:15,0,26.00020592,1298.25
2023/6/20 19:30,0,21.18888869,1286.25
2023/6/20 19:45,0,19.67821776,1272
2023/6/20 20:00,0,18.92007394,1272
2023/6/20 20:15,0,13.8495592,1274.25
2023/6/20 20:30,0,9.560428352,1276.75
2023/6/20 20:45,0,7.074848527,1264.75
2023/6/20 21:00,0,8.757101585,1243
2023/6/20 21:15,0,9.435139308,1250.25
2023/6/20 21:30,0,12.32664426,1245.5
2023/6/20 21:45,0,17.649455,1260
2023/6/20 22:00,0,15.28002478,1257.5
2023/6/20 22:15,0,13.24445887,1250.25
2023/6/20 22:30,0,17.3400512,1257.5
2023/6/20 22:45,0,18.15964015,1250.25
2023/6/20 23:00,0,22.86959157,1255
2023/6/20 23:15,0,37.25440207,1264.75
2023/6/20 23:30,0,31.08492093,1264.75
2023/6/20 23:45,0,31.45367375,1262.25
2023/6/21 00:00,0,39.04236141,1245.5
2023/6/21 00:15,0,39.14958169,1250.25
2023/6/21 00:30,0,36.51929825,1245.5
2023/6/21 00:45,0,41.67740095,1250.25
2023/6/21 01:00,0,37.77613353,1248
2023/6/21 01:15,0,32.37609656,1248
2023/6/21 01:30,0,38.02698221,1228.75
2023/6/21 01:45,0,51.83102276,1231
2023/6/21 02:00,0,57.39124113,1231
2023/6/21 02:15,0,54.19399847,1248
2023/6/21 02:30,0,46.54886512,1260
2023/6/21 02:45,0,42.65979339,1252.75
2023/6/21 03:00,0,47.5405816,1262.25
2023/6/21 03:15,0,52.80926628,1255
2023/6/21 03:30,0,64.07423374,1276.75
2023/6/21 03:45,0,62.39530835,1272
2023/6/21 04:00,0,43.1143868,1269.5
2023/6/21 04:15,0,38.7764645,1257.5
2023/6/21 04:30,0,28.97516266,1240.75
2023/6/21 04:45,0,20.1404106,1248
2023/6/21 05:00,0,17.9547584,1252.75
2023/6/21 05:15,0,14.39453174,1260
2023/6/21 05:30,7.764846011,7.340262146,1252.75
2023/6/21 05:45,33.96563186,4.116782496,1240.75
2023/6/21 06:00,75.64885369,3.126779779,1248
2023/6/21 06:15,130.5041812,1.316332985,1240.75
2023/6/21 06:30,195.7796021,1.541591893,1255
2023/6/21 06:45,270.6920265,2.233959076,1257.5
2023/6/21 07:00,346.0932983,2.311164831,1274.25
2023/6/21 07:15,432.817601,2.614413565,1269.5
2023/6/21 07:30,526.493881,2.961841525,1260
2023/6/21 07:45,604.5307167,4.242535572,1267
2023/6/21 08:00,689.0895989,4.884319404,1281.5
2023/6/21 08:15,758.6030767,6.489676189,1293.5
2023/6/21 08:30,827.1309703,8.434216658,1322.25
2023/6/21 08:45,877.3725929,10.4434027,1332
2023/6/21 09:00,929.9284281,13.80609434,1329.5
2023/6/21 09:15,972.7879809,22.84033,1334.25
2023/6/21 09:30,1019.532732,24.1536523,1317.5
2023/6/21 09:45,1030.071303,29.36894866,1320
2023/6/21 10:00,1045.516293,37.23302964,1341.5
2023/6/21 10:15,1052.916686,35.76557687,1329.5
2023/6/21 10:30,1072.745363,34.71723756,1329.5
2023/6/21 10:45,1098.39634,37.87208899,1336.75
2023/6/21 11:00,1129.623352,38.66124728,1344
2023/6/21 11:15,1185.893833,42.27008319,1351
2023/6/21 11:30,1200.935341,48.3845996,1368
2023/6/21 11:45,1214.905553,53.44248727,1351
2023/6/21 12:00,1228.215109,51.63223762,1332
2023/6/21 12:15,1250.66355,48.93849927,1329.5
2023/6/21 12:30,1259.864125,43.37302971,1324.75
2023/6/21 12:45,1253.444166,48.27050003,1329.5
2023/6/21 13:00,1255.470548,46.88116942,1334.25
2023/6/21 13:15,1252.375487,55.37481579,1322.25
2023/6/21 13:30,1217.944827,50.13463752,1303
2023/6/21 13:45,1179.759625,48.43759389,1312.75
2023/6/21 14:00,1107.687837,47.21019378,1308
2023/6/21 14:15,1057.913712,41.44474929,1336.75
2023/6/21 14:30,1031.383557,39.17351857,1368
2023/6/21 14:45,960.1248722,39.68299792,1368
2023/6/21 15:00,888.4276534,40.36910806,1358.25
2023/6/21 15:15,827.6173662,31.5380956,1356
2023/6/21 15:30,747.1398567,23.64445195,1358.25
2023/6/21 15:45,656.4047114,18.44574937,1348.75
2023/6/21 16:00,586.3039107,15.32707818,1356
2023/6/21 16:15,532.5743555,13.22062394,1341.5
2023/6/21 16:30,437.4462566,12.88837122,1332
2023/6/21 16:45,370.3163303,12.97327984,1317.5
2023/6/21 17:00,311.052034,3.573673894,1303
2023/6/21 17:15,267.0726944,6.862179728,1312.75
2023/6/21 17:30,211.9416657,6.86958606,1303
2023/6/21 17:45,156.9718248,6.812797263,1320
2023/6/21 18:00,102.0863817,7.840121638,1303
2023/6/21 18:15,57.922275,6.565191877,1288.75
2023/6/21 18:30,23.49394055,1.817269409,1284
2023/6/21 18:45,6.196315882,1.318283236,1281.5
2023/6/21 19:00,0,1.132946337,1293.5
2023/6/21 19:15,0,0.722859714,1288.75
2023/6/21 19:30,0,0.773247953,1260
2023/6/21 19:45,0,0.977874896,1255
2023/6/21 20:00,0,1.213111191,1264.75
2023/6/21 20:15,0,0.996699121,1269.5
2023/6/21 20:30,0,0.918311751,1296
2023/6/21 20:45,0,2.075547424,1317.5
2023/6/21 21:00,0,5.887694398,1300.75
2023/6/21 21:15,0,4.300955618,1305.5
2023/6/21 21:30,0,3.747199127,1298.25
2023/6/21 21:45,0,4.059215238,1296
2023/6/21 22:00,0,2.664907426,1291
2023/6/21 22:15,0,2.342404389,1303
2023/6/21 22:30,0,1.933073706,1298.25
2023/6/21 22:45,0,1.107922176,1303
2023/6/21 23:00,0,0.950210244,1300.75
2023/6/21 23:15,0,5.026323522,1298.25
2023/6/21 23:30,0,5.546500824,1303
2023/6/21 23:45,0,12.96577968,1312.75
2023/6/22 00:00,0,3.155034797,1284
2023/6/22 00:15,0,3.770846149,1276.75
2023/6/22 00:30,0,5.534222286,1274.25
2023/6/22 00:45,0,9.118181991,1269.5
2023/6/22 01:00,0,25.75395176,1260
2023/6/22 01:15,0,18.07993804,1274.25
2023/6/22 01:30,0,12.70191803,1260
2023/6/22 01:45,0,11.87036617,1255
2023/6/22 02:00,0,10.04192095,1252.75
2023/6/22 02:15,0,5.061146756,1262.25
2023/6/22 02:30,0,5.400647432,1286.25
2023/6/22 02:45,0,11.0164319,1288.75
2023/6/22 03:00,0,18.87431055,1291
2023/6/22 03:15,0,8.009454203,1274.25
2023/6/22 03:30,0,3.521062868,1269.5
2023/6/22 03:45,0,7.960395849,1255
2023/6/22 04:00,0,8.883814418,1255
2023/6/22 04:15,0,26.25935792,1260
2023/6/22 04:30,0,49.92271046,1252.75
2023/6/22 04:45,0,20.27828745,1252.75
2023/6/22 05:00,0,28.99270411,1245.5
2023/6/22 05:15,0.020273306,17.28943072,1250.25
2023/6/22 05:30,6.705202456,9.022849675,1250.25
2023/6/22 05:45,31.28915777,10.65035153,1255
2023/6/22 06:00,68.03346425,12.69671915,1257.5
2023/6/22 06:15,117.9662542,18.13247439,1250.25
2023/6/22 06:30,187.9392682,20.16137228,1248
2023/6/22 06:45,273.4853358,16.73062184,1252.75
2023/6/22 07:00,369.9906323,10.54494149,1264.75
2023/6/22 07:15,466.003911,7.639624178,1272
2023/6/22 07:30,562.5833261,5.426109921,1286.25
2023/6/22 07:45,652.328599,3.399245941,1293.5
2023/6/22 08:00,740.3471348,3.295950415,1298.25
2023/6/22 08:15,816.5758695,3.655767296,1324.75
2023/6/22 08:30,881.7597171,3.941052132,1332
2023/6/22 08:45,946.0569255,4.424342558,1344
2023/6/22 09:00,996.3558308,5.960097569,1351
2023/6/22 09:15,1026.786691,8.504067395,1348.75
2023/6/22 09:30,1074.636214,10.87967088,1348.75
2023/6/22 09:45,1116.19879,16.22982623,1346.25
2023/6/22 10:00,1132.859525,18.35392633,1351
2023/6/22 10:15,1101.059323,17.99568892,1353.5
2023/6/22 10:30,1122.060519,17.26150601,1368
2023/6/22 10:45,1142.555962,20.90703988,1358.25
2023/6/22 11:00,1161.99991,25.71659583,1346.25
2023/6/22 11:15,1167.043441,36.01030986,1346.25
2023/6/22 11:30,1135.608059,44.56097096,1346.25
2023/6/22 11:45,1161.066512,50.95813113,1346.25
2023/6/22 12:00,1163.274635,51.86841338,1353.5
2023/6/22 12:15,1135.879185,54.75609657,1341.5
2023/6/22 12:30,1122.023245,72.42136174,1339
2023/6/22 12:45,1112.215118,99.66905741,1344
2023/6/22 13:00,1094.291497,103.6919657,1334.25
2023/6/22 13:15,1051.835478,99.20562692,1339
2023/6/22 13:30,1000.949212,94.45568087,1336.75
2023/6/22 13:45,939.1370422,83.4043979,1329.5
2023/6/22 14:00,858.3400858,79.92459424,1320
2023/6/22 14:15,742.4061273,72.38221772,1322.25
2023/6/22 14:30,586.2344063,68.2022262,1344
2023/6/22 14:45,480.7262958,52.6193178,1341.5
2023/6/22 15:00,397.0047685,39.55670739,1353.5
2023/6/22 15:15,310.0389826,38.64143741,1332
2023/6/22 15:30,266.6616451,39.38806581,1310.25
2023/6/22 15:45,228.9299136,37.78698537,1305.5
2023/6/22 16:00,202.9372306,20.11477158,1296
2023/6/22 16:15,176.728072,10.9365306,1293.5
2023/6/22 16:30,151.6103678,6.172737427,1296
2023/6/22 16:45,131.9353642,4.352060701,1291
2023/6/22 17:00,115.9260306,4.235706526,1291
2023/6/22 17:15,94.91278313,3.761564993,1274.25
2023/6/22 17:30,79.10984045,1.72863142,1267
2023/6/22 17:45,65.50279178,1.715360972,1250.25
2023/6/22 18:00,51.30284899,2.340039295,1255
2023/6/22 18:15,34.94612311,5.395016395,1267
2023/6/22 18:30,20.06601505,6.282652619,1243
2023/6/22 18:45,5.874914108,7.330046742,1231
2023/6/22 19:00,0,9.994208951,1221.5
2023/6/22 19:15,0,10.20631596,1207
2023/6/22 19:30,0,9.32573029,1202.25
2023/6/22 19:45,0,7.374479442,1214.25
2023/6/22 20:00,0,6.728952321,1209.5
2023/6/22 20:15,0,4.177964625,1221.5
2023/6/22 20:30,0,3.229583944,1260
2023/6/22 20:45,0,4.027189796,1269.5
2023/6/22 21:00,0,3.919229417,1262.25
2023/6/22 21:15,0,3.838126222,1272
2023/6/22 21:30,0,3.598386357,1262.25
2023/6/22 21:45,0,3.543817872,1255
2023/6/22 22:00,0,3.092631854,1252.75
2023/6/22 22:15,0,1.937564049,1238.25
2023/6/22 22:30,0,2.125420584,1245.5
2023/6/22 22:45,0,3.079150822,1248
2023/6/22 23:00,0,5.559581563,1236
2023/6/22 23:15,0,5.898656132,1233.5
2023/6/22 23:30,0,3.571005453,1228.75
2023/6/22 23:45,0,3.200673709,1226.25
2023/6/23 00:00,0,2.545352941,1221.5
2023/6/23 00:15,0,2.099171931,1231
2023/6/23 00:30,0,2.313007513,1219
2023/6/23 00:45,0,2.474007348,1216.75
2023/6/23 01:00,0,2.309705852,1214.25
2023/6/23 01:15,0,2.422152291,1207
2023/6/23 01:30,0,3.20815336,1190.25
2023/6/23 01:45,0,3.239383339,1190.25
2023/6/23 02:00,0,3.508831309,1197.5
2023/6/23 02:15,0,4.359764384,1195
2023/6/23 02:30,0,3.345806166,1219
2023/6/23 02:45,0,3.033349111,1221.5
2023/6/23 03:00,0,3.320684984,1221.5
2023/6/23 03:15,0,2.411228506,1216.75
2023/6/23 03:30,0,1.956178993,1224
2023/6/23 03:45,0,2.026925942,1214.25
2023/6/23 04:00,0,1.585725203,1214.25
2023/6/23 04:15,0,2.247218279,1221.5
2023/6/23 04:30,0,2.399776934,1224
2023/6/23 04:45,0,4.686365825,1228.75
2023/6/23 05:00,0,9.733006408,1236
2023/6/23 05:15,0.003009882,17.60714468,1233.5
2023/6/23 05:30,5.608571992,16.70378412,1228.75
2023/6/23 05:45,33.55791015,14.73238988,1214.25
2023/6/23 06:00,76.69606492,6.036174673,1226.25
2023/6/23 06:15,128.9297115,3.77579125,1216.75
2023/6/23 06:30,195.2847977,3.593315234,1238.25
2023/6/23 06:45,279.6527638,4.092225492,1224
2023/6/23 07:00,374.2597993,13.8278006,1250.25
2023/6/23 07:15,459.9485411,24.17165494,1255
2023/6/23 07:30,552.2589935,11.2851346,1250.25
2023/6/23 07:45,635.6309824,3.371637214,1264.75
2023/6/23 08:00,691.9258699,2.221834709,1291
2023/6/23 08:15,734.6787273,2.036980485,1293.5
2023/6/23 08:30,786.6607723,4.511924271,1332
2023/6/23 08:45,838.8332287,7.476666292,1341.5
2023/6/23 09:00,907.6490942,9.651380434,1353.5
2023/6/23 09:15,960.1397409,12.26486572,1348.75
2023/6/23 09:30,1037.941975,11.07816074,1363
2023/6/23 09:45,1087.193779,8.404311933,1368
2023/6/23 10:00,1105.108897,9.071169091,1370.25
2023/6/23 10:15,1132.561941,9.206086377,1363
2023/6/23 10:30,1174.208036,10.86358291,1375
2023/6/23 10:45,1179.268285,6.861173853,1356
2023/6/23 11:00,1233.76604,6.736208486,1375
2023/6/23 11:15,1235.665745,6.664157337,1392
2023/6/23 11:30,1255.964674,15.36660689,1382.25
2023/6/23 11:45,1232.583212,16.56581966,1389.5
2023/6/23 12:00,1260.254951,15.0186037,1382.25
2023/6/23 12:15,1241.799459,15.8587706,1380
2023/6/23 12:30,1222.918579,15.93513602,1356
2023/6/23 12:45,1196.597491,17.48248825,1353.5
2023/6/23 13:00,1180.075448,15.52193495,1344
2023/6/23 13:15,1155.74249,16.64103764,1351
2023/6/23 13:30,1171.580752,18.65743306,1346.25
2023/6/23 13:45,1169.858922,20.51296785,1351
2023/6/23 14:00,1156.033796,20.76851628,1341.5
2023/6/23 14:15,1109.190561,26.79602422,1380
2023/6/23 14:30,1116.543825,27.47578007,1396.75
2023/6/23 14:45,1061.768236,32.84210577,1382.25
2023/6/23 15:00,947.9275335,36.72726563,1396.75
2023/6/23 15:15,873.2239749,27.72193984,1399
2023/6/23 15:30,850.6481258,44.92802861,1401.5
2023/6/23 15:45,837.9854146,56.26643178,1401.5
2023/6/23 16:00,753.4991647,63.68487532,1396.75
2023/6/23 16:15,668.0911344,67.25945014,1387
2023/6/23 16:30,584.3582956,70.97631006,1368
2023/6/23 16:45,501.2338735,72.41603025,1368
2023/6/23 17:00,415.2606403,69.71379624,1341.5
2023/6/23 17:15,333.5031424,73.06255301,1317.5
2023/6/23 17:30,239.157108,77.71975358,1305.5
2023/6/23 17:45,163.828015,73.55730095,1305.5
2023/6/23 18:00,96.46684156,88.05095682,1303
2023/6/23 18:15,51.31599702,92.17503022,1303
2023/6/23 18:30,22.44518373,90.60972018,1276.75
2023/6/23 18:45,5.971083554,98.44163823,1274.25
2023/6/23 19:00,0,94.42841991,1267
2023/6/23 19:15,0,83.20693196,1250.25
2023/6/23 19:30,0,82.29869214,1240.75
2023/6/23 19:45,0,84.05697223,1240.75
2023/6/23 20:00,0,74.31230653,1228.75
2023/6/23 20:15,0,71.98587754,1236
2023/6/23 20:30,0,72.31589975,1252.75
2023/6/23 20:45,0,67.7868798,1257.5
2023/6/23 21:00,0,58.73073816,1248
2023/6/23 21:15,0,52.33417826,1262.25
2023/6/23 21:30,0,52.18497345,1250.25
2023/6/23 21:45,0,52.93514818,1250.25
2023/6/23 22:00,0,51.54117185,1240.75
2023/6/23 22:15,0,48.17479068,1238.25
2023/6/23 22:30,0,46.37006393,1240.75
2023/6/23 22:45,0,52.02774005,1243
2023/6/23 23:00,0,53.67614349,1243
2023/6/23 23:15,0,50.75833501,1228.75
2023/6/23 23:30,0,48.67588126,1228.75
2023/6/23 23:45,0,42.45042543,1231
2023/6/24 00:00,0,38.24124191,1226.25
2023/6/24 00:15,0,50.73405263,1233.5
2023/6/24 00:30,0,51.50269657,1226.25
2023/6/24 00:45,0,60.56074238,1221.5
2023/6/24 01:00,0,55.97397525,1226.25
2023/6/24 01:15,0,52.26258246,1219
2023/6/24 01:30,0,45.9230032,1212
2023/6/24 01:45,0,47.5714947,1214.25
2023/6/24 02:00,0,39.63251635,1219
2023/6/24 02:15,0,34.81391095,1216.75
2023/6/24 02:30,0,29.9731177,1240.75
2023/6/24 02:45,0,26.93846463,1236
2023/6/24 03:00,0,23.87328503,1236
2023/6/24 03:15,0,18.06807812,1226.25
2023/6/24 03:30,0,16.97034504,1248
2023/6/24 03:45,0,19.85435191,1233.5
2023/6/24 04:00,0,19.25173248,1228.75
2023/6/24 04:15,0,20.39625504,1224
2023/6/24 04:30,0,19.88179964,1214.25
2023/6/24 04:45,0,13.38710252,1214.25
2023/6/24 05:00,0,11.42743759,1214.25
2023/6/24 05:15,0,10.55522466,1207
2023/6/24 05:30,4.912017351,8.874342079,1202.25
2023/6/24 05:45,27.88517893,8.019651995,1200
2023/6/24 06:00,62.89998308,6.47920908,1204.75
2023/6/24 06:15,110.6186909,6.504258991,1202.25
2023/6/24 06:30,173.5343669,6.335880668,1219
2023/6/24 06:45,248.8100611,16.65842077,1228.75
2023/6/24 07:00,325.933943,16.41960685,1231
2023/6/24 07:15,407.2866796,14.35025791,1262.25
2023/6/24 07:30,483.3997766,14.86504842,1269.5
2023/6/24 07:45,571.2187196,16.97916814,1317.5
2023/6/24 08:00,663.6404323,22.08100819,1315
2023/6/24 08:15,708.9129636,24.14428786,1317.5
2023/6/24 08:30,768.625375,24.75186001,1336.75
2023/6/24 08:45,813.0940873,29.26358423,1368
2023/6/24 09:00,877.8460735,30.75158613,1396.75
2023/6/24 09:15,934.5436853,27.97279824,1401.5
2023/6/24 09:30,997.8256773,32.11789929,1411
2023/6/24 09:45,1045.31868,32.65365409,1394.25
2023/6/24 10:00,1066.922924,29.25467035,1389.5
2023/6/24 10:15,1101.233056,29.23056017,1394.25
2023/6/24 10:30,1169.30238,30.19021219,1404
2023/6/24 10:45,1207.485042,33.29147684,1396.75
2023/6/24 11:00,1238.329948,40.55335995,1420.75
2023/6/24 11:15,1262.441648,42.05216731,1416
2023/6/24 11:30,1277.031266,44.45892551,1399
2023/6/24 11:45,1275.334698,44.81127579,1387
2023/6/24 12:00,1304.950164,52.45384221,1389.5
2023/6/24 12:15,1290.317914,55.82423035,1370.25
2023/6/24 12:30,1291.147634,66.09613296,1363
2023/6/24 12:45,1283.285303,74.49616761,1365.5
2023/6/24 13:00,1283.346989,77.46933772,1365.5
2023/6/24 13:15,1277.020207,86.2188773,1380
2023/6/24 13:30,1235.174478,92.61888223,1372.75
2023/6/24 13:45,1194.26509,96.55152095,1380
2023/6/24 14:00,1150.074387,108.7061004,1404
2023/6/24 14:15,1136.195612,120.05902,1423
2023/6/24 14:30,1081.847506,115.0106428,1404
2023/6/24 14:45,1038.913387,111.5938332,1420.75
2023/6/24 15:00,987.9875362,118.8369714,1380
2023/6/24 15:15,910.8489507,126.2474985,1356
2023/6/24 15:30,825.4926046,131.6077771,1370.25
2023/6/24 15:45,753.2773404,130.6864158,1440
2023/6/24 16:00,686.1771056,126.1674476,1440
2023/6/24 16:15,615.6819299,126.0906099,1416
2023/6/24 16:30,558.6726125,124.6883152,1392
2023/6/24 16:45,435.7383223,131.203147,1384.75
2023/6/24 17:00,344.9786645,133.3086087,1377.5
2023/6/24 17:15,293.1966303,123.8791188,1389.5
2023/6/24 17:30,224.6075539,122.7658842,1339
2023/6/24 17:45,162.1187025,112.250138,1346.25
2023/6/24 18:00,110.0459964,93.66218144,1346.25
2023/6/24 18:15,65.79867543,85.24575677,1346.25
2023/6/24 18:30,28.99433266,79.35614153,1334.25
2023/6/24 18:45,6.612846438,79.06021188,1334.25
2023/6/24 19:00,0,78.32071336,1329.5
2023/6/24 19:15,0,88.78490713,1303
2023/6/24 19:30,0,82.23341278,1300.75
2023/6/24 19:45,0,81.18545358,1284
2023/6/24 20:00,0,77.15860728,1286.25
2023/6/24 20:15,0,67.30591489,1276.75
2023/6/24 20:30,0,60.22087627,1272
2023/6/24 20:45,0,66.45179381,1269.5
2023/6/24 21:00,0,80.38856523,1274.25
2023/6/24 21:15,0,105.6470052,1284
2023/6/24 21:30,0,102.3961208,1293.5
2023/6/24 21:45,0,106.1125857,1298.25
2023/6/24 22:00,0,90.36894897,1281.5
2023/6/24 22:15,0,86.76154801,1274.25
2023/6/24 22:30,0,96.81656209,1269.5
2023/6/24 22:45,0,104.6754836,1264.75
2023/6/24 23:00,0,105.9056821,1262.25
2023/6/24 23:15,0,109.9972268,1262.25
2023/6/24 23:30,0,114.0056338,1260
2023/6/24 23:45,0,113.7858048,1236
2023/6/25 00:00,0,132.9591091,1240.75
2023/6/25 00:15,0,143.473303,1264.75
2023/6/25 00:30,0,148.1772202,1264.75
2023/6/25 00:45,0,127.412424,1269.5
2023/6/25 01:00,0,128.7205974,1269.5
2023/6/25 01:15,0,135.8893321,1248
2023/6/25 01:30,0,128.0855749,1238.25
2023/6/25 01:45,0,122.4485254,1257.5
2023/6/25 02:00,0,138.6624716,1248
2023/6/25 02:15,0,152.4705806,1257.5
2023/6/25 02:30,0,141.6555933,1288.75
2023/6/25 02:45,0,112.1523726,1276.75
2023/6/25 03:00,0,112.6622836,1252.75
2023/6/25 03:15,0,102.4891604,1243
2023/6/25 03:30,0,88.87370688,1250.25
2023/6/25 03:45,0,86.62329397,1240.75
2023/6/25 04:00,0,84.09365873,1255
2023/6/25 04:15,0,85.60647043,1231
2023/6/25 04:30,0,91.32559778,1238.25
2023/6/25 04:45,0,135.705317,1240.75
2023/6/25 05:00,0,155.1851956,1238.25
2023/6/25 05:15,0,155.9033725,1243
2023/6/25 05:30,0.89897055,147.8020533,1252.75
2023/6/25 05:45,6.185354442,157.0838341,1245.5
2023/6/25 06:00,28.51581118,131.7016403,1236
2023/6/25 06:15,53.59070398,103.3299426,1243
2023/6/25 06:30,76.05030673,91.28599219,1243
2023/6/25 06:45,104.2683255,92.52886222,1243
2023/6/25 07:00,123.753666,91.88544975,1255
2023/6/25 07:15,124.7727672,97.01996164,1269.5
2023/6/25 07:30,133.4890851,107.330081,1264.75
2023/6/25 07:45,143.1166236,159.7539317,1269.5
2023/6/25 08:00,176.0132467,185.5856913,1288.75
2023/6/25 08:15,223.6124336,193.6666497,1305.5
2023/6/25 08:30,267.8764609,174.4807351,1339
2023/6/25 08:45,293.2469072,176.405662,1370.25
2023/6/25 09:00,319.3162713,173.7746661,1377.5
2023/6/25 09:15,353.8366341,134.1914525,1377.5
2023/6/25 09:30,358.4765975,156.151618,1394.25
2023/6/25 09:45,363.997738,183.027139,1372.75
2023/6/25 10:00,375.784557,179.9619058,1351
2023/6/25 10:15,370.9251577,180.5032153,1368
2023/6/25 10:30,401.5690092,186.5060699,1370.25
2023/6/25 10:45,432.1681684,171.7369478,1380
2023/6/25 11:00,406.0251405,176.5086973,1389.5
2023/6/25 11:15,427.6237905,172.418881,1356
2023/6/25 11:30,468.1848963,158.6505078,1356
2023/6/25 11:45,456.6777054,170.6423966,1353.5
2023/6/25 12:00,441.9604549,174.4882245,1341.5
2023/6/25 12:15,370.0728736,194.7300324,1322.25
2023/6/25 12:30,356.5993934,219.6303013,1312.75
2023/6/25 12:45,379.9408845,208.0528825,1312.75
2023/6/25 13:00,365.5030423,205.9987106,1320
2023/6/25 13:15,349.263419,186.8584179,1339
2023/6/25 13:30,360.499749,176.4573535,1341.5
2023/6/25 13:45,332.1710964,165.1241617,1332
2023/6/25 14:00,291.4471227,184.8470538,1336.75
2023/6/25 14:15,311.0036757,214.6607933,1358.25
2023/6/25 14:30,354.3814024,231.036159,1368
2023/6/25 14:45,401.107576,232.8269939,1380
2023/6/25 15:00,409.324961,219.8828846,1368
2023/6/25 15:15,350.3104872,216.8562414,1356
2023/6/25 15:30,273.7822289,212.9491393,1353.5
2023/6/25 15:45,231.0958272,211.4138988,1348.75
2023/6/25 16:00,228.533486,96.18073129,1341.5
2023/6/25 16:15,205.6785225,99.96074472,1324.75
2023/6/25 16:30,159.7489777,233.3087343,1284
2023/6/25 16:45,112.6772224,202.0347548,1298.25
2023/6/25 17:00,85.16530519,186.5122178,1322.25
2023/6/25 17:15,71.62155973,165.8002502,1310.25
2023/6/25 17:30,57.08410978,175.6766413,1300.75
2023/6/25 17:45,43.03602602,193.9577903,1300.75
2023/6/25 18:00,25.87184224,174.2042066,1300.75
2023/6/25 18:15,19.03631094,134.821978,1281.5
2023/6/25 18:30,16.1954145,126.6940963,1274.25
2023/6/25 18:45,6.596514629,152.0085841,1269.5
2023/6/25 19:00,0,204.5007887,1257.5
2023/6/25 19:15,0,213.3434376,1238.25
2023/6/25 19:30,0,234.2998112,1221.5
2023/6/25 19:45,0,241.3280646,1214.25
2023/6/25 20:00,0,247.8553439,1200
2023/6/25 20:15,0,239.3470094,1202.25
2023/6/25 20:30,0,202.4614755,1212
2023/6/25 20:45,0,169.9710497,1216.75
2023/6/25 21:00,0,189.4815786,1224
2023/6/25 21:15,0,177.7768619,1221.5
2023/6/25 21:30,0,163.6580396,1212
2023/6/25 21:45,0,162.9762252,1214.25
2023/6/25 22:00,0,128.1592621,1216.75
2023/6/25 22:15,0,103.4648566,1226.25
2023/6/25 22:30,0,98.85464301,1243
2023/6/25 22:45,0,94.77578044,1231
2023/6/25 23:00,0,97.91355476,1240.75
2023/6/25 23:15,0,98.37951992,1233.5
2023/6/25 23:30,0,84.40160451,1236
2023/6/25 23:45,0,83.46821563,1240.75
2023/6/26 00:00,0,87.32244598,1257.5
2023/6/26 00:15,0,89.13282634,1238.25
2023/6/26 00:30,0,84.5439652,1231
2023/6/26 00:45,0,81.9943616,1226.25
2023/6/26 01:00,0,79.03727659,1264.75
2023/6/26 01:15,0,75.47597705,1248
2023/6/26 01:30,0,72.52351358,1233.5
2023/6/26 01:45,0,67.51055332,1219
2023/6/26 02:00,0,69.19420499,1216.75
2023/6/26 02:15,0,70.85559144,1221.5
2023/6/26 02:30,0,65.66259711,1243
2023/6/26 02:45,0,60.76990864,1248
2023/6/26 03:00,0,61.33797216,1255
2023/6/26 03:15,0,72.20400122,1240.75
2023/6/26 03:30,0,76.92850233,1233.5
2023/6/26 03:45,0,75.86024156,1231
2023/6/26 04:00,0,74.40279403,1231
2023/6/26 04:15,0,72.19362631,1248
2023/6/26 04:30,0,69.25051398,1240.75
2023/6/26 04:45,0,72.4982241,1240.75
2023/6/26 05:00,0,70.20902258,1236
2023/6/26 05:15,0,72.41546991,1238.25
2023/6/26 05:30,0.535830585,74.26438063,1236
2023/6/26 05:45,5.000250015,72.9339627,1233.5
2023/6/26 06:00,19.15057742,69.51905999,1245.5
2023/6/26 06:15,34.2917515,65.0611299,1236
2023/6/26 06:30,49.41468616,71.80629973,1233.5
2023/6/26 06:45,73.24645148,72.6919976,1231
2023/6/26 07:00,98.08337327,69.66150277,1233.5
2023/6/26 07:15,124.2467092,60.68766228,1260
2023/6/26 07:30,151.6573189,65.51654763,1262.25
2023/6/26 07:45,183.3978269,69.37202874,1305.5
2023/6/26 08:00,209.6198569,83.5741891,1320
2023/6/26 08:15,241.6462886,88.81782606,1332
2023/6/26 08:30,275.6531253,84.78340996,1346.25
2023/6/26 08:45,288.2166006,78.95554293,1363
2023/6/26 09:00,311.7400491,81.7306746,1392
2023/6/26 09:15,331.6014125,76.55954428,1392
2023/6/26 09:30,361.6366319,81.81191763,1389.5
2023/6/26 09:45,365.1437357,78.93574871,1356
2023/6/26 10:00,371.2892859,81.89880869,1341.5
2023/6/26 10:15,406.2462361,75.62117745,1377.5
2023/6/26 10:30,416.6963328,85.64966706,1377.5
2023/6/26 10:45,400.6965233,82.83231383,1384.75
2023/6/26 11:00,373.0681065,82.22296155,1382.25
2023/6/26 11:15,355.5583875,83.590689,1356
2023/6/26 11:30,332.1841126,81.29062928,1356
2023/6/26 11:45,327.9286919,89.64941474,1358.25
2023/6/26 12:00,330.7985222,93.03148965,1344
2023/6/26 12:15,325.629702,90.60686807,1327
2023/6/26 12:30,335.3153518,103.5205302,1317.5
2023/6/26 12:45,339.4861706,107.4532745,1312.75
2023/6/26 13:00,336.8779239,109.5935491,1312.75
2023/6/26 13:15,333.3431566,98.67945439,1317.5
2023/6/26 13:30,314.2385019,89.78042741,1310.25
2023/6/26 13:45,288.6464796,74.63166378,1322.25
2023/6/26 14:00,243.4940402,54.97611401,1317.5
2023/6/26 14:15,210.2447262,45.16250305,1310.25
2023/6/26 14:30,190.0074604,45.91455246,1332
2023/6/26 14:45,189.7674818,40.15183189,1348.75
2023/6/26 15:00,201.6430114,40.82959616,1375
2023/6/26 15:15,196.6602486,43.33511008,1358.25
2023/6/26 15:30,185.7266576,28.61015148,1346.25
2023/6/26 15:45,168.3504157,18.82653995,1334.25
2023/6/26 16:00,151.8642545,16.47247725,1324.75
2023/6/26 16:15,131.4726568,13.4532565,1363
2023/6/26 16:30,109.6641552,13.3115856,1372.75
2023/6/26 16:45,88.54756448,11.52099136,1356
2023/6/26 17:00,74.80627963,9.795824261,1351
2023/6/26 17:15,60.64685832,8.341030276,1348.75
2023/6/26 17:30,47.37767582,6.778211989,1327
2023/6/26 17:45,36.92359785,8.014343423,1324.75
2023/6/26 18:00,28.27962325,5.26656067,1320
2023/6/26 18:15,19.83353403,3.654685758,1310.25
2023/6/26 18:30,16.84406043,4.395838035,1296
2023/6/26 18:45,5.627325398,3.400115243,1298.25
2023/6/26 19:00,0,2.871907039,1276.75
2023/6/26 19:15,0,3.707118044,1260
2023/6/26 19:30,0,3.003870376,1243
2023/6/26 19:45,0,5.893888223,1236
2023/6/26 20:00,0,6.40342426,1248
2023/6/26 20:15,0,5.135977023,1238.25
2023/6/26 20:30,0,8.806421632,1274.25
2023/6/26 20:45,0,11.91307001,1286.25
2023/6/26 21:00,0,15.19404414,1276.75
2023/6/26 21:15,0,15.44861185,1276.75
2023/6/26 21:30,0,17.29237781,1286.25
2023/6/26 21:45,0,16.78923066,1272
2023/6/26 22:00,0,13.19643025,1264.75
2023/6/26 22:15,0,11.10611471,1260
2023/6/26 22:30,0,14.98186451,1269.5
2023/6/26 22:45,0,18.04867661,1260
2023/6/26 23:00,0,13.22425098,1272
2023/6/26 23:15,0,8.047107554,1269.5
2023/6/26 23:30,0,8.95388423,1262.25
2023/6/26 23:45,0,10.17671342,1260
2023/6/27 00:00,0,12.21693255,1260
2023/6/27 00:15,0,11.74331466,1264.75
2023/6/27 00:30,0,13.65718429,1260
2023/6/27 00:45,0,18.32070551,1260
2023/6/27 01:00,0,16.03569567,1248
2023/6/27 01:15,0,29.40305369,1245.5
2023/6/27 01:30,0,68.23648158,1233.5
2023/6/27 01:45,0,130.7912038,1226.25
2023/6/27 02:00,0,156.1364565,1236
2023/6/27 02:15,0,187.2226382,1233.5
2023/6/27 02:30,0,201.9118053,1255
2023/6/27 02:45,0,218.1471057,1248
2023/6/27 03:00,0,249.6123784,1252.75
2023/6/27 03:15,0,244.2750573,1252.75
2023/6/27 03:30,0,233.8357934,1248
2023/6/27 03:45,0,109.4681505,1255
2023/6/27 04:00,0,300.6077031,1260
2023/6/27 04:15,0,295.8413141,1264.75
2023/6/27 04:30,0,308.5089221,1252.75
2023/6/27 04:45,0,249.9132138,1252.75
2023/6/27 05:00,0,181.9794136,1257.5
2023/6/27 05:15,5.54E-05,85.6311251,1264.75
2023/6/27 05:30,0.252494406,82.33827576,1260
2023/6/27 05:45,1.220099636,106.5330769,1257.5
2023/6/27 06:00,11.39790827,82.43574505,1255
2023/6/27 06:15,17.65807651,73.44984886,1248
2023/6/27 06:30,19.39592641,87.53144337,1252.75
2023/6/27 06:45,21.71980582,118.4021961,1255
2023/6/27 07:00,31.92056841,120.7070538,1243
2023/6/27 07:15,50.83093282,116.4681429,1260
2023/6/27 07:30,72.23760072,126.2586944,1260
2023/6/27 07:45,91.1923934,140.8361781,1276.75
2023/6/27 08:00,106.5703671,144.8963171,1288.75
2023/6/27 08:15,115.4344659,160.4904195,1308
2023/6/27 08:30,125.7170549,182.7852434,1334.25
2023/6/27 08:45,125.1693816,122.4632088,1358.25
2023/6/27 09:00,122.3835821,121.1188637,1346.25
2023/6/27 09:15,126.0162658,142.5761398,1356
2023/6/27 09:30,139.0788114,159.0143267,1377.5
2023/6/27 09:45,171.5893402,190.8257847,1380
2023/6/27 10:00,189.5015019,192.9092532,1348.75
2023/6/27 10:15,208.696415,179.8643099,1368
2023/6/27 10:30,224.3703598,155.0235141,1387
2023/6/27 10:45,236.9837019,152.4575195,1384.75
2023/6/27 11:00,265.8979693,175.1437841,1389.5
2023/6/27 11:15,274.4918192,177.1583355,1375
2023/6/27 11:30,277.6896981,189.0656913,1375
2023/6/27 11:45,253.7431819,214.4159665,1368
2023/6/27 12:00,248.2022767,220.5597129,1351
2023/6/27 12:15,225.5166569,232.397788,1348.75
2023/6/27 12:30,199.2198808,254.3564801,1315
2023/6/27 12:45,178.9161953,275.8425231,1320
2023/6/27 13:00,158.8227967,284.6158727,1310.25
2023/6/27 13:15,141.7169227,269.7334461,1312.75
2023/6/27 13:30,140.6994282,153.4817421,1312.75
2023/6/27 13:45,140.3226109,114.4127302,1320
2023/6/27 14:00,141.0603214,104.5724317,1305.5
2023/6/27 14:15,144.4742195,189.9812264,1322.25
2023/6/27 14:30,142.9955036,272.4497125,1346.25
2023/6/27 14:45,133.6272046,283.5097367,1348.75
2023/6/27 15:00,131.0575315,285.3199569,1344
2023/6/27 15:15,131.9867495,273.0919893,1336.75
2023/6/27 15:30,116.2171363,261.8585727,1336.75
2023/6/27 15:45,99.99779637,279.8249505,1380
2023/6/27 16:00,89.47244239,319.2278524,1358.25
2023/6/27 16:15,74.40874305,312.0501746,1358.25
2023/6/27 16:30,58.22945915,304.908503,1339
2023/6/27 16:45,46.47855246,306.8082738,1327
2023/6/27 17:00,37.05536364,188.5482236,1305.5
2023/6/27 17:15,29.50682513,200.6768354,1293.5
2023/6/27 17:30,26.5736223,214.6887512,1308
2023/6/27 17:45,25.16123977,211.5047542,1291
2023/6/27 18:00,18.10550286,174.6245332,1293.5
2023/6/27 18:15,15.08761354,158.5744216,1284
2023/6/27 18:30,16.65487924,172.7437131,1276.75
2023/6/27 18:45,6.3255362,196.1464249,1260
2023/6/27 19:00,0,205.5744119,1255
2023/6/27 19:15,0,189.0757389,1243
2023/6/27 19:30,0,174.6831799,1224
2023/6/27 19:45,0,180.7085163,1216.75
2023/6/27 20:00,0,177.3562476,1212
2023/6/27 20:15,0,181.0607623,1226.25
2023/6/27 20:30,0,189.8081653,1250.25
2023/6/27 20:45,0,176.8950152,1262.25
2023/6/27 21:00,0,189.8924505,1255
2023/6/27 21:15,0,179.7582884,1243
2023/6/27 21:30,0,163.4984725,1250.25
2023/6/27 21:45,0,140.60246,1248
2023/6/27 22:00,0,118.1805801,1240.75
2023/6/27 22:15,0,231.1412145,1236
2023/6/27 22:30,0,223.5037015,1236
2023/6/27 22:45,0,217.7279468,1233.5
2023/6/27 23:00,0,209.7152936,1231
2023/6/27 23:15,0,221.0247156,1231
2023/6/27 23:30,0,229.4760174,1231
2023/6/27 23:45,0,236.7050027,1243
2023/6/28 00:00,0,265.0352112,1231
2023/6/28 00:15,0,264.2761293,1224
2023/6/28 00:30,0,267.6163783,1221.5
2023/6/28 00:45,0,135.7867731,1221.5
2023/6/28 01:00,0,129.4360824,1216.75
2023/6/28 01:15,0,124.3265741,1221.5
2023/6/28 01:30,0,121.1187421,1200
2023/6/28 01:45,0,248.6252932,1195
2023/6/28 02:00,0,240.0174927,1197.5
2023/6/28 02:15,0,234.2387206,1197.5
2023/6/28 02:30,0,232.9684201,1219
2023/6/28 02:45,0,227.2227448,1228.75
2023/6/28 03:00,0,216.8937491,1219
2023/6/28 03:15,0,210.2507892,1226.25
2023/6/28 03:30,0,196.6058359,1216.75
2023/6/28 03:45,0,190.0689658,1221.5
2023/6/28 04:00,0,182.7617929,1207
2023/6/28 04:15,0,178.4021488,1224
2023/6/28 04:30,0,169.0662969,1209.5
2023/6/28 04:45,0,172.2925509,1214.25
2023/6/28 05:00,0,175.4076299,1212
2023/6/28 05:15,0,175.9368726,1209.5
2023/6/28 05:30,1.251583226,168.0744192,1204.75
2023/6/28 05:45,13.60324681,163.4902369,1209.5
2023/6/28 06:00,49.53929424,29.87100756,1204.75
2023/6/28 06:15,93.37653488,145.274518,1197.5
2023/6/28 06:30,142.2198968,144.2870219,1197.5
2023/6/28 06:45,207.9559091,147.8767822,1200
2023/6/28 07:00,284.4781839,151.9222276,1195
2023/6/28 07:15,349.3340173,157.0586205,1209.5
2023/6/28 07:30,418.7328198,162.2957127,1214.25
2023/6/28 07:45,502.2027459,168.744407,1221.5
2023/6/28 08:00,588.6978903,173.4847251,1228.75
2023/6/28 08:15,645.3185778,174.366986,1236
2023/6/28 08:30,668.4087537,166.3491763,1269.5
2023/6/28 08:45,689.8618852,156.9921244,1281.5
2023/6/28 09:00,725.2431746,153.4422469,1291
2023/6/28 09:15,794.9961967,154.0060261,1274.25
2023/6/28 09:30,865.018901,158.6818536,1276.75
2023/6/28 09:45,934.6119604,161.3631945,1276.75
2023/6/28 10:00,990.9046239,154.2364733,1272
2023/6/28 10:15,1032.951144,152.5934986,1272
2023/6/28 10:30,1057.716787,146.7856229,1291
2023/6/28 10:45,1036.404954,152.3081302,1284
2023/6/28 11:00,1030.483482,162.12261,1284
2023/6/28 11:15,1034.867011,178.3793781,1279
2023/6/28 11:30,1037.976424,174.6867556,1267
2023/6/28 11:45,1074.843731,163.1881503,1272
2023/6/28 12:00,1118.808109,156.4613173,1279
2023/6/28 12:15,1103.944641,148.9281222,1281.5
2023/6/28 12:30,1078.647442,153.1705898,1269.5
2023/6/28 12:45,1083.091549,155.6046361,1260
2023/6/28 13:00,1152.492263,146.6419946,1257.5
2023/6/28 13:15,1128.29481,152.2898396,1255
2023/6/28 13:30,1096.1297,154.2849174,1262.25
2023/6/28 13:45,1062.394392,149.355218,1248
2023/6/28 14:00,1028.805527,172.0667379,1245.5
2023/6/28 14:15,982.3139542,189.5946878,1245.5
2023/6/28 14:30,874.0617578,185.0355208,1257.5
2023/6/28 14:45,779.0312357,184.0031855,1260
2023/6/28 15:00,702.1566668,207.2152417,1276.75
2023/6/28 15:15,598.5524252,206.440089,1236
2023/6/28 15:30,519.3835858,210.3134374,1238.25
2023/6/28 15:45,466.5635142,196.5804964,1248
2023/6/28 16:00,421.4962427,183.5458245,1248
2023/6/28 16:15,390.708099,176.5797298,1257.5
2023/6/28 16:30,365.8917586,178.4862059,1252.75
2023/6/28 16:45,339.8402516,178.6924622,1248
2023/6/28 17:00,279.3921424,174.0586863,1231
2023/6/28 17:15,215.5990903,148.2548982,1236
2023/6/28 17:30,158.4710512,125.2731497,1228.75
2023/6/28 17:45,97.14648073,119.2195153,1228.75
2023/6/28 18:00,57.92715624,122.6869631,1233.5
2023/6/28 18:15,32.27891179,121.3889658,1236
2023/6/28 18:30,15.3430951,122.352163,1233.5
2023/6/28 18:45,6.368800913,118.690193,1221.5
2023/6/28 19:00,0,145.49966,1224
2023/6/28 19:15,0,168.5102708,1216.75
2023/6/28 19:30,0,135.370346,1212
2023/6/28 19:45,0,90.06666323,1209.5
2023/6/28 20:00,0,87.65929093,1188
2023/6/28 20:15,0,75.34681727,1192.75
2023/6/28 20:30,0,67.14436904,1192.75
2023/6/28 20:45,0,63.00321883,1214.25
2023/6/28 21:00,0,71.56166532,1207
2023/6/28 21:15,0,63.92841435,1214.25
2023/6/28 21:30,0,58.26945368,1204.75
2023/6/28 21:45,0,57.10966287,1197.5
2023/6/28 22:00,0,46.32707291,1202.25
2023/6/28 22:15,0,41.53522725,1195
2023/6/28 22:30,0,38.3843634,1200
2023/6/28 22:45,0,29.78699497,1207
2023/6/28 23:00,0,15.14144419,1192.75
2023/6/28 23:15,0,11.19128137,1195
2023/6/28 23:30,0,7.292630017,1192.75
2023/6/28 23:45,0,5.915655235,1190.25
2023/6/29 00:00,0,3.92121391,1185.5
2023/6/29 00:15,0,3.521477582,1197.5
2023/6/29 00:30,0,2.656416488,1185.5
2023/6/29 00:45,0,1.385417331,1183
2023/6/29 01:00,0,1.112423941,1180.75
2023/6/29 01:15,0,1.585809107,1178.25
2023/6/29 01:30,0,1.147563113,1161.5
2023/6/29 01:45,0,0.954464759,1171
2023/6/29 02:00,0,0.91211751,1168.75
2023/6/29 02:15,0,0.824775694,1164
2023/6/29 02:30,0,0.400165908,1188
2023/6/29 02:45,0,0.629061327,1192.75
2023/6/29 03:00,0,0.567808099,1190.25
2023/6/29 03:15,0,0.612794539,1200
2023/6/29 03:30,0,2.228461473,1185.5
2023/6/29 03:45,0,2.327070095,1183
2023/6/29 04:00,0,3.092535063,1188
2023/6/29 04:15,0,7.973019379,1190.25
2023/6/29 04:30,0,10.52817208,1188
2023/6/29 04:45,0,10.84065364,1190.25
2023/6/29 05:00,0,11.41717533,1185.5
2023/6/29 05:15,0,9.498540324,1185.5
2023/6/29 05:30,2.21180161,17.03730199,1185.5
2023/6/29 05:45,25.45240863,16.08542079,1178.25
2023/6/29 06:00,69.16937419,16.91794242,1185.5
2023/6/29 06:15,108.1085153,8.78240382,1180.75
2023/6/29 06:30,148.6576988,7.638517844,1183
2023/6/29 06:45,196.7387273,13.2385745,1178.25
2023/6/29 07:00,239.794414,8.971917533,1183
2023/6/29 07:15,273.5197513,7.950056106,1192.75
2023/6/29 07:30,292.1964535,6.232213902,1178.25
2023/6/29 07:45,323.5742743,3.107941491,1192.75
2023/6/29 08:00,372.3591255,3.127851562,1200
2023/6/29 08:15,409.7928126,2.694040805,1204.75
2023/6/29 08:30,451.4730568,0.33865441,1231
2023/6/29 08:45,507.6785827,0.441837928,1250.25
2023/6/29 09:00,572.0510301,0.999452878,1257.5
2023/6/29 09:15,619.2703549,3.686735757,1248
2023/6/29 09:30,667.4455449,3.696396653,1257.5
2023/6/29 09:45,707.0154376,4.922489256,1243
2023/6/29 10:00,759.3110917,5.738681798,1240.75
2023/6/29 10:15,823.4894913,4.282910575,1245.5
2023/6/29 10:30,895.2227962,5.519241346,1257.5
2023/6/29 10:45,980.7960272,9.064385217,1260
2023/6/29 11:00,1027.933192,11.59535517,1269.5
2023/6/29 11:15,1045.075604,13.53326349,1257.5
2023/6/29 11:30,1086.026463,16.20225604,1252.75
2023/6/29 11:45,1076.345665,18.42336175,1257.5
2023/6/29 12:00,1065.310973,22.03284863,1262.25
2023/6/29 12:15,1061.511769,24.92122607,1252.75
2023/6/29 12:30,1044.065441,27.69988859,1248
2023/6/29 12:45,1035.595899,38.40318573,1252.75
2023/6/29 13:00,990.4998456,41.74054215,1257.5
2023/6/29 13:15,973.3319938,45.2102124,1262.25
2023/6/29 13:30,981.718808,51.77621687,1243
2023/6/29 13:45,931.7055557,48.70446588,1236
2023/6/29 14:00,886.2047237,49.19720979,1233.5
2023/6/29 14:15,801.9636244,53.68850987,1233.5
2023/6/29 14:30,756.5335727,60.02419299,1245.5
2023/6/29 14:45,734.3555788,66.95088336,1243
2023/6/29 15:00,744.498114,79.98873814,1260
2023/6/29 15:15,689.1016924,100.2155835,1252.75
2023/6/29 15:30,622.9604646,125.7133756,1262.25
2023/6/29 15:45,559.5822188,138.7092836,1260
2023/6/29 16:00,469.9307415,143.5338321,1243
2023/6/29 16:15,389.109003,135.191602,1245.5
2023/6/29 16:30,322.3769919,119.7603941,1243
2023/6/29 16:45,255.4462097,109.6786824,1240.75
2023/6/29 17:00,197.6051573,107.3099063,1240.75
2023/6/29 17:15,158.7883232,106.5788113,1250.25
2023/6/29 17:30,124.4342467,101.2761736,1233.5
2023/6/29 17:45,90.83594794,95.52295704,1224
2023/6/29 18:00,67.08738278,83.12813734,1228.75
2023/6/29 18:15,40.62411117,76.86075195,1219
2023/6/29 18:30,18.92995777,65.88106314,1216.75
2023/6/29 18:45,6.330715181,62.4369687,1219
2023/6/29 19:00,0,59.86752509,1204.75
2023/6/29 19:15,0,49.10217062,1202.25
2023/6/29 19:30,0,50.11103805,1188
2023/6/29 19:45,0,45.68120537,1185.5
2023/6/29 20:00,0,39.94835319,1188
2023/6/29 20:15,0,32.13618848,1202.25
2023/6/29 20:30,0,25.63615135,1212
2023/6/29 20:45,0,22.31181676,1221.5
2023/6/29 21:00,0,20.1297563,1212
2023/6/29 21:15,0,23.33594547,1209.5
2023/6/29 21:30,0,26.62622282,1212
2023/6/29 21:45,0,27.85502184,1216.75
2023/6/29 22:00,0,25.39922653,1214.25
2023/6/29 22:15,0,25.96539566,1209.5
2023/6/29 22:30,0,26.60786673,1219
2023/6/29 22:45,0,25.96748773,1212
2023/6/29 23:00,0,22.62505572,1202.25
2023/6/29 23:15,0,18.77380995,1204.75
2023/6/29 23:30,0,17.00380473,1202.25
2023/6/29 23:45,0,16.79867123,1192.75
2023/6/30 00:00,0,15.33292774,1188
2023/6/30 00:15,0,13.85975288,1188
2023/6/30 00:30,0,12.70112656,1183
2023/6/30 00:45,0,8.171906446,1185.5
2023/6/30 01:00,0,7.626767926,1185.5
2023/6/30 01:15,0,7.499440879,1180.75
2023/6/30 01:30,0,7.499135578,1161.5
2023/6/30 01:45,0,3.18984138,1159
2023/6/30 02:00,0,11.4282923,1156.75
2023/6/30 02:15,0,12.39285046,1156.75
2023/6/30 02:30,0,11.29319075,1188
2023/6/30 02:45,0,13.10009405,1200
2023/6/30 03:00,0,13.17872954,1197.5
2023/6/30 03:15,0,11.09775069,1202.25
2023/6/30 03:30,0,10.91309738,1197.5
2023/6/30 03:45,0,13.89523635,1202.25
2023/6/30 04:00,0,12.86045432,1207
2023/6/30 04:15,0,12.67663776,1207
2023/6/30 04:30,0,13.19938018,1188
2023/6/30 04:45,0,4.142124794,1197.5
2023/6/30 05:00,0,4.560512099,1200
2023/6/30 05:15,0,19.3789087,1192.75
2023/6/30 05:30,1.727675325,20.01677255,1209.5
2023/6/30 05:45,12.80383733,32.99485586,1197.5
2023/6/30 06:00,41.51961555,40.92783369,1192.75
2023/6/30 06:15,79.29495927,36.32384366,1195
2023/6/30 06:30,115.8346207,32.78633301,1200
2023/6/30 06:45,163.4517623,33.62519153,1200
2023/6/30 07:00,222.3776912,30.22137521,1209.5
2023/6/30 07:15,307.4905308,33.18110348,1221.5
2023/6/30 07:30,401.0985877,39.44580632,1231
2023/6/30 07:45,487.9282512,41.52371142,1288.75
2023/6/30 08:00,550.6643859,38.08671146,1260
2023/6/30 08:15,616.3287904,39.15438272,1260
2023/6/30 08:30,641.294824,48.34729883,1298.25
2023/6/30 08:45,664.0202918,54.14000321,1310.25
2023/6/30 09:00,698.4732463,57.06670744,1291
2023/6/30 09:15,739.1608228,67.12250132,1322.25
2023/6/30 09:30,783.9682206,78.13699003,1336.75
2023/6/30 09:45,826.8295558,78.90800735,1322.25
2023/6/30 10:00,837.3399768,84.6288974,1358.25
2023/6/30 10:15,834.1538101,88.97013118,1380
2023/6/30 10:30,872.597914,99.92476197,1372.75
2023/6/30 10:45,929.5803214,105.5208786,1380
2023/6/30 11:00,943.5289252,108.4338956,1382.25
2023/6/30 11:15,972.5050767,121.8094759,1394.25
2023/6/30 11:30,968.4155588,141.5225637,1387
2023/6/30 11:45,1022.187468,154.1952683,1372.75
2023/6/30 12:00,1047.304223,167.3260257,1370.25
2023/6/30 12:15,1012.918156,187.2832367,1348.75
2023/6/30 12:30,1059.29988,224.8881647,1334.25
2023/6/30 12:45,1056.155927,251.4167982,1332
2023/6/30 13:00,1036.654988,278.6116477,1320
2023/6/30 13:15,996.1096297,286.675489,1339
2023/6/30 13:30,1026.610562,275.023179,1324.75
2023/6/30 13:45,1027.246528,286.8734786,1288.75
2023/6/30 14:00,978.9328161,307.2493187,1293.5
2023/6/30 14:15,925.587396,326.9005761,1310.25
2023/6/30 14:30,874.1199921,337.0861986,1327
2023/6/30 14:45,839.0924624,364.73428,1322.25
2023/6/30 15:00,803.9331641,380.638615,1312.75
2023/6/30 15:15,773.9492475,380.8392831,1329.5
2023/6/30 15:30,746.4611051,388.5085612,1332
2023/6/30 15:45,719.5252449,417.5448148,1351
2023/6/30 16:00,656.0781619,412.0403276,1365.5
2023/6/30 16:15,579.5155719,399.2400312,1334.25
2023/6/30 16:30,498.024888,386.6674574,1339
2023/6/30 16:45,372.435351,383.3883349,1344
2023/6/30 17:00,281.4456623,349.4986481,1298.25
2023/6/30 17:15,227.3308707,324.5538206,1281.5
2023/6/30 17:30,168.6857007,321.6393887,1303
2023/6/30 17:45,114.3199704,306.874734,1315
2023/6/30 18:00,74.5596384,310.8685286,1284
2023/6/30 18:15,48.09397029,317.9197001,1257.5
2023/6/30 18:30,24.67897002,312.9512316,1255
2023/6/30 18:45,6.131156725,308.8966074,1243
2023/6/30 19:00,0,304.1032406,1240.75
2023/6/30 19:15,0,312.7191051,1240.75
2023/6/30 19:30,0,309.7084216,1226.25
2023/6/30 19:45,0,285.9834286,1207
2023/6/30 20:00,0,253.1654931,1204.75
2023/6/30 20:15,0,222.3001958,1219
2023/6/30 20:30,0,226.4883201,1219
2023/6/30 20:45,0,241.7167422,1233.5
2023/6/30 21:00,0,229.8829351,1219
2023/6/30 21:15,0,191.7543697,1216.75
2023/6/30 21:30,0,166.4426341,1214.25
2023/6/30 21:45,0,138.4524014,1216.75
2023/6/30 22:00,0,117.7354628,1216.75
2023/6/30 22:15,0,98.46862704,1219
2023/6/30 22:30,0,81.00482412,1226.25
2023/6/30 22:45,0,74.96031303,1214.25
2023/6/30 23:00,0,59.24596141,1212
2023/6/30 23:15,0,47.1549719,1200
2023/6/30 23:30,0,42.91532823,1204.75
2023/6/30 23:45,0,34.39802487,1207
2023/7/1 00:00,0,33.20756171,1216.75
2023/7/1 00:15,0,29.1649104,1200
2023/7/1 00:30,0,23.73656258,1212
2023/7/1 00:45,0,21.66393394,1195
2023/7/1 01:00,0,21.53064457,1190.25
2023/7/1 01:15,0,21.40777905,1190.25
2023/7/1 01:30,0,25.48967161,1178.25
2023/7/1 01:45,0,31.66197789,1171
2023/7/1 02:00,0,35.69949739,1176
2023/7/1 02:15,0,32.26240045,1171
2023/7/1 02:30,0,19.75438323,1185.5
2023/7/1 02:45,0,14.79348154,1180.75
2023/7/1 03:00,0,14.06627697,1200
2023/7/1 03:15,0,13.39787037,1178.25
2023/7/1 03:30,0,8.662983904,1178.25
2023/7/1 03:45,0,12.09843659,1176
2023/7/1 04:00,0,13.20714097,1178.25
2023/7/1 04:15,0,15.55119794,1192.75
2023/7/1 04:30,0,11.59345172,1180.75
2023/7/1 04:45,0,11.27429671,1183
2023/7/1 05:00,0,14.12829988,1164
2023/7/1 05:15,0,20.42282102,1173.5
2023/7/1 05:30,1.327101229,23.0728695,1164
2023/7/1 05:45,19.59972779,27.83594399,1166.25
2023/7/1 06:00,58.05967527,39.91353531,1185.5
2023/7/1 06:15,110.5041065,44.68947896,1180.75
2023/7/1 06:30,170.1954309,58.72246675,1178.25
2023/7/1 06:45,241.2632415,59.4132599,1173.5
2023/7/1 07:00,318.8954473,54.14171201,1207
2023/7/1 07:15,404.2192836,52.2647531,1224
2023/7/1 07:30,503.3840481,68.44431839,1260
2023/7/1 07:45,578.1792623,85.15913799,1274.25
2023/7/1 08:00,653.7804126,111.8481369,1284
2023/7/1 08:15,734.9023795,144.5015844,1320
2023/7/1 08:30,811.4272937,173.2760079,1329.5
2023/7/1 08:45,909.9128804,201.9685067,1353.5
2023/7/1 09:00,949.0002195,210.6605753,1351
2023/7/1 09:15,1012.279626,235.5780001,1387
2023/7/1 09:30,1068.80879,261.0450657,1377.5
2023/7/1 09:45,1090.721431,296.543137,1382.25
2023/7/1 10:00,1110.582375,305.2553667,1399
2023/7/1 10:15,1125.350206,322.8630719,1423
2023/7/1 10:30,1087.651101,331.0448695,1442.25
2023/7/1 10:45,1128.343324,335.8681768,1411
2023/7/1 11:00,1150.704184,318.6900467,1411
2023/7/1 11:15,1172.546847,306.3968577,1389.5
2023/7/1 11:30,1193.050062,313.2629995,1399
2023/7/1 11:45,1223.0915,328.5475215,1392
2023/7/1 12:00,1232.464606,335.1022461,1394.25
2023/7/1 12:15,1243.310247,344.7741708,1380
2023/7/1 12:30,1188.903209,341.9983357,1358.25
2023/7/1 12:45,1214.523357,353.2942225,1370.25
2023/7/1 13:00,1187.169324,351.9172812,1365.5
2023/7/1 13:15,1160.923004,350.4515693,1382.25
2023/7/1 13:30,1113.250447,346.1575366,1368
2023/7/1 13:45,1064.06278,385.2179417,1392
2023/7/1 14:00,1046.776868,408.6192308,1404
2023/7/1 14:15,1023.775368,420.4182559,1411
2023/7/1 14:30,968.0710058,417.012891,1418.25
2023/7/1 14:45,925.5493223,412.4917698,1394.25
2023/7/1 15:00,880.6513538,430.7203881,1411
2023/7/1 15:15,809.7137625,435.6931224,1420.75
2023/7/1 15:30,737.6431108,449.2640351,1396.75
2023/7/1 15:45,681.0726847,470.9561665,1368
2023/7/1 16:00,601.8264259,500.3406115,1370.25
2023/7/1 16:15,568.501406,527.503036,1372.75
2023/7/1 16:30,523.9215912,530.3984952,1344
2023/7/1 16:45,443.7214982,510.2111919,1336.75
2023/7/1 17:00,374.9573115,493.7023451,1308
2023/7/1 17:15,289.2959194,494.0912053,1288.75
2023/7/1 17:30,216.7423418,484.3045914,1274.25
2023/7/1 17:45,160.8119886,468.1918541,1269.5
2023/7/1 18:00,117.9988766,420.1367199,1274.25
2023/7/1 18:15,76.09891358,385.3794893,1279
2023/7/1 18:30,37.32560978,373.8182114,1284
2023/7/1 18:45,7.081764045,359.6420352,1272
2023/7/1 19:00,0,328.6559462,1276.75
2023/7/1 19:15,0,315.8774029,1274.25
2023/7/1 19:30,0,296.8247858,1260
2023/7/1 19:45,0,275.5969177,1255
2023/7/1 20:00,0,262.2134238,1264.75
2023/7/1 20:15,0,237.6713295,1250.25
2023/7/1 20:30,0,223.171071,1245.5
2023/7/1 20:45,0,209.3723896,1243
2023/7/1 21:00,0,227.2268459,1238.25
2023/7/1 21:15,0,222.9710061,1238.25
2023/7/1 21:30,0,214.3173832,1248
2023/7/1 21:45,0,193.1832483,1243
2023/7/1 22:00,0,188.6276552,1238.25
2023/7/1 22:15,0,176.4926512,1240.75
2023/7/1 22:30,0,158.8505267,1245.5
2023/7/1 22:45,0,145.634168,1236
2023/7/1 23:00,0,139.0097966,1255
2023/7/1 23:15,0,137.9272285,1238.25
2023/7/1 23:30,0,129.4068358,1219
2023/7/1 23:45,0,119.8445635,1221.5
2023/7/2 00:00,0,119.7413356,1212
2023/7/2 00:15,0,137.6923484,1214.25
2023/7/2 00:30,0,136.1647769,1231
2023/7/2 00:45,0,138.9626996,1228.75
2023/7/2 01:00,0,136.7705379,1224
2023/7/2 01:15,0,137.719674,1228.75
2023/7/2 01:30,0,136.3160623,1231
2023/7/2 01:45,0,140.4839836,1231
2023/7/2 02:00,0,145.761559,1240.75
2023/7/2 02:15,0,155.4037469,1233.5
2023/7/2 02:30,0,166.848756,1226.25
2023/7/2 02:45,0,157.7874344,1231
2023/7/2 03:00,0,147.5979474,1226.25
2023/7/2 03:15,0,151.7945384,1224
2023/7/2 03:30,0,155.2968023,1228.75
2023/7/2 03:45,0,152.949626,1226.25
2023/7/2 04:00,0,146.9149445,1221.5
2023/7/2 04:15,0,150.0481843,1224
2023/7/2 04:30,0,151.6009096,1224
2023/7/2 04:45,0,163.4932038,1226.25
2023/7/2 05:00,0,169.1011229,1240.75
2023/7/2 05:15,0,171.3260005,1245.5
2023/7/2 05:30,0.497211831,191.8291449,1224
2023/7/2 05:45,16.30144777,222.2601568,1221.5
2023/7/2 06:00,51.04569859,260.007706,1224
2023/7/2 06:15,79.39357273,311.2028151,1233.5
2023/7/2 06:30,110.9587063,330.4958126,1240.75
2023/7/2 06:45,157.6480101,302.1374638,1257.5
2023/7/2 07:00,194.5785428,259.5692069,1274.25
2023/7/2 07:15,228.6882612,237.4787904,1279
2023/7/2 07:30,272.7536272,225.9240743,1300.75
2023/7/2 07:45,311.4616551,257.0557248,1312.75
2023/7/2 08:00,349.1184739,289.1402987,1322.25
2023/7/2 08:15,378.2693605,300.3906075,1346.25
2023/7/2 08:30,444.835807,286.8520114,1353.5
2023/7/2 08:45,476.5022141,282.9734969,1382.25
2023/7/2 09:00,503.5580456,264.672708,1370.25
2023/7/2 09:15,539.4951186,262.0165234,1389.5
2023/7/2 09:30,579.0160415,275.7681679,1406.25
2023/7/2 09:45,647.6717422,327.7827728,1401.5
2023/7/2 10:00,698.7135381,336.1162601,1404
2023/7/2 10:15,757.1942029,337.0413853,1411
2023/7/2 10:30,849.1231271,346.2726709,1413.5
2023/7/2 10:45,907.3600283,362.0138222,1435
2023/7/2 11:00,924.2738332,401.9007642,1428
2023/7/2 11:15,931.4921719,445.2412155,1423
2023/7/2 11:30,920.6049592,483.1459607,1416
2023/7/2 11:45,960.0882121,491.51658,1425.5
2023/7/2 12:00,1019.776626,509.105708,1408.75
2023/7/2 12:15,1002.247797,527.9084094,1387
2023/7/2 12:30,953.1896332,541.2837443,1375
2023/7/2 12:45,972.5149805,553.6063206,1396.75
2023/7/2 13:00,933.799839,553.1514045,1404
2023/7/2 13:15,929.5348614,539.7500912,1428
2023/7/2 13:30,964.8142541,529.5226205,1444.75
2023/7/2 13:45,981.9413056,527.0402437,1442.25
2023/7/2 14:00,954.1613791,508.5893937,1428
2023/7/2 14:15,904.0191361,488.5011958,1408.75
2023/7/2 14:30,904.2180827,494.176007,1408.75
2023/7/2 14:45,898.3453439,499.1895191,1411
2023/7/2 15:00,855.8979195,508.9759788,1432.75
2023/7/2 15:15,802.8756782,522.3345288,1423
2023/7/2 15:30,746.8698295,530.7985405,1428
2023/7/2 15:45,698.2120918,517.0656977,1418.25
2023/7/2 16:00,633.0047206,503.4614667,1411
2023/7/2 16:15,551.259485,481.5220538,1392
2023/7/2 16:30,482.9969527,445.0800151,1401.5
2023/7/2 16:45,421.898712,422.8839956,1416
2023/7/2 17:00,350.7452385,415.8267189,1382.25
2023/7/2 17:15,287.4838738,390.8625964,1377.5
2023/7/2 17:30,228.3267274,365.2770902,1353.5
2023/7/2 17:45,169.4554004,330.9794011,1344
2023/7/2 18:00,112.776183,302.963247,1336.75
2023/7/2 18:15,63.76395446,284.1707966,1334.25
2023/7/2 18:30,25.24703781,260.2338556,1327
2023/7/2 18:45,5.588040168,239.0188169,1312.75
2023/7/2 19:00,0,213.9394207,1305.5
2023/7/2 19:15,0,220.9587708,1303
2023/7/2 19:30,0,225.4159044,1298.25
2023/7/2 19:45,0,228.0288267,1276.75
2023/7/2 20:00,0,227.3849964,1284
2023/7/2 20:15,0,203.7272406,1276.75
2023/7/2 20:30,0,187.0449687,1264.75
2023/7/2 20:45,0,182.0722965,1257.5
2023/7/2 21:00,0,175.7821971,1257.5
2023/7/2 21:15,0,165.1380666,1257.5
2023/7/2 21:30,0,145.5094646,1267
2023/7/2 21:45,0,119.7371514,1252.75
2023/7/2 22:00,0,72.90083999,1245.5
2023/7/2 22:15,0,53.10478984,1250.25
2023/7/2 22:30,0,43.17406115,1245.5
2023/7/2 22:45,0,46.01188713,1236
2023/7/2 23:00,0,54.15982008,1250.25
2023/7/2 23:15,0,70.95516417,1240.75
2023/7/2 23:30,0,93.3753478,1228.75
2023/7/2 23:45,0,107.6069149,1221.5
2023/7/3 00:00,0,108.773196,1221.5
2023/7/3 00:15,0,135.2622037,1219
2023/7/3 00:30,0,141.1271472,1238.25
2023/7/3 00:45,0,147.199029,1250.25
2023/7/3 01:00,0,157.8182376,1243
2023/7/3 01:15,0,174.8317899,1248
2023/7/3 01:30,0,205.2980877,1231
2023/7/3 01:45,0,245.0229584,1233.5
2023/7/3 02:00,0,292.8008282,1243
2023/7/3 02:15,0,337.6858624,1243
2023/7/3 02:30,0,371.541111,1252.75
2023/7/3 02:45,0,375.2586513,1236
2023/7/3 03:00,0,380.1716894,1245.5
2023/7/3 03:15,0,394.2430462,1248
2023/7/3 03:30,0,386.2400189,1248
2023/7/3 03:45,0,389.3933237,1255
2023/7/3 04:00,0,406.0385758,1248
2023/7/3 04:15,0,399.1937418,1248
2023/7/3 04:30,0,374.9577569,1260
2023/7/3 04:45,0,361.1396714,1252.75
2023/7/3 05:00,0,344.2027267,1262.25
2023/7/3 05:15,0,325.6658412,1279
2023/7/3 05:30,0.150497356,301.250111,1255
2023/7/3 05:45,4.89899427,290.0939903,1267
2023/7/3 06:00,22.37670752,267.2984031,1267
2023/7/3 06:15,41.31912406,259.0744084,1272
2023/7/3 06:30,56.45626474,249.3861795,1272
2023/7/3 06:45,73.02495316,248.2451711,1279
2023/7/3 07:00,101.7493429,243.2689856,1281.5
2023/7/3 07:15,134.898283,260.1415802,1293.5
2023/7/3 07:30,170.4108212,283.106902,1303
2023/7/3 07:45,209.7638706,292.3449932,1303
2023/7/3 08:00,248.3444528,295.0531781,1320
2023/7/3 08:15,288.4128356,295.9627564,1336.75
2023/7/3 08:30,348.0944679,302.3621805,1336.75
2023/7/3 08:45,427.5744555,305.4762991,1368
2023/7/3 09:00,514.990944,287.1636028,1372.75
2023/7/3 09:15,542.3259234,278.6723627,1420.75
2023/7/3 09:30,569.8255528,289.8760935,1432.75
2023/7/3 09:45,559.8404211,290.4541948,1432.75
2023/7/3 10:00,566.6312788,292.4458762,1428
2023/7/3 10:15,560.9656589,302.3584655,1420.75
2023/7/3 10:30,564.6268587,311.4395104,1440
2023/7/3 10:45,599.6331526,317.4106492,1408.75
2023/7/3 11:00,688.471325,332.4094395,1416
2023/7/3 11:15,721.154627,341.6108665,1387
2023/7/3 11:30,777.139032,359.8857699,1399
2023/7/3 11:45,839.7685091,363.8403154,1396.75
2023/7/3 12:00,839.9126997,367.6829161,1380
2023/7/3 12:15,839.3745992,357.569214,1387
2023/7/3 12:30,879.9556915,346.445839,1377.5
2023/7/3 12:45,917.3682116,351.544072,1396.75
2023/7/3 13:00,904.1803966,343.1401772,1423
2023/7/3 13:15,882.113102,362.1325218,1437.5
2023/7/3 13:30,934.5111189,374.4537395,1449.5
2023/7/3 13:45,900.0116961,395.4459239,1447
2023/7/3 14:00,883.8365891,396.2313914,1449.5
2023/7/3 14:15,836.8424631,387.5253175,1447
2023/7/3 14:30,798.9593478,367.4308939,1454.25
2023/7/3 14:45,765.2117203,357.9195156,1449.5
2023/7/3 15:00,739.4199405,337.4537508,1452
2023/7/3 15:15,678.0893688,330.2680421,1447
2023/7/3 15:30,642.4807155,325.8143897,1435
2023/7/3 15:45,586.8881462,334.3522335,1437.5
2023/7/3 16:00,534.903997,330.6599676,1437.5
2023/7/3 16:15,449.0501775,337.6451445,1430.25
2023/7/3 16:30,379.6809008,347.6547387,1430.25
2023/7/3 16:45,335.6616845,361.8809071,1413.5
2023/7/3 17:00,269.6961301,360.8749485,1418.25
2023/7/3 17:15,216.7141053,364.5634187,1396.75
2023/7/3 17:30,163.146187,370.6045729,1399
2023/7/3 17:45,115.2591173,384.709386,1384.75
2023/7/3 18:00,81.01052664,408.1871987,1377.5
2023/7/3 18:15,46.6999597,432.3780936,1363
2023/7/3 18:30,19.71124098,437.2887861,1356
2023/7/3 18:45,5.692913367,430.1113665,1334.25
2023/7/3 19:00,0,445.449725,1324.75
2023/7/3 19:15,0,453.9471226,1317.5
2023/7/3 19:30,0,349.498199,1317.5
2023/7/3 19:45,0,499.5577976,1324.75
2023/7/3 20:00,0,513.8158488,1315
2023/7/3 20:15,0,539.6336213,1308
2023/7/3 20:30,0,586.0535091,1284
2023/7/3 20:45,0,582.781901,1281.5
2023/7/3 21:00,0,560.0251971,1274.25
2023/7/3 21:15,0,561.3062381,1257.5
2023/7/3 21:30,0,546.0018314,1269.5
2023/7/3 21:45,0,417.4603514,1274.25
2023/7/3 22:00,0,533.6389442,1286.25
2023/7/3 22:15,0,526.1436426,1293.5
2023/7/3 22:30,0,520.0654444,1291
2023/7/3 22:45,0,479.8567291,1233.5
2023/7/3 23:00,0,485.3033864,1240.75
2023/7/3 23:15,0,502.0143978,1255
2023/7/3 23:30,0,496.167116,1257.5
2023/7/3 23:45,0,498.5038542,1255
2023/7/4 00:00,0,524.7663205,1245.5
2023/7/4 00:15,0,547.3357736,1243
2023/7/4 00:30,0,421.1480688,1250.25
2023/7/4 00:45,0,453.1318696,1262.25
2023/7/4 01:00,0,444.6083099,1262.25
2023/7/4 01:15,0,402.9608781,1274.25
2023/7/4 01:30,0,343.298785,1262.25
2023/7/4 01:45,0,306.0845901,1255
2023/7/4 02:00,0,437.6384642,1255
2023/7/4 02:15,0,490.8361914,1248
2023/7/4 02:30,0,515.7405827,1255
2023/7/4 02:45,0,523.0801408,1257.5
2023/7/4 03:00,0,518.5762765,1250.25
2023/7/4 03:15,0,511.8891557,1250.25
2023/7/4 03:30,0,498.6496616,1243
2023/7/4 03:45,0,501.5613532,1250.25
2023/7/4 04:00,0,509.3829885,1245.5
2023/7/4 04:15,0,516.6048483,1267
2023/7/4 04:30,0,502.1460699,1274.25
2023/7/4 04:45,0,502.5793059,1255
2023/7/4 05:00,0,509.0343227,1250.25
2023/7/4 05:15,0,519.9870169,1248
2023/7/4 05:30,0.647434864,529.1619889,1243
2023/7/4 05:45,6.300681564,528.6750549,1250.25
2023/7/4 06:00,22.01485242,514.469699,1257.5
2023/7/4 06:15,41.68359364,505.0527954,1257.5
2023/7/4 06:30,63.98370045,497.3422896,1260
2023/7/4 06:45,85.47441166,486.1997864,1264.75
2023/7/4 07:00,114.6926223,352.3008119,1293.5
2023/7/4 07:15,144.6545827,364.7462314,1303
2023/7/4 07:30,179.3750752,515.7804904,1315
2023/7/4 07:45,217.281088,519.1542396,1300.75
2023/7/4 08:00,260.8507673,519.345555,1310.25
2023/7/4 08:15,302.8703423,527.5752784,1327
2023/7/4 08:30,364.4278234,529.3273952,1344
2023/7/4 08:45,412.3869037,540.438067,1396.75
2023/7/4 09:00,473.7426477,414.5886749,1401.5
2023/7/4 09:15,507.0280372,426.9217654,1394.25
2023/7/4 09:30,544.1230316,439.9344027,1392
2023/7/4 09:45,606.8325259,444.9710709,1428
2023/7/4 10:00,654.8732562,444.0761598,1432.75
2023/7/4 10:15,719.5993915,439.496712,1432.75
2023/7/4 10:30,736.6233761,438.2355066,1497.5
2023/7/4 10:45,752.2759252,451.1949704,1509.5
2023/7/4 11:00,811.8069691,461.9472886,1490.25
2023/7/4 11:15,820.4917208,472.3850507,1476
2023/7/4 11:30,823.3833817,615.9535029,1473.5
2023/7/4 11:45,874.9550034,625.9560662,1476
2023/7/4 12:00,831.1235882,643.05863,1476
2023/7/4 12:15,832.5946512,648.3421319,1454.25
2023/7/4 12:30,868.9601525,649.1867727,1437.5
2023/7/4 12:45,874.8962168,530.3001372,1430.25
2023/7/4 13:00,879.3166299,668.2791519,1459
2023/7/4 13:15,939.1395495,651.2390721,1502.25
2023/7/4 13:30,957.1075011,652.9796386,1464
2023/7/4 13:45,949.371132,654.7348618,1447
2023/7/4 14:00,988.0118972,656.5609104,1449.5
2023/7/4 14:15,976.9221779,651.1468328,1444.75
2023/7/4 14:30,921.7656936,643.005792,1449.5
2023/7/4 14:45,850.8355749,508.4523893,1440
2023/7/4 15:00,756.6275372,494.8564232,1442.25
2023/7/4 15:15,697.8726856,629.8317718,1447
2023/7/4 15:30,634.7003553,612.6517919,1425.5
2023/7/4 15:45,588.6687068,596.9823724,1425.5
2023/7/4 16:00,557.0179346,578.6704193,1425.5
2023/7/4 16:15,490.0058526,583.0419908,1418.25
2023/7/4 16:30,420.2990318,584.3237214,1430.25
2023/7/4 16:45,335.0451743,590.9646416,1428
2023/7/4 17:00,270.8632885,611.1448315,1411
2023/7/4 17:15,218.0869682,626.5232538,1399
2023/7/4 17:30,174.1191168,628.1601166,1399
2023/7/4 17:45,131.0697053,629.4391104,1377.5
2023/7/4 18:00,84.34842183,613.3992873,1360.75
2023/7/4 18:15,37.8161483,468.9701335,1334.25
2023/7/4 18:30,16.30144356,461.936401,1334.25
2023/7/4 18:45,6.116183955,465.6783771,1322.25
2023/7/4 19:00,0,464.2636686,1305.5
2023/7/4 19:15,0,463.792894,1305.5
2023/7/4 19:30,0,463.618961,1281.5
2023/7/4 19:45,0,594.401928,1269.5
2023/7/4 20:00,0,595.604597,1296
2023/7/4 20:15,0,593.8886575,1298.25
2023/7/4 20:30,0,594.8720942,1293.5
2023/7/4 20:45,0,589.6068471,1281.5
2023/7/4 21:00,0,450.109629,1284
2023/7/4 21:15,0,576.1180701,1274.25
2023/7/4 21:30,0,564.4869714,1274.25
2023/7/4 21:45,0,566.1260708,1264.75
2023/7/4 22:00,0,448.2520604,1257.5
2023/7/4 22:15,0,449.5482828,1288.75
2023/7/4 22:30,0,582.0147133,1274.25
2023/7/4 22:45,0,592.528872,1298.25
2023/7/4 23:00,0,602.0858451,1298.25
2023/7/4 23:15,0,612.556109,1317.5
2023/7/4 23:30,0,613.546596,1279
2023/7/4 23:45,0,610.1304502,1279
2023/7/5 00:00,0,597.6865245,1276.75
2023/7/5 00:15,0,465.6395752,1272
2023/7/5 00:30,0,477.8959541,1276.75
2023/7/5 00:45,0,485.6083997,1298.25
2023/7/5 01:00,0,480.9059663,1298.25
2023/7/5 01:15,0,470.1501301,1291
2023/7/5 01:30,0,470.2371059,1305.5
2023/7/5 01:45,0,448.0350013,1300.75
2023/7/5 02:00,0,431.5364219,1305.5
2023/7/5 02:15,0,413.9429745,1303
2023/7/5 02:30,0,407.9520058,1298.25
2023/7/5 02:45,0,526.6718828,1296
2023/7/5 03:00,0,529.2590887,1279
2023/7/5 03:15,0,514.8042435,1264.75
2023/7/5 03:30,0,513.9221119,1262.25
2023/7/5 03:45,0,516.6207658,1252.75
2023/7/5 04:00,0,504.0228892,1252.75
2023/7/5 04:15,0,484.990551,1262.25
2023/7/5 04:30,0,495.2318482,1267
2023/7/5 04:45,0,479.1329327,1288.75
2023/7/5 05:00,0,460.948697,1298.25
2023/7/5 05:15,0,459.9534083,1298.25
2023/7/5 05:30,0.181551333,442.657352,1296
2023/7/5 05:45,2.162444406,415.995837,1284
2023/7/5 06:00,13.78570383,354.7647822,1284
2023/7/5 06:15,26.36135625,376.3418666,1296
2023/7/5 06:30,35.70291157,379.7761099,1286.25
2023/7/5 06:45,48.48743849,412.1743848,1293.5
2023/7/5 07:00,67.2378973,424.9932934,1298.25
2023/7/5 07:15,90.39621246,434.0808689,1288.75
2023/7/5 07:30,115.4483467,432.0948513,1276.75
2023/7/5 07:45,141.2770853,434.4667521,1279
2023/7/5 08:00,170.8788346,439.5603907,1298.25
2023/7/5 08:15,191.2388183,437.9504155,1300.75
2023/7/5 08:30,216.5399743,414.1124451,1322.25
2023/7/5 08:45,243.1451124,431.6012907,1298.25
2023/7/5 09:00,292.3831105,426.9902377,1308
2023/7/5 09:15,330.3977724,376.9944612,1293.5
2023/7/5 09:30,374.4326843,356.3596527,1296
2023/7/5 09:45,411.995241,346.9469957,1293.5
2023/7/5 10:00,410.073193,325.9693716,1286.25
2023/7/5 10:15,388.8335052,344.1258619,1281.5
2023/7/5 10:30,393.8745873,376.9024682,1291
2023/7/5 10:45,440.8867276,412.719014,1327
2023/7/5 11:00,520.7158674,397.3267301,1324.75
2023/7/5 11:15,592.3389637,335.3609343,1341.5
2023/7/5 11:30,614.9595735,277.0632665,1327
2023/7/5 11:45,614.1757738,302.4949575,1315
2023/7/5 12:00,612.8346759,304.0678208,1312.75
2023/7/5 12:15,632.4160809,314.7564349,1296
2023/7/5 12:30,661.3365679,305.6159696,1296
2023/7/5 12:45,622.2189814,318.4598546,1286.25
2023/7/5 13:00,595.202656,351.0803222,1305.5
2023/7/5 13:15,594.9003659,357.8160366,1329.5
2023/7/5 13:30,647.7179211,363.8823154,1317.5
2023/7/5 13:45,737.7999464,359.2727847,1336.75
2023/7/5 14:00,787.2910019,345.1081183,1336.75
2023/7/5 14:15,775.5088095,351.8279891,1341.5
2023/7/5 14:30,721.4897245,364.2211061,1332
2023/7/5 14:45,677.0721428,360.1635092,1339
2023/7/5 15:00,637.6054509,360.8711562,1332
2023/7/5 15:15,590.9240829,355.7399911,1336.75
2023/7/5 15:30,560.6191079,356.2677998,1312.75
2023/7/5 15:45,535.8593321,217.1821835,1310.25
2023/7/5 16:00,481.5213243,346.3687983,1308
2023/7/5 16:15,424.6741218,344.1121901,1300.75
2023/7/5 16:30,374.5878542,332.3775212,1303
2023/7/5 16:45,318.4225393,329.6253377,1320
2023/7/5 17:00,261.2854049,328.8277879,1315
2023/7/5 17:15,211.1292772,330.8794923,1298.25
2023/7/5 17:30,163.1523753,336.8714935,1281.5
2023/7/5 17:45,113.6747155,365.9095413,1296
2023/7/5 18:00,69.59180263,244.4399715,1284
2023/7/5 18:15,32.45329191,378.8716223,1284
2023/7/5 18:30,16.68275659,388.2156163,1279
2023/7/5 18:45,5.421028297,397.5451409,1284
2023/7/5 19:00,0,414.4905463,1279
2023/7/5 19:15,0,427.8607545,1291
2023/7/5 19:30,0,429.4315815,1276.75
2023/7/5 19:45,0,299.3353947,1276.75
2023/7/5 20:00,0,299.8706603,1286.25
2023/7/5 20:15,0,315.9828733,1288.75
2023/7/5 20:30,0,318.2834582,1298.25
2023/7/5 20:45,0,315.7262928,1286.25
2023/7/5 21:00,0,437.4412761,1293.5
2023/7/5 21:15,0,432.4558429,1286.25
2023/7/5 21:30,0,438.3401966,1291
2023/7/5 21:45,0,436.1791866,1269.5
2023/7/5 22:00,0,440.4742037,1267
2023/7/5 22:15,0,447.6527202,1281.5
2023/7/5 22:30,0,437.0580495,1274.25
2023/7/5 22:45,0,429.9760836,1288.75
2023/7/5 23:00,0,429.5474777,1300.75
2023/7/5 23:15,0,433.7515559,1281.5
2023/7/5 23:30,0,423.3995937,1281.5
2023/7/5 23:45,0,420.5656602,1298.25
2023/7/6 00:00,0,408.7776771,1296
2023/7/6 00:15,0,271.1184622,1296
2023/7/6 00:30,0,392.6840699,1286.25
2023/7/6 00:45,0,380.1983525,1296
2023/7/6 01:00,0,372.4872163,1305.5
2023/7/6 01:15,0,366.9740501,1303
2023/7/6 01:30,0,361.7590868,1315
2023/7/6 01:45,0,371.6560755,1305.5
2023/7/6 02:00,0,359.4245194,1308
2023/7/6 02:15,0,365.2010717,1296
2023/7/6 02:30,0,355.5768866,1284
2023/7/6 02:45,0,342.4569896,1279
2023/7/6 03:00,0,332.4531794,1288.75
2023/7/6 03:15,0,336.9803711,1284
2023/7/6 03:30,0,342.1378727,1274.25
2023/7/6 03:45,0,331.7758742,1267
2023/7/6 04:00,0,334.9084595,1267
2023/7/6 04:15,0,339.7616922,1264.75
2023/7/6 04:30,0,339.6079401,1279
2023/7/6 04:45,0,356.015452,1296
2023/7/6 05:00,0,361.5985582,1305.5
2023/7/6 05:15,0,358.7376515,1293.5
2023/7/6 05:30,0.944409915,356.1911781,1291
2023/7/6 05:45,10.64167639,350.5596857,1286.25
2023/7/6 06:00,32.43448878,343.0768112,1284
2023/7/6 06:15,52.3698068,337.410692,1288.75
2023/7/6 06:30,84.2798099,314.9247053,1284
2023/7/6 06:45,132.1469188,301.9286017,1291
2023/7/6 07:00,183.7377475,309.664806,1293.5
2023/7/6 07:15,234.635462,318.6071457,1305.5
2023/7/6 07:30,291.0801888,319.6598108,1322.25
2023/7/6 07:45,352.3312383,324.0700107,1332
2023/7/6 08:00,408.7266097,310.3361862,1351
2023/7/6 08:15,453.5035389,307.1565316,1329.5
2023/7/6 08:30,519.5965197,316.3346598,1317.5
2023/7/6 08:45,552.4946567,324.1873805,1310.25
2023/7/6 09:00,595.2978364,335.3508994,1320
2023/7/6 09:15,617.1624295,359.6356295,1320
2023/7/6 09:30,687.2636535,361.673455,1300.75
2023/7/6 09:45,774.7732379,356.8588599,1284
2023/7/6 10:00,808.2476189,345.3140325,1284
2023/7/6 10:15,850.8074668,336.8659454,1308
2023/7/6 10:30,870.7730958,328.2757288,1327
2023/7/6 10:45,909.1663133,323.8187546,1360.75
2023/7/6 11:00,912.6485717,329.7709952,1351
2023/7/6 11:15,889.8529951,343.4496648,1348.75
2023/7/6 11:30,922.0015127,350.412176,1351
2023/7/6 11:45,972.7891679,368.9522663,1346.25
2023/7/6 12:00,955.9471575,362.5618553,1348.75
2023/7/6 12:15,942.7373135,369.2323584,1348.75
2023/7/6 12:30,954.7515425,379.2106888,1339
2023/7/6 12:45,951.8751419,378.5785148,1336.75
2023/7/6 13:00,970.544998,381.4224014,1351
2023/7/6 13:15,972.2026861,388.4975715,1344
2023/7/6 13:30,959.8810088,386.9032018,1358.25
2023/7/6 13:45,969.2939423,397.9495698,1365.5
2023/7/6 14:00,1001.063523,403.6456659,1368
2023/7/6 14:15,959.4931124,410.3890476,1375
2023/7/6 14:30,878.6951053,419.0948316,1356
2023/7/6 14:45,831.4156607,429.0283983,1356
2023/7/6 15:00,833.0905006,429.8766241,1348.75
2023/7/6 15:15,793.6361193,434.9400576,1365.5
2023/7/6 15:30,738.7650636,438.0779254,1336.75
2023/7/6 15:45,679.542817,440.1593697,1320
2023/7/6 16:00,611.0121284,302.5725778,1327
2023/7/6 16:15,527.8570418,292.3477633,1320
2023/7/6 16:30,451.8715353,286.8585802,1315
2023/7/6 16:45,378.3291042,409.0435012,1339
2023/7/6 17:00,310.4359414,406.7711678,1336.75
2023/7/6 17:15,246.5586544,400.6963782,1320
2023/7/6 17:30,186.1364468,400.1770526,1320
2023/7/6 17:45,131.9644352,396.4385799,1315
2023/7/6 18:00,93.54003487,264.629185,1305.5
2023/7/6 18:15,56.532424,243.4626745,1322.25
2023/7/6 18:30,20.55743193,233.3115491,1303
2023/7/6 18:45,4.283833109,208.0756966,1308
2023/7/6 19:00,0,304.7789658,1300.75
2023/7/6 19:15,0,291.2144822,1296
2023/7/6 19:30,0,307.5227712,1281.5
2023/7/6 19:45,0,311.6378141,1291
2023/7/6 20:00,0,302.6977392,1293.5
2023/7/6 20:15,0,313.0042642,1284
2023/7/6 20:30,0,304.3934105,1274.25
2023/7/6 20:45,0,302.1941544,1264.75
2023/7/6 21:00,0,327.1486986,1262.25
2023/7/6 21:15,0,344.9708554,1257.5
2023/7/6 21:30,0,352.2712788,1257.5
2023/7/6 21:45,0,369.6205912,1236
2023/7/6 22:00,0,363.8639517,1228.75
2023/7/6 22:15,0,379.5070564,1231
2023/7/6 22:30,0,265.0855422,1233.5
2023/7/6 22:45,0,393.6501215,1260
2023/7/6 23:00,0,377.9048279,1272
2023/7/6 23:15,0,381.7388377,1255
2023/7/6 23:30,0,390.3315149,1255
2023/7/6 23:45,0,411.1978644,1272
2023/7/7 00:00,0,409.3177052,1264.75
2023/7/7 00:15,0,409.6141578,1260
2023/7/7 00:30,0,407.9074855,1274.25
2023/7/7 00:45,0,282.5970649,1267
2023/7/7 01:00,0,279.527392,1269.5
2023/7/7 01:15,0,259.1016732,1257.5
2023/7/7 01:30,0,240.8977912,1255
2023/7/7 01:45,0,254.7628196,1257.5
2023/7/7 02:00,0,259.4619499,1264.75
2023/7/7 02:15,0,255.8952521,1252.75
2023/7/7 02:30,0,372.1555772,1250.25
2023/7/7 02:45,0,357.016121,1245.5
2023/7/7 03:00,0,361.8954697,1248
2023/7/7 03:15,0,390.0851257,1233.5
2023/7/7 03:30,0,400.9615806,1238.25
2023/7/7 03:45,0,400.1208369,1212
2023/7/7 04:00,0,395.5988152,1216.75
2023/7/7 04:15,0,376.9550206,1192.75
2023/7/7 04:30,0,353.2865006,1207
2023/7/7 04:45,0,347.4120956,1231
2023/7/7 05:00,0,240.9829431,1252.75
2023/7/7 05:15,0,235.3883828,1252.75
2023/7/7 05:30,1.380287101,215.6333003,1250.25
2023/7/7 05:45,16.74922519,205.7215346,1248
2023/7/7 06:00,43.08490661,332.7248609,1245.5
2023/7/7 06:15,79.84366359,334.3147172,1252.75
2023/7/7 06:30,125.761111,338.1369355,1252.75
2023/7/7 06:45,188.4290748,323.6890527,1260
2023/7/7 07:00,254.0116046,316.8989065,1255
2023/7/7 07:15,318.7080255,318.9424743,1272
2023/7/7 07:30,392.3259618,313.4105651,1293.5
2023/7/7 07:45,472.7850538,303.1267212,1298.25
2023/7/7 08:00,520.3658424,304.5482586,1324.75
2023/7/7 08:15,556.2024042,322.1695444,1336.75
2023/7/7 08:30,600.7612043,338.1012049,1344
2023/7/7 08:45,641.6945592,335.2343293,1344
2023/7/7 09:00,700.012953,338.4716622,1363
2023/7/7 09:15,730.8126704,339.8444449,1377.5
2023/7/7 09:30,753.6324229,340.8629506,1384.75
2023/7/7 09:45,770.1522765,338.1398119,1339
2023/7/7 10:00,833.0872351,353.288543,1327
2023/7/7 10:15,791.573114,360.1318739,1329.5
2023/7/7 10:30,753.8172615,375.2473349,1353.5
2023/7/7 10:45,731.9693847,385.5653768,1394.25
2023/7/7 11:00,749.5591508,399.3591256,1411
2023/7/7 11:15,758.4604891,421.7192475,1401.5
2023/7/7 11:30,772.264218,441.9978785,1411
2023/7/7 11:45,837.0119473,339.7389602,1404
2023/7/7 12:00,907.6420477,350.5527188,1404
2023/7/7 12:15,1001.096698,478.0903857,1418.25
2023/7/7 12:30,1075.763805,477.7457327,1404
2023/7/7 12:45,1154.096695,463.3794404,1389.5
2023/7/7 13:00,1043.013607,453.0170792,1418.25
2023/7/7 13:15,728.6796463,453.7308596,1420.75
2023/7/7 13:30,687.1145624,474.3953413,1432.75
2023/7/7 13:45,673.3060294,473.7480892,1442.25
2023/7/7 14:00,631.6390301,477.9500375,1461.5
2023/7/7 14:15,723.3385253,475.7155851,1449.5
2023/7/7 14:30,940.2783516,481.4268762,1432.75
2023/7/7 14:45,896.8617652,477.0415797,1440
2023/7/7 15:00,891.8663967,488.6070397,1440
2023/7/7 15:15,840.7282656,493.1248101,1449.5
2023/7/7 15:30,785.8100517,502.6558686,1435
2023/7/7 15:45,741.8600757,497.997601,1423
2023/7/7 16:00,677.9732428,492.242286,1423
2023/7/7 16:15,591.3034097,472.9041654,1413.5
2023/7/7 16:30,492.4090831,455.5453682,1404
2023/7/7 16:45,411.7301356,450.4381118,1389.5
2023/7/7 17:00,335.8324516,330.3277167,1387
2023/7/7 17:15,263.4031028,466.5195661,1368
2023/7/7 17:30,190.6932557,453.3489861,1363
2023/7/7 17:45,133.2980441,447.8486491,1358.25
2023/7/7 18:00,89.01887693,444.9661318,1346.25
2023/7/7 18:15,45.94077414,424.1834513,1353.5
2023/7/7 18:30,16.60819847,424.6546057,1360.75
2023/7/7 18:45,4.840262422,421.3088484,1365.5
2023/7/7 19:00,0,415.0633437,1358.25
2023/7/7 19:15,0,389.5733129,1363
2023/7/7 19:30,0,372.6334863,1353.5
2023/7/7 19:45,0,344.8468447,1334.25
2023/7/7 20:00,0,339.2459257,1252.75
2023/7/7 20:15,0,348.782605,1195
2023/7/7 20:30,0,358.7181001,1202.25
2023/7/7 20:45,0,345.7853063,1197.5
2023/7/7 21:00,0,363.7239881,1204.75
2023/7/7 21:15,0,343.9964523,1291
2023/7/7 21:30,0,334.1993972,1284
2023/7/7 21:45,0,347.3412173,1300.75
2023/7/7 22:00,0,374.1263527,1262.25
2023/7/7 22:15,0,381.2904745,1255
2023/7/7 22:30,0,375.1665277,1260
2023/7/7 22:45,0,358.007784,1305.5
2023/7/7 23:00,0,335.8403529,1310.25
2023/7/7 23:15,0,336.251031,1308
2023/7/7 23:30,0,337.2034888,1305.5
2023/7/7 23:45,0,344.340634,1305.5
2023/7/8 00:00,0,329.2942057,1300.75
2023/7/8 00:15,0,318.8189385,1312.75
2023/7/8 00:30,0,320.3500963,1324.75
2023/7/8 00:45,0,297.9715409,1312.75
2023/7/8 01:00,0,293.2738749,1310.25
2023/7/8 01:15,0,265.4759795,1303
2023/7/8 01:30,0,231.5673452,1303
2023/7/8 01:45,0,228.0788542,1305.5
2023/7/8 02:00,0,254.5127544,1305.5
2023/7/8 02:15,0,282.0966704,1305.5
2023/7/8 02:30,0,301.6554726,1298.25
2023/7/8 02:45,0,313.7555005,1293.5
2023/7/8 03:00,0,275.9122239,1284
2023/7/8 03:15,0,267.5559128,1279
2023/7/8 03:30,0,257.0589056,1300.75
2023/7/8 03:45,0,257.9924481,1267
2023/7/8 04:00,0,236.6418971,1267
2023/7/8 04:15,0,241.2505532,1264.75
2023/7/8 04:30,0,266.4764554,1269.5
2023/7/8 04:45,0,270.5463672,1264.75
2023/7/8 05:00,0,277.2267035,1298.25
2023/7/8 05:15,0,291.8745201,1267
2023/7/8 05:30,0.601439977,292.5778822,1274.25
2023/7/8 05:45,19.15277361,286.5007624,1274.25
2023/7/8 06:00,50.59424159,286.9734919,1272
2023/7/8 06:15,81.99759291,281.1674028,1279
2023/7/8 06:30,119.2418814,272.0628469,1288.75
2023/7/8 06:45,157.1419685,255.5961744,1291
2023/7/8 07:00,186.2343199,250.4344108,1312.75
2023/7/8 07:15,231.9630273,251.9601832,1305.5
2023/7/8 07:30,259.5196896,237.8092186,1315
2023/7/8 07:45,280.1861399,230.4317209,1327
2023/7/8 08:00,262.4766,227.4795223,1360.75
2023/7/8 08:15,276.8648658,229.5607842,1370.25
2023/7/8 08:30,269.6547788,224.0466622,1377.5
2023/7/8 08:45,283.2464468,216.7829621,1396.75
2023/7/8 09:00,337.8854976,213.7200344,1420.75
2023/7/8 09:15,404.6513146,211.1111517,1404
2023/7/8 09:30,486.1634589,196.5213822,1406.25
2023/7/8 09:45,564.3270437,205.5459366,1401.5
2023/7/8 10:00,624.5722765,226.4080564,1404
2023/7/8 10:15,664.5401255,232.8943578,1416
2023/7/8 10:30,697.6639852,228.6581069,1418.25
2023/7/8 10:45,740.1984222,233.5718753,1447
2023/7/8 11:00,771.5437224,248.0095647,1442.25
2023/7/8 11:15,810.6126631,247.4079633,1454.25
2023/7/8 11:30,848.9602839,239.0960756,1464
2023/7/8 11:45,851.2196373,233.5854074,1442.25
2023/7/8 12:00,835.0742343,241.8749168,1420.75
2023/7/8 12:15,847.3743987,257.6808675,1413.5
2023/7/8 12:30,903.7357181,280.5048556,1411
2023/7/8 12:45,896.8518048,291.723127,1411
2023/7/8 13:00,861.5793207,295.1333601,1428
2023/7/8 13:15,832.2904764,306.5802691,1452
2023/7/8 13:30,825.5080953,318.1925635,1449.5
2023/7/8 13:45,756.9220176,331.6029755,1456.75
2023/7/8 14:00,739.8402288,316.1159679,1447
2023/7/8 14:15,742.3683115,322.3919303,1478.25
2023/7/8 14:30,748.4836534,329.7701593,1456.75
2023/7/8 14:45,734.1129983,334.4452865,1461.5
2023/7/8 15:00,741.5763529,331.5775713,1449.5
2023/7/8 15:15,726.2615037,339.7096548,1466.25
2023/7/8 15:30,655.7951074,349.5605255,1464
2023/7/8 15:45,602.6419283,373.5180995,1420.75
2023/7/8 16:00,527.226075,384.4963988,1418.25
2023/7/8 16:15,460.2293762,388.8778997,1411
2023/7/8 16:30,413.542067,395.5901566,1408.75
2023/7/8 16:45,384.7642883,389.8698595,1444.75
2023/7/8 17:00,308.6149886,381.6132853,1420.75
2023/7/8 17:15,230.9511539,377.6519899,1411
2023/7/8 17:30,166.7357434,376.3859866,1401.5
2023/7/8 17:45,110.9986306,386.6061401,1392
2023/7/8 18:00,69.3319568,380.5224432,1358.25
2023/7/8 18:15,35.66375273,371.9156553,1358.25
2023/7/8 18:30,18.67683995,368.1706737,1360.75
2023/7/8 18:45,5.764366482,362.9846535,1346.25
2023/7/8 19:00,0,365.5263845,1348.75
2023/7/8 19:15,0,351.0676451,1346.25
2023/7/8 19:30,0,334.1270435,1329.5
2023/7/8 19:45,0,321.0829058,1296
2023/7/8 20:00,0,311.5575608,1312.75
2023/7/8 20:15,0,302.0285398,1300.75
2023/7/8 20:30,0,288.2281995,1305.5
2023/7/8 20:45,0,271.1599115,1303
2023/7/8 21:00,0,240.8665384,1303
2023/7/8 21:15,0,245.749127,1293.5
2023/7/8 21:30,0,244.6777286,1303
2023/7/8 21:45,0,228.4789069,1272
2023/7/8 22:00,0,224.3660351,1267
2023/7/8 22:15,0,229.7987162,1269.5
2023/7/8 22:30,0,227.0431878,1267
2023/7/8 22:45,0,228.7023199,1298.25
2023/7/8 23:00,0,239.7012227,1300.75
2023/7/8 23:15,0,248.3128145,1288.75
2023/7/8 23:30,0,273.3712921,1286.25
2023/7/8 23:45,0,280.8707827,1276.75
2023/7/9 00:00,0,281.4135088,1276.75
2023/7/9 00:15,0,279.1860289,1269.5
2023/7/9 00:30,0,280.4925148,1288.75
2023/7/9 00:45,0,289.8754157,1276.75
2023/7/9 01:00,0,289.3034948,1274.25
2023/7/9 01:15,0,291.7402877,1272
2023/7/9 01:30,0,285.7368755,1269.5
2023/7/9 01:45,0,272.0358339,1274.25
2023/7/9 02:00,0,264.7829879,1274.25
2023/7/9 02:15,0,259.5241242,1272
2023/7/9 02:30,0,256.0736843,1262.25
2023/7/9 02:45,0,253.4496688,1262.25
2023/7/9 03:00,0,261.1000531,1257.5
2023/7/9 03:15,0,262.2481507,1260
2023/7/9 03:30,0,250.072503,1255
2023/7/9 03:45,0,236.533393,1243
2023/7/9 04:00,0,236.8938986,1236
2023/7/9 04:15,0,247.9556573,1238.25
2023/7/9 04:30,0,258.63473,1243
2023/7/9 04:45,0,253.9814157,1255
2023/7/9 05:00,0,261.4002124,1267
2023/7/9 05:15,0,290.0740634,1267
2023/7/9 05:30,0.266762688,297.770538,1257.5
2023/7/9 05:45,12.30929705,284.422336,1250.25
2023/7/9 06:00,47.10086403,262.5914471,1257.5
2023/7/9 06:15,87.10397113,259.0952038,1262.25
2023/7/9 06:30,118.0961957,241.2863769,1269.5
2023/7/9 06:45,152.8607225,238.7345954,1288.75
2023/7/9 07:00,193.3998977,255.8491755,1274.25
2023/7/9 07:15,224.4847462,290.4200472,1298.25
2023/7/9 07:30,242.7245009,304.1143367,1312.75
2023/7/9 07:45,268.362458,331.1233663,1332
2023/7/9 08:00,309.2878038,327.8463685,1336.75
2023/7/9 08:15,335.0103973,329.4977442,1351
2023/7/9 08:30,361.595019,332.6366191,1356
2023/7/9 08:45,373.5463175,321.8176564,1368
2023/7/9 09:00,410.6098429,322.4866272,1392
2023/7/9 09:15,436.2719876,309.9189857,1377.5
2023/7/9 09:30,466.699585,322.2304517,1370.25
2023/7/9 09:45,478.8534263,333.4679005,1375
2023/7/9 10:00,520.6414774,336.6866246,1372.75
2023/7/9 10:15,546.4482415,364.8012796,1392
2023/7/9 10:30,599.216849,378.1895385,1392
2023/7/9 10:45,656.5708847,388.9766971,1442.25
2023/7/9 11:00,750.1294185,377.8792375,1425.5
2023/7/9 11:15,804.0003365,342.8729532,1444.75
2023/7/9 11:30,870.7095363,332.9393323,1452
2023/7/9 11:45,919.1570167,313.4853723,1435
2023/7/9 12:00,947.9418436,311.7841236,1428
2023/7/9 12:15,946.7062466,313.4121131,1394.25
2023/7/9 12:30,972.8515997,312.7998457,1382.25
2023/7/9 12:45,955.3692599,315.5260279,1392
2023/7/9 13:00,976.2888829,317.1459737,1423
2023/7/9 13:15,984.1434597,313.8503667,1435
2023/7/9 13:30,973.3136903,310.2843211,1444.75
2023/7/9 13:45,957.0853116,312.3095546,1483
2023/7/9 14:00,914.5584826,309.8232424,1478.25
2023/7/9 14:15,855.2072733,305.5734378,1478.25
2023/7/9 14:30,799.3076096,306.1451579,1488
2023/7/9 14:45,838.5084311,297.0009656,1483
2023/7/9 15:00,844.9968023,288.6079602,1478.25
2023/7/9 15:15,818.9480124,278.1863414,1461.5
2023/7/9 15:30,764.2921862,273.8374735,1468.75
2023/7/9 15:45,713.0738144,255.4777087,1428
2023/7/9 16:00,620.7963376,255.741972,1435
2023/7/9 16:15,532.1579831,252.0335619,1430.25
2023/7/9 16:30,457.2073594,246.8016892,1418.25
2023/7/9 16:45,407.9625985,229.3268927,1430.25
2023/7/9 17:00,345.694086,200.1602858,1437.5
2023/7/9 17:15,267.7815958,180.8481592,1430.25
2023/7/9 17:30,195.4311127,173.4162091,1440
2023/7/9 17:45,136.0793893,180.3075771,1418.25
2023/7/9 18:00,80.19959295,178.0356007,1396.75
2023/7/9 18:15,38.1982194,190.6293567,1389.5
2023/7/9 18:30,17.42917047,191.7349789,1384.75
2023/7/9 18:45,5.168421002,188.3868312,1377.5
2023/7/9 19:00,0,197.6244976,1363
2023/7/9 19:15,0,179.1411181,1346.25
2023/7/9 19:30,0,182.7253635,1327
2023/7/9 19:45,0,189.2556224,1322.25
2023/7/9 20:00,0,185.1067781,1296
2023/7/9 20:15,0,187.4936104,1288.75
2023/7/9 20:30,0,189.5867182,1291
2023/7/9 20:45,0,189.9632352,1260
2023/7/9 21:00,0,185.6261852,1267
2023/7/9 21:15,0,180.0993599,1250.25
2023/7/9 21:30,0,198.9849933,1252.75
2023/7/9 21:45,0,245.582289,1236
2023/7/9 22:00,0,243.9409027,1238.25
2023/7/9 22:15,0,258.6588591,1236
2023/7/9 22:30,0,259.8992462,1236
2023/7/9 22:45,0,242.6387158,1264.75
2023/7/9 23:00,0,251.9003039,1257.5
2023/7/9 23:15,0,280.3871279,1257.5
2023/7/9 23:30,0,283.6321755,1255
2023/7/9 23:45,0,290.5252517,1262.25
2023/7/10 00:00,0,291.2462985,1257.5
2023/7/10 00:15,0,274.94265,1250.25
2023/7/10 00:30,0,251.3673136,1245.5
2023/7/10 00:45,0,253.3716898,1250.25
2023/7/10 01:00,0,259.3316514,1250.25
2023/7/10 01:15,0,227.1434092,1255
2023/7/10 01:30,0,192.8198648,1248
2023/7/10 01:45,0,176.2765986,1243
2023/7/10 02:00,0,163.5480831,1243
2023/7/10 02:15,0,150.4323831,1240.75
2023/7/10 02:30,0,149.3917831,1224
2023/7/10 02:45,0,184.0518982,1243
2023/7/10 03:00,0,200.6584666,1226.25
2023/7/10 03:15,0,176.1913489,1228.75
2023/7/10 03:30,0,169.0267513,1219
2023/7/10 03:45,0,149.0620721,1209.5
2023/7/10 04:00,0,142.9861868,1204.75
2023/7/10 04:15,0,167.0223088,1221.5
2023/7/10 04:30,0,162.6324325,1207
2023/7/10 04:45,0,156.3536412,1231
2023/7/10 05:00,0,132.3540398,1233.5
2023/7/10 05:15,0,134.7576549,1228.75
2023/7/10 05:30,0.631372432,113.3862462,1238.25
2023/7/10 05:45,16.29878156,115.048756,1236
2023/7/10 06:00,44.77202121,124.2899065,1236
2023/7/10 06:15,82.08088842,139.964112,1233.5
2023/7/10 06:30,122.3131699,160.8794329,1236
2023/7/10 06:45,175.7155563,165.2253173,1255
2023/7/10 07:00,240.5848556,152.0840237,1286.25
2023/7/10 07:15,298.6617184,143.2098606,1305.5
2023/7/10 07:30,347.4946169,135.8252885,1310.25
2023/7/10 07:45,402.5604932,130.0863941,1332
2023/7/10 08:00,453.8349274,132.7806615,1363
2023/7/10 08:15,508.2839664,134.5820401,1363
2023/7/10 08:30,566.1817041,151.0831454,1392
2023/7/10 08:45,571.8310793,144.2197062,1399
2023/7/10 09:00,619.7832661,136.8209945,1396.75
2023/7/10 09:15,635.8114446,146.3386872,1401.5
2023/7/10 09:30,653.1354629,172.0987428,1440
2023/7/10 09:45,704.4162632,159.9063916,1406.25
2023/7/10 10:00,726.4828158,156.0545982,1413.5
2023/7/10 10:15,702.8384206,168.2490231,1406.25
2023/7/10 10:30,711.3471219,150.3033914,1416
2023/7/10 10:45,726.5583945,154.1908857,1444.75
2023/7/10 11:00,674.9291264,151.1322996,1447
2023/7/10 11:15,676.0318543,133.9336883,1456.75
2023/7/10 11:30,629.7335905,174.860577,1442.25
2023/7/10 11:45,636.0292445,233.0747873,1428
2023/7/10 12:00,613.883112,262.6724879,1425.5
2023/7/10 12:15,591.7962387,236.1438528,1408.75
2023/7/10 12:30,600.6089645,195.0709136,1399
2023/7/10 12:45,621.3710175,207.6400506,1399
2023/7/10 13:00,614.9053057,209.497343,1416
2023/7/10 13:15,590.8703282,258.4306967,1440
2023/7/10 13:30,560.5624321,295.9853083,1452
2023/7/10 13:45,519.0284952,323.4702211,1454.25
2023/7/10 14:00,468.9092294,341.2547318,1471
2023/7/10 14:15,433.5963324,303.2653869,1476
2023/7/10 14:30,376.6292211,299.8014466,1459
2023/7/10 14:45,354.3865884,313.4195568,1447
2023/7/10 15:00,330.6630616,253.85631,1454.25
2023/7/10 15:15,288.588314,209.5400488,1442.25
2023/7/10 15:30,247.3288331,258.0656312,1430.25
2023/7/10 15:45,227.1083751,193.6912935,1384.75
2023/7/10 16:00,196.1484139,134.1518962,1382.25
2023/7/10 16:15,180.529437,119.3319589,1377.5
2023/7/10 16:30,162.2705193,89.60471842,1351
2023/7/10 16:45,135.3918945,91.64883025,1372.75
2023/7/10 17:00,108.7467419,90.94061778,1365.5
2023/7/10 17:15,87.08845925,79.15620238,1358.25
2023/7/10 17:30,61.71251624,60.98707175,1360.75
2023/7/10 17:45,39.64395009,64.00124773,1351
2023/7/10 18:00,22.18604159,64.10840732,1351
2023/7/10 18:15,12.51785278,62.61726187,1360.75
2023/7/10 18:30,14.03279188,59.18878378,1351
2023/7/10 18:45,4.913527023,58.53252167,1322.25
2023/7/10 19:00,0,54.15511942,1305.5
2023/7/10 19:15,0,50.98335231,1305.5
2023/7/10 19:30,0,60.17399369,1312.75
2023/7/10 19:45,0,71.3959878,1286.25
2023/7/10 20:00,0,80.90715885,1264.75
2023/7/10 20:15,0,87.6301257,1281.5
2023/7/10 20:30,0,104.5720567,1281.5
2023/7/10 20:45,0,113.0062111,1279
2023/7/10 21:00,0,144.250912,1274.25
2023/7/10 21:15,0,144.9753493,1267
2023/7/10 21:30,0,138.4161698,1257.5
2023/7/10 21:45,0,126.0596157,1243
2023/7/10 22:00,0,122.5854099,1257.5
2023/7/10 22:15,0,109.1080931,1243
2023/7/10 22:30,0,90.69976266,1255
2023/7/10 22:45,0,96.74909666,1257.5
2023/7/10 23:00,0,95.84249404,1269.5
2023/7/10 23:15,0,96.45161186,1279
2023/7/10 23:30,0,72.32002373,1272
2023/7/10 23:45,0,67.16913693,1272
2023/7/11 00:00,0,64.11604155,1272
2023/7/11 00:15,0,58.09763519,1279
2023/7/11 00:30,0,53.13447596,1274.25
2023/7/11 00:45,0,51.73691859,1262.25
2023/7/11 01:00,0,47.25625935,1262.25
2023/7/11 01:15,0,42.4151129,1264.75
2023/7/11 01:30,0,46.3456757,1276.75
2023/7/11 01:45,0,49.89453974,1257.5
2023/7/11 02:00,0,46.01940747,1257.5
2023/7/11 02:15,0,52.54850528,1238.25
2023/7/11 02:30,0,40.17118028,1236
2023/7/11 02:45,0,35.0951775,1226.25
2023/7/11 03:00,0,41.29571316,1221.5
2023/7/11 03:15,0,50.03657161,1219
2023/7/11 03:30,0,55.08260708,1212
2023/7/11 03:45,0,52.45395247,1204.75
2023/7/11 04:00,0,66.84100187,1202.25
2023/7/11 04:15,0,98.2614393,1207
2023/7/11 04:30,0,73.9981601,1207
2023/7/11 04:45,0,56.23291473,1224
2023/7/11 05:00,0,46.85611952,1226.25
2023/7/11 05:15,0,41.24855929,1224
2023/7/11 05:30,0.214298609,43.42120175,1231
2023/7/11 05:45,9.532758561,58.9698076,1224
2023/7/11 06:00,28.06217294,59.92181328,1231
2023/7/11 06:15,60.47138692,50.63135099,1228.75
2023/7/11 06:30,82.65947812,48.45466013,1236
2023/7/11 06:45,104.2679039,58.18205708,1248
2023/7/11 07:00,140.1592578,62.88000898,1245.5
2023/7/11 07:15,181.6134999,51.55037756,1252.75
2023/7/11 07:30,236.4442617,56.83309503,1272
2023/7/11 07:45,274.9701104,51.78206071,1305.5
2023/7/11 08:00,312.7379857,72.08933365,1332
2023/7/11 08:15,370.3366505,80.03683441,1344
2023/7/11 08:30,440.5077421,72.23498538,1351
2023/7/11 08:45,506.3488115,67.481918,1377.5
2023/7/11 09:00,556.4293533,68.11731422,1377.5
2023/7/11 09:15,607.0146532,56.14331666,1370.25
2023/7/11 09:30,676.6466677,48.39091877,1363
2023/7/11 09:45,726.7896714,45.87923127,1353.5
2023/7/11 10:00,730.7032739,59.37867668,1382.25
2023/7/11 10:15,719.4353636,72.26555524,1375
2023/7/11 10:30,757.0767963,73.15059554,1382.25
2023/7/11 10:45,769.1886911,66.68312657,1406.25
2023/7/11 11:00,785.8520762,64.12246799,1444.75
2023/7/11 11:15,780.8405738,65.950031,1435
2023/7/11 11:30,815.5177405,69.47160771,1442.25
2023/7/11 11:45,843.1682031,76.78958886,1452
2023/7/11 12:00,851.173047,74.76313224,1425.5
2023/7/11 12:15,834.741943,76.79831201,1420.75
2023/7/11 12:30,855.2824432,74.49235526,1408.75
2023/7/11 12:45,886.1951068,82.07680781,1413.5
2023/7/11 13:00,898.7662748,92.10630265,1454.25
2023/7/11 13:15,929.881034,97.5625222,1442.25
2023/7/11 13:30,913.9892386,108.7066854,1456.75
2023/7/11 13:45,876.3941181,108.0309181,1461.5
2023/7/11 14:00,838.2386404,109.1531499,1516.75
2023/7/11 14:15,833.7847926,147.9002918,1476
2023/7/11 14:30,780.2452543,189.8580876,1459
2023/7/11 14:45,766.3951634,224.3287476,1459
2023/7/11 15:00,730.577555,240.955956,1425.5
2023/7/11 15:15,673.7976704,268.8174829,1404
2023/7/11 15:30,637.4706938,261.8155464,1384.75
2023/7/11 15:45,564.5636939,256.4225996,1382.25
2023/7/11 16:00,493.1779196,256.4178113,1360.75
2023/7/11 16:15,434.4468406,274.2897031,1370.25
2023/7/11 16:30,382.4853371,290.0226286,1348.75
2023/7/11 16:45,309.7485938,282.1773923,1360.75
2023/7/11 17:00,245.542313,273.4936203,1375
2023/7/11 17:15,199.8785251,275.1851631,1372.75
2023/7/11 17:30,149.2599115,248.6291328,1372.75
2023/7/11 17:45,104.2726854,251.7601268,1351
2023/7/11 18:00,64.16587873,245.8083508,1353.5
2023/7/11 18:15,36.02353173,214.9318046,1348.75
2023/7/11 18:30,22.33767138,213.0850326,1346.25
2023/7/11 18:45,4.526022864,280.9194647,1365.5
2023/7/11 19:00,0,205.908738,1356
2023/7/11 19:15,0,169.0741491,1327
2023/7/11 19:30,0,156.4071331,1284
2023/7/11 19:45,0,138.3490423,1260
2023/7/11 20:00,0,115.1436733,1252.75
2023/7/11 20:15,0,102.0594959,1279
2023/7/11 20:30,0,79.52040308,1279
2023/7/11 20:45,0,66.63310109,1264.75
2023/7/11 21:00,0,50.14565333,1257.5
2023/7/11 21:15,0,51.02770794,1252.75
2023/7/11 21:30,0,49.24556193,1248
2023/7/11 21:45,0,42.88733719,1238.25
2023/7/11 22:00,0,46.3784644,1226.25
2023/7/11 22:15,0,45.9977573,1221.5
2023/7/11 22:30,0,54.00214724,1231
2023/7/11 22:45,0,60.77444834,1250.25
2023/7/11 23:00,0,72.57484262,1248
2023/7/11 23:15,0,93.08831235,1238.25
2023/7/11 23:30,0,109.4538114,1240.75
2023/7/11 23:45,0,110.8572718,1224
2023/7/12 00:00,0,113.3957134,1221.5
2023/7/12 00:15,0,117.1958353,1231
2023/7/12 00:30,0,113.1992324,1226.25
2023/7/12 00:45,0,109.7988538,1236
2023/7/12 01:00,0,113.2942134,1238.25
2023/7/12 01:15,0,124.995584,1228.75
2023/7/12 01:30,0,150.3233072,1221.5
2023/7/12 01:45,0,158.1617195,1226.25
2023/7/12 02:00,0,158.5878974,1221.5
2023/7/12 02:15,0,166.3514367,1221.5
2023/7/12 02:30,0,164.5246615,1228.75
2023/7/12 02:45,0,167.9868684,1219
2023/7/12 03:00,0,176.6183558,1226.25
2023/7/12 03:15,0,193.071552,1236
2023/7/12 03:30,0,186.0031254,1207
2023/7/12 03:45,0,161.7090149,1192.75
2023/7/12 04:00,0,156.6815909,1202.25
2023/7/12 04:15,0,152.7120441,1192.75
2023/7/12 04:30,0,160.303151,1190.25
2023/7/12 04:45,0,146.2509487,1204.75
2023/7/12 05:00,0,148.3602409,1204.75
2023/7/12 05:15,0,152.870495,1190.25
2023/7/12 05:30,0.449823707,147.2978158,1197.5
2023/7/12 05:45,13.76697576,144.773902,1195
2023/7/12 06:00,51.76144789,137.2221083,1190.25
2023/7/12 06:15,109.6706141,116.1257957,1197.5
2023/7/12 06:30,175.1581994,113.1080397,1185.5
2023/7/12 06:45,243.6789642,100.9622729,1183
2023/7/12 07:00,310.4918221,104.7397621,1204.75
2023/7/12 07:15,412.804618,114.8318549,1214.25
2023/7/12 07:30,540.5622573,111.0115028,1224
2023/7/12 07:45,645.81393,106.4555555,1231
2023/7/12 08:00,731.5820959,116.0272751,1252.75
2023/7/12 08:15,780.1894172,134.9926821,1260
2023/7/12 08:30,840.3336113,163.479029,1272
2023/7/12 08:45,873.8265683,192.0072348,1272
2023/7/12 09:00,886.5273475,210.8836916,1267
2023/7/12 09:15,875.6408286,213.001294,1260
2023/7/12 09:30,893.0085107,241.3674384,1262.25
2023/7/12 09:45,981.5971761,267.608977,1252.75
2023/7/12 10:00,1023.222034,268.7994557,1260
2023/7/12 10:15,986.3146435,265.7738785,1279
2023/7/12 10:30,1016.602319,268.820816,1274.25
2023/7/12 10:45,1094.371834,271.6235774,1288.75
2023/7/12 11:00,1111.325453,272.1737691,1293.5
2023/7/12 11:15,1113.429218,288.854496,1284
2023/7/12 11:30,1160.914101,283.798469,1286.25
2023/7/12 11:45,1223.46832,279.0474294,1291
2023/7/12 12:00,1212.423249,279.9904039,1284
2023/7/12 12:15,1249.611717,253.8053176,1276.75
2023/7/12 12:30,1294.144075,263.152015,1276.75
2023/7/12 12:45,1281.026136,280.7950753,1291
2023/7/12 13:00,1283.074542,298.3358038,1291
2023/7/12 13:15,1255.936906,296.6418463,1310.25
2023/7/12 13:30,1214.688282,304.8258708,1293.5
2023/7/12 13:45,1104.727366,311.964479,1288.75
2023/7/12 14:00,1061.178265,318.1935719,1284
2023/7/12 14:15,1061.981638,303.6878285,1296
2023/7/12 14:30,1077.427834,318.6082777,1308
2023/7/12 14:45,1099.964129,332.7411501,1315
2023/7/12 15:00,1068.311594,325.2518809,1310.25
2023/7/12 15:15,1002.824583,311.9977976,1300.75
2023/7/12 15:30,932.0565617,345.789024,1286.25
2023/7/12 15:45,848.3669477,345.2487738,1281.5
2023/7/12 16:00,762.9545298,353.9997869,1288.75
2023/7/12 16:15,644.4740837,356.289832,1298.25
2023/7/12 16:30,523.4657777,374.0668348,1293.5
2023/7/12 16:45,403.4082022,377.3400438,1293.5
2023/7/12 17:00,300.5696904,448.9952221,1286.25
2023/7/12 17:15,202.5952671,410.952545,1286.25
2023/7/12 17:30,116.0353236,398.1323028,1334.25
2023/7/12 17:45,60.29416029,382.5379731,1341.5
2023/7/12 18:00,27.21458186,373.4428207,1339
2023/7/12 18:15,17.67873684,349.5986836,1324.75
2023/7/12 18:30,20.17820695,359.330579,1317.5
2023/7/12 18:45,0,376.1737347,1317.5
2023/7/12 19:00,0,381.6838872,1305.5
2023/7/12 19:15,0,367.9906433,1312.75
2023/7/12 19:30,0,363.3296615,1305.5
2023/7/12 19:45,0,386.2542433,1197.5
2023/7/12 20:00,0,388.4868195,1214.25
2023/7/12 20:15,0,343.7836563,1224
2023/7/12 20:30,0,317.2723842,1226.25
2023/7/12 20:45,0,302.1159704,1238.25
2023/7/12 21:00,0,274.6636726,1245.5
2023/7/12 21:15,0,258.9143838,1240.75
2023/7/12 21:30,0,247.471015,1233.5
2023/7/12 21:45,0,237.9236329,1226.25
2023/7/12 22:00,0,232.3373091,1216.75
2023/7/12 22:15,0,232.8294439,1216.75
2023/7/12 22:30,0,208.9544357,1231
2023/7/12 22:45,0,196.7733243,1240.75
2023/7/12 23:00,0,183.8355666,1236
2023/7/12 23:15,0,166.6585132,1190.25
2023/7/12 23:30,0,154.7450965,1214.25
2023/7/12 23:45,0,142.9850314,1221.5
2023/7/13 00:00,0,143.8870425,1233.5
2023/7/13 00:15,0,141.2232901,1221.5
2023/7/13 00:30,0,148.2236662,1216.75
2023/7/13 00:45,0,188.7275758,1219
2023/7/13 01:00,0,216.1803954,1216.75
2023/7/13 01:15,0,237.5121994,1219
2023/7/13 01:30,0,231.7604451,1240.75
2023/7/13 01:45,0,216.6886264,1240.75
2023/7/13 02:00,0,208.6005196,1226.25
2023/7/13 02:15,0,214.0025511,1221.5
2023/7/13 02:30,0,236.8197046,1221.5
2023/7/13 02:45,0,262.5629424,1216.75
2023/7/13 03:00,0,278.1316419,1209.5
2023/7/13 03:15,0,276.1505983,1209.5
2023/7/13 03:30,0,262.455964,1200
2023/7/13 03:45,0,252.6931403,1171
2023/7/13 04:00,0,231.8134635,1164
2023/7/13 04:15,0,227.4411016,1164
2023/7/13 04:30,0,230.4518844,1171
2023/7/13 04:45,0,235.0489187,1195
2023/7/13 05:00,0,234.5085064,1190.25
2023/7/13 05:15,0,239.4658595,1185.5
2023/7/13 05:30,0.365588887,244.9711215,1183
2023/7/13 05:45,12.66563431,242.2295577,1176
2023/7/13 06:00,49.8355678,235.4379075,1171
2023/7/13 06:15,96.88396453,245.5973518,1171
2023/7/13 06:30,134.0100902,258.9528626,1168.75
2023/7/13 06:45,192.9824012,279.2338225,1180.75
2023/7/13 07:00,275.2679825,243.9130328,1185.5
2023/7/13 07:15,318.1607802,238.9522617,1188
2023/7/13 07:30,368.3646456,254.5042669,1178.25
2023/7/13 07:45,422.8215043,266.0201548,1207
2023/7/13 08:00,467.5659208,302.3047445,1214.25
2023/7/13 08:15,482.7425038,320.340403,1226.25
2023/7/13 08:30,521.9097156,365.2154528,1236
2023/7/13 08:45,588.1627774,385.857561,1228.75
2023/7/13 09:00,620.16913,407.3601646,1231
2023/7/13 09:15,638.1734293,418.6362418,1228.75
2023/7/13 09:30,607.5302343,410.8689507,1224
2023/7/13 09:45,626.9451955,365.1530838,1216.75
2023/7/13 10:00,634.9291963,394.7986251,1219
2023/7/13 10:15,667.0464807,391.1114624,1212
2023/7/13 10:30,691.4011436,389.2899968,1216.75
2023/7/13 10:45,724.3491209,397.9040189,1260
2023/7/13 11:00,901.3424579,383.9196065,1250.25
2023/7/13 11:15,989.1531941,399.593626,1250.25
2023/7/13 11:30,1106.943217,418.0685423,1250.25
2023/7/13 11:45,1206.054658,431.1930622,1243
2023/7/13 12:00,1315.664565,418.9684157,1255
2023/7/13 12:15,1337.752718,433.8315732,1257.5
2023/7/13 12:30,1348.199201,412.678376,1245.5
2023/7/13 12:45,1285.530133,397.1070014,1248
2023/7/13 13:00,1211.62231,395.2637947,1245.5
2023/7/13 13:15,1126.828166,404.5878147,1243
2023/7/13 13:30,1132.943406,407.0963704,1248
2023/7/13 13:45,1072.201149,404.6452614,1252.75
2023/7/13 14:00,1016.736003,434.3484781,1260
2023/7/13 14:15,955.8083557,472.2370389,1248
2023/7/13 14:30,869.2896013,308.251591,1255
2023/7/13 14:45,701.3508789,338.8631979,1250.25
2023/7/13 15:00,602.8500383,499.0299673,1250.25
2023/7/13 15:15,534.9589326,536.74661,1252.75
2023/7/13 15:30,425.5405911,471.9799991,1255
2023/7/13 15:45,399.1702604,440.5926351,1240.75
2023/7/13 16:00,384.6027472,427.5930823,1228.75
2023/7/13 16:15,340.6993198,436.3014186,1228.75
2023/7/13 16:30,301.5362881,435.8100623,1219
2023/7/13 16:45,254.3313956,432.2698741,1214.25
2023/7/13 17:00,196.2607982,389.7594316,1226.25
2023/7/13 17:15,151.5143899,344.6090705,1216.75
2023/7/13 17:30,105.2900176,318.6283881,1219
2023/7/13 17:45,62.64447616,312.9647904,1197.5
2023/7/13 18:00,32.40838696,264.4226395,1180.75
2023/7/13 18:15,16.06623569,259.6577105,1180.75
2023/7/13 18:30,19.17480399,256.415454,1190.25
2023/7/13 18:45,0,255.3197197,1183
2023/7/13 19:00,0,251.1856889,1178.25
2023/7/13 19:15,0,252.9874877,1180.75
2023/7/13 19:30,0,225.6232422,1197.5
2023/7/13 19:45,0,223.4825535,1260
2023/7/13 20:00,0,214.4327024,1252.75
2023/7/13 20:15,0,226.7475232,1243
2023/7/13 20:30,0,244.8426264,1238.25
2023/7/13 20:45,0,255.2626489,1236
2023/7/13 21:00,0,255.6182687,1224
2023/7/13 21:15,0,266.3348951,1221.5
2023/7/13 21:30,0,252.4104995,1214.25
2023/7/13 21:45,0,261.1597087,1192.75
2023/7/13 22:00,0,258.5252263,1204.75
2023/7/13 22:15,0,269.8928969,1202.25
2023/7/13 22:30,0,275.8476495,1207
2023/7/13 22:45,0,292.6615412,1228.75
2023/7/13 23:00,0,276.4998091,1252.75
2023/7/13 23:15,0,249.5162738,1240.75
2023/7/13 23:30,0,243.0545842,1231
2023/7/13 23:45,0,251.5363896,1233.5
2023/7/14 00:00,0,269.8447946,1243
2023/7/14 00:15,0,257.5327338,1231
2023/7/14 00:30,0,261.3109744,1245.5
2023/7/14 00:45,0,290.9715298,1240.75
2023/7/14 01:00,0,291.5851451,1236
2023/7/14 01:15,0,298.2951736,1243
2023/7/14 01:30,0,284.8918236,1238.25
2023/7/14 01:45,0,269.394805,1233.5
2023/7/14 02:00,0,266.496575,1236
2023/7/14 02:15,0,262.8256607,1233.5
2023/7/14 02:30,0,257.0308879,1228.75
2023/7/14 02:45,0,257.4619555,1226.25
2023/7/14 03:00,0,264.9602024,1214.25
2023/7/14 03:15,0,276.8158927,1212
2023/7/14 03:30,0,308.4870267,1214.25
2023/7/14 03:45,0,298.1127123,1207
2023/7/14 04:00,0,286.6630392,1192.75
2023/7/14 04:15,0,300.0253182,1188
2023/7/14 04:30,0,287.5150606,1197.5
2023/7/14 04:45,0,280.7259755,1221.5
2023/7/14 05:00,0,279.6227709,1236
2023/7/14 05:15,0,256.3613963,1233.5
2023/7/14 05:30,0.377600893,231.413889,1219
2023/7/14 05:45,6.625937799,228.9279786,1202.25
2023/7/14 06:00,25.00320109,248.8747165,1197.5
2023/7/14 06:15,47.98277911,255.6248953,1202.25
2023/7/14 06:30,75.19753063,271.4995495,1207
2023/7/14 06:45,112.5214389,289.4824861,1224
2023/7/14 07:00,146.3078511,298.5315158,1236
2023/7/14 07:15,195.5272096,288.9912863,1243
2023/7/14 07:30,258.9907289,268.0284201,1260
2023/7/14 07:45,330.0604183,264.583113,1279
2023/7/14 08:00,435.310371,256.8513388,1305.5
2023/7/14 08:15,525.2273657,242.0308143,1344
2023/7/14 08:30,623.4843915,250.3517146,1348.75
2023/7/14 08:45,693.9679218,238.4470871,1348.75
2023/7/14 09:00,758.3771967,266.8180776,1356
2023/7/14 09:15,813.3574023,284.2628842,1380
2023/7/14 09:30,833.9223112,279.0698267,1372.75
2023/7/14 09:45,847.9529702,280.7331315,1346.25
2023/7/14 10:00,787.6596371,280.0202321,1368
2023/7/14 10:15,755.7435888,284.9987617,1380
2023/7/14 10:30,796.4004487,290.1666036,1372.75
2023/7/14 10:45,776.2707573,299.0017051,1384.75
2023/7/14 11:00,787.3649311,309.6585586,1387
2023/7/14 11:15,794.3524037,328.0205215,1418.25
2023/7/14 11:30,810.7276495,333.9868503,1432.75
2023/7/14 11:45,847.185705,309.2464371,1428
2023/7/14 12:00,815.223336,311.2451472,1411
2023/7/14 12:15,830.6833158,315.9266154,1404
2023/7/14 12:30,831.0484829,305.8563783,1399
2023/7/14 12:45,807.3233693,318.5756566,1401.5
2023/7/14 13:00,835.2289591,301.6483511,1432.75
2023/7/14 13:15,806.7306091,319.5046874,1399
2023/7/14 13:30,783.4590395,356.2146877,1396.75
2023/7/14 13:45,771.7485493,372.282227,1428
2023/7/14 14:00,759.1531036,338.1744045,1464
2023/7/14 14:15,743.3123999,330.3417148,1442.25
2023/7/14 14:30,752.6554959,321.9074628,1423
2023/7/14 14:45,747.7655307,319.4720856,1428
2023/7/14 15:00,657.4183329,320.7671593,1413.5
2023/7/14 15:15,635.4945093,314.9102148,1416
2023/7/14 15:30,574.3154789,312.0750044,1437.5
2023/7/14 15:45,508.1117039,318.5034392,1420.75
2023/7/14 16:00,455.1709771,332.431961,1401.5
2023/7/14 16:15,376.828203,336.3109426,1375
2023/7/14 16:30,336.5313155,323.0432277,1380
2023/7/14 16:45,306.2452517,313.4255532,1404
2023/7/14 17:00,292.7322555,325.9089138,1377.5
2023/7/14 17:15,240.2413678,331.8251756,1377.5
2023/7/14 17:30,172.5214913,333.1469743,1363
2023/7/14 17:45,118.4680988,333.3367103,1351
2023/7/14 18:00,75.00704516,327.7965886,1344
2023/7/14 18:15,35.07255148,332.8708841,1341.5
2023/7/14 18:30,16.97432794,338.9275208,1334.25
2023/7/14 18:45,0,343.3515759,1320
2023/7/14 19:00,0,329.9062695,1315
2023/7/14 19:15,0,313.0156727,1305.5
2023/7/14 19:30,0,306.0812985,1288.75
2023/7/14 19:45,0,292.2609679,1293.5
2023/7/14 20:00,0,289.0871746,1269.5
2023/7/14 20:15,0,299.6417445,1260
2023/7/14 20:30,0,316.3737576,1264.75
2023/7/14 20:45,0,326.5959078,1257.5
2023/7/14 21:00,0,344.540599,1238.25
2023/7/14 21:15,0,355.0755159,1240.75
2023/7/14 21:30,0,351.1690745,1233.5
2023/7/14 21:45,0,337.5558263,1245.5
2023/7/14 22:00,0,334.5441707,1250.25
2023/7/14 22:15,0,328.0282383,1248
2023/7/14 22:30,0,331.3071257,1243
2023/7/14 22:45,0,340.7282754,1272
2023/7/14 23:00,0,360.1408864,1255
2023/7/14 23:15,0,371.9795948,1240.75
2023/7/14 23:30,0,372.5002416,1252.75
2023/7/14 23:45,0,350.3429193,1252.75
2023/7/15 00:00,0,344.3796571,1243
2023/7/15 00:15,0,341.6307324,1238.25
2023/7/15 00:30,0,339.9511783,1245.5
2023/7/15 00:45,0,331.1852349,1260
2023/7/15 01:00,0,328.6488149,1269.5
2023/7/15 01:15,0,330.2294298,1243
2023/7/15 01:30,0,317.0305428,1260
2023/7/15 01:45,0,314.7272135,1257.5
2023/7/15 02:00,0,300.1877917,1255
2023/7/15 02:15,0,292.7555817,1252.75
2023/7/15 02:30,0,286.788016,1255
2023/7/15 02:45,0,271.7385893,1250.25
2023/7/15 03:00,0,271.674703,1231
2023/7/15 03:15,0,276.2662952,1228.75
2023/7/15 03:30,0,268.2463926,1233.5
2023/7/15 03:45,0,248.554929,1240.75
2023/7/15 04:00,0,221.2145296,1224
2023/7/15 04:15,0,201.0374728,1231
2023/7/15 04:30,0,185.9825608,1221.5
2023/7/15 04:45,0,175.2916147,1240.75
2023/7/15 05:00,0,190.9470525,1240.75
2023/7/15 05:15,0,186.8780577,1245.5
2023/7/15 05:30,0.207496488,192.2457152,1240.75
2023/7/15 05:45,12.50321114,199.8155509,1264.75
2023/7/15 06:00,40.34853134,204.192209,1245.5
2023/7/15 06:15,73.67792382,211.6557668,1240.75
2023/7/15 06:30,111.2102699,203.1993027,1243
2023/7/15 06:45,158.7367406,201.5497763,1250.25
2023/7/15 07:00,206.9245765,199.4235585,1262.25
2023/7/15 07:15,275.3202696,207.2816906,1291
2023/7/15 07:30,339.8804522,214.2817995,1312.75
2023/7/15 07:45,387.6827029,213.748355,1293.5
2023/7/15 08:00,466.8118817,217.5702115,1315
2023/7/15 08:15,579.0913405,225.2133123,1332
2023/7/15 08:30,608.9071549,223.699841,1360.75
2023/7/15 08:45,657.8783937,227.7117379,1382.25
2023/7/15 09:00,698.3544612,227.7467241,1377.5
2023/7/15 09:15,770.185401,227.0814456,1372.75
2023/7/15 09:30,873.9019051,227.5586032,1392
2023/7/15 09:45,954.5009954,206.580791,1399
2023/7/15 10:00,985.9891469,194.5331394,1404
2023/7/15 10:15,973.6283558,204.2643391,1399
2023/7/15 10:30,987.4931882,211.4280953,1404
2023/7/15 10:45,994.2923435,210.3127108,1420.75
2023/7/15 11:00,984.2766627,208.3069154,1428
2023/7/15 11:15,963.6814619,220.1344338,1418.25
2023/7/15 11:30,934.8977047,219.3287817,1420.75
2023/7/15 11:45,825.4872641,226.6849647,1411
2023/7/15 12:00,841.3793031,232.8163106,1425.5
2023/7/15 12:15,925.0782592,244.8643814,1404
2023/7/15 12:30,961.5141085,258.2384677,1394.25
2023/7/15 12:45,917.8362079,257.8787463,1387
2023/7/15 13:00,930.2537709,253.8467096,1404
2023/7/15 13:15,940.6925453,260.1749227,1425.5
2023/7/15 13:30,953.3040064,265.7284038,1432.75
2023/7/15 13:45,898.7860953,279.9865324,1442.25
2023/7/15 14:00,879.7356238,286.5604814,1483
2023/7/15 14:15,849.200264,289.6494102,1459
2023/7/15 14:30,844.5788443,307.5404325,1464
2023/7/15 14:45,802.169269,316.937579,1461.5
2023/7/15 15:00,774.7161319,316.0802484,1471
2023/7/15 15:15,743.8349756,314.287019,1483
2023/7/15 15:30,709.37686,318.5423741,1468.75
2023/7/15 15:45,654.1270062,319.8825391,1485.5
2023/7/15 16:00,598.4564644,328.3476684,1454.25
2023/7/15 16:15,543.034112,328.5076078,1454.25
2023/7/15 16:30,471.4853184,322.2291124,1444.75
2023/7/15 16:45,379.4801497,326.9086414,1425.5
2023/7/15 17:00,309.8704808,338.4577372,1404
2023/7/15 17:15,249.616858,325.8614345,1396.75
2023/7/15 17:30,173.9578832,302.8971021,1389.5
2023/7/15 17:45,106.0782003,297.8061322,1389.5
2023/7/15 18:00,55.19651234,290.5229864,1370.25
2023/7/15 18:15,23.77055957,287.3877412,1353.5
2023/7/15 18:30,16.85557986,273.5944039,1358.25
2023/7/15 18:45,0,265.3801978,1363
2023/7/15 19:00,0,262.7624456,1368
2023/7/15 19:15,0,269.7569972,1356
2023/7/15 19:30,0,269.8087617,1353.5
2023/7/15 19:45,0,265.7612457,1351
2023/7/15 20:00,0,255.9800932,1368
2023/7/15 20:15,0,254.1998119,1392
2023/7/15 20:30,0,255.9716187,1370.25
2023/7/15 20:45,0,257.6730317,1370.25
2023/7/15 21:00,0,263.6129746,1363
2023/7/15 21:15,0,249.7002027,1360.75
2023/7/15 21:30,0,222.0535122,1368
2023/7/15 21:45,0,221.7338832,1363
2023/7/15 22:00,0,235.2634074,1358.25
2023/7/15 22:15,0,238.309567,1358.25
2023/7/15 22:30,0,233.5092592,1372.75
2023/7/15 22:45,0,220.5992275,1353.5
2023/7/15 23:00,0,212.1296421,1334.25
2023/7/15 23:15,0,223.6189406,1334.25
2023/7/15 23:30,0,224.8110554,1317.5
2023/7/15 23:45,0,248.3438857,1317.5
2023/7/16 00:00,0,266.186493,1320
2023/7/16 00:15,0,264.9328451,1315
2023/7/16 00:30,0,252.7371397,1339
2023/7/16 00:45,0,247.6109378,1329.5
2023/7/16 01:00,0,248.6433712,1341.5
2023/7/16 01:15,0,255.5577216,1327
2023/7/16 01:30,0,256.1276606,1332
2023/7/16 01:45,0,262.7656473,1324.75
2023/7/16 02:00,0,255.3167339,1327
2023/7/16 02:15,0,244.2124058,1329.5
2023/7/16 02:30,0,237.1334062,1293.5
2023/7/16 02:45,0,230.8253303,1298.25
2023/7/16 03:00,0,253.8937962,1327
2023/7/16 03:15,0,246.893297,1310.25
2023/7/16 03:30,0,267.610235,1303
2023/7/16 03:45,0,243.0101409,1315
2023/7/16 04:00,0,204.7011396,1312.75
2023/7/16 04:15,0,205.3201008,1324.75
2023/7/16 04:30,0,221.9341229,1310.25
2023/7/16 04:45,0,234.5606303,1308
2023/7/16 05:00,0,264.6237868,1276.75
2023/7/16 05:15,0,288.7838126,1276.75
2023/7/16 05:30,0.23839609,324.3173049,1267
2023/7/16 05:45,14.77808891,287.4364685,1264.75
2023/7/16 06:00,47.08888456,278.1692575,1305.5
2023/7/16 06:15,71.47361464,278.7839952,1281.5
2023/7/16 06:30,81.72968434,252.6417291,1291
2023/7/16 06:45,94.11036847,238.6910576,1305.5
2023/7/16 07:00,110.6186458,245.6146033,1336.75
2023/7/16 07:15,144.5246425,246.2489128,1336.75
2023/7/16 07:30,190.6278828,240.5952886,1341.5
2023/7/16 07:45,239.1547916,234.6782022,1344
2023/7/16 08:00,292.799982,209.9064056,1336.75
2023/7/16 08:15,358.027761,217.7791588,1353.5
2023/7/16 08:30,418.9201527,183.4463769,1334.25
2023/7/16 08:45,513.5942056,178.4628618,1341.5
2023/7/16 09:00,589.1946843,151.9538191,1382.25
2023/7/16 09:15,616.7700006,156.947068,1358.25
2023/7/16 09:30,657.1094039,157.0037773,1365.5
2023/7/16 09:45,684.0691513,166.2268929,1392
2023/7/16 10:00,691.0983805,146.5423687,1408.75
2023/7/16 10:15,687.6663956,124.0208364,1428
2023/7/16 10:30,717.1487722,127.6190053,1416
2023/7/16 10:45,746.3259597,128.6050069,1449.5
2023/7/16 11:00,704.0492772,136.9738674,1428
2023/7/16 11:15,726.2497483,139.0466161,1416
2023/7/16 11:30,723.8011426,152.2472688,1428
2023/7/16 11:45,719.8657199,176.279081,1420.75
2023/7/16 12:00,674.9502877,149.5233362,1408.75
2023/7/16 12:15,646.4606504,132.3977538,1404
2023/7/16 12:30,553.930682,130.3929165,1396.75
2023/7/16 12:45,545.118993,149.2922758,1435
2023/7/16 13:00,543.1224277,113.0987594,1437.5
2023/7/16 13:15,579.839192,78.1848022,1432.75
2023/7/16 13:30,571.3729329,72.42384795,1435
2023/7/16 13:45,501.7512695,67.5859711,1454.25
2023/7/16 14:00,456.3490694,66.77664943,1461.5
2023/7/16 14:15,428.4744499,67.64560284,1456.75
2023/7/16 14:30,445.6625607,68.71718743,1471
2023/7/16 14:45,456.465635,86.50876332,1464
2023/7/16 15:00,456.6976145,101.2633481,1456.75
2023/7/16 15:15,437.8920526,123.3247266,1538.25
2023/7/16 15:30,424.8984428,142.0253742,1516.75
2023/7/16 15:45,396.3361478,163.4854568,1502.25
2023/7/16 16:00,379.443962,150.2147019,1488
2023/7/16 16:15,326.6642226,180.5110418,1502.25
2023/7/16 16:30,279.7173498,190.6608854,1492.75
2023/7/16 16:45,249.3968074,180.0384222,1464
2023/7/16 17:00,199.8968076,129.2807743,1459
2023/7/16 17:15,149.7519626,101.5521939,1449.5
2023/7/16 17:30,122.8600725,97.08118104,1420.75
2023/7/16 17:45,92.33302178,94.429883,1368
2023/7/16 18:00,59.927458,109.8584145,1375
2023/7/16 18:15,23.07820757,125.4408012,1368
2023/7/16 18:30,15.56500599,108.8939643,1351
2023/7/16 18:45,0,105.1544124,1408.75
2023/7/16 19:00,0,104.5834331,1396.75
2023/7/16 19:15,0,115.2340166,1392
2023/7/16 19:30,0,109.807294,1394.25
2023/7/16 19:45,0,112.7069437,1396.75
2023/7/16 20:00,0,131.0976855,1394.25
2023/7/16 20:15,0,137.7159497,1396.75
2023/7/16 20:30,0,126.315428,1387
2023/7/16 20:45,0,124.8229286,1375
2023/7/16 21:00,0,121.8088379,1382.25
2023/7/16 21:15,0,152.397954,1365.5
2023/7/16 21:30,0,158.1205156,1353.5
2023/7/16 21:45,0,144.3261109,1346.25
2023/7/16 22:00,0,126.243611,1320
2023/7/16 22:15,0,124.2940539,1324.75
2023/7/16 22:30,0,131.3551622,1320
2023/7/16 22:45,0,138.4210803,1308
2023/7/16 23:00,0,124.0629821,1296
2023/7/16 23:15,0,122.0243402,1308
2023/7/16 23:30,0,123.7349658,1315
2023/7/16 23:45,0,124.7348886,1305.5
2023/7/17 00:00,0,123.6834653,1305.5
2023/7/17 00:15,0,131.7817622,1305.5
2023/7/17 00:30,0,147.0330209,1303
2023/7/17 00:45,0,169.1678226,1296
2023/7/17 01:00,0,149.224872,1303
2023/7/17 01:15,0,123.9356511,1308
2023/7/17 01:30,0,103.6326702,1291
2023/7/17 01:45,0,94.8890211,1298.25
2023/7/17 02:00,0,81.32042216,1276.75
2023/7/17 02:15,0,68.43929859,1276.75
2023/7/17 02:30,0,50.91517275,1281.5
2023/7/17 02:45,0,44.91148461,1276.75
2023/7/17 03:00,0,25.58389566,1281.5
2023/7/17 03:15,0,17.4976527,1296
2023/7/17 03:30,0,13.56107217,1281.5
2023/7/17 03:45,0,16.44849762,1281.5
2023/7/17 04:00,0,20.07249484,1281.5
2023/7/17 04:15,0,25.77106581,1276.75
2023/7/17 04:30,0,18.94812404,1269.5
2023/7/17 04:45,0,12.52761397,1279
2023/7/17 05:00,0,15.01672509,1279
2023/7/17 05:15,0,16.85451148,1279
2023/7/17 05:30,0.057763254,19.88222385,1296
2023/7/17 05:45,10.52289977,19.9194328,1291
2023/7/17 06:00,43.63919542,10.68870094,1286.25
2023/7/17 06:15,76.54265532,9.795816568,1272
2023/7/17 06:30,114.3490831,11.07821368,1286.25
2023/7/17 06:45,157.9985495,11.54894724,1286.25
2023/7/17 07:00,196.3264938,13.19241358,1315
2023/7/17 07:15,229.6211837,14.61550166,1298.25
2023/7/17 07:30,252.2913918,18.96162171,1317.5
2023/7/17 07:45,296.7357443,24.05676097,1344
2023/7/17 08:00,350.4601006,32.02629216,1351
2023/7/17 08:15,409.4149232,36.72386156,1351
2023/7/17 08:30,474.2269599,42.42376298,1387
2023/7/17 08:45,498.1437415,43.88306565,1411
2023/7/17 09:00,548.5224754,50.62990991,1447
2023/7/17 09:15,588.6683645,47.79047139,1456.75
2023/7/17 09:30,682.6948378,51.56463221,1480.75
2023/7/17 09:45,769.2372382,55.18332457,1468.75
2023/7/17 10:00,803.0974462,54.41263319,1461.5
2023/7/17 10:15,831.153985,55.0296435,1473.5
2023/7/17 10:30,862.7554518,61.50480059,1471
2023/7/17 10:45,872.5337718,62.43224119,1524
2023/7/17 11:00,894.3749697,49.09242256,1524
2023/7/17 11:15,805.4106871,52.16208507,1483
2023/7/17 11:30,735.4634303,57.57369039,1471
2023/7/17 11:45,683.7774864,56.38310637,1456.75
2023/7/17 12:00,642.4476229,51.58509039,1466.25
2023/7/17 12:15,610.7872264,58.48301585,1449.5
2023/7/17 12:30,570.4007799,69.18939398,1459
2023/7/17 12:45,557.3608281,87.12854574,1449.5
2023/7/17 13:00,559.9198392,120.799903,1452
2023/7/17 13:15,532.8762068,125.5657511,1492.75
2023/7/17 13:30,500.5697548,159.7891129,1495
2023/7/17 13:45,464.9027324,201.254662,1497.5
2023/7/17 14:00,498.5576329,215.8701603,1507
2023/7/17 14:15,516.6069176,217.4622158,1507
2023/7/17 14:30,555.8790564,207.3792221,1492.75
2023/7/17 14:45,585.5258139,216.477563,1485.5
2023/7/17 15:00,610.7455865,240.2412762,1480.75
2023/7/17 15:15,603.7291287,271.2312152,1471
2023/7/17 15:30,597.8900821,294.9004255,1452
2023/7/17 15:45,562.7183167,281.5885036,1425.5
2023/7/17 16:00,543.8046665,269.6428694,1428
2023/7/17 16:15,484.2605967,235.7977939,1413.5
2023/7/17 16:30,370.564933,200.126581,1408.75
2023/7/17 16:45,296.3858301,192.9981604,1418.25
2023/7/17 17:00,287.6775886,185.1382479,1368
2023/7/17 17:15,242.5450385,153.2055618,1377.5
2023/7/17 17:30,165.9382586,138.1753712,1380
2023/7/17 17:45,95.48912076,156.3920187,1377.5
2023/7/17 18:00,45.44352351,140.6083137,1375
2023/7/17 18:15,17.611187,110.5723867,1377.5
2023/7/17 18:30,13.62953501,108.8175818,1332
2023/7/17 18:45,0,105.5258764,1322.25
2023/7/17 19:00,0,104.8831915,1332
2023/7/17 19:15,0,126.2229668,1327
2023/7/17 19:30,0,113.8950165,1315
2023/7/17 19:45,0,86.32908823,1303
2023/7/17 20:00,0,55.0656186,1315
2023/7/17 20:15,0,27.43692331,1315
2023/7/17 20:30,0,33.10870055,1315
2023/7/17 20:45,0,53.96272905,1310.25
2023/7/17 21:00,0,82.65591787,1312.75
2023/7/17 21:15,0,96.06237653,1310.25
2023/7/17 21:30,0,77.55510467,1312.75
2023/7/17 21:45,0,64.19188012,1303
2023/7/17 22:00,0,41.8173817,1305.5
2023/7/17 22:15,0,50.60104609,1291
2023/7/17 22:30,0,68.61653493,1257.5
2023/7/17 22:45,0,63.48377822,1272
2023/7/17 23:00,0,55.51348473,1286.25
2023/7/17 23:15,0,50.23426017,1308
2023/7/17 23:30,0,48.95456018,1312.75
2023/7/17 23:45,0,48.30383302,1300.75
2023/7/18 00:00,0,54.46361597,1305.5
2023/7/18 00:15,0,54.51570804,1293.5
2023/7/18 00:30,0,44.30148384,1317.5
2023/7/18 00:45,0,40.91258688,1298.25
2023/7/18 01:00,0,47.81168736,1300.75
2023/7/18 01:15,0,48.27461717,1303
2023/7/18 01:30,0,52.27556227,1300.75
2023/7/18 01:45,0,51.63670422,1315
2023/7/18 02:00,0,68.03686152,1312.75
2023/7/18 02:15,0,90.80900946,1303
2023/7/18 02:30,0,114.6621288,1293.5
2023/7/18 02:45,0,108.8633819,1308
2023/7/18 03:00,0,101.5777798,1293.5
2023/7/18 03:15,0,79.00514839,1276.75
2023/7/18 03:30,0,68.54160334,1288.75
2023/7/18 03:45,0,65.38573522,1276.75
2023/7/18 04:00,0,62.26977732,1272
2023/7/18 04:15,0,70.74248259,1252.75
2023/7/18 04:30,0,63.85872488,1260
2023/7/18 04:45,0,65.59043266,1255
2023/7/18 05:00,0,47.64163225,1272
2023/7/18 05:15,0,25.90746124,1296
2023/7/18 05:30,0.002552015,28.68359305,1293.5
2023/7/18 05:45,5.578993086,35.80190384,1281.5
2023/7/18 06:00,24.9714358,42.2590449,1281.5
2023/7/18 06:15,44.39026574,34.64985684,1284
2023/7/18 06:30,72.98432363,33.0273946,1284
2023/7/18 06:45,94.42726356,38.97301132,1308
2023/7/18 07:00,124.063144,46.5652417,1308
2023/7/18 07:15,183.3991236,44.55628111,1341.5
2023/7/18 07:30,238.427248,50.68837732,1356
2023/7/18 07:45,315.4285858,46.33912201,1356
2023/7/18 08:00,443.2196091,38.63141379,1368
2023/7/18 08:15,591.9155786,33.61756359,1384.75
2023/7/18 08:30,711.8959683,28.99332937,1375
2023/7/18 08:45,765.7237735,25.55620246,1377.5
2023/7/18 09:00,791.6275568,22.31797227,1399
2023/7/18 09:15,815.2574246,16.48617272,1413.5
2023/7/18 09:30,828.4693764,13.31848135,1399
2023/7/18 09:45,928.6325284,16.37066639,1420.75
2023/7/18 10:00,1020.903534,17.4886242,1437.5
2023/7/18 10:15,1076.050662,19.74195769,1435
2023/7/18 10:30,1147.225131,20.7579879,1440
2023/7/18 10:45,1185.02845,29.57413087,1428
2023/7/18 11:00,1217.401533,38.4165105,1425.5
2023/7/18 11:15,1142.259318,40.52436899,1447
2023/7/18 11:30,1051.988498,49.754155,1468.75
2023/7/18 11:45,1052.820221,69.46475725,1447
2023/7/18 12:00,1031.486756,98.80158011,1430.25
2023/7/18 12:15,931.5562933,116.3368878,1432.75
2023/7/18 12:30,888.156367,126.3685226,1442.25
2023/7/18 12:45,825.8376125,133.1212062,1442.25
2023/7/18 13:00,745.9740517,132.848122,1442.25
2023/7/18 13:15,695.5848874,157.4133108,1435
2023/7/18 13:30,687.0153232,178.433753,1452
2023/7/18 13:45,707.7884484,196.5164927,1437.5
2023/7/18 14:00,670.7640878,191.8874032,1423
2023/7/18 14:15,602.0592803,199.1021603,1413.5
2023/7/18 14:30,577.5247273,195.2467584,1413.5
2023/7/18 14:45,547.8882048,176.3688167,1408.75
2023/7/18 15:00,530.4006315,177.6733768,1413.5
2023/7/18 15:15,516.0846608,175.3426166,1382.25
2023/7/18 15:30,480.6912893,165.6285484,1356
2023/7/18 15:45,440.4360994,161.506353,1353.5
2023/7/18 16:00,417.2830674,147.9331752,1351
2023/7/18 16:15,390.8364029,142.1471905,1293.5
2023/7/18 16:30,367.0800542,127.0794183,1293.5
2023/7/18 16:45,310.744797,103.3208282,1279
2023/7/18 17:00,247.2730912,113.2802383,1276.75
2023/7/18 17:15,178.2363873,125.4335759,1305.5
2023/7/18 17:30,139.7829325,131.0024575,1324.75
2023/7/18 17:45,95.26767333,123.4198417,1320
2023/7/18 18:00,53.99455113,105.2234467,1327
2023/7/18 18:15,27.53027242,78.35575308,1327
2023/7/18 18:30,12.55804291,68.44052829,1322.25
2023/7/18 18:45,0,84.2489216,1324.75
2023/7/18 19:00,0,89.71904409,1327
2023/7/18 19:15,0,73.45333821,1317.5
2023/7/18 19:30,0,70.98350702,1305.5
2023/7/18 19:45,0,70.73445565,1262.25
2023/7/18 20:00,0,73.72918199,1286.25
2023/7/18 20:15,0,74.22547756,1286.25
2023/7/18 20:30,0,75.69417503,1298.25
2023/7/18 20:45,0,71.00609213,1293.5
2023/7/18 21:00,0,66.61547204,1293.5
2023/7/18 21:15,0,72.96207272,1281.5
2023/7/18 21:30,0,78.7046899,1281.5
2023/7/18 21:45,0,82.46125129,1281.5
2023/7/18 22:00,0,91.41566028,1279
2023/7/18 22:15,0,102.2073774,1279
2023/7/18 22:30,0,92.52737987,1257.5
2023/7/18 22:45,0,82.81113511,1260
2023/7/18 23:00,0,85.53239434,1255
2023/7/18 23:15,0,96.84212888,1279
2023/7/18 23:30,0,105.0603467,1281.5
2023/7/18 23:45,0,105.2268367,1291
2023/7/19 00:00,0,107.0693942,1284
2023/7/19 00:15,0,97.97530653,1267
2023/7/19 00:30,0,114.8585868,1276.75
2023/7/19 00:45,0,114.1935637,1284
2023/7/19 01:00,0,108.6058758,1272
2023/7/19 01:15,0,102.4322603,1296
2023/7/19 01:30,0,80.71363112,1274.25
2023/7/19 01:45,0,70.50081719,1274.25
2023/7/19 02:00,0,59.26926981,1269.5
2023/7/19 02:15,0,64.75487753,1269.5
2023/7/19 02:30,0,71.37928189,1269.5
2023/7/19 02:45,0,71.1380648,1269.5
2023/7/19 03:00,0,63.17395546,1255
2023/7/19 03:15,0,64.3449684,1245.5
2023/7/19 03:30,0,63.46803953,1252.75
2023/7/19 03:45,0,77.3465971,1243
2023/7/19 04:00,0,88.94789906,1240.75
2023/7/19 04:15,0,90.43967247,1224
2023/7/19 04:30,0,87.10861027,1221.5
2023/7/19 04:45,0,78.90927148,1214.25
2023/7/19 05:00,0,78.70833804,1202.25
2023/7/19 05:15,0,56.28821016,1216.75
2023/7/19 05:30,0.1801904,61.33061516,1221.5
2023/7/19 05:45,11.74617613,54.95412407,1233.5
2023/7/19 06:00,54.31488224,54.43036142,1236
2023/7/19 06:15,98.48017413,59.69536354,1226.25
2023/7/19 06:30,152.481791,64.54424367,1226.25
2023/7/19 06:45,230.4592645,48.39921993,1243
2023/7/19 07:00,312.6484416,47.55308171,1248
2023/7/19 07:15,394.4938563,42.06073736,1267
2023/7/19 07:30,493.1603731,38.93159935,1293.5
2023/7/19 07:45,613.5898152,30.29288576,1288.75
2023/7/19 08:00,703.8740104,28.63991994,1308
2023/7/19 08:15,677.4517133,26.76529677,1317.5
2023/7/19 08:30,629.6512888,27.97195303,1339
2023/7/19 08:45,584.3933924,44.0794571,1353.5
2023/7/19 09:00,569.7888964,52.36275156,1348.75
2023/7/19 09:15,578.9543581,71.86404394,1332
2023/7/19 09:30,610.2215395,93.89028316,1339
2023/7/19 09:45,657.3961078,122.134118,1348.75
2023/7/19 10:00,697.4376664,144.3038694,1336.75
2023/7/19 10:15,787.9485581,139.7369313,1315
2023/7/19 10:30,918.8768016,131.5062101,1329.5
2023/7/19 10:45,832.9812205,146.0934408,1320
2023/7/19 11:00,714.1611826,141.0627585,1329.5
2023/7/19 11:15,655.336275,147.3179726,1351
2023/7/19 11:30,621.5582777,151.7191209,1360.75
2023/7/19 11:45,616.7072301,175.2812179,1358.25
2023/7/19 12:00,621.9801968,177.2267702,1363
2023/7/19 12:15,643.8463078,162.4545886,1344
2023/7/19 12:30,613.4192048,172.9825783,1344
2023/7/19 12:45,579.7290053,158.0571112,1346.25
2023/7/19 13:00,602.8947791,158.0740468,1351
2023/7/19 13:15,637.6573754,152.1029915,1360.75
2023/7/19 13:30,651.2829969,143.8292401,1370.25
2023/7/19 13:45,630.7257675,124.1433734,1384.75
2023/7/19 14:00,593.5353001,129.057431,1377.5
2023/7/19 14:15,529.7257034,153.5971603,1380
2023/7/19 14:30,526.2069835,172.8607463,1372.75
2023/7/19 14:45,513.2073241,172.810215,1377.5
2023/7/19 15:00,472.0018732,170.4900419,1387
2023/7/19 15:15,440.7318198,168.6801922,1389.5
2023/7/19 15:30,405.593186,182.0314481,1346.25
2023/7/19 15:45,376.8562091,198.4879739,1332
2023/7/19 16:00,352.2645425,170.7665806,1332
2023/7/19 16:15,299.2078493,139.0227335,1315
2023/7/19 16:30,263.5505388,157.0845601,1312.75
2023/7/19 16:45,228.3554756,188.0730547,1327
2023/7/19 17:00,181.5714761,190.9401091,1315
2023/7/19 17:15,135.871991,161.0025364,1317.5
2023/7/19 17:30,99.09902387,176.8381681,1317.5
2023/7/19 17:45,62.65216183,180.1952759,1312.75
2023/7/19 18:00,32.90701173,182.031358,1310.25
2023/7/19 18:15,17.36451287,187.9092162,1327
2023/7/19 18:30,11.17161495,173.3966086,1303
2023/7/19 18:45,0,153.6972012,1315
2023/7/19 19:00,0,137.7166216,1312.75
2023/7/19 19:15,0,122.4724871,1315
2023/7/19 19:30,0,103.7409393,1286.25
2023/7/19 19:45,0,91.57807646,1296
2023/7/19 20:00,0,82.5280645,1296
2023/7/19 20:15,0,79.9633626,1286.25
2023/7/19 20:30,0,77.14245543,1291
2023/7/19 20:45,0,82.37718103,1284
2023/7/19 21:00,0,74.32223656,1286.25
2023/7/19 21:15,0,54.55331933,1291
2023/7/19 21:30,0,42.74762184,1291
2023/7/19 21:45,0,34.76915159,1284
2023/7/19 22:00,0,40.32770787,1281.5
2023/7/19 22:15,0,42.83538378,1264.75
2023/7/19 22:30,0,38.46048147,1260
2023/7/19 22:45,0,41.45459864,1264.75
2023/7/19 23:00,0,46.44999548,1281.5
2023/7/19 23:15,0,50.14469503,1288.75
2023/7/19 23:30,0,44.18440364,1293.5
2023/7/19 23:45,0,39.31093264,1286.25
2023/7/20 00:00,0,36.7332827,1288.75
2023/7/20 00:15,0,25.86619677,1286.25
2023/7/20 00:30,0,31.42590319,1308
2023/7/20 00:45,0,42.11069137,1284
2023/7/20 01:00,0,41.15405148,1286.25
2023/7/20 01:15,0,39.76878435,1284
2023/7/20 01:30,0,42.62965948,1284
2023/7/20 01:45,0,48.19052603,1286.25
2023/7/20 02:00,0,61.73471659,1298.25
2023/7/20 02:15,0,63.2513005,1293.5
2023/7/20 02:30,0,55.56550813,1286.25
2023/7/20 02:45,0,56.86201678,1276.75
2023/7/20 03:00,0,56.31279966,1267
2023/7/20 03:15,0,53.2366911,1274.25
2023/7/20 03:30,0,46.95840512,1279
2023/7/20 03:45,0,38.64128958,1269.5
2023/7/20 04:00,0,38.38845929,1264.75
2023/7/20 04:15,0,34.88463881,1240.75
2023/7/20 04:30,0,33.86171249,1248
2023/7/20 04:45,0,34.340845,1238.25
2023/7/20 05:00,0,29.90516312,1252.75
2023/7/20 05:15,0,28.89423193,1274.25
2023/7/20 05:30,0.045277513,44.31351865,1262.25
2023/7/20 05:45,13.92866153,43.18982652,1262.25
2023/7/20 06:00,49.15269266,43.33115814,1260
2023/7/20 06:15,90.70813359,42.14931777,1269.5
2023/7/20 06:30,139.1627926,36.45636517,1274.25
2023/7/20 06:45,216.4147823,39.96490365,1288.75
2023/7/20 07:00,304.0669125,45.10253956,1293.5
2023/7/20 07:15,392.2809813,43.48551651,1296
2023/7/20 07:30,496.6315787,36.04381845,1315
2023/7/20 07:45,597.308561,27.94925128,1315
2023/7/20 08:00,699.5955774,20.45290487,1298.25
2023/7/20 08:15,788.2092986,19.94249544,1288.75
2023/7/20 08:30,877.3480886,22.45427864,1293.5
2023/7/20 08:45,965.7159758,17.76019834,1293.5
2023/7/20 09:00,1050.862518,14.24751725,1291
2023/7/20 09:15,1112.503316,20.80339476,1293.5
2023/7/20 09:30,1159.18424,34.20379701,1288.75
2023/7/20 09:45,1169.542337,47.71431862,1308
2023/7/20 10:00,1197.508756,55.03896909,1298.25
2023/7/20 10:15,1241.60788,55.24952918,1286.25
2023/7/20 10:30,1226.569152,73.1175535,1293.5
2023/7/20 10:45,1233.486351,99.19512933,1308
2023/7/20 11:00,1250.286092,115.6735071,1317.5
2023/7/20 11:15,1263.580711,116.8138529,1351
2023/7/20 11:30,1307.677337,102.1044184,1353.5
2023/7/20 11:45,1305.785977,93.80958099,1353.5
2023/7/20 12:00,1306.528968,79.36344692,1344
2023/7/20 12:15,1323.592818,69.44525767,1339
2023/7/20 12:30,1355.270809,78.22648992,1360.75
2023/7/20 12:45,1328.835506,104.2365772,1358.25
2023/7/20 13:00,1294.293211,136.0128926,1356
2023/7/20 13:15,1241.513148,145.4656136,1353.5
2023/7/20 13:30,1218.364567,156.6956572,1353.5
2023/7/20 13:45,1181.894547,147.8825435,1348.75
2023/7/20 14:00,1121.34638,128.4326691,1341.5
2023/7/20 14:15,1088.205442,102.5861738,1346.25
2023/7/20 14:30,1010.713723,80.95144832,1334.25
2023/7/20 14:45,942.9208174,66.43696023,1336.75
2023/7/20 15:00,906.5583707,49.73753284,1329.5
2023/7/20 15:15,852.0575663,45.77262359,1329.5
2023/7/20 15:30,808.0994184,46.3577783,1327
2023/7/20 15:45,755.1564189,32.54544638,1334.25
2023/7/20 16:00,685.3850936,24.25433836,1332
2023/7/20 16:15,620.4076663,26.27969632,1293.5
2023/7/20 16:30,547.0928757,31.95601674,1257.5
2023/7/20 16:45,468.5942779,34.36544574,1267
2023/7/20 17:00,393.2085451,34.82763097,1272
2023/7/20 17:15,319.8123679,33.40396511,1305.5
2023/7/20 17:30,251.3695423,34.83988893,1305.5
2023/7/20 17:45,182.2151265,39.0985777,1300.75
2023/7/20 18:00,126.8361143,32.87791118,1291
2023/7/20 18:15,77.18056445,34.68467975,1298.25
2023/7/20 18:30,37.60844918,26.37800484,1284
2023/7/20 18:45,0.001300683,18.89623387,1284
2023/7/20 19:00,0,14.93499884,1284
2023/7/20 19:15,0,17.96583939,1274.25
2023/7/20 19:30,0,20.09695349,1276.75
2023/7/20 19:45,0,21.90557842,1276.75
2023/7/20 20:00,0,18.78417296,1286.25
2023/7/20 20:15,0,14.90377137,1284
2023/7/20 20:30,0,13.63210095,1310.25
2023/7/20 20:45,0,14.84008103,1296
2023/7/20 21:00,0,13.46690678,1262.25
2023/7/20 21:15,0,10.76552899,1262.25
2023/7/20 21:30,0,9.002583198,1255
2023/7/20 21:45,0,5.538775492,1252.75
2023/7/20 22:00,0,5.578419848,1260
2023/7/20 22:15,0,5.34165192,1233.5
2023/7/20 22:30,0,1.783318693,1228.75
2023/7/20 22:45,0,2.046117058,1240.75
2023/7/20 23:00,0,5.203231371,1233.5
2023/7/20 23:15,0,5.615105977,1257.5
2023/7/20 23:30,0,4.831792391,1264.75
2023/7/20 23:45,0,5.647539797,1255
2023/7/21 00:00,0,6.155563796,1255
2023/7/21 00:15,0,7.374908801,1255
2023/7/21 00:30,0,8.562606128,1255
2023/7/21 00:45,0,9.302071432,1252.75
2023/7/21 01:00,0,8.797357374,1257.5
2023/7/21 01:15,0,7.26094964,1262.25
2023/7/21 01:30,0,5.099749169,1255
2023/7/21 01:45,0,3.758135631,1255
2023/7/21 02:00,0,3.197658244,1248
2023/7/21 02:15,0,3.220808934,1252.75
2023/7/21 02:30,0,3.325218698,1260
2023/7/21 02:45,0,2.493766095,1264.75
2023/7/21 03:00,0,2.506518819,1255
2023/7/21 03:15,0,2.160475766,1250.25
2023/7/21 03:30,0,2.126412279,1245.5
2023/7/21 03:45,0,2.511014025,1236
2023/7/21 04:00,0,3.273091609,1233.5
2023/7/21 04:15,0,4.059512038,1224
2023/7/21 04:30,0,4.332689478,1214.25
2023/7/21 04:45,0,3.821055457,1212
2023/7/21 05:00,0,3.148798367,1216.75
2023/7/21 05:15,0,2.810141549,1243
2023/7/21 05:30,8.09E-05,2.716533248,1240.75
2023/7/21 05:45,6.704401807,2.164499236,1252.75
2023/7/21 06:00,38.81038683,2.039727889,1240.75
2023/7/21 06:15,89.56740338,1.972321033,1250.25
2023/7/21 06:30,160.0708909,1.976232178,1245.5
2023/7/21 06:45,246.6931777,1.951927124,1262.25
2023/7/21 07:00,334.722895,1.863598043,1291
2023/7/21 07:15,426.1899995,1.94373176,1303
2023/7/21 07:30,531.2093897,2.729332093,1315
2023/7/21 07:45,632.1985361,3.654373937,1312.75
2023/7/21 08:00,741.0346963,3.423893445,1332
2023/7/21 08:15,831.9806939,3.459008288,1327
2023/7/21 08:30,916.9696195,4.101079115,1332
2023/7/21 08:45,992.9027715,4.55305806,1365.5
2023/7/21 09:00,1049.922968,4.817490727,1368
2023/7/21 09:15,1102.133626,5.931280181,1380
2023/7/21 09:30,1150.59481,8.905001933,1370.25
2023/7/21 09:45,1181.183712,10.04479642,1363
2023/7/21 10:00,1233.475213,12.56596979,1358.25
2023/7/21 10:15,1258.880034,17.47235747,1360.75
2023/7/21 10:30,1278.512559,18.90875698,1365.5
2023/7/21 10:45,1313.740499,20.51135449,1377.5
2023/7/21 11:00,1355.551976,24.09741836,1380
2023/7/21 11:15,1370.988384,29.01340558,1413.5
2023/7/21 11:30,1387.061574,29.65372558,1404
2023/7/21 11:45,1382.726395,31.77062675,1416
2023/7/21 12:00,1393.962479,36.8822257,1430.25
2023/7/21 12:15,1408.779831,33.3661563,1392
2023/7/21 12:30,1415.52152,33.08643296,1392
2023/7/21 12:45,1420.018544,32.93871568,1384.75
2023/7/21 13:00,1386.600842,28.02961866,1404
2023/7/21 13:15,1346.24642,31.83054232,1404
2023/7/21 13:30,1329.77055,37.5511944,1406.25
2023/7/21 13:45,1302.915415,35.687145,1411
2023/7/21 14:00,1252.340595,32.23811455,1416
2023/7/21 14:15,1197.793988,24.35671956,1411
2023/7/21 14:30,1152.192353,24.61407689,1416
2023/7/21 14:45,1095.852942,25.74888528,1406.25
2023/7/21 15:00,1042.518086,30.27262428,1428
2023/7/21 15:15,981.7529121,31.91890315,1413.5
2023/7/21 15:30,911.4067601,36.59995783,1418.25
2023/7/21 15:45,837.7528592,34.77385642,1406.25
2023/7/21 16:00,758.0867316,36.20017453,1392
2023/7/21 16:15,685.4356826,34.64229704,1365.5
2023/7/21 16:30,604.2495213,37.72293995,1370.25
2023/7/21 16:45,510.6206475,32.55570899,1353.5
2023/7/21 17:00,418.7016691,30.8319674,1341.5
2023/7/21 17:15,328.4353053,25.39320742,1363
2023/7/21 17:30,245.7140249,20.86224652,1351
2023/7/21 17:45,173.5222465,22.15207859,1346.25
2023/7/21 18:00,114.6115119,23.44272661,1351
2023/7/21 18:15,64.69526186,25.88767607,1344
2023/7/21 18:30,28.71990867,22.92576361,1339
2023/7/21 18:45,0,20.10967877,1344
2023/7/21 19:00,0,19.71488883,1336.75
2023/7/21 19:15,0,20.22360343,1336.75
2023/7/21 19:30,0,18.88951697,1332
2023/7/21 19:45,0,17.6295228,1341.5
2023/7/21 20:00,0,20.10609277,1334.25
2023/7/21 20:15,0,29.47268681,1329.5
2023/7/21 20:30,0,34.52637751,1334.25
2023/7/21 20:45,0,38.16407476,1327
2023/7/21 21:00,0,48.75675909,1327
2023/7/21 21:15,0,53.00130637,1312.75
2023/7/21 21:30,0,53.77882128,1303
2023/7/21 21:45,0,56.50666456,1305.5
2023/7/21 22:00,0,58.58377449,1293.5
2023/7/21 22:15,0,61.05371973,1279
2023/7/21 22:30,0,57.37806141,1272
2023/7/21 22:45,0,55.54254376,1327
2023/7/21 23:00,0,56.18533791,1293.5
2023/7/21 23:15,0,57.18778777,1341.5
2023/7/21 23:30,0,59.23419176,1339
2023/7/21 23:45,0,63.18280008,1324.75
2023/7/22 00:00,0,59.09808546,1324.75
2023/7/22 00:15,0,61.94945884,1334.25
2023/7/22 00:30,0,73.20720049,1329.5
2023/7/22 00:45,0,81.64708446,1317.5
2023/7/22 01:00,0,86.63138504,1324.75
2023/7/22 01:15,0,79.23735464,1322.25
2023/7/22 01:30,0,79.22613183,1322.25
2023/7/22 01:45,0,81.62754665,1332
2023/7/22 02:00,0,85.21169782,1322.25
2023/7/22 02:15,0,79.70735396,1329.5
2023/7/22 02:30,0,71.41930643,1322.25
2023/7/22 02:45,0,71.35099908,1317.5
2023/7/22 03:00,0,71.66960366,1315
2023/7/22 03:15,0,66.92980112,1315
2023/7/22 03:30,0,62.30880312,1322.25
2023/7/22 03:45,0,62.56495819,1303
2023/7/22 04:00,0,60.68768665,1300.75
2023/7/22 04:15,0,63.14928028,1276.75
2023/7/22 04:30,0,54.88121484,1269.5
2023/7/22 04:45,0,46.26919793,1274.25
2023/7/22 05:00,0,50.15405698,1274.25
2023/7/22 05:15,0,59.77018285,1284
2023/7/22 05:30,0,65.54594483,1274.25
2023/7/22 05:45,6.558829384,60.54021577,1279
2023/7/22 06:00,33.67438374,58.66662047,1279
2023/7/22 06:15,84.65648102,63.32408732,1286.25
2023/7/22 06:30,152.2368856,57.43567758,1300.75
2023/7/22 06:45,241.3872871,58.74227964,1291
2023/7/22 07:00,339.3512019,42.21176761,1317.5
2023/7/22 07:15,439.3377723,25.66364241,1332
2023/7/22 07:30,530.3943276,29.12533668,1353.5
2023/7/22 07:45,631.5165782,32.41857944,1365.5
2023/7/22 08:00,733.6609349,36.80552936,1401.5
2023/7/22 08:15,823.9584973,38.10421972,1392
2023/7/22 08:30,898.5229547,42.63585862,1396.75
2023/7/22 08:45,948.061088,43.27637511,1406.25
2023/7/22 09:00,976.5726133,44.83976957,1420.75
2023/7/22 09:15,989.1712271,50.04796095,1437.5
2023/7/22 09:30,994.0359655,53.83547131,1468.75
2023/7/22 09:45,999.9715407,56.41570002,1454.25
2023/7/22 10:00,1064.208747,57.6349085,1449.5
2023/7/22 10:15,1072.785298,60.3536596,1435
2023/7/22 10:30,1088.269369,55.65746803,1456.75
2023/7/22 10:45,1121.104523,53.77529477,1452
2023/7/22 11:00,1173.594331,59.45918762,1471
2023/7/22 11:15,1231.868092,62.1191549,1478.25
2023/7/22 11:30,1249.721135,69.46393524,1471
2023/7/22 11:45,1277.291206,75.56799793,1456.75
2023/7/22 12:00,1326.718531,76.50722473,1440
2023/7/22 12:15,1358.10163,78.00289359,1437.5
2023/7/22 12:30,1359.439716,75.41047785,1447
2023/7/22 12:45,1319.349219,73.34071776,1432.75
2023/7/22 13:00,1291.971517,76.84065284,1440
2023/7/22 13:15,1284.103548,75.58686504,1466.25
2023/7/22 13:30,1276.643806,74.14824327,1478.25
2023/7/22 13:45,1270.377238,72.39151559,1478.25
2023/7/22 14:00,1233.489273,68.78705642,1480.75
2023/7/22 14:15,1213.908315,75.06231112,1495
2023/7/22 14:30,1167.058514,73.39368012,1476
2023/7/22 14:45,1106.685393,65.16582128,1456.75
2023/7/22 15:00,1041.343927,60.63607837,1440
2023/7/22 15:15,977.1259624,54.88550344,1461.5
2023/7/22 15:30,910.9644124,41.25410891,1430.25
2023/7/22 15:45,837.7061005,50.44240742,1444.75
2023/7/22 16:00,745.885591,47.67793735,1411
2023/7/22 16:15,658.4992574,52.29038363,1401.5
2023/7/22 16:30,572.6882554,52.448421,1399
2023/7/22 16:45,493.3309683,51.5249449,1380
2023/7/22 17:00,405.8358111,44.94495225,1372.75
2023/7/22 17:15,313.0317364,44.28345745,1392
2023/7/22 17:30,222.82344,43.27993634,1368
2023/7/22 17:45,148.568897,35.16915207,1356
2023/7/22 18:00,88.77491977,32.42815893,1368
2023/7/22 18:15,37.57114249,23.40508502,1356
2023/7/22 18:30,16.42236247,17.54599001,1348.75
2023/7/22 18:45,0,21.62109877,1351
2023/7/22 19:00,0,18.09373143,1322.25
2023/7/22 19:15,0,13.65536338,1332
2023/7/22 19:30,0,11.5313137,1322.25
2023/7/22 19:45,0,10.16283306,1317.5
2023/7/22 20:00,0,11.88781813,1329.5
2023/7/22 20:15,0,13.00100216,1310.25
2023/7/22 20:30,0,9.020214359,1308
2023/7/22 20:45,0,8.913532172,1308
2023/7/22 21:00,0,8.587163383,1315
2023/7/22 21:15,0,15.01868326,1305.5
2023/7/22 21:30,0,22.34080559,1310.25
2023/7/22 21:45,0,31.29796329,1303
2023/7/22 22:00,0,30.74245329,1293.5
2023/7/22 22:15,0,20.09688318,1255
2023/7/22 22:30,0,18.34576255,1257.5
2023/7/22 22:45,0,18.07306154,1264.75
2023/7/22 23:00,0,16.64545113,1252.75
2023/7/22 23:15,0,16.92027007,1291
2023/7/22 23:30,0,19.32259906,1291
2023/7/22 23:45,0,18.02378601,1279
2023/7/23 00:00,0,20.69601578,1281.5
2023/7/23 00:15,0,16.74667143,1281.5
2023/7/23 00:30,0,14.10186001,1286.25
2023/7/23 00:45,0,12.47860665,1296
2023/7/23 01:00,0,10.75863106,1286.25
2023/7/23 01:15,0,7.062856769,1276.75
2023/7/23 01:30,0,4.046252706,1281.5
2023/7/23 01:45,0,3.904517429,1286.25
2023/7/23 02:00,0,4.064328673,1281.5
2023/7/23 02:15,0,4.885142913,1300.75
2023/7/23 02:30,0,5.832001237,1293.5
2023/7/23 02:45,0,5.914576331,1291
2023/7/23 03:00,0,6.018522129,1284
2023/7/23 03:15,0,6.507160353,1276.75
2023/7/23 03:30,0,6.242469669,1276.75
2023/7/23 03:45,0,6.603665289,1269.5
2023/7/23 04:00,0,7.030267745,1269.5
2023/7/23 04:15,0,9.029362427,1233.5
2023/7/23 04:30,0,11.05515876,1221.5
2023/7/23 04:45,0,12.92602992,1219
2023/7/23 05:00,0,14.72636808,1224
2023/7/23 05:15,0,15.82068792,1243
2023/7/23 05:30,0,12.19623412,1250.25
2023/7/23 05:45,13.19527055,10.78005963,1245.5
2023/7/23 06:00,49.2789875,9.828152723,1243
2023/7/23 06:15,103.1990684,9.225582619,1248
2023/7/23 06:30,169.3732243,11.16073925,1248
2023/7/23 06:45,235.8908125,15.66318826,1276.75
2023/7/23 07:00,312.2163133,21.33316104,1269.5
2023/7/23 07:15,405.0622287,23.47867076,1281.5
2023/7/23 07:30,492.9751235,22.72693063,1303
2023/7/23 07:45,562.66168,18.77268319,1310.25
2023/7/23 08:00,642.5894956,16.9776471,1339
2023/7/23 08:15,711.8759946,16.33184626,1336.75
2023/7/23 08:30,778.6709088,11.87535943,1360.75
2023/7/23 08:45,820.6635493,11.45555382,1372.75
2023/7/23 09:00,871.9277495,11.75169241,1375
2023/7/23 09:15,937.46958,17.43838561,1384.75
2023/7/23 09:30,993.6621036,18.92994358,1380
2023/7/23 09:45,1028.422137,17.0279167,1382.25
2023/7/23 10:00,1111.532877,16.48990745,1375
2023/7/23 10:15,1182.129455,17.32233212,1384.75
2023/7/23 10:30,1227.731079,19.39317364,1365.5
2023/7/23 10:45,1281.406362,21.50799018,1377.5
2023/7/23 11:00,1272.886302,22.24604368,1387
2023/7/23 11:15,1257.473153,23.38853292,1413.5
2023/7/23 11:30,1274.058006,24.47765881,1447
2023/7/23 11:45,1311.714026,25.7730827,1454.25
2023/7/23 12:00,1315.18628,29.40304465,1428
2023/7/23 12:15,1323.806843,34.70003777,1418.25
2023/7/23 12:30,1316.965436,37.05959328,1408.75
2023/7/23 12:45,1319.153821,39.4896405,1401.5
2023/7/23 13:00,1308.412596,45.26571717,1425.5
2023/7/23 13:15,1285.686529,42.24516635,1444.75
2023/7/23 13:30,1264.846374,38.41716372,1449.5
2023/7/23 13:45,1235.328285,37.58241491,1447
2023/7/23 14:00,1173.373011,38.446228,1430.25
2023/7/23 14:15,1144.684009,48.00492058,1428
2023/7/23 14:30,1090.041496,60.36057259,1428
2023/7/23 14:45,1030.569202,67.05995116,1430.25
2023/7/23 15:00,985.6836744,62.45406425,1418.25
2023/7/23 15:15,929.7649675,61.84179605,1404
2023/7/23 15:30,855.8791513,58.6261397,1396.75
2023/7/23 15:45,788.1930915,54.00952439,1375
2023/7/23 16:00,717.9632048,35.83601023,1348.75
2023/7/23 16:15,650.7235879,25.80773392,1334.25
2023/7/23 16:30,574.6628454,15.05320286,1336.75
2023/7/23 16:45,496.247851,9.147808322,1312.75
2023/7/23 17:00,417.1147126,8.163579451,1312.75
2023/7/23 17:15,348.5871921,4.042280263,1336.75
2023/7/23 17:30,276.0532229,2.935275775,1339
2023/7/23 17:45,199.7015091,2.972835153,1353.5
2023/7/23 18:00,123.2752938,2.857338286,1341.5
2023/7/23 18:15,61.0266737,2.147982809,1322.25
2023/7/23 18:30,34.44152944,2.203110324,1312.75
2023/7/23 18:45,0,2.390808099,1305.5
2023/7/23 19:00,0,2.567593936,1305.5
2023/7/23 19:15,0,2.316842351,1310.25
2023/7/23 19:30,0,3.852015563,1286.25
2023/7/23 19:45,0,5.180730312,1291
2023/7/23 20:00,0,5.922263483,1293.5
2023/7/23 20:15,0,6.275589679,1293.5
2023/7/23 20:30,0,5.464880609,1291
2023/7/23 20:45,0,4.973275412,1300.75
2023/7/23 21:00,0,2.918675486,1291
2023/7/23 21:15,0,2.131282569,1279
2023/7/23 21:30,0,2.181606323,1274.25
2023/7/23 21:45,0,2.128214903,1264.75
2023/7/23 22:00,0,1.946139077,1267
2023/7/23 22:15,0,1.788397821,1245.5
2023/7/23 22:30,0,1.779610307,1236
2023/7/23 22:45,0,1.856141497,1238.25
2023/7/23 23:00,0,2.181383848,1228.75
2023/7/23 23:15,0,2.152565679,1255
2023/7/23 23:30,0,2.169685327,1260
2023/7/23 23:45,0,2.098313413,1269.5
2023/7/24 00:00,0,2.085374207,1274.25
2023/7/24 00:15,0,1.785943444,1267
2023/7/24 00:30,0,1.805542604,1269.5
2023/7/24 00:45,0,1.908042914,1262.25
2023/7/24 01:00,0,1.977932915,1267
2023/7/24 01:15,0,2.134852607,1262.25
2023/7/24 01:30,0,2.165807133,1281.5
2023/7/24 01:45,0,2.077903647,1255
2023/7/24 02:00,0,2.250668615,1257.5
2023/7/24 02:15,0,2.285313214,1262.25
2023/7/24 02:30,0,1.860525907,1250.25
2023/7/24 02:45,0,1.908293647,1255
2023/7/24 03:00,0,2.090724651,1262.25
2023/7/24 03:15,0,2.110118433,1245.5
2023/7/24 03:30,0,2.078238336,1245.5
2023/7/24 03:45,0,2.137158148,1233.5
2023/7/24 04:00,0,2.25247096,1233.5
2023/7/24 04:15,0,2.079674898,1221.5
2023/7/24 04:30,0,1.996838484,1221.5
2023/7/24 04:45,0,1.870796356,1212
2023/7/24 05:00,0,1.815476227,1212
2023/7/24 05:15,0,1.821106223,1233.5
2023/7/24 05:30,0,1.767604957,1240.75
2023/7/24 05:45,13.35158261,1.801459802,1233.5
2023/7/24 06:00,54.65152444,1.889842081,1250.25
2023/7/24 06:15,114.3005916,2.085099876,1250.25
2023/7/24 06:30,178.9893955,2.144689369,1243
2023/7/24 06:45,247.7663423,2.139872955,1252.75
2023/7/24 07:00,322.6167447,2.086370802,1279
2023/7/24 07:15,413.2385875,1.798547434,1298.25
2023/7/24 07:30,505.2854265,1.790401644,1308
2023/7/24 07:45,596.8621126,2.064955503,1334.25
2023/7/24 08:00,676.4451821,2.117108451,1351
2023/7/24 08:15,740.1504007,2.140185806,1365.5
2023/7/24 08:30,788.8727492,2.108149455,1375
2023/7/24 08:45,820.3674307,2.150713165,1392
2023/7/24 09:00,847.400095,2.762337263,1413.5
2023/7/24 09:15,890.9455299,3.664103597,1399
2023/7/24 09:30,936.7119403,4.290481684,1382.25
2023/7/24 09:45,989.5900115,4.660269679,1384.75
2023/7/24 10:00,1002.349914,4.860884743,1428
2023/7/24 10:15,1028.716679,5.712322742,1399
2023/7/24 10:30,1060.251389,6.166691345,1401.5
2023/7/24 10:45,1095.866002,6.366091681,1423
2023/7/24 11:00,1104.58118,7.960917384,1418.25
2023/7/24 11:15,1136.166395,10.15622525,1420.75
2023/7/24 11:30,1175.861952,12.44265466,1420.75
2023/7/24 11:45,1191.458238,14.05872529,1411
2023/7/24 12:00,1240.142878,13.44260805,1404
2023/7/24 12:15,1274.052804,18.62243599,1430.25
2023/7/24 12:30,1286.545258,18.86055014,1396.75
2023/7/24 12:45,1281.978342,21.22661222,1389.5
2023/7/24 13:00,1263.007267,26.54930841,1394.25
2023/7/24 13:15,1238.08845,39.89488028,1399
2023/7/24 13:30,1212.912096,47.409839,1413.5
2023/7/24 13:45,1160.843731,49.23178581,1428
2023/7/24 14:00,1107.201113,47.77163774,1416
2023/7/24 14:15,1027.302885,47.36373222,1401.5
2023/7/24 14:30,995.4725229,35.78004237,1404
2023/7/24 14:45,948.7042301,30.37971961,1430.25
2023/7/24 15:00,850.892209,28.55153097,1411
2023/7/24 15:15,728.1525646,15.40991099,1425.5
2023/7/24 15:30,603.6756829,15.98269533,1396.75
2023/7/24 15:45,485.7270235,6.361040518,1389.5
2023/7/24 16:00,392.0818517,3.756110299,1370.25
2023/7/24 16:15,366.5661885,3.369849404,1341.5
2023/7/24 16:30,330.3510917,3.921848059,1315
2023/7/24 16:45,296.3263542,3.962017277,1348.75
2023/7/24 17:00,260.1132453,2.622749891,1344
2023/7/24 17:15,224.9784183,2.509854343,1368
2023/7/24 17:30,194.4731769,3.096246554,1363
2023/7/24 17:45,155.7521402,5.782380708,1356
2023/7/24 18:00,111.708422,10.54933631,1353.5
2023/7/24 18:15,61.88468756,9.452529168,1346.25
2023/7/24 18:30,16.3233769,5.190770492,1358.25
2023/7/24 18:45,0,3.220624655,1339
2023/7/24 19:00,0,2.661334013,1339
2023/7/24 19:15,0,2.573245549,1327
2023/7/24 19:30,0,2.623327354,1322.25
2023/7/24 19:45,0,1.857663528,1296
2023/7/24 20:00,0,1.795240279,1308
2023/7/24 20:15,0,1.812292052,1300.75
2023/7/24 20:30,0,1.78038404,1291
2023/7/24 20:45,0,1.770173182,1298.25
2023/7/24 21:00,0,1.832514511,1332
2023/7/24 21:15,0,2.109531549,1310.25
2023/7/24 21:30,0,2.160491302,1305.5
2023/7/24 21:45,0,2.044399327,1293.5
2023/7/24 22:00,0,1.840870503,1293.5
2023/7/24 22:15,0,1.770222,1264.75
2023/7/24 22:30,0,1.780094917,1264.75
2023/7/24 22:45,0,1.773417287,1252.75
2023/7/24 23:00,0,1.767981898,1272
2023/7/24 23:15,0,2.433416722,1276.75
2023/7/24 23:30,0,2.791453001,1276.75
2023/7/24 23:45,0,2.735605859,1279
2023/7/25 00:00,0,2.573209344,1269.5
2023/7/25 00:15,0,2.834549386,1272
2023/7/25 00:30,0,2.81008555,1279
2023/7/25 00:45,0,5.389434012,1303
2023/7/25 01:00,0,4.74936266,1284
2023/7/25 01:15,0,3.267452117,1284
2023/7/25 01:30,0,2.565561384,1276.75
2023/7/25 01:45,0,2.404455184,1281.5
2023/7/25 02:00,0,2.482018456,1281.5
2023/7/25 02:15,0,3.068295232,1284
2023/7/25 02:30,0,3.395611384,1272
2023/7/25 02:45,0,3.765562284,1272
2023/7/25 03:00,0,4.612878663,1272
2023/7/25 03:15,0,4.828613092,1264.75
2023/7/25 03:30,0,3.42670848,1262.25
2023/7/25 03:45,0,2.81252817,1269.5
2023/7/25 04:00,0,2.674311546,1262.25
2023/7/25 04:15,0,3.053708319,1243
2023/7/25 04:30,0,2.529443471,1238.25
2023/7/25 04:45,0,2.395942543,1245.5
2023/7/25 05:00,0,2.966453615,1233.5
2023/7/25 05:15,0,3.345297208,1281.5
2023/7/25 05:30,0,3.183655884,1284
2023/7/25 05:45,6.560978502,3.134490202,1276.75
2023/7/25 06:00,38.21190716,2.804933005,1281.5
2023/7/25 06:15,87.51015221,2.80221361,1288.75
2023/7/25 06:30,147.5966226,2.732848562,1296
2023/7/25 06:45,214.3839631,2.390574639,1317.5
2023/7/25 07:00,289.1162333,2.144665013,1315
2023/7/25 07:15,372.6240224,1.898364871,1344
2023/7/25 07:30,471.6060206,1.849517044,1356
2023/7/25 07:45,566.8730677,1.816843101,1365.5
2023/7/25 08:00,688.5764507,1.759504037,1377.5
2023/7/25 08:15,766.5256089,1.769739276,1406.25
2023/7/25 08:30,850.4603325,1.781639152,1389.5
2023/7/25 08:45,940.0600092,1.829536564,1406.25
2023/7/25 09:00,1017.044451,1.860891715,1416
2023/7/25 09:15,1057.897301,2.664030702,1394.25
2023/7/25 09:30,1104.743826,2.970999997,1389.5
2023/7/25 09:45,1142.290414,4.728901345,1411
2023/7/25 10:00,1175.712783,6.316186089,1430.25
2023/7/25 10:15,1211.101235,8.972954701,1389.5
2023/7/25 10:30,1246.710749,11.21780782,1387
2023/7/25 10:45,1284.472994,10.33446684,1394.25
2023/7/25 11:00,1333.723199,15.60163658,1406.25
2023/7/25 11:15,1323.339073,18.58692764,1425.5
2023/7/25 11:30,1328.626792,19.62726173,1435
2023/7/25 11:45,1320.355764,21.17961594,1418.25
2023/7/25 12:00,1307.176273,22.36268072,1411
2023/7/25 12:15,1284.087569,21.10905088,1389.5
2023/7/25 12:30,1276.409999,26.65132726,1377.5
2023/7/25 12:45,1256.880007,32.7307063,1372.75
2023/7/25 13:00,1279.235472,44.88412874,1380
2023/7/25 13:15,1270.015381,44.37679408,1384.75
2023/7/25 13:30,1258.550249,48.6839774,1404
2023/7/25 13:45,1236.413887,56.37884778,1413.5
2023/7/25 14:00,1187.596496,74.59853861,1416
2023/7/25 14:15,1139.979925,84.54594516,1423
2023/7/25 14:30,1089.02248,92.07454043,1425.5
2023/7/25 14:45,1057.108776,92.916329,1416
2023/7/25 15:00,995.5970241,104.8387816,1401.5
2023/7/25 15:15,902.9873155,111.1534844,1387
2023/7/25 15:30,828.7847424,125.6477312,1382.25
2023/7/25 15:45,747.6052666,134.4058401,1365.5
2023/7/25 16:00,673.2759332,136.6733276,1384.75
2023/7/25 16:15,612.5001783,138.1649086,1344
2023/7/25 16:30,536.1953328,140.0361705,1327
2023/7/25 16:45,436.5997591,144.0744776,1320
2023/7/25 17:00,349.7279264,136.9421348,1320
2023/7/25 17:15,270.3325206,122.8040995,1336.75
2023/7/25 17:30,199.4126322,105.6701083,1358.25
2023/7/25 17:45,111.3374388,86.90757172,1346.25
2023/7/25 18:00,47.16040942,76.55143158,1341.5
2023/7/25 18:15,19.33782238,54.35520968,1346.25
2023/7/25 18:30,7.495311377,29.56171568,1336.75
2023/7/25 18:45,0,20.96119236,1341.5
2023/7/25 19:00,0,22.40539363,1346.25
2023/7/25 19:15,0,28.81332373,1336.75
2023/7/25 19:30,0,37.36360875,1334.25
2023/7/25 19:45,0,30.32573261,1317.5
2023/7/25 20:00,0,34.46872448,1327
2023/7/25 20:15,0,37.22646396,1320
2023/7/25 20:30,0,37.28850552,1329.5
2023/7/25 20:45,0,32.17067715,1317.5
2023/7/25 21:00,0,26.85632813,1305.5
2023/7/25 21:15,0,29.00295672,1298.25
2023/7/25 21:30,0,27.42839347,1288.75
2023/7/25 21:45,0,30.33700291,1293.5
2023/7/25 22:00,0,25.32301933,1281.5
2023/7/25 22:15,0,27.08461684,1274.25
2023/7/25 22:30,0,25.29111759,1267
2023/7/25 22:45,0,26.8558266,1264.75
2023/7/25 23:00,0,34.4543769,1274.25
2023/7/25 23:15,0,34.54202672,1284
2023/7/25 23:30,0,35.56308063,1298.25
2023/7/25 23:45,0,42.02970841,1308
2023/7/26 00:00,0,46.94899644,1298.25
2023/7/26 00:15,0,46.76705135,1298.25
2023/7/26 00:30,0,61.30912939,1296
2023/7/26 00:45,0,78.97726394,1293.5
2023/7/26 01:00,0,83.47213743,1284
2023/7/26 01:15,0,80.8053048,1300.75
2023/7/26 01:30,0,76.15438736,1291
2023/7/26 01:45,0,58.99021326,1293.5
2023/7/26 02:00,0,45.81625727,1284
2023/7/26 02:15,0,35.80019242,1284
2023/7/26 02:30,0,35.81349311,1281.5
2023/7/26 02:45,0,36.66201025,1300.75
2023/7/26 03:00,0,30.47915206,1284
2023/7/26 03:15,0,23.6991298,1281.5
2023/7/26 03:30,0,18.39129241,1269.5
2023/7/26 03:45,0,16.46359946,1264.75
2023/7/26 04:00,0,9.938509594,1267
2023/7/26 04:15,0,4.813116863,1250.25
2023/7/26 04:30,0,4.223731119,1245.5
2023/7/26 04:45,0,2.632445101,1236
2023/7/26 05:00,0,1.416436314,1236
2023/7/26 05:15,0,1.043942407,1260
2023/7/26 05:30,0,0.925407373,1257.5
2023/7/26 05:45,17.12748839,0.885701827,1276.75
2023/7/26 06:00,61.32471992,0.664286238,1267
2023/7/26 06:15,114.7744155,0.826491064,1264.75
2023/7/26 06:30,176.049641,0.908843571,1262.25
2023/7/26 06:45,240.7864584,0.768412173,1269.5
2023/7/26 07:00,322.2406448,0.439009373,1276.75
2023/7/26 07:15,401.1217394,0.296940321,1293.5
2023/7/26 07:30,486.8649884,0.384405065,1315
2023/7/26 07:45,567.5489973,0.458848538,1315
2023/7/26 08:00,651.6702633,0.812710846,1322.25
2023/7/26 08:15,715.0033211,1.036702047,1320
2023/7/26 08:30,782.7898946,0.830023324,1315
2023/7/26 08:45,828.3993451,1.144241195,1334.25
2023/7/26 09:00,894.7596606,0.920789646,1336.75
2023/7/26 09:15,956.6924929,1.296588113,1336.75
2023/7/26 09:30,974.4919371,1.639328064,1332
2023/7/26 09:45,1011.507822,2.367824998,1324.75
2023/7/26 10:00,1088.513819,2.59814218,1310.25
2023/7/26 10:15,1107.672458,2.950943547,1300.75
2023/7/26 10:30,1138.022413,4.383971863,1315
2023/7/26 10:45,1192.106319,6.708387431,1315
2023/7/26 11:00,1248.083299,6.408727974,1305.5
2023/7/26 11:15,1275.898687,7.458629028,1332
2023/7/26 11:30,1274.978153,9.401317509,1332
2023/7/26 11:45,1282.363042,12.86468393,1329.5
2023/7/26 12:00,1284.282319,15.20648534,1346.25
2023/7/26 12:15,1242.409055,18.57348952,1329.5
2023/7/26 12:30,1220.045372,17.33974423,1336.75
2023/7/26 12:45,1175.47688,19.49512565,1341.5
2023/7/26 13:00,1111.783663,26.86495103,1344
2023/7/26 13:15,1080.749377,31.33869135,1344
2023/7/26 13:30,1017.323379,37.51391523,1348.75
2023/7/26 13:45,1014.834027,47.70742588,1341.5
2023/7/26 14:00,992.6684589,58.54156891,1336.75
2023/7/26 14:15,958.5916346,71.16132366,1336.75
2023/7/26 14:30,931.5700691,93.35259667,1320
2023/7/26 14:45,875.7392713,97.66084022,1322.25
2023/7/26 15:00,816.5541801,79.9983939,1327
2023/7/26 15:15,677.8136241,61.3407859,1317.5
2023/7/26 15:30,539.8570227,64.28437593,1315
2023/7/26 15:45,435.2125407,49.31039693,1305.5
2023/7/26 16:00,374.7405,42.40318905,1308
2023/7/26 16:15,308.2764184,34.08821,1284
2023/7/26 16:30,262.9617314,25.41341738,1291
2023/7/26 16:45,212.6676671,16.24852764,1281.5
2023/7/26 17:00,166.8541833,13.35466494,1276.75
2023/7/26 17:15,131.0433273,12.0111373,1291
2023/7/26 17:30,104.5728954,12.69928162,1291
2023/7/26 17:45,96.11807952,48.85821668,1293.5
2023/7/26 18:00,65.92870747,77.22243988,1305.5
2023/7/26 18:15,27.36673293,83.686896,1305.5
2023/7/26 18:30,6.188869792,72.39208172,1300.75
2023/7/26 18:45,0,180.6074252,1293.5
2023/7/26 19:00,0,193.2733902,1293.5
2023/7/26 19:15,0,187.7591472,1291
2023/7/26 19:30,0,164.9721795,1272
2023/7/26 19:45,0,145.7766878,1276.75
2023/7/26 20:00,0,117.5297376,1272
2023/7/26 20:15,0,104.1673075,1272
2023/7/26 20:30,0,70.80949039,1260
2023/7/26 20:45,0,37.89382198,1257.5
2023/7/26 21:00,0,31.18605657,1255
2023/7/26 21:15,0,39.85388436,1264.75
2023/7/26 21:30,0,44.53064401,1255
2023/7/26 21:45,0,45.75156814,1248
2023/7/26 22:00,0,45.93600323,1236
2023/7/26 22:15,0,41.31105149,1219
2023/7/26 22:30,0,37.38172265,1212
2023/7/26 22:45,0,34.67273131,1219
2023/7/26 23:00,0,33.16459342,1202.25
2023/7/26 23:15,0,28.67245396,1231
2023/7/26 23:30,0,25.49129732,1245.5
2023/7/26 23:45,0,25.33270248,1240.75
2023/7/27 00:00,0,25.59355254,1240.75
2023/7/27 00:15,0,20.24386841,1250.25
2023/7/27 00:30,0,17.92412993,1260
2023/7/27 00:45,0,19.04346196,1248
2023/7/27 01:00,0,21.57061384,1250.25
2023/7/27 01:15,0,20.35715092,1250.25
2023/7/27 01:30,0,16.10165188,1240.75
2023/7/27 01:45,0,14.37035358,1250.25
2023/7/27 02:00,0,12.80617249,1250.25
2023/7/27 02:15,0,13.08146262,1243
2023/7/27 02:30,0,9.902287524,1250.25
2023/7/27 02:45,0,7.467905473,1243
2023/7/27 03:00,0,6.686800743,1240.75
2023/7/27 03:15,0,5.569082203,1236
2023/7/27 03:30,0,4.04438749,1224
2023/7/27 03:45,0,3.007820551,1219
2023/7/27 04:00,0,2.402092562,1219
2023/7/27 04:15,0,1.258734334,1192.75
2023/7/27 04:30,0,1.225432548,1195
2023/7/27 04:45,0,1.166623865,1197.5
2023/7/27 05:00,0,0.503182134,1204.75
2023/7/27 05:15,0,0.87317075,1212
2023/7/27 05:30,0.000240985,1.714952378,1219
2023/7/27 05:45,7.426247824,1.757087609,1214.25
2023/7/27 06:00,38.24012862,1.499384383,1216.75
2023/7/27 06:15,84.21479427,1.104378613,1214.25
2023/7/27 06:30,152.3403652,1.123382359,1228.75
2023/7/27 06:45,237.7513597,0.475342725,1231
2023/7/27 07:00,336.5626052,0.320567657,1231
2023/7/27 07:15,440.1834217,0.258966452,1250.25
2023/7/27 07:30,540.6866407,0.14291408,1255
2023/7/27 07:45,642.9777633,0.176839636,1262.25
2023/7/27 08:00,738.9941697,0.176026039,1300.75
2023/7/27 08:15,827.1105161,0.4573727,1279
2023/7/27 08:30,901.0604481,0.648145782,1284
2023/7/27 08:45,951.3808891,2.732297662,1284
2023/7/27 09:00,985.2805898,2.886414524,1293.5
2023/7/27 09:15,1040.783789,3.765768604,1284
2023/7/27 09:30,1095.112765,4.330752244,1286.25
2023/7/27 09:45,1122.445989,5.768744645,1284
2023/7/27 10:00,1132.193356,3.711575472,1286.25
2023/7/27 10:15,1107.323396,4.899872968,1279
2023/7/27 10:30,1133.073361,5.306487747,1281.5
2023/7/27 10:45,1210.229198,6.576163945,1291
2023/7/27 11:00,1217.804827,5.717510421,1298.25
2023/7/27 11:15,1254.48688,4.750529246,1317.5
2023/7/27 11:30,1242.057052,4.351090017,1303
2023/7/27 11:45,1204.542546,5.256797266,1293.5
2023/7/27 12:00,1235.9501,7.391484841,1284
2023/7/27 12:15,1244.381656,10.77488473,1279
2023/7/27 12:30,1201.168248,16.82411145,1281.5
2023/7/27 12:45,1165.587143,22.01850708,1303
2023/7/27 13:00,1112.448901,23.12688302,1315
2023/7/27 13:15,1071.722858,30.66774844,1312.75
2023/7/27 13:30,1044.221139,38.27441904,1322.25
2023/7/27 13:45,1005.983198,38.59954617,1324.75
2023/7/27 14:00,929.2492045,37.86731331,1336.75
2023/7/27 14:15,849.9034846,43.21854578,1339
2023/7/27 14:30,845.6564649,46.10595808,1324.75
2023/7/27 14:45,777.2444424,43.81671619,1329.5
2023/7/27 15:00,670.3927114,34.38928928,1324.75
2023/7/27 15:15,611.0866444,21.14913306,1322.25
2023/7/27 15:30,513.9775958,19.21996258,1308
2023/7/27 15:45,440.0750864,15.02466329,1324.75
2023/7/27 16:00,423.3941595,15.86851059,1300.75
2023/7/27 16:15,436.5662597,15.67390952,1291
2023/7/27 16:30,413.2691677,12.93325556,1281.5
2023/7/27 16:45,368.249111,14.10375457,1276.75
2023/7/27 17:00,294.941271,18.18713253,1279
2023/7/27 17:15,226.2163365,26.72518568,1303
2023/7/27 17:30,156.9731474,25.74929026,1298.25
2023/7/27 17:45,96.78353271,15.60262214,1291
2023/7/27 18:00,44.07396566,12.95840066,1300.75
2023/7/27 18:15,19.5117528,7.092649646,1296
2023/7/27 18:30,6.953998789,5.488786046,1293.5
2023/7/27 18:45,0,5.852116541,1298.25
2023/7/27 19:00,0,4.42632382,1291
2023/7/27 19:15,0,3.565925315,1284
2023/7/27 19:30,0,3.035270678,1284
2023/7/27 19:45,0,2.030782666,1281.5
2023/7/27 20:00,0,11.0589741,1286.25
2023/7/27 20:15,0,22.58213486,1293.5
2023/7/27 20:30,0,15.23606916,1286.25
2023/7/27 20:45,0,6.766619518,1288.75
2023/7/27 21:00,0,4.368178261,1279
2023/7/27 21:15,0,5.257462989,1260
2023/7/27 21:30,0,6.178705566,1255
2023/7/27 21:45,0,6.877857921,1260
2023/7/27 22:00,0,8.393631071,1264.75
2023/7/27 22:15,0,7.085856611,1233.5
2023/7/27 22:30,0,5.452104384,1245.5
2023/7/27 22:45,0,6.070557711,1245.5
2023/7/27 23:00,0,5.921754505,1250.25
2023/7/27 23:15,0,4.079596819,1274.25
2023/7/27 23:30,0,2.820815936,1281.5
2023/7/27 23:45,0,2.511998839,1274.25
2023/7/28 00:00,0,2.84272029,1260
2023/7/28 00:15,0,2.984156189,1274.25
2023/7/28 00:30,0,2.356779304,1267
2023/7/28 00:45,0,1.812640964,1262.25
2023/7/28 01:00,0,1.831362972,1293.5
2023/7/28 01:15,0,1.72806669,1260
2023/7/28 01:30,0,0.779899938,1260
2023/7/28 01:45,0,0.748872688,1260
2023/7/28 02:00,0,0.556233317,1262.25
2023/7/28 02:15,0,0.517438407,1257.5
2023/7/28 02:30,0,0.365120495,1269.5
2023/7/28 02:45,0,0.343181354,1260
2023/7/28 03:00,0,0.258671687,1255
2023/7/28 03:15,0,0.224811005,1257.5
2023/7/28 03:30,0,0.182669152,1245.5
2023/7/28 03:45,0,0.443043663,1231
2023/7/28 04:00,0,0.560927133,1243
2023/7/28 04:15,0,0.510806663,1221.5
2023/7/28 04:30,0,0.286047676,1214.25
2023/7/28 04:45,0,0.232571248,1221.5
2023/7/28 05:00,0,0.428328001,1219
2023/7/28 05:15,0,0.352340552,1240.75
2023/7/28 05:30,0,0.628049123,1255
2023/7/28 05:45,7.223702401,0.710990889,1250.25
2023/7/28 06:00,40.644532,0.869814628,1252.75
2023/7/28 06:15,88.77343642,1.573009001,1250.25
2023/7/28 06:30,155.8015075,1.345850593,1257.5
2023/7/28 06:45,237.6438983,1.677369173,1262.25
2023/7/28 07:00,333.5908207,1.964095911,1286.25
2023/7/28 07:15,434.7884947,1.272820338,1303
2023/7/28 07:30,540.3762276,1.294294562,1305.5
2023/7/28 07:45,643.2248102,1.165872654,1320
2023/7/28 08:00,742.7337048,0.327799711,1336.75
2023/7/28 08:15,828.4859795,0.288976398,1360.75
2023/7/28 08:30,904.206933,0.057296557,1358.25
2023/7/28 08:45,959.4018078,0.057273253,1396.75
2023/7/28 09:00,969.0683109,0.106535231,1396.75
2023/7/28 09:15,1033.207244,0.969873469,1408.75
2023/7/28 09:30,1072.0654,1.040084526,1425.5
2023/7/28 09:45,1140.515925,1.087288209,1416
2023/7/28 10:00,1163.247678,1.726055012,1411
2023/7/28 10:15,1225.018342,2.976002961,1416
2023/7/28 10:30,1235.662991,4.536897651,1387
2023/7/28 10:45,1258.375546,5.561670763,1404
2023/7/28 11:00,1293.282132,8.429262241,1399
2023/7/28 11:15,1303.202994,11.22757236,1423
2023/7/28 11:30,1323.267889,14.32119641,1408.75
2023/7/28 11:45,1321.19949,19.82807392,1418.25
2023/7/28 12:00,1334.068797,22.0758885,1404
2023/7/28 12:15,1350.132563,21.69777406,1404
2023/7/28 12:30,1336.218931,19.6902872,1399
2023/7/28 12:45,1328.477831,21.52137981,1399
2023/7/28 13:00,1307.430088,26.55830995,1416
2023/7/28 13:15,1291.217712,27.17973509,1440
2023/7/28 13:30,1261.073563,24.56571595,1435
2023/7/28 13:45,1220.487313,20.01778046,1442.25
2023/7/28 14:00,1183.170867,16.82026892,1440
2023/7/28 14:15,1137.027746,18.57570665,1428
2023/7/28 14:30,1087.317414,15.54535896,1428
2023/7/28 14:45,1025.589761,14.06709877,1437.5
2023/7/28 15:00,956.7507852,14.2551811,1437.5
2023/7/28 15:15,899.7959935,13.35745503,1420.75
2023/7/28 15:30,823.7952507,10.13890615,1418.25
2023/7/28 15:45,753.0971872,8.44515251,1396.75
2023/7/28 16:00,669.6170268,11.24868429,1392
2023/7/28 16:15,589.3060596,10.57192494,1346.25
2023/7/28 16:30,500.7294402,9.138527921,1327
2023/7/28 16:45,418.0563375,5.299511381,1327
2023/7/28 17:00,335.2872314,3.735019433,1308
2023/7/28 17:15,250.3139573,1.083117179,1344
2023/7/28 17:30,168.5415394,1.076892911,1341.5
2023/7/28 17:45,101.2076724,1.462506273,1334.25
2023/7/28 18:00,44.8017348,1.166174841,1348.75
2023/7/28 18:15,22.71152013,1.088147497,1332
2023/7/28 18:30,9.107885746,1.274946389,1327
2023/7/28 18:45,0,1.009474999,1322.25
2023/7/28 19:00,0,0.332584955,1327
2023/7/28 19:15,0,0.282187848,1320
2023/7/28 19:30,0,0.128236871,1336.75
2023/7/28 19:45,0,0.129864882,1324.75
2023/7/28 20:00,0,0.11385323,1320
2023/7/28 20:15,0,0.137030713,1303
2023/7/28 20:30,0,0.115254828,1305.5
2023/7/28 20:45,0,0.036342,1308
2023/7/28 21:00,0,0.03400421,1310.25
2023/7/28 21:15,0,0.060600701,1298.25
2023/7/28 21:30,0,0.223394661,1293.5
2023/7/28 21:45,0,0.163733368,1288.75
2023/7/28 22:00,0,0.105829288,1286.25
2023/7/28 22:15,0,0.195733402,1267
2023/7/28 22:30,0,0.174907158,1279
2023/7/28 22:45,0,0.176244399,1264.75
2023/7/28 23:00,0,0.269435733,1264.75
2023/7/28 23:15,0,0.171883225,1281.5
2023/7/28 23:30,0,0.131323663,1288.75
2023/7/28 23:45,0,0.101512473,1288.75
2023/7/29 00:00,0,0.124925859,1288.75
2023/7/29 00:15,0,0.046448606,1288.75
2023/7/29 00:30,0,0.032300338,1284
2023/7/29 00:45,0,0.179713401,1284
2023/7/29 01:00,0,0.048226609,1286.25
2023/7/29 01:15,0,0.049633034,1284
2023/7/29 01:30,0,0.054787219,1293.5
2023/7/29 01:45,0,0.045860904,1291
2023/7/29 02:00,0,0.06824598,1276.75
2023/7/29 02:15,0,0.056700658,1276.75
2023/7/29 02:30,0,0.273039264,1276.75
2023/7/29 02:45,0,0.307742062,1276.75
2023/7/29 03:00,0,0.301205092,1284
2023/7/29 03:15,0,0.321417387,1274.25
2023/7/29 03:30,0,0.107235891,1276.75
2023/7/29 03:45,0,0.171163067,1272
2023/7/29 04:00,0,0.24831338,1264.75
2023/7/29 04:15,0,0.299054224,1250.25
2023/7/29 04:30,0,0.179237315,1243
2023/7/29 04:45,0,0.22210058,1257.5
2023/7/29 05:00,0,0.258159497,1238.25
2023/7/29 05:15,0,0.19052464,1264.75
2023/7/29 05:30,0,0.18094913,1260
2023/7/29 05:45,10.42698832,0.411054469,1257.5
2023/7/29 06:00,56.26486757,0.471781285,1267
2023/7/29 06:15,115.8860975,0.417152743,1264.75
2023/7/29 06:30,183.2978237,0.221677322,1257.5
2023/7/29 06:45,261.5692226,0.033540983,1255
2023/7/29 07:00,351.7744568,0.083374905,1264.75
2023/7/29 07:15,445.8515409,2.143958054,1281.5
2023/7/29 07:30,536.0004066,2.21343498,1296
2023/7/29 07:45,625.2275261,2.939127278,1336.75
2023/7/29 08:00,728.1282395,3.53510876,1329.5
2023/7/29 08:15,821.1136718,5.918862959,1348.75
2023/7/29 08:30,901.9215979,7.613991338,1348.75
2023/7/29 08:45,976.6600183,17.75193263,1370.25
2023/7/29 09:00,1045.672627,23.35412844,1389.5
2023/7/29 09:15,1107.907462,30.06470112,1404
2023/7/29 09:30,1168.530429,30.73859998,1389.5
2023/7/29 09:45,1164.788328,35.31649586,1387
2023/7/29 10:00,1205.282679,38.07783312,1392
2023/7/29 10:15,1272.067041,49.21281412,1363
2023/7/29 10:30,1283.002631,68.64385189,1389.5
2023/7/29 10:45,1310.698822,80.63288248,1384.75
2023/7/29 11:00,1341.967572,98.0717369,1396.75
2023/7/29 11:15,1366.718317,116.5398469,1425.5
2023/7/29 11:30,1353.706908,120.879963,1432.75
2023/7/29 11:45,1355.979465,135.0207803,1420.75
2023/7/29 12:00,1340.123489,147.6818946,1396.75
2023/7/29 12:15,1323.161384,160.5883686,1389.5
2023/7/29 12:30,1306.656973,175.8644435,1384.75
2023/7/29 12:45,1286.262299,185.1441715,1377.5
2023/7/29 13:00,1288.947961,189.9369564,1384.75
2023/7/29 13:15,1259.236728,195.1239181,1394.25
2023/7/29 13:30,1220.835958,189.5490865,1396.75
2023/7/29 13:45,1182.492064,198.9912726,1406.25
2023/7/29 14:00,1120.78161,204.1674682,1418.25
2023/7/29 14:15,1067.939018,199.0738141,1404
2023/7/29 14:30,1032.793835,197.2627962,1387
2023/7/29 14:45,969.0384204,209.3979809,1387
2023/7/29 15:00,863.3172132,204.6960705,1406.25
2023/7/29 15:15,790.4908554,189.8149082,1411
2023/7/29 15:30,676.2304581,182.8223884,1413.5
2023/7/29 15:45,574.9025891,180.5884151,1389.5
2023/7/29 16:00,496.5145001,163.7656234,1404
2023/7/29 16:15,417.1612636,136.9440597,1375
2023/7/29 16:30,349.19143,134.1069555,1375
2023/7/29 16:45,288.5266945,144.1577063,1365.5
2023/7/29 17:00,211.2365323,151.536864,1370.25
2023/7/29 17:15,157.8321253,147.4808206,1360.75
2023/7/29 17:30,109.6693429,138.3556652,1382.25
2023/7/29 17:45,69.39702589,123.4702964,1375
2023/7/29 18:00,35.49518083,117.9097477,1351
2023/7/29 18:15,18.32980958,110.7693004,1353.5
2023/7/29 18:30,4.203149033,113.5566801,1356
2023/7/29 18:45,0,109.5356935,1346.25
2023/7/29 19:00,0,98.64398158,1332
2023/7/29 19:15,0,84.36049011,1329.5
2023/7/29 19:30,0,72.88296013,1320
2023/7/29 19:45,0,71.44130874,1324.75
2023/7/29 20:00,0,69.34550835,1341.5
2023/7/29 20:15,0,65.05948193,1329.5
2023/7/29 20:30,0,68.73590135,1329.5
2023/7/29 20:45,0,75.54521723,1324.75
2023/7/29 21:00,0,68.47676604,1322.25
2023/7/29 21:15,0,65.97452948,1303
2023/7/29 21:30,0,55.0374047,1310.25
2023/7/29 21:45,0,52.04578078,1305.5
2023/7/29 22:00,0,55.56883552,1293.5
2023/7/29 22:15,0,48.52979662,1284
2023/7/29 22:30,0,49.5660461,1264.75
2023/7/29 22:45,0,60.07095404,1264.75
2023/7/29 23:00,0,87.24256404,1255
2023/7/29 23:15,0,84.47225821,1284
2023/7/29 23:30,0,85.15498122,1291
2023/7/29 23:45,0,72.42166268,1291
2023/7/30 00:00,0,63.8222257,1286.25
2023/7/30 00:15,0,58.6203916,1286.25
2023/7/30 00:30,0,49.50370121,1288.75
2023/7/30 00:45,0,41.65808973,1298.25
2023/7/30 01:00,0,38.2209464,1279
2023/7/30 01:15,0,37.59079014,1269.5
2023/7/30 01:30,0,25.17201097,1269.5
2023/7/30 01:45,0,22.44952318,1269.5
2023/7/30 02:00,0,20.38250101,1264.75
2023/7/30 02:15,0,21.5642258,1269.5
2023/7/30 02:30,0,28.68979818,1264.75
2023/7/30 02:45,0,31.25809408,1272
2023/7/30 03:00,0,30.5566192,1274.25
2023/7/30 03:15,0,29.57158896,1269.5
2023/7/30 03:30,0,32.44069485,1262.25
2023/7/30 03:45,0,35.10204836,1267
2023/7/30 04:00,0,38.2577987,1252.75
2023/7/30 04:15,0,39.21410485,1236
2023/7/30 04:30,0,34.95117952,1250.25
2023/7/30 04:45,0,37.37410852,1240.75
2023/7/30 05:00,0,52.07510533,1243
2023/7/30 05:15,0,56.70352671,1274.25
2023/7/30 05:30,0,65.67869422,1269.5
2023/7/30 05:45,3.90739425,63.01024647,1269.5
2023/7/30 06:00,33.19870103,60.22254421,1260
2023/7/30 06:15,78.25494547,55.6601478,1255
2023/7/30 06:30,138.1407739,58.00531066,1245.5
2023/7/30 06:45,205.8909993,56.10138688,1269.5
2023/7/30 07:00,280.7304277,61.0403514,1286.25
2023/7/30 07:15,361.6249057,61.35619266,1281.5
2023/7/30 07:30,445.1301304,66.10960803,1300.75
2023/7/30 07:45,532.5981613,76.77257024,1312.75
2023/7/30 08:00,615.2237702,78.93594126,1329.5
2023/7/30 08:15,663.6628562,78.3410452,1334.25
2023/7/30 08:30,723.592706,83.02336529,1339
2023/7/30 08:45,756.571697,77.88502621,1341.5
2023/7/30 09:00,791.819403,78.08658912,1339
2023/7/30 09:15,888.537458,80.31898282,1336.75
2023/7/30 09:30,934.3265017,84.658769,1368
2023/7/30 09:45,929.48735,86.66660849,1406.25
2023/7/30 10:00,941.5263594,86.51331637,1401.5
2023/7/30 10:15,965.241878,81.22565371,1396.75
2023/7/30 10:30,961.3302159,91.91429298,1356
2023/7/30 10:45,966.1117199,96.13918879,1368
2023/7/30 11:00,950.2068109,176.6640645,1370.25
2023/7/30 11:15,975.7799841,78.32624391,1411
2023/7/30 11:30,967.6847371,70.59966358,1416
2023/7/30 11:45,969.6208669,66.82771137,1401.5
2023/7/30 12:00,941.0612614,76.78135362,1392
2023/7/30 12:15,924.9711725,85.87411492,1382.25
2023/7/30 12:30,894.2552259,99.42579374,1382.25
2023/7/30 12:45,894.3737226,124.5339144,1382.25
2023/7/30 13:00,904.088196,126.9981679,1401.5
2023/7/30 13:15,910.9907903,104.6123153,1387
2023/7/30 13:30,881.422956,84.75335636,1392
2023/7/30 13:45,829.9279799,75.51504895,1404
2023/7/30 14:00,781.0355359,76.17107641,1401.5
2023/7/30 14:15,779.4735986,75.541932,1406.25
2023/7/30 14:30,740.9062261,81.99437608,1420.75
2023/7/30 14:45,693.7581699,94.21661189,1396.75
2023/7/30 15:00,636.6786886,109.0942673,1399
2023/7/30 15:15,574.7216393,113.8647078,1399
2023/7/30 15:30,520.5210228,109.8345985,1408.75
2023/7/30 15:45,438.8268171,94.15626814,1425.5
2023/7/30 16:00,367.7114165,85.38885382,1428
2023/7/30 16:15,309.8201382,82.81054969,1394.25
2023/7/30 16:30,252.5751498,83.50839904,1380
2023/7/30 16:45,202.5338733,87.5251241,1372.75
2023/7/30 17:00,161.4369509,92.47899713,1348.75
2023/7/30 17:15,115.3404414,95.24016159,1365.5
2023/7/30 17:30,76.60809729,98.10173604,1404
2023/7/30 17:45,43.81597441,98.15279898,1396.75
2023/7/30 18:00,23.02520872,102.0067839,1387
2023/7/30 18:15,19.51368939,87.91882837,1377.5
2023/7/30 18:30,0,74.57348096,1372.75
2023/7/30 18:45,0,71.60006559,1365.5
2023/7/30 19:00,0,72.64001102,1344
2023/7/30 19:15,0,75.33457483,1346.25
2023/7/30 19:30,0,67.06526357,1315
2023/7/30 19:45,0,68.29920106,1317.5
2023/7/30 20:00,0,67.17919135,1288.75
2023/7/30 20:15,0,62.49714117,1293.5
2023/7/30 20:30,0,65.37917196,1276.75
2023/7/30 20:45,0,73.9364521,1281.5
2023/7/30 21:00,0,72.6569295,1262.25
2023/7/30 21:15,0,80.18339864,1296
2023/7/30 21:30,0,96.85381062,1272
2023/7/30 21:45,0,105.7619551,1260
2023/7/30 22:00,0,98.66386137,1262.25
2023/7/30 22:15,0,95.95647861,1250.25
2023/7/30 22:30,0,94.80862049,1240.75
2023/7/30 22:45,0,129.2799929,1236
2023/7/30 23:00,0,148.1213729,1245.5
2023/7/30 23:15,0,146.8464894,1279
2023/7/30 23:30,0,136.6839404,1279
2023/7/30 23:45,0,122.0262555,1284
2023/7/31 00:00,0,108.4422254,1267
2023/7/31 00:15,0,95.68036119,1260
2023/7/31 00:30,0,99.40564489,1257.5
2023/7/31 00:45,0,90.90510871,1262.25
2023/7/31 01:00,0,96.21132129,1255
2023/7/31 01:15,0,106.6898295,1269.5
2023/7/31 01:30,0,92.75600743,1262.25
2023/7/31 01:45,0,70.81688189,1245.5
2023/7/31 02:00,0,65.47142703,1240.75
2023/7/31 02:15,0,70.09772166,1240.75
2023/7/31 02:30,0,69.12318869,1243
2023/7/31 02:45,0,70.28934945,1248
2023/7/31 03:00,0,72.11289714,1248
2023/7/31 03:15,0,78.60328386,1238.25
2023/7/31 03:30,0,87.6887156,1238.25
2023/7/31 03:45,0,88.5716868,1231
2023/7/31 04:00,0,91.8001705,1224
2023/7/31 04:15,0,86.83712549,1221.5
2023/7/31 04:30,0,77.52191174,1214.25
2023/7/31 04:45,0,78.55703186,1195
2023/7/31 05:00,0,81.80771174,1200
2023/7/31 05:15,0,87.60091395,1224
2023/7/31 05:30,0,93.29048424,1231
2023/7/31 05:45,4.862829131,94.57376702,1231
2023/7/31 06:00,31.59912309,85.70684129,1245.5
2023/7/31 06:15,59.28686577,90.80861406,1236
2023/7/31 06:30,99.20584867,99.72943409,1250.25
2023/7/31 06:45,145.4121062,87.0223113,1250.25
2023/7/31 07:00,183.6850911,67.58617284,1255
2023/7/31 07:15,250.0172168,67.72770821,1274.25
2023/7/31 07:30,296.1040789,64.92731523,1286.25
2023/7/31 07:45,331.856376,66.36804277,1291
2023/7/31 08:00,347.8036871,70.4712279,1296
2023/7/31 08:15,375.8501421,72.42126499,1308
2023/7/31 08:30,457.1171772,77.45968452,1315
2023/7/31 08:45,502.3924581,87.83710608,1346.25
2023/7/31 09:00,515.7332786,91.83545949,1358.25
2023/7/31 09:15,577.3033534,90.38717313,1368
2023/7/31 09:30,619.1636737,85.45329283,1341.5
2023/7/31 09:45,614.9424436,99.95119892,1353.5
2023/7/31 10:00,650.4973838,115.6112824,1363
2023/7/31 10:15,703.6553748,128.6236095,1320
2023/7/31 10:30,779.9398016,137.5102162,1353.5
2023/7/31 10:45,836.8772894,143.8080417,1339
2023/7/31 11:00,844.9489565,112.0058742,1353.5
2023/7/31 11:15,844.1434086,140.8675353,1346.25
2023/7/31 11:30,842.5724384,170.6955768,1370.25
2023/7/31 11:45,838.5415057,190.4367875,1363
2023/7/31 12:00,781.3623287,206.9810673,1365.5
2023/7/31 12:15,804.7582346,219.0926047,1353.5
2023/7/31 12:30,778.544196,228.5042842,1327
2023/7/31 12:45,761.9400762,229.0656056,1332
2023/7/31 13:00,772.0241034,231.5973939,1344
2023/7/31 13:15,699.4103144,234.9602821,1368
2023/7/31 13:30,663.1825317,243.0259702,1372.75
2023/7/31 13:45,602.6410481,273.9524652,1387
2023/7/31 14:00,592.0513729,304.190522,1396.75
2023/7/31 14:15,542.7438771,291.2328669,1392
2023/7/31 14:30,483.3835922,287.8385979,1394.25
2023/7/31 14:45,445.3780917,290.4599814,1396.75
2023/7/31 15:00,393.0635306,268.203783,1389.5
2023/7/31 15:15,378.7400152,267.7058352,1370.25
2023/7/31 15:30,346.2552111,286.9002345,1384.75
2023/7/31 15:45,272.3996145,277.7666015,1420.75
2023/7/31 16:00,223.6633377,238.5634055,1346.25
2023/7/31 16:15,174.2229141,251.3430373,1351
2023/7/31 16:30,137.3358109,297.0983488,1346.25
2023/7/31 16:45,116.6576626,303.0175786,1324.75
2023/7/31 17:00,95.00764212,281.4032867,1315
2023/7/31 17:15,76.72166623,305.6038962,1329.5
2023/7/31 17:30,51.9677068,306.8425123,1339
2023/7/31 17:45,29.74304066,250.8671186,1334.25
2023/7/31 18:00,16.85762547,227.2348564,1332
2023/7/31 18:15,18.19641099,176.7680972,1332
2023/7/31 18:30,0,132.6986196,1317.5
2023/7/31 18:45,0,126.5859172,1310.25
2023/7/31 19:00,0,107.0429757,1296
2023/7/31 19:15,0,90.4478889,1293.5
2023/7/31 19:30,0,82.34154123,1286.25
2023/7/31 19:45,0,65.22107532,1298.25
2023/7/31 20:00,0,53.89701279,1274.25
2023/7/31 20:15,0,47.94684483,1279
2023/7/31 20:30,0,58.63020423,1281.5
2023/7/31 20:45,0,59.77918855,1274.25
2023/7/31 21:00,0,61.04663092,1272
2023/7/31 21:15,0,62.10983869,1276.75
2023/7/31 21:30,0,61.56699698,1286.25
2023/7/31 21:45,0,54.881478,1255
2023/7/31 22:00,0,46.56188381,1250.25
2023/7/31 22:15,0,40.55912612,1245.5
2023/7/31 22:30,0,38.00628224,1245.5
2023/7/31 22:45,0,37.59320965,1260
2023/7/31 23:00,0,31.18681552,1248
2023/7/31 23:15,0,35.38953186,1252.75
2023/7/31 23:30,0,37.5152037,1260
2023/7/31 23:45,0,41.47232661,1245.5
2023/8/1 00:00,0,43.45722886,1245.5
2023/8/1 00:15,0,38.99009633,1238.25
2023/8/1 00:30,0,36.67950361,1238.25
2023/8/1 00:45,0,28.85357584,1233.5
2023/8/1 01:00,0,33.71074191,1231
2023/8/1 01:15,0,29.24708297,1238.25
2023/8/1 01:30,0,27.97426608,1231
2023/8/1 01:45,0,33.82314233,1240.75
2023/8/1 02:00,0,34.5656759,1231
2023/8/1 02:15,0,36.01864689,1226.25
2023/8/1 02:30,0,30.79035472,1231
2023/8/1 02:45,0,30.44445932,1226.25
2023/8/1 03:00,0,21.55561352,1226.25
2023/8/1 03:15,0,18.6277495,1221.5
2023/8/1 03:30,0,15.3421923,1228.75
2023/8/1 03:45,0,16.8926029,1221.5
2023/8/1 04:00,0,16.66097346,1214.25
2023/8/1 04:15,0,18.59216644,1200
2023/8/1 04:30,0,17.75043062,1188
2023/8/1 04:45,0,19.91386421,1188
2023/8/1 05:00,0,24.8044518,1197.5
2023/8/1 05:15,0,23.65336572,1207
2023/8/1 05:30,0,20.89710077,1219
2023/8/1 05:45,8.038962984,22.5264149,1214.25
2023/8/1 06:00,52.9636394,28.59099563,1219
2023/8/1 06:15,117.6406714,33.67768074,1219
2023/8/1 06:30,194.1139847,28.3282861,1231
2023/8/1 06:45,278.9028307,34.87210681,1216.75
2023/8/1 07:00,375.215291,44.50137736,1236
2023/8/1 07:15,470.9365892,52.58467009,1252.75
2023/8/1 07:30,577.0650833,53.93257927,1276.75
2023/8/1 07:45,665.6697485,55.8320787,1286.25
2023/8/1 08:00,733.4710657,61.76768931,1329.5
2023/8/1 08:15,803.9819675,60.73403769,1341.5
2023/8/1 08:30,852.4408136,61.22108421,1341.5
2023/8/1 08:45,915.1386607,58.92311641,1356
2023/8/1 09:00,982.9470439,61.04014698,1380
2023/8/1 09:15,1044.722062,63.99463353,1396.75
2023/8/1 09:30,1037.579233,59.38823156,1396.75
2023/8/1 09:45,996.2582725,59.33118982,1396.75
2023/8/1 10:00,1054.660521,60.10403416,1382.25
2023/8/1 10:15,1091.290006,63.82156317,1368
2023/8/1 10:30,1093.673466,64.7372539,1365.5
2023/8/1 10:45,1073.296296,64.38902595,1365.5
2023/8/1 11:00,1064.473379,64.36719129,1384.75
2023/8/1 11:15,1081.011578,66.37512051,1399
2023/8/1 11:30,1078.188794,71.36042995,1382.25
2023/8/1 11:45,1057.70195,124.6196904,1380
2023/8/1 12:00,1033.118434,171.6945896,1380
2023/8/1 12:15,1015.315572,189.6968044,1360.75
2023/8/1 12:30,1008.821317,204.5113389,1363
2023/8/1 12:45,1052.496999,208.033756,1356
2023/8/1 13:00,1006.694044,215.9398469,1387
2023/8/1 13:15,965.4001748,223.7853785,1396.75
2023/8/1 13:30,864.4506917,230.4755044,1401.5
2023/8/1 13:45,822.1079229,233.5386595,1406.25
2023/8/1 14:00,783.2639119,244.8389023,1411
2023/8/1 14:15,683.5928577,257.532352,1411
2023/8/1 14:30,623.5486829,273.4131036,1416
2023/8/1 14:45,552.2143223,276.7880854,1423
2023/8/1 15:00,466.7666543,284.2817297,1399
2023/8/1 15:15,390.7261246,289.5436639,1368
2023/8/1 15:30,344.0906032,167.9024073,1360.75
2023/8/1 15:45,326.3232572,180.987628,1375
2023/8/1 16:00,306.88119,227.6679397,1358.25
2023/8/1 16:15,263.995038,241.9973576,1339
2023/8/1 16:30,226.6189838,238.6231222,1346.25
2023/8/1 16:45,186.646102,347.9497968,1312.75
2023/8/1 17:00,142.5622821,331.0391828,1300.75
2023/8/1 17:15,99.01229729,326.0890316,1315
2023/8/1 17:30,66.32132127,335.8044607,1317.5
2023/8/1 17:45,35.21088136,348.5762828,1320
2023/8/1 18:00,19.21744723,343.6196578,1317.5
2023/8/1 18:15,19.35701476,319.6060936,1308
2023/8/1 18:30,0,270.3148781,1320
2023/8/1 18:45,0,246.1687171,1308
2023/8/1 19:00,0,242.8655153,1308
2023/8/1 19:15,0,244.9581719,1303
2023/8/1 19:30,0,214.6720101,1267
2023/8/1 19:45,0,154.6726334,1257.5
2023/8/1 20:00,0,140.6506207,1257.5
2023/8/1 20:15,0,146.9045124,1267
2023/8/1 20:30,0,100.5964493,1262.25
2023/8/1 20:45,0,72.55397184,1248
2023/8/1 21:00,0,79.4536483,1252.75
2023/8/1 21:15,0,71.56479063,1252.75
2023/8/1 21:30,0,65.46436385,1245.5
2023/8/1 21:45,0,69.22269562,1243
2023/8/1 22:00,0,72.78066629,1248
2023/8/1 22:15,0,87.0429737,1228.75
2023/8/1 22:30,0,97.80551696,1231
2023/8/1 22:45,0,106.0635271,1228.75
2023/8/1 23:00,0,107.1383552,1231
2023/8/1 23:15,0,111.0862163,1236
2023/8/1 23:30,0,103.2179585,1245.5
2023/8/1 23:45,0,93.70688277,1245.5
2023/8/2 00:00,0,87.4039543,1248
2023/8/2 00:15,0,63.91334144,1245.5
2023/8/2 00:30,0,62.55630255,1233.5
2023/8/2 00:45,0,56.24054632,1248
2023/8/2 01:00,0,44.39395233,1243
2023/8/2 01:15,0,33.55420977,1248
2023/8/2 01:30,0,26.28334795,1245.5
2023/8/2 01:45,0,24.73375056,1262.25
2023/8/2 02:00,0,23.30478174,1257.5
2023/8/2 02:15,0,23.50235016,1248
2023/8/2 02:30,0,24.46940094,1245.5
2023/8/2 02:45,0,26.0426153,1240.75
2023/8/2 03:00,0,30.92464208,1238.25
2023/8/2 03:15,0,39.84768507,1238.25
2023/8/2 03:30,0,48.51305556,1231
2023/8/2 03:45,0,49.36676823,1240.75
2023/8/2 04:00,0,52.38188854,1231
2023/8/2 04:15,0,42.01435637,1214.25
2023/8/2 04:30,0,36.60146376,1216.75
2023/8/2 04:45,0,40.1970411,1204.75
2023/8/2 05:00,0,37.7691537,1214.25
2023/8/2 05:15,0,35.95253105,1226.25
2023/8/2 05:30,0,36.14162711,1238.25
2023/8/2 05:45,2.228172433,30.99255806,1233.5
2023/8/2 06:00,25.70684128,27.18203279,1236
2023/8/2 06:15,53.85676587,23.72640939,1248
2023/8/2 06:30,85.38230763,20.74716597,1238.25
2023/8/2 06:45,129.4737812,20.58675611,1248
2023/8/2 07:00,177.2066088,22.87808732,1267
2023/8/2 07:15,249.0413549,23.67692908,1284
2023/8/2 07:30,324.633901,21.63845634,1281.5
2023/8/2 07:45,374.9544067,22.38479654,1269.5
2023/8/2 08:00,424.7419202,20.94915676,1288.75
2023/8/2 08:15,527.0846686,21.4299096,1286.25
2023/8/2 08:30,613.5733932,13.42887147,1284
2023/8/2 08:45,744.6322261,13.18841704,1291
2023/8/2 09:00,816.5902242,16.85859633,1296
2023/8/2 09:15,844.6098385,28.95130423,1291
2023/8/2 09:30,840.3074095,35.77535093,1286.25
2023/8/2 09:45,915.2125208,41.52579928,1296
2023/8/2 10:00,931.6226485,43.35264918,1300.75
2023/8/2 10:15,919.8325389,46.65093399,1281.5
2023/8/2 10:30,952.5910106,50.2812466,1274.25
2023/8/2 10:45,957.0570859,49.27319999,1272
2023/8/2 11:00,955.9480214,61.50445903,1300.75
2023/8/2 11:15,926.6137709,93.0259056,1305.5
2023/8/2 11:30,896.9157164,118.7630248,1315
2023/8/2 11:45,873.5496964,155.7095385,1317.5
2023/8/2 12:00,899.4970171,184.4599013,1315
2023/8/2 12:15,955.8275171,190.2045506,1300.75
2023/8/2 12:30,1011.636336,190.4814218,1300.75
2023/8/2 12:45,1036.263381,194.7919958,1312.75
2023/8/2 13:00,1018.286054,203.4349243,1312.75
2023/8/2 13:15,970.7547646,213.1524888,1312.75
2023/8/2 13:30,969.2098677,233.7408356,1317.5
2023/8/2 13:45,919.7552744,231.7444591,1324.75
2023/8/2 14:00,874.6679573,217.1352492,1322.25
2023/8/2 14:15,858.6882293,223.1311492,1303
2023/8/2 14:30,821.9781059,245.2722137,1322.25
2023/8/2 14:45,815.307311,306.8899613,1305.5
2023/8/2 15:00,769.274598,338.2694324,1303
2023/8/2 15:15,693.6888441,355.3670629,1303
2023/8/2 15:30,589.0413903,362.4509592,1310.25
2023/8/2 15:45,529.8553798,372.5715205,1305.5
2023/8/2 16:00,448.1845847,385.9639866,1286.25
2023/8/2 16:15,397.0786918,388.1199944,1272
2023/8/2 16:30,340.0903653,371.1022486,1257.5
2023/8/2 16:45,284.0719541,379.4186644,1264.75
2023/8/2 17:00,234.2746274,377.1614971,1260
2023/8/2 17:15,174.8692209,367.3150609,1281.5
2023/8/2 17:30,120.569877,360.9007541,1291
2023/8/2 17:45,74.07441485,336.6685511,1279
2023/8/2 18:00,41.43408461,301.72205,1284
2023/8/2 18:15,14.89830775,279.9914423,1279
2023/8/2 18:30,0,272.6775612,1272
2023/8/2 18:45,0,287.5002362,1272
2023/8/2 19:00,0,295.1007232,1267
2023/8/2 19:15,0,300.3111253,1296
2023/8/2 19:30,0,303.3719865,1276.75
2023/8/2 19:45,0,282.6755592,1284
2023/8/2 20:00,0,248.6167872,1279
2023/8/2 20:15,0,223.9961357,1276.75
2023/8/2 20:30,0,213.0097171,1276.75
2023/8/2 20:45,0,208.0368271,1267
2023/8/2 21:00,0,190.0681976,1281.5
2023/8/2 21:15,0,60.65217376,1267
2023/8/2 21:30,0,63.56614329,1264.75
2023/8/2 21:45,0,67.02616223,1264.75
2023/8/2 22:00,0,177.7980036,1264.75
2023/8/2 22:15,0,183.9770433,1245.5
2023/8/2 22:30,0,197.8185163,1238.25
2023/8/2 22:45,0,207.6185242,1250.25
2023/8/2 23:00,0,208.2547849,1260
2023/8/2 23:15,0,215.568537,1267
2023/8/2 23:30,0,214.9657113,1279
2023/8/2 23:45,0,176.4308485,1279
2023/8/3 00:00,0,179.4550004,1279
2023/8/3 00:15,0,178.2656376,1260
2023/8/3 00:30,0,185.7616743,1264.75
2023/8/3 00:45,0,175.0308335,1279
2023/8/3 01:00,0,160.8248718,1274.25
2023/8/3 01:15,0,160.4698684,1269.5
2023/8/3 01:30,0,146.5012384,1269.5
2023/8/3 01:45,0,139.6465523,1276.75
2023/8/3 02:00,0,145.2898007,1260
2023/8/3 02:15,0,153.0165804,1252.75
2023/8/3 02:30,0,154.7971744,1264.75
2023/8/3 02:45,0,162.3808954,1262.25
2023/8/3 03:00,0,169.4866559,1260
2023/8/3 03:15,0,168.3481894,1252.75
2023/8/3 03:30,0,163.6171702,1272
2023/8/3 03:45,0,166.5360329,1269.5
2023/8/3 04:00,0,166.9610147,1267
2023/8/3 04:15,0,159.9189788,1248
2023/8/3 04:30,0,156.3663658,1233.5
2023/8/3 04:45,0,150.3018574,1228.75
2023/8/3 05:00,0,159.2339571,1228.75
2023/8/3 05:15,0,168.210281,1255
2023/8/3 05:30,0,170.0649674,1257.5
2023/8/3 05:45,0.685372157,163.3248901,1262.25
2023/8/3 06:00,16.69813178,166.1386997,1260
2023/8/3 06:15,29.53190895,158.9886538,1262.25
2023/8/3 06:30,48.76393782,154.2077952,1260
2023/8/3 06:45,68.05233359,143.6055915,1262.25
2023/8/3 07:00,89.36560964,149.3069041,1272
2023/8/3 07:15,108.032031,168.1653291,1286.25
2023/8/3 07:30,127.467446,164.8808172,1284
2023/8/3 07:45,155.1605656,168.6395229,1291
2023/8/3 08:00,183.5965779,179.1006591,1300.75
2023/8/3 08:15,212.5118233,186.1694555,1308
2023/8/3 08:30,243.1945022,185.3898064,1300.75
2023/8/3 08:45,276.1162495,195.5590453,1305.5
2023/8/3 09:00,307.9008218,202.5650012,1310.25
2023/8/3 09:15,300.1223077,213.2736933,1298.25
2023/8/3 09:30,284.562188,216.6063621,1300.75
2023/8/3 09:45,287.4081261,221.0284433,1300.75
2023/8/3 10:00,289.8417438,223.9862579,1315
2023/8/3 10:15,265.3725346,216.8572141,1288.75
2023/8/3 10:30,251.283415,226.0197797,1293.5
2023/8/3 10:45,210.6723303,238.432393,1288.75
2023/8/3 11:00,193.716331,244.9884148,1288.75
2023/8/3 11:15,181.6841757,245.2577201,1308
2023/8/3 11:30,167.6775896,234.1680027,1310.25
2023/8/3 11:45,156.5029471,235.1885936,1312.75
2023/8/3 12:00,158.4706794,246.460546,1305.5
2023/8/3 12:15,164.2537422,273.1785127,1296
2023/8/3 12:30,178.1061928,312.3767071,1308
2023/8/3 12:45,212.4909362,290.6275532,1315
2023/8/3 13:00,220.3788001,397.0152379,1308
2023/8/3 13:15,216.8831253,409.7198533,1296
2023/8/3 13:30,189.4035664,401.4277444,1281.5
2023/8/3 13:45,140.1431331,503.1100919,1291
2023/8/3 14:00,118.849015,499.2107913,1276.75
2023/8/3 14:15,144.0054316,488.2240556,1262.25
2023/8/3 14:30,154.5362812,536.4846223,1257.5
2023/8/3 14:45,168.6519649,572.0316333,1260
2023/8/3 15:00,162.5822672,459.1301115,1272
2023/8/3 15:15,135.6588094,530.1534262,1264.75
2023/8/3 15:30,129.5179233,531.8465252,1279
2023/8/3 15:45,111.2817047,525.7615505,1274.25
2023/8/3 16:00,88.66820614,674.9668573,1274.25
2023/8/3 16:15,69.90614102,663.2109151,1252.75
2023/8/3 16:30,58.24166633,595.0835258,1257.5
2023/8/3 16:45,43.69024906,516.2905044,1236
2023/8/3 17:00,34.1778075,428.5854933,1219
2023/8/3 17:15,29.22581296,407.845237,1250.25
2023/8/3 17:30,28.05773344,375.3305086,1255
2023/8/3 17:45,25.23466946,356.516485,1255
2023/8/3 18:00,21.9487361,357.7100243,1240.75
2023/8/3 18:15,17.03697239,356.0041244,1240.75
2023/8/3 18:30,0,346.9450243,1228.75
2023/8/3 18:45,0,338.8901842,1231
2023/8/3 19:00,0,317.4844608,1226.25
2023/8/3 19:15,0,310.8436128,1226.25
2023/8/3 19:30,0,312.767906,1224
2023/8/3 19:45,0,309.2863624,1212
2023/8/3 20:00,0,300.4994399,1216.75
2023/8/3 20:15,0,290.2182345,1219
2023/8/3 20:30,0,296.8087515,1216.75
2023/8/3 20:45,0,294.6925315,1219
2023/8/3 21:00,0,305.5187239,1226.25
2023/8/3 21:15,0,382.0741933,1221.5
2023/8/3 21:30,0,470.5061734,1224
2023/8/3 21:45,0,494.8583057,1214.25
2023/8/3 22:00,0,491.0835543,1236
2023/8/3 22:15,0,455.6264789,1204.75
2023/8/3 22:30,0,405.2354324,1192.75
2023/8/3 22:45,0,368.0314144,1190.25
2023/8/3 23:00,0,340.345412,1192.75
2023/8/3 23:15,0,296.1662198,1204.75
2023/8/3 23:30,0,270.5699417,1216.75
2023/8/3 23:45,0,291.033262,1221.5
2023/8/4 00:00,0,322.4654164,1216.75
2023/8/4 00:15,0,328.6347773,1219
2023/8/4 00:30,0,323.8316339,1221.5
2023/8/4 00:45,0,312.7374886,1226.25
2023/8/4 01:00,0,302.5602645,1221.5
2023/8/4 01:15,0,274.79848,1221.5
2023/8/4 01:30,0,263.3259277,1224
2023/8/4 01:45,0,233.7339809,1224
2023/8/4 02:00,0,244.9411358,1224
2023/8/4 02:15,0,222.125302,1233.5
2023/8/4 02:30,0,180.4570161,1226.25
2023/8/4 02:45,0,141.3797657,1219
2023/8/4 03:00,0,125.0590213,1219
2023/8/4 03:15,0,121.6123899,1228.75
2023/8/4 03:30,0,123.0554103,1233.5
2023/8/4 03:45,0,134.7524606,1228.75
2023/8/4 04:00,0,170.6516244,1221.5
2023/8/4 04:15,0,178.8977721,1207
2023/8/4 04:30,0,193.0455581,1204.75
2023/8/4 04:45,0,222.4570869,1195
2023/8/4 05:00,0,211.1499209,1219
2023/8/4 05:15,0,222.1697705,1226.25
2023/8/4 05:30,0,255.989585,1228.75
2023/8/4 05:45,0.153867037,262.4069548,1226.25
2023/8/4 06:00,10.34572934,226.6007934,1224
2023/8/4 06:15,21.470621,211.3622539,1240.75
2023/8/4 06:30,36.07089001,244.6498443,1233.5
2023/8/4 06:45,58.11019039,303.748934,1238.25
2023/8/4 07:00,84.40891311,329.1386396,1250.25
2023/8/4 07:15,115.8296314,323.5393992,1264.75
2023/8/4 07:30,141.2203604,283.844427,1272
2023/8/4 07:45,181.3811906,259.546271,1296
2023/8/4 08:00,232.3724748,279.4526978,1312.75
2023/8/4 08:15,270.1999916,293.0715235,1305.5
2023/8/4 08:30,319.8285512,296.0956836,1317.5
2023/8/4 08:45,369.9848318,308.2783114,1317.5
2023/8/4 09:00,414.6874047,294.725345,1346.25
2023/8/4 09:15,456.1043733,131.6279951,1341.5
2023/8/4 09:30,494.7262439,165.7413584,1329.5
2023/8/4 09:45,547.765878,170.6583097,1329.5
2023/8/4 10:00,613.4606518,152.722926,1308
2023/8/4 10:15,607.1141407,155.8550662,1322.25
2023/8/4 10:30,594.6065878,310.2690301,1312.75
2023/8/4 10:45,619.9442454,286.0901595,1322.25
2023/8/4 11:00,649.1837612,260.5130495,1320
2023/8/4 11:15,671.4172662,253.9201479,1329.5
2023/8/4 11:30,613.1913745,256.287174,1332
2023/8/4 11:45,557.8478672,267.7264414,1339
2023/8/4 12:00,537.7390247,272.5617416,1332
2023/8/4 12:15,591.082628,286.0169213,1329.5
2023/8/4 12:30,581.0318688,304.5388555,1324.75
2023/8/4 12:45,575.4128794,293.9683866,1324.75
2023/8/4 13:00,558.132957,277.7381946,1320
2023/8/4 13:15,496.1419712,286.0820029,1363
2023/8/4 13:30,462.9237589,290.5620042,1358.25
2023/8/4 13:45,420.4818818,282.4152606,1375
2023/8/4 14:00,360.3903852,274.3104546,1363
2023/8/4 14:15,328.7621986,266.2889469,1353.5
2023/8/4 14:30,286.3262758,261.4949337,1384.75
2023/8/4 14:45,246.0216022,258.3799318,1389.5
2023/8/4 15:00,237.8210067,258.5780083,1384.75
2023/8/4 15:15,235.4565731,258.5526794,1389.5
2023/8/4 15:30,227.5059958,286.7121541,1363
2023/8/4 15:45,205.7246338,309.8810681,1353.5
2023/8/4 16:00,171.0456189,144.0527655,1353.5
2023/8/4 16:15,162.4502147,145.0048981,1348.75
2023/8/4 16:30,136.9831026,151.1935305,1322.25
2023/8/4 16:45,115.0351542,150.426295,1329.5
2023/8/4 17:00,88.07981388,171.0582773,1308
2023/8/4 17:15,62.76015211,191.8347244,1320
2023/8/4 17:30,39.72820827,187.5428121,1339
2023/8/4 17:45,22.35935902,173.1975364,1346.25
2023/8/4 18:00,17.73350702,145.8309302,1339
2023/8/4 18:15,12.93823921,134.9764789,1336.75
2023/8/4 18:30,0,144.0329024,1320
2023/8/4 18:45,0,146.4150431,1312.75
2023/8/4 19:00,0,156.1028144,1291
2023/8/4 19:15,0,153.4005406,1298.25
2023/8/4 19:30,0,165.3552075,1286.25
2023/8/4 19:45,0,166.3053813,1288.75
2023/8/4 20:00,0,155.5255179,1274.25
2023/8/4 20:15,0,141.1830768,1264.75
2023/8/4 20:30,0,146.4520634,1269.5
2023/8/4 20:45,0,158.418264,1279
2023/8/4 21:00,0,156.0798228,1279
2023/8/4 21:15,0,153.0687732,1260
2023/8/4 21:30,0,149.4369386,1264.75
2023/8/4 21:45,0,145.9484263,1262.25
2023/8/4 22:00,0,286.1781561,1250.25
2023/8/4 22:15,0,274.393426,1260
2023/8/4 22:30,0,269.1586415,1248
2023/8/4 22:45,0,260.2799598,1240.75
2023/8/4 23:00,0,260.2091442,1240.75
2023/8/4 23:15,0,104.1095986,1260
2023/8/4 23:30,0,112.9253729,1269.5
2023/8/4 23:45,0,122.451932,1272
2023/8/5 00:00,0,124.9573858,1284
2023/8/5 00:15,0,114.0960724,1269.5
2023/8/5 00:30,0,112.1620429,1274.5
2023/8/5 00:45,0,112.5685835,1267.25
2023/8/5 01:00,0,258.9358404,1274.5
2023/8/5 01:15,0,241.0651278,1274.5
2023/8/5 01:30,0,225.1862445,1281.5
2023/8/5 01:45,0,212.7409649,1274.5
2023/8/5 02:00,0,199.1059374,1262.5
2023/8/5 02:15,0,187.8391633,1260
2023/8/5 02:30,0,161.0560656,1260
2023/8/5 02:45,0,160.3141891,1255.25
2023/8/5 03:00,0,152.5978158,1274.5
2023/8/5 03:15,0,158.5200026,1252.75
2023/8/5 03:30,0,161.0126093,1257.5
2023/8/5 03:45,0,167.8309177,1252.75
2023/8/5 04:00,0,180.7837553,1245.5
2023/8/5 04:15,0,189.1594058,1233.5
2023/8/5 04:30,0,194.9215948,1226.5
2023/8/5 04:45,0,187.7105133,1228.75
2023/8/5 05:00,0,180.6906135,1219.25
2023/8/5 05:15,0,175.7949463,1238.5
2023/8/5 05:30,0,172.1093478,1252.75
2023/8/5 05:45,1.504132235,152.623391,1250.5
2023/8/5 06:00,24.15664215,125.209599,1267.25
2023/8/5 06:15,52.85549218,105.4350091,1248
2023/8/5 06:30,86.13370138,96.47108268,1248
2023/8/5 06:45,127.4317279,84.23010181,1252.75
2023/8/5 07:00,172.9522821,89.68469371,1252.75
2023/8/5 07:15,227.6323283,94.68939847,1279.25
2023/8/5 07:30,308.5543524,103.6504603,1288.75
2023/8/5 07:45,401.4524426,102.0880857,1303.25
2023/8/5 08:00,495.8211067,101.7478788,1315.25
2023/8/5 08:15,585.5049455,88.51102692,1329.5
2023/8/5 08:30,673.2905975,81.66577286,1346.5
2023/8/5 08:45,752.3644699,81.75265256,1375.25
2023/8/5 09:00,820.3330498,80.15537375,1377.5
2023/8/5 09:15,944.5252276,83.40268646,1387.25
2023/8/5 09:30,1036.771236,76.47751893,1401.5
2023/8/5 09:45,1041.813091,67.02834179,1392
2023/8/5 10:00,1075.067045,66.53349152,1384.75
2023/8/5 10:15,1116.433483,73.23213068,1360.75
2023/8/5 10:30,1162.699149,71.17023685,1324.75
2023/8/5 10:45,1111.146669,69.99709805,1348.75
2023/8/5 11:00,1071.226762,87.58368049,1365.5
2023/8/5 11:15,1103.385035,114.0129779,1384.75
2023/8/5 11:30,1058.466143,120.0443639,1418.5
2023/8/5 11:45,1058.704888,130.5200095,1406.5
2023/8/5 12:00,1117.631042,138.642973,1401.5
2023/8/5 12:15,1103.857418,152.6799648,1384.75
2023/8/5 12:30,1076.347503,166.6524711,1377.5
2023/8/5 12:45,1032.487554,167.1575605,1375.25
2023/8/5 13:00,974.269361,169.8501844,1401.5
2023/8/5 13:15,969.6926465,171.6253962,1401.5
2023/8/5 13:30,898.633733,189.6746684,1387.25
2023/8/5 13:45,900.8915063,197.7867757,1365.5
2023/8/5 14:00,890.7353882,203.637112,1382.5
2023/8/5 14:15,855.3370578,194.7600376,1382.5
2023/8/5 14:30,763.64047,181.3725888,1384.75
2023/8/5 14:45,708.0493286,179.3261423,1384.75
2023/8/5 15:00,652.6403198,172.0531731,1363.25
2023/8/5 15:15,616.3247728,192.4217106,1368
2023/8/5 15:30,540.1036094,217.0649556,1377.5
2023/8/5 15:45,450.7884019,237.3820407,1360.75
2023/8/5 16:00,400.6002639,213.8743368,1372.75
2023/8/5 16:15,343.4061786,196.5147773,1336.75
2023/8/5 16:30,294.2499119,194.235431,1305.5
2023/8/5 16:45,215.6528449,185.2358784,1305.5
2023/8/5 17:00,146.7436742,161.6630389,1303.25
2023/8/5 17:15,98.70673984,167.4964135,1308
2023/8/5 17:30,62.45038703,164.7714072,1303.25
2023/8/5 17:45,36.43858731,156.7499956,1336.75
2023/8/5 18:00,20.24826921,158.8414822,1308
2023/8/5 18:15,15.52901623,204.9895841,1303.25
2023/8/5 18:30,0,166.2378533,1310.5
2023/8/5 18:45,0,127.4250343,1310.5
2023/8/5 19:00,0,141.9529582,1310.5
2023/8/5 19:15,0,130.3663872,1308
2023/8/5 19:30,0,107.1849075,1298.5
2023/8/5 19:45,0,87.93584306,1284
2023/8/5 20:00,0,59.00740033,1284
2023/8/5 20:15,0,47.28252217,1276.75
2023/8/5 20:30,0,45.56542982,1262.5
2023/8/5 20:45,0,37.03432313,1293.5
2023/8/5 21:00,0,38.46680158,1269.5
2023/8/5 21:15,0,33.08777575,1267.25
2023/8/5 21:30,0,24.71298023,1260
2023/8/5 21:45,0,17.4723992,1252.75
2023/8/5 22:00,0,14.54559641,1243.25
2023/8/5 22:15,0,13.88550976,1231.25
2023/8/5 22:30,0,12.77313808,1228.75
2023/8/5 22:45,0,12.02988563,1233.5
2023/8/5 23:00,0,14.59100651,1250.5
2023/8/5 23:15,0,17.49550535,1276.75
2023/8/5 23:30,0,17.70275621,1274.5
2023/8/5 23:45,0,20.52479987,1286.5
2023/8/6 00:00,0,25.02222721,1288.75
2023/8/6 00:15,0,28.24624728,1286.5
2023/8/6 00:30,0,33.181653,1298.5
2023/8/6 00:45,0,26.08507819,1293.5
2023/8/6 01:00,0,21.96839414,1291.25
2023/8/6 01:15,0,22.66562394,1276.75
2023/8/6 01:30,0,21.11614839,1286.5
2023/8/6 01:45,0,24.3453575,1276.75
2023/8/6 02:00,0,26.48022366,1272
2023/8/6 02:15,0,26.32546639,1274.5
2023/8/6 02:30,0,31.39507287,1272
2023/8/6 02:45,0,31.62709641,1272
2023/8/6 03:00,0,24.72101769,1281.5
2023/8/6 03:15,0,22.11907775,1267.25
2023/8/6 03:30,0,24.56449166,1274.5
2023/8/6 03:45,0,26.41407991,1260
2023/8/6 04:00,0,29.49222016,1252.75
2023/8/6 04:15,0,30.16311958,1240.75
2023/8/6 04:30,0,31.62025125,1240.75
2023/8/6 04:45,0,34.07262833,1221.5
2023/8/6 05:00,0,41.69998181,1219.25
2023/8/6 05:15,0,53.23979864,1243.25
2023/8/6 05:30,0,61.96984433,1252.75
2023/8/6 05:45,1.842093551,68.58046693,1260
2023/8/6 06:00,30.7514602,62.70627257,1286.5
2023/8/6 06:15,69.51519686,52.19708871,1286.5
2023/8/6 06:30,104.4563805,40.46696882,1288.75
2023/8/6 06:45,145.1081137,39.10006373,1281.5
2023/8/6 07:00,201.2474991,43.4143653,1284
2023/8/6 07:15,258.9548944,43.72249675,1293.5
2023/8/6 07:30,340.3959064,40.12822716,1303.25
2023/8/6 07:45,432.503618,39.06383571,1310.5
2023/8/6 08:00,555.1919929,37.9029553,1317.5
2023/8/6 08:15,644.6413037,39.82868867,1324.75
2023/8/6 08:30,752.0186119,37.12330866,1336.75
2023/8/6 08:45,825.8992868,32.91448925,1351.25
2023/8/6 09:00,903.2301483,26.67544058,1377.5
2023/8/6 09:15,970.4928011,19.91375024,1380
2023/8/6 09:30,1032.676781,17.43493722,1384.75
2023/8/6 09:45,1090.834816,16.50617079,1356
2023/8/6 10:00,1133.227687,17.90069813,1365.5
2023/8/6 10:15,1127.849655,13.83710883,1358.5
2023/8/6 10:30,1096.352401,15.99334264,1356
2023/8/6 10:45,1120.487539,21.10311865,1365.5
2023/8/6 11:00,1118.970838,24.29577863,1351.25
2023/8/6 11:15,1083.742199,20.04067915,1372.75
2023/8/6 11:30,1103.899249,16.95625298,1365.5
2023/8/6 11:45,1110.44349,18.37488678,1365.5
2023/8/6 12:00,1115.738952,22.83734493,1365.5
2023/8/6 12:15,1115.021636,30.10759029,1372.75
2023/8/6 12:30,1094.995884,33.75169423,1351.25
2023/8/6 12:45,1040.830935,36.82155483,1344
2023/8/6 13:00,992.362375,40.90517075,1368
2023/8/6 13:15,971.6476546,38.89302786,1380
2023/8/6 13:30,937.1941785,38.78174632,1389.5
2023/8/6 13:45,909.1868116,42.66345178,1425.5
2023/8/6 14:00,867.4558582,48.08895967,1408.75
2023/8/6 14:15,822.4417296,56.03798171,1416
2023/8/6 14:30,774.3120299,45.88278886,1420.75
2023/8/6 14:45,756.4751959,33.65794773,1399.25
2023/8/6 15:00,723.3532977,27.31462273,1368
2023/8/6 15:15,659.460978,26.93060774,1375.25
2023/8/6 15:30,583.3784207,31.64186927,1363.25
2023/8/6 15:45,504.7888298,30.60860759,1358.5
2023/8/6 16:00,430.4262303,30.9350672,1356
2023/8/6 16:15,359.6541142,33.22326153,1334.5
2023/8/6 16:30,281.081622,33.41831828,1312.75
2023/8/6 16:45,208.8357464,34.01005292,1310.5
2023/8/6 17:00,141.6670652,33.24020647,1303.25
2023/8/6 17:15,97.41713449,36.27781941,1320
2023/8/6 17:30,65.20557062,45.74530234,1324.75
2023/8/6 17:45,46.01229696,47.92532275,1324.75
2023/8/6 18:00,30.74691202,41.87355677,1317.5
2023/8/6 18:15,19.12828892,48.08249133,1329.5
2023/8/6 18:30,0,56.09071584,1317.5
2023/8/6 18:45,0,54.22436611,1324.75
2023/8/6 19:00,0,41.12939378,1332
2023/8/6 19:15,0,37.16483343,1332
2023/8/6 19:30,0,35.26489512,1320
2023/8/6 19:45,0,34.0939034,1308
2023/8/6 20:00,0,31.33568394,1298.5
2023/8/6 20:15,0,33.50534899,1293.5
2023/8/6 20:30,0,38.78794761,1284
2023/8/6 20:45,0,40.72080746,1279.25
2023/8/6 21:00,0,45.91842547,1260
2023/8/6 21:15,0,47.58284398,1252.75
2023/8/6 21:30,0,39.07524256,1248
2023/8/6 21:45,0,39.49706513,1236
2023/8/6 22:00,0,47.03170915,1226.5
2023/8/6 22:15,0,55.9103629,1214.5
2023/8/6 22:30,0,51.78954917,1219.25
2023/8/6 22:45,0,38.40284212,1204.75
2023/8/6 23:00,0,32.36362944,1214.5
2023/8/6 23:15,0,27.35818948,1224
2023/8/6 23:30,0,24.50694518,1236
2023/8/6 23:45,0,20.59975326,1243.25
2023/8/7 00:00,0,19.49327665,1250.5
2023/8/7 00:15,0,18.2394163,1250.5
2023/8/7 00:30,0,14.17941193,1264.75
2023/8/7 00:45,0,12.56104106,1255.25
2023/8/7 01:00,0,13.72749605,1252.75
2023/8/7 01:15,0,14.18241183,1248
2023/8/7 01:30,0,13.57029682,1255.25
2023/8/7 01:45,0,12.23389248,1240.75
2023/8/7 02:00,0,12.03129175,1250.5
2023/8/7 02:15,0,11.76940818,1245.5
2023/8/7 02:30,0,9.044462346,1238.5
2023/8/7 02:45,0,6.877945501,1243.25
2023/8/7 03:00,0,3.87269443,1238.5
2023/8/7 03:15,0,3.948934345,1238.5
2023/8/7 03:30,0,4.629795041,1248
2023/8/7 03:45,0,6.548119664,1233.5
2023/8/7 04:00,0,7.391358649,1236
2023/8/7 04:15,0,5.990967494,1219.25
2023/8/7 04:30,0,6.406713926,1209.5
2023/8/7 04:45,0,5.532902515,1212
2023/8/7 05:00,0,5.206958837,1221.5
2023/8/7 05:15,0,4.812573239,1238.5
2023/8/7 05:30,0,4.618303368,1243.25
2023/8/7 05:45,1.982880178,5.91928898,1248
2023/8/7 06:00,32.79643078,8.084578193,1248
2023/8/7 06:15,75.59142149,10.77024644,1250.5
2023/8/7 06:30,113.8872511,10.78767153,1260
2023/8/7 06:45,153.5879245,8.356295656,1264.75
2023/8/7 07:00,215.3722112,7.85372759,1272
2023/8/7 07:15,297.385659,7.115349559,1281.5
2023/8/7 07:30,376.0769206,6.455482562,1291.25
2023/8/7 07:45,456.7872096,6.863799871,1305.5
2023/8/7 08:00,504.7991087,7.654567429,1312.75
2023/8/7 08:15,551.8851481,7.715514878,1346.5
2023/8/7 08:30,592.4700985,6.554840443,1327.25
2023/8/7 08:45,644.0872287,6.874907471,1341.5
2023/8/7 09:00,709.359963,7.337705134,1344
2023/8/7 09:15,770.2904991,8.195767725,1339.25
2023/8/7 09:30,818.4012512,9.76144719,1348.75
2023/8/7 09:45,892.5071486,8.123961258,1358.5
2023/8/7 10:00,944.2138842,8.801815291,1341.5
2023/8/7 10:15,946.8694537,11.38339553,1329.5
2023/8/7 10:30,984.1673397,13.56009154,1324.75
2023/8/7 10:45,979.0083203,20.25194899,1341.5
2023/8/7 11:00,1017.569846,21.21103577,1348.75
2023/8/7 11:15,1006.267145,21.46541099,1365.5
2023/8/7 11:30,1026.813108,20.73868779,1368
2023/8/7 11:45,993.9835504,21.13187178,1365.5
2023/8/7 12:00,959.0528143,23.97289099,1353.5
2023/8/7 12:15,956.5612407,29.16591592,1358.5
2023/8/7 12:30,951.5539176,27.59267298,1356
2023/8/7 12:45,939.876444,28.9506437,1360.75
2023/8/7 13:00,906.6710699,28.84040272,1384.75
2023/8/7 13:15,861.7684387,28.19906077,1394.5
2023/8/7 13:30,747.8823546,32.16523376,1387.25
2023/8/7 13:45,676.9108245,35.83069063,1394.5
2023/8/7 14:00,657.4077479,39.94732972,1404
2023/8/7 14:15,651.3935698,41.03272653,1413.5
2023/8/7 14:30,629.9587986,46.73274417,1382.5
2023/8/7 14:45,601.4481054,58.31734811,1380
2023/8/7 15:00,539.2968642,66.97022875,1384.75
2023/8/7 15:15,493.5499867,83.64296787,1375.25
2023/8/7 15:30,434.525668,82.77062997,1365.5
2023/8/7 15:45,368.3700163,102.7588367,1351.25
2023/8/7 16:00,329.7794626,121.5074541,1351.25
2023/8/7 16:15,302.8943922,123.3181078,1327.25
2023/8/7 16:30,275.4443675,119.4747098,1300.75
2023/8/7 16:45,247.1949823,113.178242,1286.5
2023/8/7 17:00,204.9027933,109.059018,1281.5
2023/8/7 17:15,157.0584044,118.6888053,1291.25
2023/8/7 17:30,111.5657016,128.6913796,1303.25
2023/8/7 17:45,69.8175725,140.4887172,1284
2023/8/7 18:00,30.72011092,123.8133362,1274.5
2023/8/7 18:15,15.54447831,111.8736945,1272
2023/8/7 18:30,0,80.5438604,1262.5
2023/8/7 18:45,0,63.62170396,1264.75
2023/8/7 19:00,0,69.36138179,1274.5
2023/8/7 19:15,0,63.22648002,1264.75
2023/8/7 19:30,0,61.91841456,1262.5
2023/8/7 19:45,0,67.52468166,1255.25
2023/8/7 20:00,0,67.29247711,1272
2023/8/7 20:15,0,60.98877904,1255.25
2023/8/7 20:30,0,55.0590956,1267.25
2023/8/7 20:45,0,63.24157923,1252.75
2023/8/7 21:00,0,76.26719471,1257.5
2023/8/7 21:15,0,89.00446823,1257.5
2023/8/7 21:30,0,94.04245217,1231.25
2023/8/7 21:45,0,100.9504022,1236
2023/8/7 22:00,0,100.766346,1236
2023/8/7 22:15,0,100.3280528,1219.25
2023/8/7 22:30,0,97.29946078,1212
2023/8/7 22:45,0,102.2502855,1214.5
2023/8/7 23:00,0,98.78510859,1219.25
2023/8/7 23:15,0,96.74104369,1231.25
2023/8/7 23:30,0,99.49195134,1250.5
2023/8/7 23:45,0,98.85348831,1262.5
2023/8/8 00:00,0,93.81945202,1240.75
2023/8/8 00:15,0,94.73928801,1248
2023/8/8 00:30,0,93.77551514,1238.5
2023/8/8 00:45,0,79.30066291,1240.75
2023/8/8 01:00,0,73.83285114,1248
2023/8/8 01:15,0,89.15955956,1257.5
2023/8/8 01:30,0,83.06024038,1260
2023/8/8 01:45,0,77.78560831,1250.5
2023/8/8 02:00,0,74.1054238,1240.75
2023/8/8 02:15,0,74.44612247,1233.5
2023/8/8 02:30,0,76.75433431,1236
2023/8/8 02:45,0,77.80826266,1240.75
2023/8/8 03:00,0,77.31193245,1231.25
2023/8/8 03:15,0,70.23282715,1240.75
2023/8/8 03:30,0,70.74067719,1243.25
2023/8/8 03:45,0,73.51810681,1245.5
2023/8/8 04:00,0,70.1993513,1252.75
2023/8/8 04:15,0,65.4863432,1250.5
2023/8/8 04:30,0,65.13403338,1233.5
2023/8/8 04:45,0,60.85374237,1224
2023/8/8 05:00,0,52.89350423,1228.75
2023/8/8 05:15,0,48.95762861,1245.5
2023/8/8 05:30,0,42.15877956,1279.25
2023/8/8 05:45,1.364606154,39.08245419,1308
2023/8/8 06:00,27.51219237,37.76306514,1279.25
2023/8/8 06:15,62.30240914,43.52564897,1274.5
2023/8/8 06:30,103.9121219,46.84747067,1276.75
2023/8/8 06:45,149.5714766,42.33093409,1274.5
2023/8/8 07:00,199.2123463,41.87579955,1286.5
2023/8/8 07:15,244.2912087,38.90513042,1303.25
2023/8/8 07:30,283.4145343,35.74352069,1312.75
2023/8/8 07:45,319.9664107,31.00959911,1322.5
2023/8/8 08:00,391.0300845,27.9270065,1332
2023/8/8 08:15,477.3117637,23.97146948,1348.75
2023/8/8 08:30,569.6193268,19.1420904,1346.5
2023/8/8 08:45,628.6523918,16.02770357,1377.5
2023/8/8 09:00,662.9407696,14.77542596,1375.25
2023/8/8 09:15,676.1859527,13.73593026,1380
2023/8/8 09:30,733.2341817,8.755231982,1392
2023/8/8 09:45,763.0013132,9.171489576,1377.5
2023/8/8 10:00,774.3348495,12.91683901,1387.25
2023/8/8 10:15,824.5074661,14.67797978,1372.75
2023/8/8 10:30,806.4864623,15.90335003,1365.5
2023/8/8 10:45,803.5738472,21.27724043,1370.5
2023/8/8 11:00,834.585298,25.07786755,1399.25
2023/8/8 11:15,831.4052546,36.3387171,1411.25
2023/8/8 11:30,791.8905582,39.77855428,1413.5
2023/8/8 11:45,738.3298579,44.12810083,1413.5
2023/8/8 12:00,708.7634449,51.50073036,1423.25
2023/8/8 12:15,655.8316057,53.01010918,1404
2023/8/8 12:30,605.7866946,62.99085041,1404
2023/8/8 12:45,661.5697472,72.7139888,1392
2023/8/8 13:00,665.100218,85.43847291,1423.25
2023/8/8 13:15,678.847371,119.9514769,1416
2023/8/8 13:30,632.1427735,153.3171895,1432.75
2023/8/8 13:45,555.2757815,150.507847,1416
2023/8/8 14:00,533.1939055,158.9486807,1406.5
2023/8/8 14:15,502.1562076,159.3833113,1401.5
2023/8/8 14:30,433.1990736,143.8795596,1396.75
2023/8/8 14:45,407.5482664,137.9943556,1396.75
2023/8/8 15:00,405.8107803,114.6888689,1389.5
2023/8/8 15:15,342.0084766,90.38410309,1353.5
2023/8/8 15:30,292.7284099,79.80276438,1348.75
2023/8/8 15:45,255.691219,67.23707531,1351.25
2023/8/8 16:00,214.7395892,49.80063788,1358.5
2023/8/8 16:15,175.6975496,40.29300336,1329.5
2023/8/8 16:30,136.7497517,42.42907377,1312.75
2023/8/8 16:45,107.9114724,42.53288229,1312.75
2023/8/8 17:00,84.39687917,37.53829349,1296
2023/8/8 17:15,63.31313069,36.68983157,1296
2023/8/8 17:30,43.4639531,36.33485198,1291.25
2023/8/8 17:45,29.91261488,30.50008825,1284
2023/8/8 18:00,20.26588898,35.24974187,1286.5
2023/8/8 18:15,14.1055536,33.30782504,1267.25
2023/8/8 18:30,0,35.60257844,1262.5
2023/8/8 18:45,0,30.03779748,1252.75
2023/8/8 19:00,0,29.81748661,1250.5
2023/8/8 19:15,0,30.84402912,1248
2023/8/8 19:30,0,34.86780558,1238.5
2023/8/8 19:45,0,36.74293672,1243.25
2023/8/8 20:00,0,43.78074278,1226.5
2023/8/8 20:15,0,40.04874037,1233.5
2023/8/8 20:30,0,37.84245578,1243.25
2023/8/8 20:45,0,38.38303626,1243.25
2023/8/8 21:00,0,57.70511464,1250.5
2023/8/8 21:15,0,83.37884935,1243.25
2023/8/8 21:30,0,103.1067623,1231.25
2023/8/8 21:45,0,96.68396403,1228.75
2023/8/8 22:00,0,97.92835466,1224
2023/8/8 22:15,0,98.43869136,1212
2023/8/8 22:30,0,95.62672968,1190.5
2023/8/8 22:45,0,99.69387721,1219.25
2023/8/8 23:00,0,89.41957211,1207.25
2023/8/8 23:15,0,91.13347929,1219.25
2023/8/8 23:30,0,90.46310732,1240.75
2023/8/8 23:45,0,91.79220808,1248
2023/8/9 00:00,0,100.2092329,1260
2023/8/9 00:15,0,109.2225585,1272
2023/8/9 00:30,0,137.1977853,1264.75
2023/8/9 00:45,0,156.7810066,1262.5
2023/8/9 01:00,0,124.1325769,1267.25
2023/8/9 01:15,0,112.1969678,1269.5
2023/8/9 01:30,0,87.25933032,1264.75
2023/8/9 01:45,0,82.05748588,1274.5
2023/8/9 02:00,0,108.2477165,1272
2023/8/9 02:15,0,125.8967362,1262.5
2023/8/9 02:30,0,120.305272,1264.75
2023/8/9 02:45,0,108.3064002,1264.75
2023/8/9 03:00,0,94.08764077,1262.5
2023/8/9 03:15,0,66.67389824,1269.5
2023/8/9 03:30,0,43.60656184,1257.5
2023/8/9 03:45,0,32.37623356,1257.5
2023/8/9 04:00,0,29.17336463,1248
2023/8/9 04:15,0,31.7745629,1238.5
2023/8/9 04:30,0,30.93009994,1233.5
2023/8/9 04:45,0,41.00656695,1231.25
2023/8/9 05:00,0,43.52682078,1243.25
2023/8/9 05:15,0,36.08649331,1248
2023/8/9 05:30,0,41.02704085,1264.75
2023/8/9 05:45,5.043839145,23.37124134,1274.5
2023/8/9 06:00,31.82513144,11.07419726,1257.5
2023/8/9 06:15,66.06169731,8.854603978,1255.25
2023/8/9 06:30,103.2692089,11.62517438,1252.75
2023/8/9 06:45,148.1725255,13.01769282,1250.5
2023/8/9 07:00,197.2908917,16.00492684,1250.5
2023/8/9 07:15,262.3250139,25.4245553,1245.5
2023/8/9 07:30,335.0680088,30.83860679,1260
2023/8/9 07:45,416.3742717,21.5155944,1260
2023/8/9 08:00,458.1623706,15.14752886,1293.5
2023/8/9 08:15,471.266109,14.67813773,1286.5
2023/8/9 08:30,498.3811707,16.15472352,1288.75
2023/8/9 08:45,545.7801427,18.06352589,1303.25
2023/8/9 09:00,595.615497,24.05811808,1303.25
2023/8/9 09:15,670.4091767,27.61093711,1303.25
2023/8/9 09:30,718.841594,35.36289376,1303.25
2023/8/9 09:45,766.4370183,49.26092351,1303.25
2023/8/9 10:00,772.0347761,62.14721321,1303.25
2023/8/9 10:15,755.6883378,79.68718441,1303.25
2023/8/9 10:30,790.4340081,85.03624954,1303.25
2023/8/9 10:45,810.0888275,107.9468776,1303.25
2023/8/9 11:00,851.6650145,139.8972001,1303.25
2023/8/9 11:15,897.0491424,139.5649312,1303.25
2023/8/9 11:30,888.0014935,125.9191759,1303.25
2023/8/9 11:45,872.3619029,130.0894155,1303.25
2023/8/9 12:00,843.0784714,132.9702355,1303.25
2023/8/9 12:15,818.346738,141.4149439,1303.25
2023/8/9 12:30,751.9122789,130.6680964,1303.25
2023/8/9 12:45,687.3889508,143.5828142,1303.25
2023/8/9 13:00,632.160604,160.7336133,1303.25
2023/8/9 13:15,638.2619848,203.0740793,1303.25
2023/8/9 13:30,640.221397,210.4030686,1303.25
2023/8/9 13:45,575.5062855,180.4449038,1303.25
2023/8/9 14:00,529.9807334,176.2561993,1303.25
2023/8/9 14:15,482.104283,200.4147353,1303.25
2023/8/9 14:30,438.4221297,210.9475693,1303.25
2023/8/9 14:45,381.9448581,222.0768567,1303.25
2023/8/9 15:00,349.4793258,240.5729398,1303.25
2023/8/9 15:15,332.6740749,250.5979867,1303.25
2023/8/9 15:30,317.519071,252.3388948,1303.25
2023/8/9 15:45,280.9006775,233.9954817,1303.25
2023/8/9 16:00,224.3770677,218.6369269,1303.25
2023/8/9 16:15,185.937184,207.0099962,1303.25
2023/8/9 16:30,142.3729413,197.7280519,1303.25
2023/8/9 16:45,99.95350095,190.3923702,1303.25
2023/8/9 17:00,64.68393269,190.8204824,1303.25
2023/8/9 17:15,43.9524331,177.0992285,1303.25
2023/8/9 17:30,30.13282675,153.9992713,1303.25
2023/8/9 17:45,25.69538637,152.3551988,1303.25
2023/8/9 18:00,26.59692714,160.7202332,1303.25
2023/8/9 18:15,9.096265833,177.1915435,1303.25
2023/8/9 18:30,0,157.8387668,1303.25
2023/8/9 18:45,0,141.0282371,1303.25
2023/8/9 19:00,0,146.3917948,1303.25
2023/8/9 19:15,0,117.1070678,1303.25
2023/8/9 19:30,0,110.8193551,1303.25
2023/8/9 19:45,0,127.4279889,1303.25
2023/8/9 20:00,0,138.1124372,1303.25
2023/8/9 20:15,0,146.3113189,1303.25
2023/8/9 20:30,0,138.3142603,1303.25
2023/8/9 20:45,0,160.4868498,1303.25
2023/8/9 21:00,0,175.6116144,1303.25
2023/8/9 21:15,0,169.0703039,1303.25
2023/8/9 21:30,0,142.8923578,1303.25
2023/8/9 21:45,0,157.8107334,1303.25
2023/8/9 22:00,0,177.8707467,1303.25
2023/8/9 22:15,0,186.4248644,1303.25
2023/8/9 22:30,0,182.6595738,1303.25
2023/8/9 22:45,0,183.7772795,1303.25
2023/8/9 23:00,0,183.2597027,1303.25
2023/8/9 23:15,0,182.4256139,1303.25
2023/8/9 23:30,0,169.4529536,1303.25
2023/8/9 23:45,0,162.3750762,1303.25
2023/8/10 00:00,0,159.3704082,1243.25
2023/8/10 00:15,0,145.4521983,1245.5
2023/8/10 00:30,0,133.5159713,1248
2023/8/10 00:45,0,121.9911178,1252.75
2023/8/10 01:00,0,128.2720295,1255.25
2023/8/10 01:15,0,135.9458971,1248
2023/8/10 01:30,0,121.1501354,1248
2023/8/10 01:45,0,113.2420054,1236
2023/8/10 02:00,0,120.8255865,1245.5
2023/8/10 02:15,0,119.1740475,1224
2023/8/10 02:30,0,107.3629639,1228.75
2023/8/10 02:45,0,106.4585416,1226.5
2023/8/10 03:00,0,92.09517253,1226.5
2023/8/10 03:15,0,75.0120786,1221.5
2023/8/10 03:30,0,71.40662753,1216.75
2023/8/10 03:45,0,75.1927431,1209.5
2023/8/10 04:00,0,74.93909072,1216.75
2023/8/10 04:15,0,71.05832445,1188
2023/8/10 04:30,0,64.2096037,1180.75
2023/8/10 04:45,0,51.95775825,1168.75
2023/8/10 05:00,0,40.94935582,1171.25
2023/8/10 05:15,0,52.04821108,1183.25
2023/8/10 05:30,0,52.31746966,1214.5
2023/8/10 05:45,1.953677331,57.43630425,1212
2023/8/10 06:00,28.61600766,51.08829303,1197.5
2023/8/10 06:15,47.05501871,49.77914706,1190.5
2023/8/10 06:30,65.95356417,38.67397063,1202.5
2023/8/10 06:45,94.76930888,34.16645822,1192.75
2023/8/10 07:00,126.3260594,33.86587785,1214.5
2023/8/10 07:15,159.9698166,29.352915,1207.25
2023/8/10 07:30,201.4342169,26.50955588,1212
2023/8/10 07:45,250.4641701,27.06665799,1221.5
2023/8/10 08:00,301.3793695,38.17983641,1236
2023/8/10 08:15,367.8801906,53.67104444,1240.75
2023/8/10 08:30,428.6447422,62.27037667,1264.75
2023/8/10 08:45,471.0651142,61.40165754,1264.75
2023/8/10 09:00,513.5068257,66.36414587,1264.75
2023/8/10 09:15,580.8492181,74.11646104,1250.5
2023/8/10 09:30,642.8187545,78.23982363,1252.75
2023/8/10 09:45,697.8411081,75.11045707,1248
2023/8/10 10:00,738.4947692,69.09518372,1243.25
2023/8/10 10:15,756.4805248,69.61099781,1228.75
2023/8/10 10:30,756.4307279,74.1819418,1224
2023/8/10 10:45,746.5994396,73.92191667,1238.5
2023/8/10 11:00,726.4148755,82.78246044,1238.5
2023/8/10 11:15,730.7648578,90.50773754,1260
2023/8/10 11:30,722.4600983,109.1289039,1267.25
2023/8/10 11:45,720.4044074,129.6642083,1281.5
2023/8/10 12:00,707.6154542,146.054096,1276.75
2023/8/10 12:15,671.2960035,136.8066058,1272
2023/8/10 12:30,700.8114424,164.4389811,1274.5
2023/8/10 12:45,694.6604721,191.6846114,1296
2023/8/10 13:00,681.344547,217.80187,1298.5
2023/8/10 13:15,686.2379507,247.222693,1317.5
2023/8/10 13:30,667.6095957,250.9847122,1305.5
2023/8/10 13:45,636.2718805,235.3906946,1308
2023/8/10 14:00,572.2486937,233.2148227,1296
2023/8/10 14:15,518.7946416,231.0142426,1310.5
2023/8/10 14:30,479.9230514,234.6694924,1315.25
2023/8/10 14:45,435.1378036,260.4954007,1332
2023/8/10 15:00,376.4863544,281.995021,1317.5
2023/8/10 15:15,327.7911903,287.5389682,1310.5
2023/8/10 15:30,298.0058642,308.3411521,1308
2023/8/10 15:45,257.758354,317.5164153,1298.5
2023/8/10 16:00,225.5921294,336.7455817,1305.5
2023/8/10 16:15,203.3446522,334.2782581,1300.75
2023/8/10 16:30,168.3892636,350.1761096,1274.5
2023/8/10 16:45,134.1898188,339.725433,1269.5
2023/8/10 17:00,104.7292771,321.6977113,1264.75
2023/8/10 17:15,78.32696593,291.9255753,1284
2023/8/10 17:30,57.74269632,285.6319883,1303.25
2023/8/10 17:45,38.51685057,300.9275845,1303.25
2023/8/10 18:00,25.5976449,293.2042948,1303.25
2023/8/10 18:15,7.930148875,260.7301442,1298.5
2023/8/10 18:30,0,229.7978795,1296
2023/8/10 18:45,0,220.2500873,1267.25
2023/8/10 19:00,0,198.8469795,1269.5
2023/8/10 19:15,0,174.1528702,1279.25
2023/8/10 19:30,0,149.2557606,1281.5
2023/8/10 19:45,0,120.7227158,1284
2023/8/10 20:00,0,88.44601778,1272
2023/8/10 20:15,0,57.54567193,1272
2023/8/10 20:30,0,37.74819389,1272
2023/8/10 20:45,0,46.77894937,1279.25
2023/8/10 21:00,0,55.26734033,1286.5
2023/8/10 21:15,0,56.84052361,1267.25
2023/8/10 21:30,0,51.82451123,1264.75
2023/8/10 21:45,0,58.28809354,1274.5
2023/8/10 22:00,0,66.24249342,1264.75
2023/8/10 22:15,0,43.2451127,1262.5
2023/8/10 22:30,0,16.35448851,1255.25
2023/8/10 22:45,0,17.55519615,1243.25
2023/8/10 23:00,0,17.39421447,1248
2023/8/10 23:15,0,15.35356969,1257.5
2023/8/10 23:30,0,12.28031452,1281.5
2023/8/10 23:45,0,8.534744875,1269.5
2023/8/11 00:00,0,4.027612367,1286.5
2023/8/11 00:15,0,0.832157012,1281.5
2023/8/11 00:30,0,0.814391166,1274.5
2023/8/11 00:45,0,0.746329956,1276.75
2023/8/11 01:00,0,1.29648856,1269.5
2023/8/11 01:15,0,1.441736163,1272
2023/8/11 01:30,0,0.826817789,1272
2023/8/11 01:45,0,0.511778221,1255.25
2023/8/11 02:00,0,0.486136912,1250.5
2023/8/11 02:15,0,1.579793258,1248
2023/8/11 02:30,0,3.266376284,1250.5
2023/8/11 02:45,0,3.739332822,1243.25
2023/8/11 03:00,0,3.403244414,1264.75
2023/8/11 03:15,0,3.439897189,1260
2023/8/11 03:30,0,2.987105552,1238.5
2023/8/11 03:45,0,2.408134728,1243.25
2023/8/11 04:00,0,2.621786145,1226.5
2023/8/11 04:15,0,3.017163357,1224
2023/8/11 04:30,0,2.788314329,1212
2023/8/11 04:45,0,2.367730763,1209.5
2023/8/11 05:00,0,2.189222987,1209.5
2023/8/11 05:15,0,1.467266821,1219.25
2023/8/11 05:30,0,2.247554179,1233.5
2023/8/11 05:45,1.810591976,2.513123478,1245.5
2023/8/11 06:00,25.04949358,1.830980541,1252.75
2023/8/11 06:15,55.83080634,1.750760586,1272
2023/8/11 06:30,102.417041,1.712165092,1252.75
2023/8/11 06:45,152.7740641,0.805693119,1250.5
2023/8/11 07:00,222.5947611,0.151695672,1252.75
2023/8/11 07:15,300.9242525,0.182160825,1267.25
2023/8/11 07:30,403.8959667,0.143159621,1276.75
2023/8/11 07:45,532.5617372,0.142411782,1300.75
2023/8/11 08:00,639.9083975,0.142566291,1327.25
2023/8/11 08:15,728.6450827,0.14361707,1334.5
2023/8/11 08:30,802.3102386,0.101243666,1358.5
2023/8/11 08:45,838.6823269,0.663852233,1365.5
2023/8/11 09:00,898.7244181,0.971456117,1348.75
2023/8/11 09:15,934.6863585,1.77934156,1370.5
2023/8/11 09:30,963.055969,2.524360145,1351.25
2023/8/11 09:45,995.6958059,2.909682346,1348.75
2023/8/11 10:00,1043.871773,4.7140157,1351.25
2023/8/11 10:15,1074.506592,6.316437145,1339.25
2023/8/11 10:30,1111.612123,7.149711919,1334.5
2023/8/11 10:45,1134.307934,7.599072011,1356
2023/8/11 11:00,1112.087249,9.33092932,1339.25
2023/8/11 11:15,1154.04974,11.09613477,1344
2023/8/11 11:30,1221.875321,11.61811303,1353.5
2023/8/11 11:45,1241.283378,11.99851334,1384.75
2023/8/11 12:00,1239.531361,15.67789082,1382.5
2023/8/11 12:15,1249.092053,17.46150836,1377.5
2023/8/11 12:30,1244.098487,22.44367457,1368
2023/8/11 12:45,1259.166533,24.81508947,1363.25
2023/8/11 13:00,1236.699635,31.4697371,1375.25
2023/8/11 13:15,1219.258468,33.9332229,1387.25
2023/8/11 13:30,1179.567724,40.61054169,1406.5
2023/8/11 13:45,1172.878838,46.52054688,1428
2023/8/11 14:00,1159.554355,50.85003808,1416
2023/8/11 14:15,1121.145713,60.34348372,1411.25
2023/8/11 14:30,1070.85985,62.66989748,1416
2023/8/11 14:45,1000.503583,53.14063887,1411.25
2023/8/11 15:00,961.2001756,50.838329,1406.5
2023/8/11 15:15,893.0625711,56.08898199,1411.25
2023/8/11 15:30,817.4509763,59.51277759,1408.75
2023/8/11 15:45,723.9876877,61.14950318,1406.5
2023/8/11 16:00,636.9754702,59.31323993,1401.5
2023/8/11 16:15,545.545514,54.6941441,1375.25
2023/8/11 16:30,471.6144604,50.6091995,1327.25
2023/8/11 16:45,374.202143,43.36869886,1317.5
2023/8/11 17:00,272.9102575,34.74902194,1320
2023/8/11 17:15,188.4744952,28.99916796,1317.5
2023/8/11 17:30,117.3733963,28.27264897,1317.5
2023/8/11 17:45,61.14351875,25.19218134,1327.25
2023/8/11 18:00,28.78138217,22.56292182,1329.5
2023/8/11 18:15,10.55532346,14.98297357,1336.75
2023/8/11 18:30,0,12.98657945,1336.75
2023/8/11 18:45,0,11.05699984,1317.5
2023/8/11 19:00,0,10.35128682,1324.75
2023/8/11 19:15,0,9.080212257,1310.5
2023/8/11 19:30,0,6.993588715,1310.5
2023/8/11 19:45,0,4.596429933,1300.75
2023/8/11 20:00,0,4.312161149,1303.25
2023/8/11 20:15,0,3.829616631,1298.5
2023/8/11 20:30,0,2.617412836,1288.75
2023/8/11 20:45,0,2.150304386,1296
2023/8/11 21:00,0,1.432251619,1291.25
2023/8/11 21:15,0,1.257994889,1276.75
2023/8/11 21:30,0,0.873404975,1291.25
2023/8/11 21:45,0,0.252936508,1276.75
2023/8/11 22:00,0,0.215819992,1279.25
2023/8/11 22:15,0,0.231558975,1264.75
2023/8/11 22:30,0,0.415957067,1250.5
2023/8/11 22:45,0,0.417475325,1250.5
2023/8/11 23:00,0,0.376263157,1252.75
2023/8/11 23:15,0,0.386817102,1260
2023/8/11 23:30,0,0.396209318,1274.5
2023/8/11 23:45,0,0.214445229,1262.5
2023/8/12 00:00,0,0.30698287,1272
2023/8/12 00:15,0,0.439227396,1267.25
2023/8/12 00:30,0,0.491444679,1291.25
2023/8/12 00:45,0,0.980163315,1260
2023/8/12 01:00,0,1.224050902,1267.25
2023/8/12 01:15,0,1.580636456,1262.5
2023/8/12 01:30,0,1.693472685,1262.5
2023/8/12 01:45,0,2.25209501,1267.25
2023/8/12 02:00,0,2.806017599,1255.25
2023/8/12 02:15,0,4.308624004,1262.5
2023/8/12 02:30,0,3.573911954,1248
2023/8/12 02:45,0,2.796629755,1240.75
2023/8/12 03:00,0,2.623187614,1245.5
2023/8/12 03:15,0,2.496194201,1245.5
2023/8/12 03:30,0,0.38030025,1248
2023/8/12 03:45,0,0.384824441,1252.75
2023/8/12 04:00,0,0.242186756,1233.5
2023/8/12 04:15,0,0.164155265,1231.25
2023/8/12 04:30,0,0.126600189,1212
2023/8/12 04:45,0,0.098083865,1216.75
2023/8/12 05:00,0,0.133013198,1209.5
2023/8/12 05:15,0,0.210269814,1233.5
2023/8/12 05:30,0,0.228439873,1250.5
2023/8/12 05:45,2.102489693,0.235654237,1240.75
2023/8/12 06:00,36.89170742,0.24249405,1240.75
2023/8/12 06:15,80.79954844,0.211058894,1245.5
2023/8/12 06:30,135.8006878,0.168825236,1248
2023/8/12 06:45,206.9248706,0.136606855,1257.5
2023/8/12 07:00,297.5209085,0.065023123,1255.25
2023/8/12 07:15,395.739782,0.049419861,1291.25
2023/8/12 07:30,493.1175167,0.038637051,1298.5
2023/8/12 07:45,587.2828449,0.056070857,1320
2023/8/12 08:00,681.9641235,0.070846865,1344
2023/8/12 08:15,752.5803483,0.16855898,1356
2023/8/12 08:30,819.943057,0.188424875,1360.75
2023/8/12 08:45,886.7031271,0.34469606,1375.25
2023/8/12 09:00,937.7070888,0.397307675,1392
2023/8/12 09:15,969.1582043,0.909221,1404
2023/8/12 09:30,1009.826194,1.311985842,1411.25
2023/8/12 09:45,1079.806354,1.574883339,1404
2023/8/12 10:00,1129.182044,1.735923141,1411.25
2023/8/12 10:15,1182.332806,2.489625823,1399.25
2023/8/12 10:30,1171.481653,3.013941762,1382.5
2023/8/12 10:45,1212.300604,3.072405013,1377.5
2023/8/12 11:00,1235.079056,4.149610942,1377.5
2023/8/12 11:15,1251.585878,4.09365058,1387.25
2023/8/12 11:30,1283.289292,4.892631843,1416
2023/8/12 11:45,1289.842849,6.723688387,1401.5
2023/8/12 12:00,1293.387491,7.387218233,1406.5
2023/8/12 12:15,1314.492497,7.935451645,1404
2023/8/12 12:30,1323.408063,7.881463735,1384.75
2023/8/12 12:45,1317.936199,8.64744863,1394.5
2023/8/12 13:00,1290.413084,9.399415277,1413.5
2023/8/12 13:15,1249.171441,9.554138238,1401.5
2023/8/12 13:30,1215.087026,10.52956261,1399.25
2023/8/12 13:45,1158.311534,10.08888053,1399.25
2023/8/12 14:00,1120.542944,8.89948778,1418.5
2023/8/12 14:15,1076.776059,12.0441119,1425.5
2023/8/12 14:30,1017.078117,14.93829328,1423.25
2023/8/12 14:45,943.1711675,17.89851788,1404
2023/8/12 15:00,868.7651223,24.43996559,1389.5
2023/8/12 15:15,796.3836593,27.68071978,1396.75
2023/8/12 15:30,704.9496024,27.96533821,1389.5
2023/8/12 15:45,630.9563094,28.97729528,1360.75
2023/8/12 16:00,545.7696818,33.12438512,1365.5
2023/8/12 16:15,470.3362381,22.96526752,1341.5
2023/8/12 16:30,389.9989526,29.07000623,1320
2023/8/12 16:45,308.3662802,31.73982,1308
2023/8/12 17:00,231.689414,26.44326319,1291.25
2023/8/12 17:15,166.7662812,24.71581377,1286.5
2023/8/12 17:30,110.3812754,19.32024665,1305.5
2023/8/12 17:45,59.37737857,13.96789044,1303.25
2023/8/12 18:00,26.88850963,10.37721403,1303.25
2023/8/12 18:15,9.070630817,5.305582769,1303.25
2023/8/12 18:30,0,2.497423664,1300.75
2023/8/12 18:45,0,1.428600312,1312.75
2023/8/12 19:00,0,0.983969328,1327.25
2023/8/12 19:15,0,0.745254253,1329.5
2023/8/12 19:30,0,0.166381043,1303.25
2023/8/12 19:45,0,0.30869846,1286.5
2023/8/12 20:00,0,0.580173222,1293.5
2023/8/12 20:15,0,1.197463362,1291.25
2023/8/12 20:30,0,1.298997019,1300.75
2023/8/12 20:45,0,1.027613976,1310.5
2023/8/12 21:00,0,1.004890049,1291.25
2023/8/12 21:15,0,0.946407719,1279.25
2023/8/12 21:30,0,0.576639893,1276.75
2023/8/12 21:45,0,0.93384984,1284
2023/8/12 22:00,0,1.060479969,1284
2023/8/12 22:15,0,1.192998252,1286.5
2023/8/12 22:30,0,1.142738058,1260
2023/8/12 22:45,0,1.262215283,1255.25
2023/8/12 23:00,0,0.722800485,1252.75
2023/8/12 23:15,0,0.816888198,1262.5
2023/8/12 23:30,0,0.621623094,1279.25
2023/8/12 23:45,0,0.602120502,1288.75
2023/8/13 00:00,0,0.66967773,1288.75
2023/8/13 00:15,0,0.775531698,1286.5
2023/8/13 00:30,0,0.595641365,1286.5
2023/8/13 00:45,0,0.790633505,1284
2023/8/13 01:00,0,0.765415198,1281.5
2023/8/13 01:15,0,0.403835704,1288.75
2023/8/13 01:30,0,0.37060055,1276.75
2023/8/13 01:45,0,0.36790111,1272
2023/8/13 02:00,0,0.403020148,1276.75
2023/8/13 02:15,0,0.099900144,1274.5
2023/8/13 02:30,0,0.103646898,1272
2023/8/13 02:45,0,0.055661037,1272
2023/8/13 03:00,0,0.114968623,1274.5
2023/8/13 03:15,0,0.090599837,1264.75
2023/8/13 03:30,0,0.112675204,1243.25
2023/8/13 03:45,0,0.138154743,1262.5
2023/8/13 04:00,0,0.149410757,1252.75
2023/8/13 04:15,0,0.243456677,1245.5
2023/8/13 04:30,0,0.722458791,1245.5
2023/8/13 04:45,0,0.616214768,1233.5
2023/8/13 05:00,0,0.507730506,1233.5
2023/8/13 05:15,0,0.531814523,1233.5
2023/8/13 05:30,0,0.302816282,1250.5
2023/8/13 05:45,2.24700903,0.478517012,1269.5
2023/8/13 06:00,38.34899012,0.450822126,1264.75
2023/8/13 06:15,84.6159484,0.245734106,1257.5
2023/8/13 06:30,145.6216046,0.247095027,1264.75
2023/8/13 06:45,221.9258594,0.252497495,1262.5
2023/8/13 07:00,310.7151777,0.243798094,1286.5
2023/8/13 07:15,407.1908114,0.241758276,1286.5
2023/8/13 07:30,505.4108377,0.235722099,1308
2023/8/13 07:45,592.2389085,0.235390781,1303.25
2023/8/13 08:00,685.0088646,0.236552411,1305.5
2023/8/13 08:15,765.9087191,0.23444993,1334.5
2023/8/13 08:30,828.3844749,0.31262083,1336.75
2023/8/13 08:45,856.3162998,0.397633285,1341.5
2023/8/13 09:00,891.3837353,0.330799166,1341.5
2023/8/13 09:15,924.5678852,2.094583146,1353.5
2023/8/13 09:30,1003.334364,2.643998911,1382.5
2023/8/13 09:45,1032.625065,3.725713064,1382.5
2023/8/13 10:00,1059.618066,4.424921841,1375.25
2023/8/13 10:15,1125.134952,5.596608601,1356
2023/8/13 10:30,1134.220716,7.484925898,1324.75
2023/8/13 10:45,1152.368217,10.44883272,1312.75
2023/8/13 11:00,1141.469036,20.06426639,1336.75
2023/8/13 11:15,1158.860212,25.45996666,1346.5
2023/8/13 11:30,1158.766023,27.25108275,1368
2023/8/13 11:45,1161.713196,30.34306791,1387.25
2023/8/13 12:00,1174.598214,28.82178877,1375.25
2023/8/13 12:15,1186.277952,29.73215367,1348.75
2023/8/13 12:30,1181.399554,28.59689117,1336.75
2023/8/13 12:45,1160.263671,27.77210528,1336.75
2023/8/13 13:00,1142.211715,27.97105112,1334.5
2023/8/13 13:15,1106.36365,29.44983513,1356
2023/8/13 13:30,1100.060986,27.13823565,1346.5
2023/8/13 13:45,1091.801626,25.13777576,1375.25
2023/8/13 14:00,1051.125742,24.06824543,1358.5
2023/8/13 14:15,1010.148121,19.39016386,1356
2023/8/13 14:30,980.1610135,15.56721099,1399.25
2023/8/13 14:45,926.0395448,16.01975711,1389.5
2023/8/13 15:00,864.2677432,13.66480045,1387.25
2023/8/13 15:15,797.1787386,7.490386682,1353.5
2023/8/13 15:30,721.3910422,2.757381045,1339.25
2023/8/13 15:45,650.2297164,2.233505462,1310.5
2023/8/13 16:00,555.9553831,1.950983803,1293.5
2023/8/13 16:15,462.1224865,1.50822056,1291.25
2023/8/13 16:30,369.9717368,1.153843281,1286.5
2023/8/13 16:45,281.3869538,1.08609235,1276.75
2023/8/13 17:00,189.1595631,0.934139713,1274.5
2023/8/13 17:15,105.2626095,0.252266675,1288.75
2023/8/13 17:30,52.82009562,0.209308267,1300.75
2023/8/13 17:45,26.17572349,0.200273924,1291.25
2023/8/13 18:00,16.3488326,0.160970892,1305.5
2023/8/13 18:15,6.037638837,0.193985823,1286.5
2023/8/13 18:30,0,0.214552651,1284
2023/8/13 18:45,0,0.233185602,1279.25
2023/8/13 19:00,0,0.263463626,1279.25
2023/8/13 19:15,0,0.320802989,1279.25
2023/8/13 19:30,0,0.347285662,1279.25
2023/8/13 19:45,0,0.282675154,1279.25
2023/8/13 20:00,0,0.258772893,1245.5
2023/8/13 20:15,0,0.134462355,1250.5
2023/8/13 20:30,0,0.07721041,1250.5
2023/8/13 20:45,0,0.051480947,1238.5
2023/8/13 21:00,0,0.077084001,1255.25
2023/8/13 21:15,0,0.066377973,1245.5
2023/8/13 21:30,0,0.088484652,1233.5
2023/8/13 21:45,0,0.09875022,1233.5
2023/8/13 22:00,0,0.116875741,1224
2023/8/13 22:15,0,0.101440514,1214.5
2023/8/13 22:30,0,0.060139956,1195.25
2023/8/13 22:45,0,0.240943692,1207.25
2023/8/13 23:00,0,0.33520536,1197.5
2023/8/13 23:15,0,0.212506565,1202.5
2023/8/13 23:30,0,0.15918306,1233.5
2023/8/13 23:45,0,0.187824398,1226.5
2023/8/14 00:00,0,0.105072819,1231.25
2023/8/14 00:15,0,0.076690752,1233.5
2023/8/14 00:30,0,0.040678218,1226.5
2023/8/14 00:45,0,0.037109626,1224
2023/8/14 01:00,0,0.038481969,1219.25
2023/8/14 01:15,0,0.081056819,1224
2023/8/14 01:30,0,0.079690502,1219.25
2023/8/14 01:45,0,0.193911218,1231.25
2023/8/14 02:00,0,0.177747038,1224
2023/8/14 02:15,0,0.16965493,1209.5
2023/8/14 02:30,0,0.158148452,1214.5
2023/8/14 02:45,0,0.155616393,1250.5
2023/8/14 03:00,0,0.153416045,1240.75
2023/8/14 03:15,0,0.319226159,1252.75
2023/8/14 03:30,0,0.234475276,1276.75
2023/8/14 03:45,0,0.044750755,1260
2023/8/14 04:00,0,0.140417335,1245.5
2023/8/14 04:15,0,0.156510218,1240.75
2023/8/14 04:30,0,0.188770679,1221.5
2023/8/14 04:45,0,0.233093057,1228.75
2023/8/14 05:00,0,0.092024556,1233.5
2023/8/14 05:15,0,0.050074655,1233.5
2023/8/14 05:30,0,0.058744346,1255.25
2023/8/14 05:45,1.545323748,0.062613468,1245.5
2023/8/14 06:00,28.24860383,0.04746379,1243.25
2023/8/14 06:15,74.30806702,0.045624333,1250.5
2023/8/14 06:30,134.8326022,0.09569865,1262.5
2023/8/14 06:45,211.5627886,0.166036635,1262.5
2023/8/14 07:00,302.6806036,0.047882013,1262.5
2023/8/14 07:15,402.380851,0.094209421,1281.5
2023/8/14 07:30,501.4784084,0.114500177,1291.25
2023/8/14 07:45,594.7435576,0.034116538,1298.5
2023/8/14 08:00,692.9982699,0.031147056,1327.25
2023/8/14 08:15,781.123568,0.033060094,1327.25
2023/8/14 08:30,842.3922449,0.030551406,1336.75
2023/8/14 08:45,907.0493606,0.033523681,1339.25
2023/8/14 09:00,990.305367,1.235240552,1336.75
2023/8/14 09:15,1031.395513,1.509720976,1353.5
2023/8/14 09:30,1071.142062,1.975680193,1372.75
2023/8/14 09:45,1105.672961,1.997434074,1358.5
2023/8/14 10:00,1132.601802,2.116940403,1348.75
2023/8/14 10:15,1171.943865,2.612931465,1341.5
2023/8/14 10:30,1193.423803,2.563561635,1346.5
2023/8/14 10:45,1216.848168,2.45503868,1341.5
2023/8/14 11:00,1208.534216,2.649923887,1375.25
2023/8/14 11:15,1244.817639,3.023296355,1372.75
2023/8/14 11:30,1249.658397,3.018857017,1372.75
2023/8/14 11:45,1251.129096,2.951213032,1382.5
2023/8/14 12:00,1243.575007,3.134798903,1365.5
2023/8/14 12:15,1242.912322,4.175613281,1370.5
2023/8/14 12:30,1258.119733,3.108657881,1368
2023/8/14 12:45,1243.305255,2.916872289,1360.75
2023/8/14 13:00,1234.187659,3.746457521,1380
2023/8/14 13:15,1218.775391,6.079062408,1389.5
2023/8/14 13:30,1205.832677,5.533111437,1394.5
2023/8/14 13:45,1166.31958,6.579239483,1387.25
2023/8/14 14:00,1114.363266,7.80250232,1406.5
2023/8/14 14:15,1056.610115,10.30270836,1399.25
2023/8/14 14:30,1003.312326,11.56039577,1375.25
2023/8/14 14:45,937.9260158,14.40874252,1363.25
2023/8/14 15:00,870.8305885,20.26500726,1396.75
2023/8/14 15:15,801.3043588,25.5558148,1392
2023/8/14 15:30,726.2671554,24.12260623,1360.75
2023/8/14 15:45,641.0655631,22.18776526,1360.75
2023/8/14 16:00,551.9423942,18.59516372,1358.5
2023/8/14 16:15,461.3473491,15.52111939,1336.75
2023/8/14 16:30,370.0080917,16.3892572,1320
2023/8/14 16:45,282.7589489,16.24188707,1308
2023/8/14 17:00,207.1318652,13.40002628,1312.75
2023/8/14 17:15,140.4722328,13.84367868,1375.25
2023/8/14 17:30,84.0970954,14.26105831,1360.75
2023/8/14 17:45,34.42579443,10.76578177,1358.5
2023/8/14 18:00,18.36125427,10.35533121,1344
2023/8/14 18:15,0,12.28007634,1346.5
2023/8/14 18:30,0,12.3025068,1339.25
2023/8/14 18:45,0,7.580878523,1360.75
2023/8/14 19:00,0,6.424228826,1348.75
2023/8/14 19:15,0,6.561230628,1334.5
2023/8/14 19:30,0,6.968536321,1320
2023/8/14 19:45,0,4.61295021,1310.5
2023/8/14 20:00,0,2.511736306,1300.75
2023/8/14 20:15,0,2.029113308,1324.75
2023/8/14 20:30,0,1.92685497,1312.75
2023/8/14 20:45,0,1.260411075,1310.5
2023/8/14 21:00,0,1.217025845,1308
2023/8/14 21:15,0,0.544232867,1308
2023/8/14 21:30,0,0.75205265,1336.75
2023/8/14 21:45,0,0.629783274,1315.25
2023/8/14 22:00,0,0.782293342,1315.25
2023/8/14 22:15,0,1.477584648,1288.75
2023/8/14 22:30,0,1.487899002,1269.5
2023/8/14 22:45,0,1.656089739,1274.5
2023/8/14 23:00,0,1.504318757,1276.75
2023/8/14 23:15,0,1.428935033,1293.5
2023/8/14 23:30,0,0.639861339,1317.5
2023/8/14 23:45,0,0.501732481,1312.75
2023/8/15 00:00,0,0.236593906,1298.5
2023/8/15 00:15,0,0.398254935,1291.25
2023/8/15 00:30,0,0.290272713,1291.25
2023/8/15 00:45,0,0.137321398,1291.25
2023/8/15 01:00,0,0.066921121,1310.5
2023/8/15 01:15,0,0.090899521,1296
2023/8/15 01:30,0,0.124327473,1288.75
2023/8/15 01:45,0,0.09911971,1293.5
2023/8/15 02:00,0,0.159871973,1284
2023/8/15 02:15,0,0.14129553,1288.75
2023/8/15 02:30,0,0.13909575,1288.75
2023/8/15 02:45,0,0.155841577,1286.5
2023/8/15 03:00,0,0.185179626,1262.5
2023/8/15 03:15,0,0.211793983,1260
2023/8/15 03:30,0,0.223200163,1255.25
2023/8/15 03:45,0,0.237592948,1248
2023/8/15 04:00,0,0.211486534,1252.75
2023/8/15 04:15,0,0.309178855,1238.5
2023/8/15 04:30,0,0.570382006,1216.75
2023/8/15 04:45,0,0.327428216,1221.5
2023/8/15 05:00,0,0.225418001,1212
2023/8/15 05:15,0,0.548454733,1236
2023/8/15 05:30,0,0.504443818,1264.75
2023/8/15 05:45,1.357634371,0.570816217,1281.5
2023/8/15 06:00,29.81220343,0.75582837,1252.75
2023/8/15 06:15,70.96978866,0.847755616,1243.25
2023/8/15 06:30,124.2227633,0.378010736,1260
2023/8/15 06:45,194.756235,0.26071672,1267.25
2023/8/15 07:00,268.5980629,0.188061018,1305.5
2023/8/15 07:15,328.7945751,0.146150275,1332
2023/8/15 07:30,419.9693824,0.118589842,1305.5
2023/8/15 07:45,531.9849527,0.121353626,1334.5
2023/8/15 08:00,613.7684416,0.151467959,1344
2023/8/15 08:15,708.8745977,0.125652792,1351.25
2023/8/15 08:30,821.5354638,0.225644915,1360.75
2023/8/15 08:45,902.346504,0.269825687,1396.75
2023/8/15 09:00,961.5854719,0.5351772,1387.25
2023/8/15 09:15,995.3325333,0.823761681,1389.5
2023/8/15 09:30,1043.610271,1.673253852,1406.5
2023/8/15 09:45,1075.054655,2.70614829,1404
2023/8/15 10:00,1099.277276,3.231052587,1375.25
2023/8/15 10:15,1142.931532,4.590561154,1404
2023/8/15 10:30,1146.423907,5.913739787,1399.25
2023/8/15 10:45,1176.224979,5.990513443,1408.75
2023/8/15 11:00,1220.951031,5.745541758,1396.75
2023/8/15 11:15,1288.611494,5.956951984,1384.75
2023/8/15 11:30,1306.867105,7.623497756,1406.5
2023/8/15 11:45,1318.630323,13.76910092,1423.25
2023/8/15 12:00,1320.9291,19.4100901,1425.5
2023/8/15 12:15,1334.70225,17.52189662,1404
2023/8/15 12:30,1319.75177,15.62099466,1396.75
2023/8/15 12:45,1314.407861,21.08251966,1401.5
2023/8/15 13:00,1325.224551,24.38462353,1430.5
2023/8/15 13:15,1282.516259,23.97113366,1442.5
2023/8/15 13:30,1251.713272,25.80651408,1435.25
2023/8/15 13:45,1213.989258,25.56366303,1430.5
2023/8/15 14:00,1163.289582,17.8923356,1423.25
2023/8/15 14:15,1128.196545,18.03375454,1425.5
2023/8/15 14:30,1055.600346,26.33938231,1394.5
2023/8/15 14:45,999.4508351,28.69862122,1384.75
2023/8/15 15:00,941.2204266,40.52542389,1389.5
2023/8/15 15:15,867.6579039,44.40450257,1344
2023/8/15 15:30,787.7374123,38.09035984,1334.5
2023/8/15 15:45,705.3162975,40.5537115,1329.5
2023/8/15 16:00,609.6747139,37.6473387,1310.5
2023/8/15 16:15,509.6231151,27.86469353,1303.25
2023/8/15 16:30,411.567631,15.81801093,1300.75
2023/8/15 16:45,320.1837965,15.69231763,1291.25
2023/8/15 17:00,229.7110284,11.60178022,1305.5
2023/8/15 17:15,157.4726897,6.127952592,1291.25
2023/8/15 17:30,112.5876764,3.133035143,1305.5
2023/8/15 17:45,67.04809986,2.647687591,1308
2023/8/15 18:00,22.3038659,2.021454835,1317.5
2023/8/15 18:15,0,1.155153635,1296
2023/8/15 18:30,0,1.155108691,1291.25
2023/8/15 18:45,0,1.266656129,1291.25
2023/8/15 19:00,0,7.568751955,1284
2023/8/15 19:15,0,9.695424549,1298.5
2023/8/15 19:30,0,3.945158063,1293.5
2023/8/15 19:45,0,1.256244681,1272
2023/8/15 20:00,0,1.18464335,1281.5
2023/8/15 20:15,0,0.972019263,1286.5
2023/8/15 20:30,0,1.238484677,1288.75
2023/8/15 20:45,0,1.540188608,1279.25
2023/8/15 21:00,0,0.956622028,1288.75
2023/8/15 21:15,0,1.108079868,1276.75
2023/8/15 21:30,0,1.250183973,1267.25
2023/8/15 21:45,0,0.954508547,1267.25
2023/8/15 22:00,0,1.060367432,1252.75
2023/8/15 22:15,0,1.591624271,1248
2023/8/15 22:30,0,2.399672751,1233.5
2023/8/15 22:45,0,3.282802885,1236
2023/8/15 23:00,0,7.301304705,1233.5
2023/8/15 23:15,0,13.27752047,1231.25
2023/8/15 23:30,0,13.82056183,1262.5
2023/8/15 23:45,0,13.71009881,1255.25
2023/8/16 00:00,0,10.92211242,1250.5
2023/8/16 00:15,0,10.57381713,1248
2023/8/16 00:30,0,11.48381501,1236
2023/8/16 00:45,0,10.1642575,1236
2023/8/16 01:00,0,6.637183115,1233.5
2023/8/16 01:15,0,4.33964145,1238.5
2023/8/16 01:30,0,4.556188025,1243.25
2023/8/16 01:45,0,4.922810548,1252.75
2023/8/16 02:00,0,5.424558297,1248
2023/8/16 02:15,0,4.304975842,1245.5
2023/8/16 02:30,0,2.175953985,1248
2023/8/16 02:45,0,1.124470685,1240.75
2023/8/16 03:00,0,0.461753276,1248
2023/8/16 03:15,0,0.356499251,1248
2023/8/16 03:30,0,0.331440265,1216.75
2023/8/16 03:45,0,0.12212163,1204.75
2023/8/16 04:00,0,0.241137878,1202.5
2023/8/16 04:15,0,0.244811964,1192.75
2023/8/16 04:30,0,0.452036745,1171.25
2023/8/16 04:45,0,0.513589976,1178.5
2023/8/16 05:00,0,0.416962952,1173.5
2023/8/16 05:15,0,1.476253289,1180.75
2023/8/16 05:30,0,1.672399254,1209.5
2023/8/16 05:45,2.976117629,1.665595304,1209.5
2023/8/16 06:00,43.2502248,1.992570608,1209.5
2023/8/16 06:15,81.69723909,2.142193392,1219.25
2023/8/16 06:30,115.9706521,1.981456063,1209.5
2023/8/16 06:45,168.0428021,1.655597863,1216.75
2023/8/16 07:00,237.0919568,1.357859633,1226.5
2023/8/16 07:15,341.2058426,0.4624859,1240.75
2023/8/16 07:30,446.103771,0.210855399,1260
2023/8/16 07:45,561.1710016,0.331782124,1272
2023/8/16 08:00,678.3735416,0.244583597,1274.5
2023/8/16 08:15,753.8822175,0.075200489,1267.25
2023/8/16 08:30,785.5766412,0.038361486,1284
2023/8/16 08:45,844.7502119,0.345575779,1288.75
2023/8/16 09:00,924.9387685,0.42071407,1288.75
2023/8/16 09:15,986.8608599,0.617493881,1288.75
2023/8/16 09:30,1039.291386,0.854253394,1288.75
2023/8/16 09:45,1127.693614,0.944797329,1288.75
2023/8/16 10:00,1202.057674,1.189023554,1288.75
2023/8/16 10:15,1256.610103,1.368941385,1288.75
2023/8/16 10:30,1290.05008,3.582715795,1288.75
2023/8/16 10:45,1307.676351,6.462597674,1288.75
2023/8/16 11:00,1330.524978,10.14783672,1288.75
2023/8/16 11:15,1334.283911,10.91290012,1288.75
2023/8/16 11:30,1347.214403,10.85047478,1288.75
2023/8/16 11:45,1359.62215,12.24380353,1288.75
2023/8/16 12:00,1372.760274,11.44200522,1288.75
2023/8/16 12:15,1365.477776,10.56460549,1288.75
2023/8/16 12:30,1356.61052,11.9199544,1288.75
2023/8/16 12:45,1326.812321,15.1074227,1288.75
2023/8/16 13:00,1320.955965,14.89646536,1288.75
2023/8/16 13:15,1286.88004,15.14546225,1288.75
2023/8/16 13:30,1243.246281,16.01370877,1288.75
2023/8/16 13:45,1211.365454,14.99786743,1288.75
2023/8/16 14:00,1143.854191,16.41424653,1288.75
2023/8/16 14:15,1095.601699,22.35117238,1288.75
2023/8/16 14:30,996.9634711,24.39915628,1288.75
2023/8/16 14:45,927.2032149,25.97615547,1288.75
2023/8/16 15:00,838.5741056,27.23483511,1288.75
2023/8/16 15:15,750.7961717,27.61920862,1288.75
2023/8/16 15:30,699.6272395,25.56839981,1288.75
2023/8/16 15:45,610.8542297,25.30330774,1288.75
2023/8/16 16:00,533.041147,26.8625257,1288.75
2023/8/16 16:15,409.4679416,28.1861734,1288.75
2023/8/16 16:30,301.0210459,22.05314353,1288.75
2023/8/16 16:45,234.4524395,15.52508896,1288.75
2023/8/16 17:00,185.3995302,13.73515863,1288.75
2023/8/16 17:15,120.6481572,8.998644287,1288.75
2023/8/16 17:30,62.27423633,7.42460464,1288.75
2023/8/16 17:45,28.62085575,7.292506787,1288.75
2023/8/16 18:00,17.67999503,6.342202232,1288.75
2023/8/16 18:15,0.000329101,2.412655788,1288.75
2023/8/16 18:30,0,1.176074748,1288.75
2023/8/16 18:45,0,0.831650075,1288.75
2023/8/16 19:00,0,0.707098142,1288.75
2023/8/16 19:15,0,0.744659432,1288.75
2023/8/16 19:30,0,0.199906998,1288.75
2023/8/16 19:45,0,0.134198906,1288.75
2023/8/16 20:00,0,0.0687473,1288.75
2023/8/16 20:15,0,0.033556818,1288.75
2023/8/16 20:30,0,0.037238146,1288.75
2023/8/16 20:45,0,0.03455644,1288.75
2023/8/16 21:00,0,0.031423658,1288.75
2023/8/16 21:15,0,0.032362498,1288.75
2023/8/16 21:30,0,0.03321705,1288.75
2023/8/16 21:45,0,0.035113235,1288.75
2023/8/16 22:00,0,0.035617717,1288.75
2023/8/16 22:15,0,0.034689479,1288.75
2023/8/16 22:30,0,0.036423426,1288.75
2023/8/16 22:45,0,0.041467449,1288.75
2023/8/16 23:00,0,0.036707069,1288.75
2023/8/16 23:15,0,0.031588084,1288.75
2023/8/16 23:30,0,0.025157075,1288.75
2023/8/16 23:45,0,0.023964454,1288.75
2023/8/17 00:00,0,0.023331884,1264.75
2023/8/17 00:15,0,0.029010679,1260
2023/8/17 00:30,0,0.038159686,1267.25
2023/8/17 00:45,0,0.032127134,1269.5
2023/8/17 01:00,0,0.052197618,1269.5
2023/8/17 01:15,0,0.046797531,1252.75
2023/8/17 01:30,0,0.060306938,1245.5
2023/8/17 01:45,0,0.053600142,1250.5
2023/8/17 02:00,0,0.068102765,1248
2023/8/17 02:15,0,0.085643393,1264.75
2023/8/17 02:30,0,0.094666174,1272
2023/8/17 02:45,0,0.057858981,1276.75
2023/8/17 03:00,0,0.072834923,1267.25
2023/8/17 03:15,0,0.057033015,1255.25
2023/8/17 03:30,0,0.048229209,1255.25
2023/8/17 03:45,0,0.031664927,1255.25
2023/8/17 04:00,0,0.036980778,1255.25
2023/8/17 04:15,0,0.036186855,1231.25
2023/8/17 04:30,0,0.08237727,1209.5
2023/8/17 04:45,0,0.070792549,1224
2023/8/17 05:00,0,0.058676568,1212
2023/8/17 05:15,0,0.144392562,1224
2023/8/17 05:30,0,0.126172641,1250.5
2023/8/17 05:45,0.347818791,0.03282538,1238.5
2023/8/17 06:00,13.41056768,0.026614194,1236
2023/8/17 06:15,38.49924658,0.029120054,1226.5
2023/8/17 06:30,67.92616112,0.09461859,1236
2023/8/17 06:45,111.5752133,0.131592406,1236
2023/8/17 07:00,162.0551149,0.118270221,1260
2023/8/17 07:15,222.3059189,0.065041562,1255.25
2023/8/17 07:30,291.8281507,0.056044642,1255.25
2023/8/17 07:45,382.2461109,0.054168837,1276.75
2023/8/17 08:00,504.3144759,0.084261059,1293.5
2023/8/17 08:15,593.6978706,0.062174158,1284
2023/8/17 08:30,639.5644734,0.069811336,1308
2023/8/17 08:45,681.0613852,0.06734765,1291.25
2023/8/17 09:00,721.8429646,0.299588413,1298.5
2023/8/17 09:15,756.4724745,0.303210481,1276.75
2023/8/17 09:30,803.6612778,0.243607999,1274.5
2023/8/17 09:45,878.6523094,0.324609423,1269.5
2023/8/17 10:00,934.0074744,0.491298137,1269.5
2023/8/17 10:15,970.9015665,2.300740147,1274.5
2023/8/17 10:30,990.9493119,2.966499163,1255.25
2023/8/17 10:45,980.3255592,3.807698649,1262.5
2023/8/17 11:00,992.2043315,4.282617504,1260
2023/8/17 11:15,1027.809408,4.665895228,1291.25
2023/8/17 11:30,1060.817755,5.747675264,1317.5
2023/8/17 11:45,1046.570357,10.16750659,1324.75
2023/8/17 12:00,1064.169434,11.80729216,1317.5
2023/8/17 12:15,1091.557016,11.28267075,1305.5
2023/8/17 12:30,1105.140035,9.684671248,1305.5
2023/8/17 12:45,1076.468003,9.227642387,1312.75
2023/8/17 13:00,1072.987035,9.913983853,1310.5
2023/8/17 13:15,1046.85737,10.76567845,1320
2023/8/17 13:30,1035.991554,11.2896934,1300.75
2023/8/17 13:45,1035.395832,9.535760409,1293.5
2023/8/17 14:00,1038.049859,7.05106682,1300.75
2023/8/17 14:15,1006.671726,4.139324677,1269.5
2023/8/17 14:30,1010.513387,3.234760187,1276.75
2023/8/17 14:45,951.8993476,1.913913178,1281.5
2023/8/17 15:00,908.7361402,2.036091357,1276.75
2023/8/17 15:15,848.9815545,1.712558604,1274.5
2023/8/17 15:30,775.7287449,1.614295468,1250.5
2023/8/17 15:45,684.5085302,1.075065584,1262.5
2023/8/17 16:00,589.3674932,1.026653165,1262.5
2023/8/17 16:15,499.4355559,1.021746532,1272
2023/8/17 16:30,392.4131959,0.95609902,1250.5
2023/8/17 16:45,305.4354619,1.082381169,1245.5
2023/8/17 17:00,227.4091502,1.269894155,1250.5
2023/8/17 17:15,153.5714841,0.237041345,1245.5
2023/8/17 17:30,84.85184624,0.180049375,1269.5
2023/8/17 17:45,35.5432934,0.179758062,1269.5
2023/8/17 18:00,17.31402042,0.078179347,1257.5
2023/8/17 18:15,0,0.064790175,1257.5
2023/8/17 18:30,0,0.122670314,1252.75
2023/8/17 18:45,0,0.207307351,1255.25
2023/8/17 19:00,0,0.226926211,1255.25
2023/8/17 19:15,0,0.395734964,1260
2023/8/17 19:30,0,0.437520458,1252.75
2023/8/17 19:45,0,0.47384546,1245.5
2023/8/17 20:00,0,0.51495026,1267.25
2023/8/17 20:15,0,1.027372109,1257.5
2023/8/17 20:30,0,1.95992959,1262.5
2023/8/17 20:45,0,2.65930153,1274.5
2023/8/17 21:00,0,2.459819581,1264.75
2023/8/17 21:15,0,1.920878,1262.5
2023/8/17 21:30,0,1.166528223,1252.75
2023/8/17 21:45,0,1.354464418,1264.75
2023/8/17 22:00,0,1.450447213,1255.25
2023/8/17 22:15,0,1.117742349,1240.75
2023/8/17 22:30,0,0.824910796,1233.5
2023/8/17 22:45,0,0.525788739,1226.5
2023/8/17 23:00,0,0.465375022,1231.25
2023/8/17 23:15,0,0.259303924,1228.75
2023/8/17 23:30,0,0.169633805,1257.5
2023/8/17 23:45,0,0.252255488,1260
2023/8/18 00:00,0,0.272670055,1257.5
2023/8/18 00:15,0,0.212886397,1243.25
2023/8/18 00:30,0,0.727260318,1240.75
2023/8/18 00:45,0,0.595613595,1238.5
2023/8/18 01:00,0,0.439454057,1240.75
2023/8/18 01:15,0,0.247609171,1233.5
2023/8/18 01:30,0,0.261189048,1248
2023/8/18 01:45,0,0.255606566,1240.75
2023/8/18 02:00,0,0.226634653,1233.5
2023/8/18 02:15,0,0.265313874,1236
2023/8/18 02:30,0,0.29069037,1236
2023/8/18 02:45,0,0.342493348,1243.25
2023/8/18 03:00,0,0.580789062,1240.75
2023/8/18 03:15,0,0.624754036,1228.75
2023/8/18 03:30,0,0.425894707,1221.5
2023/8/18 03:45,0,0.481180652,1219.25
2023/8/18 04:00,0,0.604459153,1226.5
2023/8/18 04:15,0,0.731096848,1216.75
2023/8/18 04:30,0,0.80050318,1212
2023/8/18 04:45,0,0.721933976,1185.5
2023/8/18 05:00,0,0.806607541,1188
2023/8/18 05:15,0,0.479724772,1195.25
2023/8/18 05:30,0,0.565133406,1212
2023/8/18 05:45,0.7794485,0.892702835,1202.5
2023/8/18 06:00,23.22033076,0.580421283,1216.75
2023/8/18 06:15,61.79889298,0.693089188,1214.5
2023/8/18 06:30,114.4181644,0.626134832,1207.25
2023/8/18 06:45,178.1276014,0.537927787,1212
2023/8/18 07:00,254.3509585,0.542490219,1224
2023/8/18 07:15,337.1367648,0.573109211,1233.5
2023/8/18 07:30,427.8604088,0.726305584,1260
2023/8/18 07:45,530.737676,1.278245949,1262.5
2023/8/18 08:00,635.0369391,1.215491185,1281.5
2023/8/18 08:15,720.3099578,1.162897509,1303.25
2023/8/18 08:30,805.269337,1.468609417,1320
2023/8/18 08:45,907.5794988,2.773409606,1327.25
2023/8/18 09:00,981.6480488,2.668456834,1341.5
2023/8/18 09:15,1042.847199,4.784091125,1346.5
2023/8/18 09:30,1095.119943,5.481844215,1351.25
2023/8/18 09:45,1158.83583,6.499987692,1334.5
2023/8/18 10:00,1177.993624,7.302324981,1322.5
2023/8/18 10:15,1215.846686,11.15586821,1327.25
2023/8/18 10:30,1247.133309,12.32471191,1312.75
2023/8/18 10:45,1241.814872,14.38284667,1327.25
2023/8/18 11:00,1266.59125,17.60463736,1317.5
2023/8/18 11:15,1276.017173,22.98626991,1332
2023/8/18 11:30,1274.848906,24.57504523,1360.75
2023/8/18 11:45,1309.131019,26.35798374,1344
2023/8/18 12:00,1305.865631,33.41469173,1344
2023/8/18 12:15,1307.965781,44.6188735,1348.75
2023/8/18 12:30,1301.670114,52.47560093,1332
2023/8/18 12:45,1287.124328,48.50741083,1327.25
2023/8/18 13:00,1282.899663,42.45894774,1344
2023/8/18 13:15,1254.343246,41.94564042,1358.5
2023/8/18 13:30,1231.512436,42.6162325,1372.75
2023/8/18 13:45,1208.334639,45.73120608,1382.5
2023/8/18 14:00,1152.831767,49.5606109,1387.25
2023/8/18 14:15,1094.578202,57.98104066,1382.5
2023/8/18 14:30,1028.289977,62.30889891,1389.5
2023/8/18 14:45,970.2815682,62.95845958,1384.75
2023/8/18 15:00,896.6175819,67.76948292,1384.75
2023/8/18 15:15,805.628916,75.65648673,1399.25
2023/8/18 15:30,694.3698538,77.04789512,1370.5
2023/8/18 15:45,578.2493458,73.67463293,1353.5
2023/8/18 16:00,494.8237863,68.77443598,1351.25
2023/8/18 16:15,429.3711434,59.54271903,1339.25
2023/8/18 16:30,363.8237149,54.39565621,1317.5
2023/8/18 16:45,284.2947656,53.87535006,1296
2023/8/18 17:00,211.3246662,33.70535308,1286.5
2023/8/18 17:15,143.6266975,21.92234262,1264.75
2023/8/18 17:30,90.03452243,20.32965222,1288.75
2023/8/18 17:45,44.57701082,19.56334331,1286.5
2023/8/18 18:00,19.2417617,19.38981728,1296
2023/8/18 18:15,0,16.33876774,1291.25
2023/8/18 18:30,0,9.161987493,1288.75
2023/8/18 18:45,0,16.57575135,1276.75
2023/8/18 19:00,0,16.73705491,1267.25
2023/8/18 19:15,0,16.67250028,1274.5
2023/8/18 19:30,0,17.48187702,1274.5
2023/8/18 19:45,0,18.25072027,1288.75
2023/8/18 20:00,0,8.219007261,1298.5
2023/8/18 20:15,0,10.6821384,1264.75
2023/8/18 20:30,0,8.692984811,1257.5
2023/8/18 20:45,0,6.40369097,1257.5
2023/8/18 21:00,0,5.0227948,1260
2023/8/18 21:15,0,4.346461737,1252.75
2023/8/18 21:30,0,2.566161745,1286.5
2023/8/18 21:45,0,1.795810932,1274.5
2023/8/18 22:00,0,1.16965943,1264.75
2023/8/18 22:15,0,2.346143594,1269.5
2023/8/18 22:30,0,1.604126248,1240.75
2023/8/18 22:45,0,1.021269432,1248
2023/8/18 23:00,0,1.828734993,1267.25
2023/8/18 23:15,0,2.467674551,1250.5
2023/8/18 23:30,0,2.460040778,1281.5
2023/8/18 23:45,0,2.411456391,1267.25
2023/8/19 00:00,0,3.390202606,1267.25
2023/8/19 00:15,0,5.44910931,1267.25
2023/8/19 00:30,0,6.76969417,1252.75
2023/8/19 00:45,0,7.598046905,1252.75
2023/8/19 01:00,0,7.723446202,1245.5
2023/8/19 01:15,0,8.942434724,1255.25
2023/8/19 01:30,0,13.36027058,1257.5
2023/8/19 01:45,0,14.75614695,1257.5
2023/8/19 02:00,0,13.25088756,1276.75
2023/8/19 02:15,0,15.5479447,1257.5
2023/8/19 02:30,0,19.05504851,1248
2023/8/19 02:45,0,21.37964731,1250.5
2023/8/19 03:00,0,23.44996038,1250.5
2023/8/19 03:15,0,24.02302103,1245.5
2023/8/19 03:30,0,21.39319028,1248
2023/8/19 03:45,0,20.60652884,1252.75
2023/8/19 04:00,0,17.92797979,1240.75
2023/8/19 04:15,0,18.89824711,1228.75
2023/8/19 04:30,0,18.82886002,1207.25
2023/8/19 04:45,0,19.42942152,1202.5
2023/8/19 05:00,0,21.87362846,1207.25
2023/8/19 05:15,0,21.61928036,1212
2023/8/19 05:30,0,18.05653793,1221.5
2023/8/19 05:45,0.487298269,17.6046273,1221.5
2023/8/19 06:00,20.73498444,18.64780623,1216.75
2023/8/19 06:15,62.70178002,20.58323545,1224
2023/8/19 06:30,113.515332,20.76723767,1224
2023/8/19 06:45,176.7078326,18.54563516,1240.75
2023/8/19 07:00,253.9305177,11.19403159,1264.75
2023/8/19 07:15,348.6394265,8.289646186,1245.5
2023/8/19 07:30,443.2644006,8.212929933,1250.5
2023/8/19 07:45,546.327184,7.997050068,1250.5
2023/8/19 08:00,650.994547,7.945396793,1274.5
2023/8/19 08:15,739.2163391,7.682277362,1303.25
2023/8/19 08:30,814.8978606,6.867201933,1298.5
2023/8/19 08:45,905.3763565,4.929853935,1315.25
2023/8/19 09:00,979.9882112,3.887704602,1315.25
2023/8/19 09:15,1037.889539,4.250804033,1339.25
2023/8/19 09:30,1066.863536,4.436303246,1327.25
2023/8/19 09:45,1117.825829,4.339848803,1336.75
2023/8/19 10:00,1158.555874,3.628471283,1332
2023/8/19 10:15,1218.395323,2.928205064,1336.75
2023/8/19 10:30,1234.672527,3.614030687,1332
2023/8/19 10:45,1263.761651,3.826531138,1332
2023/8/19 11:00,1299.009708,3.776772498,1329.5
2023/8/19 11:15,1303.034428,4.443618731,1368
2023/8/19 11:30,1306.782919,6.73203503,1377.5
2023/8/19 11:45,1315.934222,10.74851984,1356
2023/8/19 12:00,1294.637158,12.11337091,1332
2023/8/19 12:15,1306.407647,14.67359817,1332
2023/8/19 12:30,1314.815114,18.93555372,1324.75
2023/8/19 12:45,1288.865667,19.65215006,1336.75
2023/8/19 13:00,1258.575359,18.59189326,1353.5
2023/8/19 13:15,1235.634712,19.95049971,1377.5
2023/8/19 13:30,1202.60575,21.94192816,1389.5
2023/8/19 13:45,1169.455137,22.72215026,1399.25
2023/8/19 14:00,1118.143897,21.67797237,1413.5
2023/8/19 14:15,1079.287427,19.20666694,1413.5
2023/8/19 14:30,1028.156887,20.65926749,1399.25
2023/8/19 14:45,970.853506,20.76446846,1399.25
2023/8/19 15:00,901.1422739,19.75859497,1389.5
2023/8/19 15:15,827.9577111,18.66754411,1392
2023/8/19 15:30,730.4042456,21.96030863,1377.5
2023/8/19 15:45,651.6250161,22.91509817,1365.5
2023/8/19 16:00,576.8620843,22.74991399,1363.25
2023/8/19 16:15,470.0086916,21.65869207,1341.5
2023/8/19 16:30,363.1513888,27.21219051,1320
2023/8/19 16:45,274.4920994,32.22918161,1305.5
2023/8/19 17:00,197.3282645,34.46766551,1284
2023/8/19 17:15,127.6157921,37.81313959,1281.5
2023/8/19 17:30,74.09612527,29.51121099,1305.5
2023/8/19 17:45,33.18943391,18.0272398,1288.75
2023/8/19 18:00,11.54631451,11.60757604,1291.25
2023/8/19 18:15,0,9.947422415,1284
2023/8/19 18:30,0,7.581211489,1276.75
2023/8/19 18:45,0,5.882608777,1272
2023/8/19 19:00,0,4.63551731,1286.5
2023/8/19 19:15,0,4.205418651,1272
2023/8/19 19:30,0,3.756139282,1267.25
2023/8/19 19:45,0,3.56162001,1262.5
2023/8/19 20:00,0,2.801416116,1257.5
2023/8/19 20:15,0,2.700335286,1260
2023/8/19 20:30,0,3.6585731,1272
2023/8/19 20:45,0,3.00197057,1255.25
2023/8/19 21:00,0,3.128092495,1250.5
2023/8/19 21:15,0,3.070518129,1255.25
2023/8/19 21:30,0,2.760633544,1252.75
2023/8/19 21:45,0,2.043157126,1250.5
2023/8/19 22:00,0,1.914592559,1257.5
2023/8/19 22:15,0,2.339021951,1248
2023/8/19 22:30,0,2.471377786,1231.25
2023/8/19 22:45,0,2.260706818,1228.75
2023/8/19 23:00,0,2.390212988,1226.5
2023/8/19 23:15,0,2.250454965,1236
2023/8/19 23:30,0,3.289753106,1272
2023/8/19 23:45,0,5.638810935,1276.75
2023/8/20 00:00,0,5.960710279,1272
2023/8/20 00:15,0,7.571708855,1269.5
2023/8/20 00:30,0,10.97966764,1274.5
2023/8/20 00:45,0,12.83313243,1274.5
2023/8/20 01:00,0,13.2051026,1286.5
2023/8/20 01:15,0,13.12797043,1281.5
2023/8/20 01:30,0,16.51608078,1284
2023/8/20 01:45,0,18.39685446,1293.5
2023/8/20 02:00,0,17.01322766,1291.25
2023/8/20 02:15,0,17.02937145,1293.5
2023/8/20 02:30,0,15.13777844,1291.25
2023/8/20 02:45,0,12.46976937,1300.75
2023/8/20 03:00,0,12.99955971,1284
2023/8/20 03:15,0,15.92517901,1269.5
2023/8/20 03:30,0,17.59255221,1281.5
2023/8/20 03:45,0,19.19373425,1274.5
2023/8/20 04:00,0,20.60523615,1272
2023/8/20 04:15,0,22.79672276,1272
2023/8/20 04:30,0,23.80781632,1233.5
2023/8/20 04:45,0,26.11405463,1236
2023/8/20 05:00,0,23.37009285,1231.25
2023/8/20 05:15,0,21.61820359,1243.25
2023/8/20 05:30,0,21.51371332,1264.75
2023/8/20 05:45,0.503531625,20.98580747,1269.5
2023/8/20 06:00,22.44312928,23.08232689,1264.75
2023/8/20 06:15,66.6930163,22.68056563,1257.5
2023/8/20 06:30,125.2552901,20.68291934,1260
2023/8/20 06:45,201.3062468,20.24915528,1281.5
2023/8/20 07:00,293.7723021,20.26932588,1296
2023/8/20 07:15,387.7169663,19.31337008,1324.75
2023/8/20 07:30,498.8343725,14.85531064,1324.75
2023/8/20 07:45,603.3942414,12.2591035,1339.25
2023/8/20 08:00,699.5183669,15.15422456,1358.5
2023/8/20 08:15,782.7661319,19.29033422,1360.75
2023/8/20 08:30,856.5913885,20.84501549,1382.5
2023/8/20 08:45,954.0304115,23.87164923,1396.75
2023/8/20 09:00,1005.011872,25.99236844,1428
2023/8/20 09:15,1085.230676,24.28169919,1432.75
2023/8/20 09:30,1102.269985,22.31057353,1430.5
2023/8/20 09:45,1154.734285,19.93554208,1428
2023/8/20 10:00,1172.12745,21.87020453,1416
2023/8/20 10:15,1220.78439,20.61584355,1392
2023/8/20 10:30,1264.048008,20.61253208,1396.75
2023/8/20 10:45,1280.270077,18.19831324,1368
2023/8/20 11:00,1328.350684,19.81085243,1382.5
2023/8/20 11:15,1332.146114,22.54558668,1368
2023/8/20 11:30,1334.602485,22.95886015,1396.75
2023/8/20 11:45,1351.368734,23.20189123,1399.25
2023/8/20 12:00,1343.925041,25.06664381,1404
2023/8/20 12:15,1347.019107,26.95003113,1392
2023/8/20 12:30,1344.858053,30.22484245,1375.25
2023/8/20 12:45,1329.040125,33.44443922,1370.5
2023/8/20 13:00,1302.022796,35.3976963,1368
2023/8/20 13:15,1266.586485,34.74619844,1380
2023/8/20 13:30,1234.399107,29.41455604,1413.5
2023/8/20 13:45,1216.607997,24.67590865,1389.5
2023/8/20 14:00,1162.01252,22.74825076,1392
2023/8/20 14:15,1089.039176,29.46017504,1394.5
2023/8/20 14:30,1043.049189,30.69100092,1423.25
2023/8/20 14:45,965.8365642,31.93564575,1416
2023/8/20 15:00,902.1782652,30.1194532,1418.5
2023/8/20 15:15,825.172779,23.44820774,1394.5
2023/8/20 15:30,736.2295058,15.68607738,1368
2023/8/20 15:45,648.5884248,12.3446516,1384.75
2023/8/20 16:00,551.6131643,9.591866634,1382.5
2023/8/20 16:15,453.9467071,9.107582486,1370.5
2023/8/20 16:30,363.8058784,8.911569661,1365.5
2023/8/20 16:45,277.0496659,10.08769023,1346.5
2023/8/20 17:00,197.3870797,13.37421601,1344
2023/8/20 17:15,127.5316689,13.39777917,1322.5
2023/8/20 17:30,70.11923196,9.494638568,1346.5
2023/8/20 17:45,29.67196274,8.306021457,1348.75
2023/8/20 18:00,12.13485088,5.575362488,1346.5
2023/8/20 18:15,0,4.360266783,1346.5
2023/8/20 18:30,0,3.414195513,1322.5
2023/8/20 18:45,0,3.338335822,1320
2023/8/20 19:00,0,1.862006201,1317.5
2023/8/20 19:15,0,1.71073702,1312.75
2023/8/20 19:30,0,1.38117119,1320
2023/8/20 19:45,0,1.874526914,1327.25
2023/8/20 20:00,0,1.818806435,1315.25
2023/8/20 20:15,0,2.007150808,1320
2023/8/20 20:30,0,1.727541885,1300.75
2023/8/20 20:45,0,1.133065505,1303.25
2023/8/20 21:00,0,1.305809243,1298.5
2023/8/20 21:15,0,0.991812505,1310.5
2023/8/20 21:30,0,0.561288539,1288.75
2023/8/20 21:45,0,0.734896562,1286.5
2023/8/20 22:00,0,0.579568434,1284
2023/8/20 22:15,0,0.561109901,1269.5
2023/8/20 22:30,0,0.397163444,1260
2023/8/20 22:45,0,0.663015315,1279.25
2023/8/20 23:00,0,1.985385781,1257.5
2023/8/20 23:15,0,1.936821454,1267.25
2023/8/20 23:30,0,1.377495781,1281.5
2023/8/20 23:45,0,1.396611534,1288.75
2023/8/21 00:00,0,1.279460795,1286.5
2023/8/21 00:15,0,1.740301223,1296
2023/8/21 00:30,0,1.26896998,1281.5
2023/8/21 00:45,0,1.192695503,1272
2023/8/21 01:00,0,0.89578819,1284
2023/8/21 01:15,0,0.796728324,1291.25
2023/8/21 01:30,0,1.526328592,1276.75
2023/8/21 01:45,0,2.549815643,1288.75
2023/8/21 02:00,0,2.976412265,1281.5
2023/8/21 02:15,0,2.815206941,1281.5
2023/8/21 02:30,0,2.163786347,1272
2023/8/21 02:45,0,1.726635843,1267.25
2023/8/21 03:00,0,1.461814402,1269.5
2023/8/21 03:15,0,1.215300576,1276.75
2023/8/21 03:30,0,1.21440231,1274.5
2023/8/21 03:45,0,1.474049639,1262.5
2023/8/21 04:00,0,1.434540076,1262.5
2023/8/21 04:15,0,1.285108913,1262.5
2023/8/21 04:30,0,1.317339901,1240.75
2023/8/21 04:45,0,1.17424783,1243.25
2023/8/21 05:00,0,0.937331082,1245.5
2023/8/21 05:15,0,0.689916979,1243.25
2023/8/21 05:30,0,0.522195871,1269.5
2023/8/21 05:45,0.331607773,0.453622947,1267.25
2023/8/21 06:00,19.65669081,0.337228996,1269.5
2023/8/21 06:15,54.651473,0.475840065,1272
2023/8/21 06:30,97.23962493,0.320469994,1291.25
2023/8/21 06:45,152.9470893,0.221922547,1279.25
2023/8/21 07:00,219.5173554,0.126978036,1291.25
2023/8/21 07:15,288.2624021,0.105512352,1308
2023/8/21 07:30,365.2833817,0.111392064,1310.5
2023/8/21 07:45,437.4271341,0.121030613,1327.25
2023/8/21 08:00,498.91659,0.137999337,1353.5
2023/8/21 08:15,544.0620081,0.124088622,1346.5
2023/8/21 08:30,594.128386,0.131391394,1356
2023/8/21 08:45,693.6532783,0.239500482,1360.75
2023/8/21 09:00,751.5712976,0.844506467,1368
2023/8/21 09:15,791.9447668,1.326340596,1363.25
2023/8/21 09:30,844.9415193,1.287533226,1399.25
2023/8/21 09:45,925.2668022,1.467602924,1380
2023/8/21 10:00,966.7226772,3.172201512,1375.25
2023/8/21 10:15,981.3631669,3.857884079,1389.5
2023/8/21 10:30,988.1634081,4.034009003,1353.5
2023/8/21 10:45,1014.666793,3.046758512,1358.5
2023/8/21 11:00,1066.225985,4.738765218,1358.5
2023/8/21 11:15,1096.731931,6.446455833,1351.25
2023/8/21 11:30,1166.899261,7.158870715,1368
2023/8/21 11:45,1176.301727,8.212458822,1370.5
2023/8/21 12:00,1176.12977,8.75224444,1377.5
2023/8/21 12:15,1178.322144,7.511129347,1346.5
2023/8/21 12:30,1197.606656,7.938044547,1346.5
2023/8/21 12:45,1190.993913,11.96408687,1348.75
2023/8/21 13:00,1183.337464,12.14925924,1370.5
2023/8/21 13:15,1169.22175,12.68101467,1389.5
2023/8/21 13:30,1144.267613,12.20355072,1399.25
2023/8/21 13:45,1090.104507,12.16281211,1411.25
2023/8/21 14:00,1046.78805,9.773477322,1406.5
2023/8/21 14:15,1005.245035,14.69728214,1428
2023/8/21 14:30,957.1658148,14.31300384,1418.5
2023/8/21 14:45,911.107164,12.47132847,1428
2023/8/21 15:00,843.1992408,11.32411779,1430.5
2023/8/21 15:15,784.0721155,10.78899967,1425.5
2023/8/21 15:30,699.326685,4.596291911,1404
2023/8/21 15:45,620.6820871,5.915560102,1425.5
2023/8/21 16:00,536.735337,8.193524307,1401.5
2023/8/21 16:15,446.3705889,11.60507056,1377.5
2023/8/21 16:30,358.1513517,12.4992769,1348.75
2023/8/21 16:45,273.7955741,11.43738042,1346.5
2023/8/21 17:00,193.9236741,13.31761467,1332
2023/8/21 17:15,121.5827739,13.80087847,1336.75
2023/8/21 17:30,63.01011004,14.36140785,1341.5
2023/8/21 17:45,25.60138337,17.64251153,1341.5
2023/8/21 18:00,12.08728602,24.87960655,1336.75
2023/8/21 18:15,0,26.93507109,1348.75
2023/8/21 18:30,0,35.4831147,1329.5
2023/8/21 18:45,0,28.80955981,1332
2023/8/21 19:00,0,28.72122311,1322.5
2023/8/21 19:15,0,28.42323892,1310.5
2023/8/21 19:30,0,25.31552621,1298.5
2023/8/21 19:45,0,22.04578292,1288.75
2023/8/21 20:00,0,21.05541255,1276.75
2023/8/21 20:15,0,23.60120113,1286.5
2023/8/21 20:30,0,22.07866721,1293.5
2023/8/21 20:45,0,20.53451204,1298.5
2023/8/21 21:00,0,12.24000849,1288.75
2023/8/21 21:15,0,10.28477592,1284
2023/8/21 21:30,0,8.853136484,1276.75
2023/8/21 21:45,0,7.738379717,1279.25
2023/8/21 22:00,0,6.634454453,1269.5
2023/8/21 22:15,0,7.121006736,1262.5
2023/8/21 22:30,0,7.43949252,1245.5
2023/8/21 22:45,0,10.55895054,1248
2023/8/21 23:00,0,9.858506685,1240.75
2023/8/21 23:15,0,8.885679155,1245.5
2023/8/21 23:30,0,8.431784014,1274.5
2023/8/21 23:45,0,8.275364315,1260
2023/8/22 00:00,0,4.867654952,1262.5
2023/8/22 00:15,0,4.255052927,1269.5
2023/8/22 00:30,0,4.53045882,1267.25
2023/8/22 00:45,0,5.463101602,1267.25
2023/8/22 01:00,0,5.408494949,1274.5
2023/8/22 01:15,0,3.895598469,1269.5
2023/8/22 01:30,0,3.139228636,1264.75
2023/8/22 01:45,0,2.750002646,1264.75
2023/8/22 02:00,0,3.247623619,1262.5
2023/8/22 02:15,0,3.525654753,1264.75
2023/8/22 02:30,0,3.819623889,1279.25
2023/8/22 02:45,0,4.388272245,1262.5
2023/8/22 03:00,0,4.846110092,1262.5
2023/8/22 03:15,0,5.434252854,1262.5
2023/8/22 03:30,0,5.151083516,1252.75
2023/8/22 03:45,0,5.190653093,1250.5
2023/8/22 04:00,0,6.326866044,1257.5
2023/8/22 04:15,0,7.719151587,1252.75
2023/8/22 04:30,0,12.92183408,1228.75
2023/8/22 04:45,0,16.86440817,1224
2023/8/22 05:00,0,20.99281429,1224
2023/8/22 05:15,0,18.59651454,1231.25
2023/8/22 05:30,0,17.71434214,1262.5
2023/8/22 05:45,0.351723581,11.9726994,1260
2023/8/22 06:00,22.20876406,16.33053108,1248
2023/8/22 06:15,57.02423779,14.52521282,1243.25
2023/8/22 06:30,101.6211665,15.38591061,1238.5
2023/8/22 06:45,152.8684541,17.31967202,1248
2023/8/22 07:00,215.4468822,12.90383176,1262.5
2023/8/22 07:15,287.7789246,10.69902921,1281.5
2023/8/22 07:30,370.1307233,10.58145418,1293.5
2023/8/22 07:45,471.9694142,10.98638498,1300.75
2023/8/22 08:00,601.4155704,9.129976051,1317.5
2023/8/22 08:15,697.5402764,6.940734047,1291.25
2023/8/22 08:30,760.393797,7.113602928,1310.5
2023/8/22 08:45,837.7920397,6.788256868,1339.25
2023/8/22 09:00,919.6939009,6.493591202,1353.5
2023/8/22 09:15,995.1757924,4.241086781,1356
2023/8/22 09:30,1043.542041,5.22988422,1365.5
2023/8/22 09:45,1092.146461,8.04285564,1370.5
2023/8/22 10:00,1153.915725,10.65122993,1336.75
2023/8/22 10:15,1180.043467,13.59509039,1327.25
2023/8/22 10:30,1192.380179,19.58282204,1327.25
2023/8/22 10:45,1241.432835,27.28432474,1329.5
2023/8/22 11:00,1245.614976,33.7808947,1334.5
2023/8/22 11:15,1257.27476,39.44985657,1336.75
2023/8/22 11:30,1273.349141,41.46430567,1358.5
2023/8/22 11:45,1269.588078,48.72815856,1360.75
2023/8/22 12:00,1259.231122,54.6081832,1346.5
2023/8/22 12:15,1257.239332,59.37659989,1339.25
2023/8/22 12:30,1239.997946,59.54333886,1332
2023/8/22 12:45,1244.553534,65.75984361,1322.5
2023/8/22 13:00,1231.072361,73.36211056,1339.25
2023/8/22 13:15,1202.97237,83.31004642,1346.5
2023/8/22 13:30,1185.891424,94.37614769,1334.5
2023/8/22 13:45,1158.413949,110.7599491,1329.5
2023/8/22 14:00,1114.712211,135.2145687,1322.5
2023/8/22 14:15,1055.529491,144.3292981,1324.75
2023/8/22 14:30,996.572615,158.647923,1320
2023/8/22 14:45,913.0327764,179.7579592,1322.5
2023/8/22 15:00,841.7676009,203.2157881,1327.25
2023/8/22 15:15,773.4715174,260.3825545,1322.5
2023/8/22 15:30,706.9118498,312.4357462,1322.5
2023/8/22 15:45,638.5429123,337.6388696,1317.5
2023/8/22 16:00,544.4441124,346.2176813,1315.25
2023/8/22 16:15,447.2688006,362.6648835,1310.5
2023/8/22 16:30,361.0223814,388.1036319,1308
2023/8/22 16:45,270.1175919,414.5847952,1322.5
2023/8/22 17:00,187.3347649,422.8475164,1298.5
2023/8/22 17:15,116.5944337,421.3351829,1298.5
2023/8/22 17:30,61.84910165,414.7890863,1286.5
2023/8/22 17:45,23.70276012,398.8190928,1281.5
2023/8/22 18:00,12.68353502,363.6507451,1276.75
2023/8/22 18:15,0,357.6106068,1269.5
2023/8/22 18:30,0,318.0499164,1267.25
2023/8/22 18:45,0,283.5881491,1255.25
2023/8/22 19:00,0,231.0327452,1250.5
2023/8/22 19:15,0,186.4241791,1245.5
2023/8/22 19:30,0,163.0573034,1250.5
2023/8/22 19:45,0,140.5737096,1238.5
2023/8/22 20:00,0,122.8034542,1233.5
2023/8/22 20:15,0,114.6857515,1240.75
2023/8/22 20:30,0,103.1245939,1236
2023/8/22 20:45,0,97.73478502,1238.5
2023/8/22 21:00,0,90.22933815,1296
2023/8/22 21:15,0,76.16102646,1248
2023/8/22 21:30,0,68.86146357,1236
2023/8/22 21:45,0,77.47359735,1238.5
2023/8/22 22:00,0,73.40656036,1233.5
2023/8/22 22:15,0,59.6894471,1238.5
2023/8/22 22:30,0,55.96449164,1243.25
2023/8/22 22:45,0,54.34107476,1233.5
2023/8/22 23:00,0,47.76300169,1228.75
2023/8/22 23:15,0,44.79038212,1216.75
2023/8/22 23:30,0,39.86260873,1233.5
2023/8/22 23:45,0,40.0463955,1243.25
2023/8/23 00:00,0,34.85800324,1250.5
2023/8/23 00:15,0,35.05802121,1233.5
2023/8/23 00:30,0,34.82647479,1226.5
2023/8/23 00:45,0,34.36697413,1224
2023/8/23 01:00,0,34.92902677,1219.25
2023/8/23 01:15,0,36.36646832,1228.75
2023/8/23 01:30,0,37.81827459,1236
2023/8/23 01:45,0,39.53546415,1228.75
2023/8/23 02:00,0,35.44258485,1233.5
2023/8/23 02:15,0,34.17919457,1224
2023/8/23 02:30,0,33.29776764,1233.5
2023/8/23 02:45,0,27.74695455,1228.75
2023/8/23 03:00,0,27.41309204,1238.5
2023/8/23 03:15,0,31.15311082,1231.25
2023/8/23 03:30,0,31.84502891,1216.75
2023/8/23 03:45,0,28.235347,1216.75
2023/8/23 04:00,0,25.60535159,1209.5
2023/8/23 04:15,0,25.19081975,1219.25
2023/8/23 04:30,0,25.47638872,1219.25
2023/8/23 04:45,0,28.06302786,1224
2023/8/23 05:00,0,34.10975065,1219.25
2023/8/23 05:15,0,33.81340884,1204.75
2023/8/23 05:30,0,31.63203668,1214.5
2023/8/23 05:45,0.254348138,32.72123164,1216.75
2023/8/23 06:00,13.47185956,30.66217955,1214.5
2023/8/23 06:15,52.19838792,30.66728559,1228.75
2023/8/23 06:30,110.8733673,30.71149707,1212
2023/8/23 06:45,182.9590761,33.70208031,1221.5
2023/8/23 07:00,270.2508212,33.65810138,1219.25
2023/8/23 07:15,364.3247479,41.15361287,1231.25
2023/8/23 07:30,460.948839,42.27143729,1240.75
2023/8/23 07:45,556.133001,45.15407222,1248
2023/8/23 08:00,651.2891876,48.26508185,1245.5
2023/8/23 08:15,741.8142443,57.28605781,1245.5
2023/8/23 08:30,817.8446914,60.81672129,1255.25
2023/8/23 08:45,896.8443572,61.23416748,1267.25
2023/8/23 09:00,927.1565564,64.03660441,1267.25
2023/8/23 09:15,960.986603,67.40950674,1267.25
2023/8/23 09:30,1030.608454,72.50317976,1267.25
2023/8/23 09:45,1095.266951,89.96639234,1267.25
2023/8/23 10:00,1119.023447,102.7641134,1267.25
2023/8/23 10:15,1111.391097,113.6800088,1267.25
2023/8/23 10:30,1112.349097,108.1827604,1267.25
2023/8/23 10:45,1132.976976,115.8423674,1267.25
2023/8/23 11:00,1140.034438,135.3499885,1267.25
2023/8/23 11:15,1161.173441,136.103101,1267.25
2023/8/23 11:30,1178.29499,127.5711647,1267.25
2023/8/23 11:45,1185.135606,122.1949544,1267.25
2023/8/23 12:00,1161.642175,119.8101984,1267.25
2023/8/23 12:15,1196.808786,123.4508273,1267.25
2023/8/23 12:30,1192.616251,126.971285,1267.25
2023/8/23 12:45,1179.514594,117.8100227,1267.25
2023/8/23 13:00,1161.494412,100.6504357,1267.25
2023/8/23 13:15,1122.983447,95.10585677,1267.25
2023/8/23 13:30,1080.524641,94.41618663,1267.25
2023/8/23 13:45,1023.223238,94.41767863,1267.25
2023/8/23 14:00,1000.361387,87.75042429,1267.25
2023/8/23 14:15,958.0035223,89.65542011,1267.25
2023/8/23 14:30,906.5697266,92.81174067,1267.25
2023/8/23 14:45,832.7778353,94.19947201,1267.25
2023/8/23 15:00,755.9682786,97.26362796,1267.25
2023/8/23 15:15,693.3937471,95.26510197,1267.25
2023/8/23 15:30,618.1401198,88.69783227,1267.25
2023/8/23 15:45,548.2752461,91.0389116,1267.25
2023/8/23 16:00,475.8390176,100.9270509,1267.25
2023/8/23 16:15,403.6483089,77.98222911,1267.25
2023/8/23 16:30,329.2459961,69.8520309,1267.25
2023/8/23 16:45,259.2823195,69.56190307,1267.25
2023/8/23 17:00,201.598775,75.38315808,1267.25
2023/8/23 17:15,145.3415825,70.62609316,1267.25
2023/8/23 17:30,90.90672864,57.67272739,1267.25
2023/8/23 17:45,44.58814957,51.29080503,1267.25
2023/8/23 18:00,11.6576541,54.21535924,1267.25
2023/8/23 18:15,0,56.47089813,1267.25
2023/8/23 18:30,0,48.80312525,1267.25
2023/8/23 18:45,0,46.90040059,1267.25
2023/8/23 19:00,0,36.91414495,1267.25
2023/8/23 19:15,0,27.14308183,1267.25
2023/8/23 19:30,0,22.97518235,1267.25
2023/8/23 19:45,0,20.76443769,1267.25
2023/8/23 20:00,0,21.48564199,1267.25
2023/8/23 20:15,0,22.72172947,1267.25
2023/8/23 20:30,0,23.80096331,1267.25
2023/8/23 20:45,0,22.50889146,1267.25
2023/8/23 21:00,0,18.38875574,1267.25
2023/8/23 21:15,0,16.94146497,1267.25
2023/8/23 21:30,0,18.79466597,1267.25
2023/8/23 21:45,0,18.14443665,1267.25
2023/8/23 22:00,0,18.84845797,1267.25
2023/8/23 22:15,0,18.05391401,1267.25
2023/8/23 22:30,0,16.90459461,1267.25
2023/8/23 22:45,0,17.86207772,1267.25
2023/8/23 23:00,0,17.27335778,1267.25
2023/8/23 23:15,0,13.71447946,1267.25
2023/8/23 23:30,0,14.22012521,1267.25
2023/8/23 23:45,0,14.95828082,1267.25
2023/8/24 00:00,0,14.49511624,1236
2023/8/24 00:15,0,12.75653041,1240.75
2023/8/24 00:30,0,15.13424534,1236
2023/8/24 00:45,0,20.37169638,1255.25
2023/8/24 01:00,0,23.20000024,1243.25
2023/8/24 01:15,0,23.65354244,1248
2023/8/24 01:30,0,26.37814003,1240.75
2023/8/24 01:45,0,21.90123027,1238.5
2023/8/24 02:00,0,18.94882032,1243.25
2023/8/24 02:15,0,21.23725563,1248
2023/8/24 02:30,0,15.21749188,1248
2023/8/24 02:45,0,19.11484878,1250.5
2023/8/24 03:00,0,24.10742963,1240.75
2023/8/24 03:15,0,23.18885004,1238.5
2023/8/24 03:30,0,19.82339024,1228.75
2023/8/24 03:45,0,26.6259149,1238.5
2023/8/24 04:00,0,30.21787365,1238.5
2023/8/24 04:15,0,31.40559182,1228.75
2023/8/24 04:30,0,29.54269329,1224
2023/8/24 04:45,0,24.51610702,1224
2023/8/24 05:00,0,19.71808084,1226.5
2023/8/24 05:15,0,20.75222703,1226.5
2023/8/24 05:30,0,18.20810736,1219.25
2023/8/24 05:45,0.481631336,13.53371255,1207.25
2023/8/24 06:00,21.56858877,12.7758002,1209.5
2023/8/24 06:15,63.40664832,11.39099542,1202.5
2023/8/24 06:30,114.4574112,8.352498273,1209.5
2023/8/24 06:45,169.0320316,8.872382727,1214.5
2023/8/24 07:00,236.1135783,9.368710579,1231.25
2023/8/24 07:15,313.4227525,10.50956643,1224
2023/8/24 07:30,387.3949957,6.930435277,1228.75
2023/8/24 07:45,450.7527954,7.647824391,1240.75
2023/8/24 08:00,518.6805071,7.49804599,1245.5
2023/8/24 08:15,562.3511209,6.570402361,1255.25
2023/8/24 08:30,623.0016185,5.606373156,1269.5
2023/8/24 08:45,723.3402001,6.118170371,1252.75
2023/8/24 09:00,777.8122283,6.234475457,1248
2023/8/24 09:15,874.8705388,7.025649792,1262.5
2023/8/24 09:30,963.7808184,6.612811487,1262.5
2023/8/24 09:45,1021.790354,5.573329742,1257.5
2023/8/24 10:00,1066.334269,6.336825813,1267.25
2023/8/24 10:15,1105.258879,5.541091,1245.5
2023/8/24 10:30,1160.632171,6.271326932,1250.5
2023/8/24 10:45,1200.87221,6.252296881,1248
2023/8/24 11:00,1218.462315,7.593768453,1243.25
2023/8/24 11:15,1229.059116,9.160183702,1231.25
2023/8/24 11:30,1227.674428,11.56595304,1248
2023/8/24 11:45,1265.020991,14.61351539,1236
2023/8/24 12:00,1278.440438,20.38972003,1236
2023/8/24 12:15,1284.246129,23.4829361,1240.75
2023/8/24 12:30,1277.953761,24.11655133,1238.5
2023/8/24 12:45,1275.871421,24.32631818,1233.5
2023/8/24 13:00,1254.579311,31.50656628,1248
2023/8/24 13:15,1235.253262,38.94194476,1240.75
2023/8/24 13:30,1206.248176,51.10635712,1236
2023/8/24 13:45,1160.805094,59.63465707,1238.5
2023/8/24 14:00,1136.204392,70.234401,1243.25
2023/8/24 14:15,1063.514997,82.63702658,1243.25
2023/8/24 14:30,1002.47738,89.61721548,1248
2023/8/24 14:45,950.9170835,92.3492027,1221.5
2023/8/24 15:00,859.15572,107.5909781,1209.5
2023/8/24 15:15,781.8880507,140.7968454,1209.5
2023/8/24 15:30,709.4833214,172.3412323,1207.25
2023/8/24 15:45,613.1539541,186.4152972,1212
2023/8/24 16:00,512.7387592,196.1079152,1214.5
2023/8/24 16:15,434.6877609,206.8852208,1219.25
2023/8/24 16:30,353.6012502,192.6693374,1204.75
2023/8/24 16:45,269.9109881,192.2793564,1195.25
2023/8/24 17:00,197.6694957,197.6626611,1178.5
2023/8/24 17:15,130.4185677,177.4993723,1178.5
2023/8/24 17:30,76.01259659,161.3850783,1176
2023/8/24 17:45,36.49320018,134.1501208,1192.75
2023/8/24 18:00,6.839401779,131.3359453,1192.75
2023/8/24 18:15,0,115.0898324,1188
2023/8/24 18:30,0,95.6533537,1204.75
2023/8/24 18:45,0,92.31951386,1200
2023/8/24 19:00,0,96.0124214,1195.25
2023/8/24 19:15,0,92.17481201,1204.75
2023/8/24 19:30,0,100.2288755,1197.5
2023/8/24 19:45,0,110.0499213,1195.25
2023/8/24 20:00,0,101.7943415,1197.5
2023/8/24 20:15,0,93.86052474,1197.5
2023/8/24 20:30,0,82.54230882,1190.5
2023/8/24 20:45,0,77.09040054,1192.75
2023/8/24 21:00,0,79.00810961,1180.75
2023/8/24 21:15,0,66.80758458,1178.5
2023/8/24 21:30,0,65.06459978,1176
2023/8/24 21:45,0,66.4253903,1183.25
2023/8/24 22:00,0,59.49834361,1180.75
2023/8/24 22:15,0,52.81260294,1180.75
2023/8/24 22:30,0,51.42217156,1178.5
2023/8/24 22:45,0,46.77309529,1173.5
2023/8/24 23:00,0,45.47403019,1171.25
2023/8/24 23:15,0,44.63662394,1166.5
2023/8/24 23:30,0,44.0419794,1171.25
2023/8/24 23:45,0,34.33147676,1178.5
2023/8/25 00:00,0,32.57259869,1190.5
2023/8/25 00:15,0,35.89893774,1168.75
2023/8/25 00:30,0,38.91789414,1173.5
2023/8/25 00:45,0,36.98782598,1166.5
2023/8/25 01:00,0,31.25678365,1171.25
2023/8/25 01:15,0,27.54266158,1202.5
2023/8/25 01:30,0,24.53799113,1226.5
2023/8/25 01:45,0,22.59842244,1197.5
2023/8/25 02:00,0,19.64894197,1183.25
2023/8/25 02:15,0,17.24867495,1192.75
2023/8/25 02:30,0,13.98161311,1192.75
2023/8/25 02:45,0,11.70468116,1195.25
2023/8/25 03:00,0,10.43863832,1200
2023/8/25 03:15,0,10.82563906,1185.5
2023/8/25 03:30,0,10.54335311,1185.5
2023/8/25 03:45,0,10.34694746,1183.25
2023/8/25 04:00,0,12.0198476,1183.25
2023/8/25 04:15,0,12.13838834,1185.5
2023/8/25 04:30,0,10.65004823,1197.5
2023/8/25 04:45,0,9.729243535,1188
2023/8/25 05:00,0,9.205852941,1183.25
2023/8/25 05:15,0,9.88326965,1202.5
2023/8/25 05:30,0,13.10820473,1185.5
2023/8/25 05:45,0.419591053,15.11891523,1185.5
2023/8/25 06:00,20.35655415,15.10275194,1202.5
2023/8/25 06:15,59.18931097,13.87217549,1190.5
2023/8/25 06:30,112.6970258,12.27236977,1197.5
2023/8/25 06:45,185.6316569,12.7280407,1190.5
2023/8/25 07:00,266.9511902,11.83673083,1236
2023/8/25 07:15,360.6764335,10.90748935,1248
2023/8/25 07:30,456.1828786,8.33838254,1257.5
2023/8/25 07:45,527.8184851,6.999606423,1269.5
2023/8/25 08:00,595.7962088,6.136755218,1269.5
2023/8/25 08:15,669.6789038,6.467102123,1281.5
2023/8/25 08:30,744.7997628,8.70025326,1300.75
2023/8/25 08:45,791.3097432,10.36166797,1298.5
2023/8/25 09:00,821.7971343,11.44417922,1322.5
2023/8/25 09:15,894.7313685,14.72737918,1336.75
2023/8/25 09:30,953.2804858,20.89829862,1336.75
2023/8/25 09:45,1031.2429,27.40884969,1332
2023/8/25 10:00,1053.043115,32.81613527,1336.75
2023/8/25 10:15,1111.643852,38.93920542,1339.25
2023/8/25 10:30,1165.448581,43.80453591,1344
2023/8/25 10:45,1159.071846,48.36470752,1356
2023/8/25 11:00,1186.825032,56.39359692,1365.5
2023/8/25 11:15,1196.14113,66.45746091,1346.5
2023/8/25 11:30,1209.932619,76.43344117,1351.25
2023/8/25 11:45,1243.943732,94.05547301,1329.5
2023/8/25 12:00,1226.570222,110.1413839,1332
2023/8/25 12:15,1238.398448,121.7134292,1344
2023/8/25 12:30,1202.542815,139.193243,1324.75
2023/8/25 12:45,1202.677914,146.6731473,1324.75
2023/8/25 13:00,1190.160655,171.5675424,1332
2023/8/25 13:15,1161.738171,193.5108888,1339.25
2023/8/25 13:30,1153.479004,218.0810234,1341.5
2023/8/25 13:45,1114.861641,255.6261005,1377.5
2023/8/25 14:00,1044.245857,293.1716155,1384.75
2023/8/25 14:15,989.9025158,315.4456669,1394.5
2023/8/25 14:30,958.7855023,327.0859737,1387.25
2023/8/25 14:45,908.6876702,341.3211773,1396.75
2023/8/25 15:00,840.6060807,368.4525521,1380
2023/8/25 15:15,766.3616012,396.1071738,1387.25
2023/8/25 15:30,692.6991517,413.801476,1370.5
2023/8/25 15:45,627.8355734,427.0332513,1370.5
2023/8/25 16:00,548.4226481,432.6715587,1346.5
2023/8/25 16:15,424.8866413,320.1912092,1344
2023/8/25 16:30,312.9446379,322.3414893,1317.5
2023/8/25 16:45,217.754692,336.4975296,1308
2023/8/25 17:00,149.3276419,339.8701168,1303.25
2023/8/25 17:15,106.2388324,348.8000516,1300.75
2023/8/25 17:30,72.21583482,330.6762486,1286.5
2023/8/25 17:45,35.17400844,435.9026922,1276.75
2023/8/25 18:00,6.250949106,441.7350976,1274.5
2023/8/25 18:15,0,432.8232686,1272
2023/8/25 18:30,0,415.6145596,1272
2023/8/25 18:45,0,394.5149198,1260
2023/8/25 19:00,0,366.2761391,1255.25
2023/8/25 19:15,0,316.5433029,1243.25
2023/8/25 19:30,0,275.1316647,1243.25
2023/8/25 19:45,0,236.1814184,1243.25
2023/8/25 20:00,0,185.6438915,1240.75
2023/8/25 20:15,0,148.1207753,1221.5
2023/8/25 20:30,0,123.7661833,1214.5
2023/8/25 20:45,0,89.11976881,1216.75
2023/8/25 21:00,0,63.48823763,1212
2023/8/25 21:15,0,51.15482456,1214.5
2023/8/25 21:30,0,43.69268756,1216.75
2023/8/25 21:45,0,36.25743876,1207.25
2023/8/25 22:00,0,36.50242582,1202.5
2023/8/25 22:15,0,37.79968302,1202.5
2023/8/25 22:30,0,34.74834825,1204.75
2023/8/25 22:45,0,35.63597956,1197.5
2023/8/25 23:00,0,35.67333655,1209.5
2023/8/25 23:15,0,39.38105267,1202.5
2023/8/25 23:30,0,35.52543672,1200
2023/8/25 23:45,0,31.27233475,1200
2023/8/26 00:00,0,28.11677398,1197.5
2023/8/26 00:15,0,24.51810556,1197.5
2023/8/26 00:30,0,24.15453971,1209.5
2023/8/26 00:45,0,21.7704851,1197.5
2023/8/26 01:00,0,20.80883109,1195.25
2023/8/26 01:15,0,17.47653902,1197.5
2023/8/26 01:30,0,19.43662013,1195.25
2023/8/26 01:45,0,21.05489681,1195.25
2023/8/26 02:00,0,19.52378619,1207.25
2023/8/26 02:15,0,19.96441128,1209.5
2023/8/26 02:30,0,17.43611151,1207.25
2023/8/26 02:45,0,11.00042298,1207.25
2023/8/26 03:00,0,9.779545852,1204.75
2023/8/26 03:15,0,8.567945148,1202.5
2023/8/26 03:30,0,8.185327639,1209.5
2023/8/26 03:45,0,7.807841308,1202.5
2023/8/26 04:00,0,8.596491833,1200
2023/8/26 04:15,0,8.434105284,1195.25
2023/8/26 04:30,0,9.956349928,1197.5
2023/8/26 04:45,0,10.92629535,1190.5
2023/8/26 05:00,0,12.45414049,1195.25
2023/8/26 05:15,0,10.64821447,1197.5
2023/8/26 05:30,0,10.46111213,1214.5
2023/8/26 05:45,0.241292759,10.41558411,1216.75
2023/8/26 06:00,20.17345798,8.980609442,1219.25
2023/8/26 06:15,57.78081067,8.222714649,1219.25
2023/8/26 06:30,109.7635326,11.57797174,1219.25
2023/8/26 06:45,181.6392094,12.81490977,1236
2023/8/26 07:00,270.2198211,11.75663104,1233.5
2023/8/26 07:15,366.1707243,8.201139883,1240.75
2023/8/26 07:30,454.8235402,10.62712285,1260
2023/8/26 07:45,552.7128244,12.99846548,1272
2023/8/26 08:00,645.9352515,17.12788024,1296
2023/8/26 08:15,717.7370528,18.50687815,1298.5
2023/8/26 08:30,792.6209867,23.45686797,1305.5
2023/8/26 08:45,846.7123644,26.8975987,1339.25
2023/8/26 09:00,908.0016444,31.34467566,1353.5
2023/8/26 09:15,930.1436213,38.24934396,1368
2023/8/26 09:30,971.7056443,65.29391921,1368
2023/8/26 09:45,989.997293,127.8816594,1348.75
2023/8/26 10:00,980.5586473,179.9203795,1339.25
2023/8/26 10:15,987.994111,199.9495054,1348.75
2023/8/26 10:30,993.1232765,210.4561618,1339.25
2023/8/26 10:45,972.929562,226.9857423,1312.75
2023/8/26 11:00,950.4687203,246.7662769,1298.5
2023/8/26 11:15,919.2727876,272.0471307,1305.5
2023/8/26 11:30,932.1554715,289.2800594,1310.5
2023/8/26 11:45,939.0601505,306.7992658,1329.5
2023/8/26 12:00,959.9798142,328.1283389,1320
2023/8/26 12:15,975.350082,369.9220126,1293.5
2023/8/26 12:30,1015.631733,410.2838976,1281.5
2023/8/26 12:45,1046.402382,449.9182191,1272
2023/8/26 13:00,1033.919643,474.470945,1281.5
2023/8/26 13:15,1018.997394,482.8252055,1332
2023/8/26 13:30,1028.915371,490.7749543,1336.75
2023/8/26 13:45,1037.586407,501.1121043,1344
2023/8/26 14:00,994.3095013,504.6666936,1329.5
2023/8/26 14:15,946.2540634,378.9042452,1341.5
2023/8/26 14:30,897.9501999,390.2541848,1334.5
2023/8/26 14:45,830.3105038,400.7576882,1360.75
2023/8/26 15:00,773.4297373,400.8641744,1360.75
2023/8/26 15:15,704.6281169,417.3408479,1360.75
2023/8/26 15:30,619.0908119,441.0730599,1358.5
2023/8/26 15:45,545.3769622,450.263484,1406.5
2023/8/26 16:00,460.6515084,457.5957956,1382.5
2023/8/26 16:15,391.8233412,459.2234277,1380
2023/8/26 16:30,319.2375621,467.7685472,1365.5
2023/8/26 16:45,244.2741262,482.5088955,1339.25
2023/8/26 17:00,178.3927669,496.5960514,1296
2023/8/26 17:15,118.6600526,500.9876282,1296
2023/8/26 17:30,65.48787884,601.0516681,1281.5
2023/8/26 17:45,27.19030283,596.1627025,1298.5
2023/8/26 18:00,5.474346192,594.9932924,1298.5
2023/8/26 18:15,0,589.6126795,1288.75
2023/8/26 18:30,0,579.9499193,1279.25
2023/8/26 18:45,0,573.4346566,1267.25
2023/8/26 19:00,0,561.4797106,1255.25
2023/8/26 19:15,0,555.3980803,1260
2023/8/26 19:30,0,537.5164385,1257.5
2023/8/26 19:45,0,512.347799,1252.75
2023/8/26 20:00,0,493.3513565,1236
2023/8/26 20:15,0,460.5654831,1231.25
2023/8/26 20:30,0,441.9785164,1226.5
2023/8/26 20:45,0,318.2059546,1221.5
2023/8/26 21:00,0,316.9911962,1238.5
2023/8/26 21:15,0,303.4907778,1219.25
2023/8/26 21:30,0,286.3752945,1216.75
2023/8/26 21:45,0,396.937698,1219.25
2023/8/26 22:00,0,368.2753601,1219.25
2023/8/26 22:15,0,339.0903598,1216.75
2023/8/26 22:30,0,300.7404202,1228.75
2023/8/26 22:45,0,279.4793538,1209.5
2023/8/26 23:00,0,268.1251019,1202.5
2023/8/26 23:15,0,250.3653321,1197.5
2023/8/26 23:30,0,232.520087,1202.5
2023/8/26 23:45,0,204.9524201,1204.75
2023/8/27 00:00,0,173.9014715,1214.5
2023/8/27 00:15,0,147.2451522,1204.75
2023/8/27 00:30,0,113.6660572,1204.75
2023/8/27 00:45,0,82.51669109,1209.5
2023/8/27 01:00,0,66.25312164,1207.25
2023/8/27 01:15,0,55.10900452,1209.5
2023/8/27 01:30,0,25.23890943,1219.25
2023/8/27 01:45,0,37.15384175,1214.5
2023/8/27 02:00,0,64.96511533,1209.5
2023/8/27 02:15,0,79.26994579,1202.5
2023/8/27 02:30,0,65.35735805,1209.5
2023/8/27 02:45,0,65.07911469,1212
2023/8/27 03:00,0,64.18440411,1214.5
2023/8/27 03:15,0,71.41118463,1204.75
2023/8/27 03:30,0,79.90095325,1197.5
2023/8/27 03:45,0,79.36099832,1195.25
2023/8/27 04:00,0,79.94660297,1195.25
2023/8/27 04:15,0,70.06671697,1192.75
2023/8/27 04:30,0,66.78437666,1207.25
2023/8/27 04:45,0,64.63919168,1188
2023/8/27 05:00,0,68.91926185,1190.5
2023/8/27 05:15,0,70.65219738,1212
2023/8/27 05:30,0,79.69994235,1204.75
2023/8/27 05:45,0.092559616,72.32440602,1214.5
2023/8/27 06:00,18.51218564,61.8812216,1219.25
2023/8/27 06:15,40.38056522,52.72301209,1221.5
2023/8/27 06:30,69.22065794,49.2350895,1219.25
2023/8/27 06:45,114.7187883,58.41412354,1224
2023/8/27 07:00,177.0646985,49.8385656,1240.75
2023/8/27 07:15,239.9838789,44.95388249,1252.75
2023/8/27 07:30,323.3508494,45.74754336,1276.75
2023/8/27 07:45,416.2349819,47.85913539,1281.5
2023/8/27 08:00,508.5524686,52.09050123,1286.5
2023/8/27 08:15,596.9931948,51.3733739,1288.75
2023/8/27 08:30,687.1370722,57.61776126,1291.25
2023/8/27 08:45,728.8854727,63.46400215,1320
2023/8/27 09:00,778.8524322,62.2427458,1356
2023/8/27 09:15,832.1401536,51.9884714,1370.5
2023/8/27 09:30,850.9859715,49.41719437,1368
2023/8/27 09:45,871.038441,42.1211063,1389.5
2023/8/27 10:00,926.4048386,52.21356581,1387.25
2023/8/27 10:15,979.100657,91.14354933,1394.5
2023/8/27 10:30,1001.58019,140.6164331,1389.5
2023/8/27 10:45,1016.354855,160.255552,1396.75
2023/8/27 11:00,1068.333707,181.7499237,1370.5
2023/8/27 11:15,1092.251992,198.9665166,1368
2023/8/27 11:30,1094.059301,223.0301218,1370.5
2023/8/27 11:45,1126.522788,237.5729847,1375.25
2023/8/27 12:00,1134.422919,252.2233282,1353.5
2023/8/27 12:15,1163.395654,263.5656116,1344
2023/8/27 12:30,1152.942343,276.5738096,1327.25
2023/8/27 12:45,1130.511993,294.6395867,1322.5
2023/8/27 13:00,1069.806834,319.0781104,1334.5
2023/8/27 13:15,1013.062505,351.6826508,1339.25
2023/8/27 13:30,888.7694553,242.4427707,1365.5
2023/8/27 13:45,819.860666,371.4732556,1382.5
2023/8/27 14:00,764.93452,361.6686229,1363.25
2023/8/27 14:15,729.9862432,358.1729052,1370.5
2023/8/27 14:30,682.1386735,350.56859,1389.5
2023/8/27 14:45,629.0506196,349.9279537,1389.5
2023/8/27 15:00,561.1210366,247.0034877,1387.25
2023/8/27 15:15,463.8366022,269.1895408,1389.5
2023/8/27 15:30,349.9935335,283.9625218,1377.5
2023/8/27 15:45,277.0628767,299.0323343,1346.5
2023/8/27 16:00,223.0011045,301.9795316,1346.5
2023/8/27 16:15,190.2475749,316.6403581,1339.25
2023/8/27 16:30,151.8289316,328.9219914,1329.5
2023/8/27 16:45,121.1169215,347.9008785,1320
2023/8/27 17:00,87.3872648,346.48957,1322.5
2023/8/27 17:15,61.7209805,329.8377708,1315.25
2023/8/27 17:30,43.94359394,435.8250477,1300.75
2023/8/27 17:45,24.28362672,439.6914212,1310.5
2023/8/27 18:00,5.052962954,431.8612816,1305.5
2023/8/27 18:15,0,430.2829731,1305.5
2023/8/27 18:30,0,414.9525406,1308
2023/8/27 18:45,0,374.2324056,1293.5
2023/8/27 19:00,0,324.6082992,1286.5
2023/8/27 19:15,0,286.3485577,1284
2023/8/27 19:30,0,257.9482886,1276.75
2023/8/27 19:45,0,224.3105875,1272
2023/8/27 20:00,0,199.1313843,1276.75
2023/8/27 20:15,0,175.6464786,1255.25
2023/8/27 20:30,0,160.3480027,1260
2023/8/27 20:45,0,137.1321039,1255.25
2023/8/27 21:00,0,103.2907993,1248
2023/8/27 21:15,0,81.07321281,1248
2023/8/27 21:30,0,71.55622049,1257.5
2023/8/27 21:45,0,65.07423415,1243.25
2023/8/27 22:00,0,66.22216788,1250.5
2023/8/27 22:15,0,60.13566668,1250.5
2023/8/27 22:30,0,52.23792692,1248
2023/8/27 22:45,0,44.53322618,1238.5
2023/8/27 23:00,0,42.58919091,1238.5
2023/8/27 23:15,0,34.50034788,1231.25
2023/8/27 23:30,0,32.29347704,1224
2023/8/27 23:45,0,33.83972634,1236
2023/8/28 00:00,0,35.32134337,1231.25
2023/8/28 00:15,0,30.44128557,1228.75
2023/8/28 00:30,0,29.39425132,1238.5
2023/8/28 00:45,0,28.23538172,1228.75
2023/8/28 01:00,0,27.21718703,1233.5
2023/8/28 01:15,0,36.36985282,1228.75
2023/8/28 01:30,0,41.36143376,1226.5
2023/8/28 01:45,0,43.33361814,1221.5
2023/8/28 02:00,0,40.19255885,1209.5
2023/8/28 02:15,0,37.13743369,1209.5
2023/8/28 02:30,0,697.0230173,1200
2023/8/28 02:45,0,685.7766467,1195.25
2023/8/28 03:00,0,692.5489543,1192.75
2023/8/28 03:15,0,693.9389014,1183.25
2023/8/28 03:30,0,692.7128458,1185.5
2023/8/28 03:45,0,700.1173657,1200
2023/8/28 04:00,0,711.4567993,1190.5
2023/8/28 04:15,0,760.1225666,1202.5
2023/8/28 04:30,0,803.2616455,1202.5
2023/8/28 04:45,0,789.4551741,1200
2023/8/28 05:00,0,724.6507676,1197.5
2023/8/28 05:15,0,651.1079272,1209.5
2023/8/28 05:30,0,622.5564228,1202.5
2023/8/28 05:45,0.235240425,598.6230223,1204.75
2023/8/28 06:00,25.53929982,590.2945917,1209.5
2023/8/28 06:15,72.61526115,623.2854603,1209.5
2023/8/28 06:30,134.3160502,657.9552044,1219.25
2023/8/28 06:45,222.4666669,685.6079039,1243.25
2023/8/28 07:00,310.9586174,647.4025068,1260
2023/8/28 07:15,410.2614923,575.5536315,1298.5
2023/8/28 07:30,509.7124312,530.7144978,1310.5
2023/8/28 07:45,593.0809349,600.9972723,1317.5
2023/8/28 08:00,673.7741082,615.7497104,1322.5
2023/8/28 08:15,739.4389846,608.5878927,1339.25
2023/8/28 08:30,804.8901565,612.2843085,1336.75
2023/8/28 08:45,868.4436239,648.1775372,1368
2023/8/28 09:00,916.3469412,692.3317185,1380
2023/8/28 09:15,937.8242097,701.2336136,1382.5
2023/8/28 09:30,986.6057119,710.3164656,1392
2023/8/28 09:45,992.1042299,683.1310984,1408.75
2023/8/28 10:00,992.4265291,762.7536789,1396.75
2023/8/28 10:15,1038.424533,792.3314305,1404
2023/8/28 10:30,1118.118037,799.9595862,1394.5
2023/8/28 10:45,1114.118335,856.7456949,1375.25
2023/8/28 11:00,1132.623106,884.7861661,1382.5
2023/8/28 11:15,1154.454252,873.7512743,1408.75
2023/8/28 11:30,1189.036813,894.8987801,1399.25
2023/8/28 11:45,1201.304923,941.8111761,1387.25
2023/8/28 12:00,1218.671082,964.0410279,1389.5
2023/8/28 12:15,1177.214696,996.6596739,1382.5
2023/8/28 12:30,1154.726586,1030.374061,1365.5
2023/8/28 12:45,1160.97024,1013.363688,1372.75
2023/8/28 13:00,1138.182886,1023.852065,1380
2023/8/28 13:15,1065.374789,1024.629175,1375.25
2023/8/28 13:30,1011.63932,1021.662713,1401.5
2023/8/28 13:45,924.0443396,1003.367273,1408.75
2023/8/28 14:00,885.6169735,988.7465872,1413.5
2023/8/28 14:15,886.1563046,970.2235128,1392
2023/8/28 14:30,826.9114096,996.3276709,1370.5
2023/8/28 14:45,784.8415364,893.8987806,1368
2023/8/28 15:00,736.7030487,1083.634779,1353.5
2023/8/28 15:15,678.21716,1107.809276,1353.5
2023/8/28 15:30,598.3656324,1076.656722,1375.25
2023/8/28 15:45,511.38648,1056.762929,1399.25
2023/8/28 16:00,459.8174551,1046.009076,1384.75
2023/8/28 16:15,400.2910158,1036.160802,1368
2023/8/28 16:30,321.9961971,1008.804311,1348.75
2023/8/28 16:45,247.8698583,961.35704,1336.75
2023/8/28 17:00,176.4392804,917.2028248,1315.25
2023/8/28 17:15,113.7837233,883.2206118,1288.75
2023/8/28 17:30,69.63485908,863.3287138,1293.5
2023/8/28 17:45,42.56631463,840.8793131,1296
2023/8/28 18:00,14.17221053,789.3054078,1286.5
2023/8/28 18:15,0,731.4856047,1262.5
2023/8/28 18:30,0,702.5529119,1231.25
2023/8/28 18:45,0,654.7633599,1240.75
2023/8/28 19:00,0,644.632185,1255.25
2023/8/28 19:15,0,649.7025755,1238.5
2023/8/28 19:30,0,663.2647434,1226.5
2023/8/28 19:45,0,621.035925,1226.5
2023/8/28 20:00,0,613.6071417,1226.5
2023/8/28 20:15,0,627.9889352,1260
2023/8/28 20:30,0,652.3923664,1233.5
2023/8/28 20:45,0,662.1097144,1238.5
2023/8/28 21:00,0,702.3803321,1209.5
2023/8/28 21:15,0,697.7137793,1202.5
2023/8/28 21:30,0,661.9819095,1221.5
2023/8/28 21:45,0,627.640407,1216.75
2023/8/28 22:00,0,570.3781465,1216.75
2023/8/28 22:15,0,537.8589268,1236
2023/8/28 22:30,0,505.388862,1224
2023/8/28 22:45,0,484.4061144,1212
2023/8/28 23:00,0,487.9280983,1214.5
2023/8/28 23:15,0,453.665899,1212
2023/8/28 23:30,0,412.0222074,1216.75
2023/8/28 23:45,0,368.2879809,1240.75
2023/8/29 00:00,0,323.8052999,1226.5
2023/8/29 00:15,0,265.2507755,1228.75
2023/8/29 00:30,0,187.1774552,1231.25
2023/8/29 00:45,0,133.7486975,1228.75
2023/8/29 01:00,0,89.06910724,1228.75
2023/8/29 01:15,0,84.57542186,1231.25
2023/8/29 01:30,0,99.56016922,1224
2023/8/29 01:45,0,110.7714168,1221.5
2023/8/29 02:00,0,110.9827531,1224
2023/8/29 02:15,0,107.1880685,1221.5
2023/8/29 02:30,0,108.3557125,1216.75
2023/8/29 02:45,0,118.1068599,1228.75
2023/8/29 03:00,0,106.7917696,1212
2023/8/29 03:15,0,119.6718777,1214.5
2023/8/29 03:30,0,112.7579656,1204.75
2023/8/29 03:45,0,112.2195477,1204.75
2023/8/29 04:00,0,126.9762301,1209.5
2023/8/29 04:15,0,143.7495615,1219.25
2023/8/29 04:30,0,143.04812,1212
2023/8/29 04:45,0,135.2132228,1195.25
2023/8/29 05:00,0,115.4524451,1188
2023/8/29 05:15,0,102.4667467,1192.75
2023/8/29 05:30,0,97.58659572,1188
2023/8/29 05:45,0.007911182,100.5085443,1202.5
2023/8/29 06:00,32.8259927,105.7933029,1202.5
2023/8/29 06:15,77.90734701,128.253479,1260
2023/8/29 06:30,130.8064769,167.8024244,1197.5
2023/8/29 06:45,201.4981742,247.7848253,1195.25
2023/8/29 07:00,286.869138,328.0711475,1200
2023/8/29 07:15,388.1038056,367.1166419,1200
2023/8/29 07:30,489.0185441,364.9180807,1200
2023/8/29 07:45,587.0230177,390.6588107,1202.5
2023/8/29 08:00,692.9262136,449.0401271,1209.5
2023/8/29 08:15,790.4336679,488.5662676,1226.5
2023/8/29 08:30,880.8240324,527.880046,1226.5
2023/8/29 08:45,960.9685229,576.570323,1224
2023/8/29 09:00,1023.425825,573.2898833,1233.5
2023/8/29 09:15,1095.335305,606.9368265,1212
2023/8/29 09:30,1143.869612,637.1723613,1214.5
2023/8/29 09:45,1178.471253,655.4325042,1214.5
2023/8/29 10:00,1214.636929,674.8107038,1221.5
2023/8/29 10:15,1257.334449,749.1215614,1238.5
2023/8/29 10:30,1296.248615,807.3260549,1238.5
2023/8/29 10:45,1280.156585,866.4085452,1236
2023/8/29 11:00,1311.332274,884.1314241,1226.5
2023/8/29 11:15,1323.125501,915.4955406,1231.25
2023/8/29 11:30,1346.638792,981.9011541,1224
2023/8/29 11:45,1318.559561,1008.576953,1231.25
2023/8/29 12:00,1324.76466,1040.854563,1245.5
2023/8/29 12:15,1347.336953,1057.046407,1238.5
2023/8/29 12:30,1348.813514,1061.262274,1240.75
2023/8/29 12:45,1303.098048,1117.74552,1226.5
2023/8/29 13:00,1306.103382,1147.115718,1231.25
2023/8/29 13:15,1277.381461,1144.418476,1240.75
2023/8/29 13:30,1209.41931,1174.896973,1252.75
2023/8/29 13:45,1153.679776,1222.548154,1245.5
2023/8/29 14:00,1111.75284,1280.380225,1233.5
2023/8/29 14:15,1043.634015,1341.598927,1252.75
2023/8/29 14:30,992.5974397,1396.332732,1238.5
2023/8/29 14:45,955.3291206,1444.833916,1236
2023/8/29 15:00,882.2061741,1487.92613,1245.5
2023/8/29 15:15,806.905085,1522.052127,1240.75
2023/8/29 15:30,724.1083651,1551.533416,1236
2023/8/29 15:45,633.0494021,1569.353034,1224
2023/8/29 16:00,527.0014477,1595.498597,1221.5
2023/8/29 16:15,433.036835,1627.046254,1231.25
2023/8/29 16:30,328.9422575,1652.692057,1224
2023/8/29 16:45,244.6045193,1665.151296,1228.75
2023/8/29 17:00,172.6907206,1669.464855,1209.5
2023/8/29 17:15,112.7650334,1650.925463,1214.5
2023/8/29 17:30,70.42336308,1627.760369,1209.5
2023/8/29 17:45,45.88053853,1599.499325,1216.75
2023/8/29 18:00,2.27E-06,1585.815844,1221.5
2023/8/29 18:15,0,1546.638785,1226.5
2023/8/29 18:30,0,1550.130343,1216.75
2023/8/29 18:45,0,1525.803452,1214.5
2023/8/29 19:00,0,1488.808799,1214.5
2023/8/29 19:15,0,1465.119811,1214.5
2023/8/29 19:30,0,1450.437417,1209.5
2023/8/29 19:45,0,1452.698587,1219.25
2023/8/29 20:00,0,1429.199471,1212
2023/8/29 20:15,0,1389.860845,1202.5
2023/8/29 20:30,0,1373.641909,1207.25
2023/8/29 20:45,0,1341.891375,1200
2023/8/29 21:00,0,1301.076597,1202.5
2023/8/29 21:15,0,1238.535552,1202.5
2023/8/29 21:30,0,1192.844376,1197.5
2023/8/29 21:45,0,1121.500643,1197.5
2023/8/29 22:00,0,1030.46058,1195.25
2023/8/29 22:15,0,951.940287,1204.75
2023/8/29 22:30,0,883.4174878,1204.75
2023/8/29 22:45,0,824.2740896,1209.5
2023/8/29 23:00,0,779.6966837,1202.5
2023/8/29 23:15,0,759.6093771,1197.5
2023/8/29 23:30,0,727.5772803,1195.25
2023/8/29 23:45,0,700.5771415,1195.25
2023/8/30 00:00,0,693.1620031,1197.5
2023/8/30 00:15,0,674.7317866,1209.5
2023/8/30 00:30,0,649.968353,1209.5
2023/8/30 00:45,0,598.0589299,1200
2023/8/30 01:00,0,581.9153509,1197.5
2023/8/30 01:15,0,589.2855805,1195.25
2023/8/30 01:30,0,595.6958521,1200
2023/8/30 01:45,0,623.6142547,1202.5
2023/8/30 02:00,0,650.5416031,1207.25
2023/8/30 02:15,0,683.5290265,1197.5
2023/8/30 02:30,0,685.9485706,1190.5
2023/8/30 02:45,0,674.6140495,1190.5
2023/8/30 03:00,0,664.3112685,1185.5
2023/8/30 03:15,0,648.5442244,1183.25
2023/8/30 03:30,0,630.5237243,1197.5
2023/8/30 03:45,0,621.745039,1180.75
2023/8/30 04:00,0,603.7119658,1192.75
2023/8/30 04:15,0,576.9617464,1195.25
2023/8/30 04:30,0,520.0912979,1192.75
2023/8/30 04:45,0,494.4228662,1190.5
2023/8/30 05:00,0,482.240793,1197.5
2023/8/30 05:15,0,530.572371,1185.5
2023/8/30 05:30,0,543.2176558,1183.25
2023/8/30 05:45,0.018134353,518.0469322,1190.5
2023/8/30 06:00,33.98523405,503.1586329,1188
2023/8/30 06:15,79.47558726,499.4721767,1190.5
2023/8/30 06:30,126.501567,483.9511343,1209.5
2023/8/30 06:45,190.162168,437.6506642,1200
2023/8/30 07:00,277.7504601,384.4923465,1200
2023/8/30 07:15,376.1773311,341.6226586,1207.25
2023/8/30 07:30,470.5347068,331.7340963,1209.5
2023/8/30 07:45,566.2988892,333.5894763,1221.5
2023/8/30 08:00,651.4415397,335.2072512,1262.5
2023/8/30 08:15,732.058564,353.1406783,1240.75
2023/8/30 08:30,820.0793981,368.0256056,1236
2023/8/30 08:45,877.6026631,380.1138159,1236
2023/8/30 09:00,924.2214935,385.1326837,1236
2023/8/30 09:15,950.5671,436.5095194,1236
2023/8/30 09:30,964.064832,482.4951959,1236
2023/8/30 09:45,991.3905549,525.7189123,1236
2023/8/30 10:00,1067.801898,647.1649446,1236
2023/8/30 10:15,1115.866287,734.1459581,1236
2023/8/30 10:30,1154.650148,826.4808449,1236
2023/8/30 10:45,1129.313426,927.2680237,1236
2023/8/30 11:00,1186.579531,1029.37919,1236
2023/8/30 11:15,1198.3965,1046.615732,1236
2023/8/30 11:30,1245.529203,1075.771455,1236
2023/8/30 11:45,1237.436666,1085.973229,1236
2023/8/30 12:00,1235.338948,1105.935035,1236
2023/8/30 12:15,1250.098255,1122.847172,1236
2023/8/30 12:30,1236.642667,1117.887006,1236
2023/8/30 12:45,1233.755135,1121.841366,1236
2023/8/30 13:00,1238.17254,1143.654542,1236
2023/8/30 13:15,1198.359406,1173.979514,1236
2023/8/30 13:30,1178.835461,1205.983378,1236
2023/8/30 13:45,1141.263524,1226.904513,1236
2023/8/30 14:00,1082.569339,1235.59691,1236
2023/8/30 14:15,1048.944054,1226.115244,1236
2023/8/30 14:30,993.1690616,1273.341732,1236
2023/8/30 14:45,930.4052117,1333.844467,1236
2023/8/30 15:00,867.1320998,1384.770181,1236
2023/8/30 15:15,786.612825,1435.772847,1236
2023/8/30 15:30,703.0244552,1467.394612,1236
2023/8/30 15:45,611.0243693,1513.120667,1236
2023/8/30 16:00,518.9628309,1531.585398,1236
2023/8/30 16:15,422.7993297,1535.587298,1236
2023/8/30 16:30,322.0255625,1530.370754,1236
2023/8/30 16:45,234.7452343,1548.660402,1236
2023/8/30 17:00,159.8660599,1528.727208,1236
2023/8/30 17:15,102.2128273,1483.142671,1236
2023/8/30 17:30,58.17879826,1438.12521,1236
2023/8/30 17:45,42.11422743,1382.655891,1236
2023/8/30 18:00,2.48E-06,1322.723784,1236
2023/8/30 18:15,0,1331.244109,1236
2023/8/30 18:30,0,1314.236806,1236
2023/8/30 18:45,0,1285.809576,1236
2023/8/30 19:00,0,1224.625079,1236
2023/8/30 19:15,0,1119.809872,1236
2023/8/30 19:30,0,1073.639751,1236
2023/8/30 19:45,0,1077.729168,1236
2023/8/30 20:00,0,1073.961279,1236
2023/8/30 20:15,0,1084.362801,1236
2023/8/30 20:30,0,1131.090579,1236
2023/8/30 20:45,0,1121.69292,1236
2023/8/30 21:00,0,1123.051873,1236
2023/8/30 21:15,0,1112.655096,1236
2023/8/30 21:30,0,1108.788427,1236
2023/8/30 21:45,0,1094.82233,1236
2023/8/30 22:00,0,1091.190785,1236
2023/8/30 22:15,0,1105.650491,1236
2023/8/30 22:30,0,1116.818892,1236
2023/8/30 22:45,0,1113.104966,1236
2023/8/30 23:00,0,1098.333552,1236
2023/8/30 23:15,0,1102.006009,1236
2023/8/30 23:30,0,1094.495838,1236
2023/8/30 23:45,0,1093.673501,1236
2023/8/31 00:00,0,1061.226001,1168.75
2023/8/31 00:15,0,1029.060695,1173.5
2023/8/31 00:30,0,1012.511961,1173.5
2023/8/31 00:45,0,968.5220501,1173.5
2023/8/31 01:00,0,888.7163044,1192.75
2023/8/31 01:15,0,860.8832786,1183.25
2023/8/31 01:30,0,847.3846106,1216.75
2023/8/31 01:45,0,834.4583989,1202.5
2023/8/31 02:00,0,808.7927026,1195.25
2023/8/31 02:15,0,806.6115972,1195.25
2023/8/31 02:30,0,797.744363,1192.75
2023/8/31 02:45,0,781.7213087,1192.75
2023/8/31 03:00,0,776.1384913,1188
2023/8/31 03:15,0,771.4145237,1188
2023/8/31 03:30,0,775.1893614,1188
2023/8/31 03:45,0,792.3863761,1180.75
2023/8/31 04:00,0,795.6798693,1190.5
2023/8/31 04:15,0,810.3943945,1197.5
2023/8/31 04:30,0,818.3522659,1190.5
2023/8/31 04:45,0,844.3020297,1185.5
2023/8/31 05:00,0,581.3925831,1171.25
2023/8/31 05:15,0,599.5257121,1185.5
2023/8/31 05:30,0,621.7591928,1180.75
2023/8/31 05:45,0,639.1858984,1207.25
2023/8/31 06:00,19.23705424,652.3674316,1197.5
2023/8/31 06:15,62.90870275,666.2374945,1197.5
2023/8/31 06:30,97.81330054,667.4939659,1200
2023/8/31 06:45,146.182332,945.9688131,1192.75
2023/8/31 07:00,199.8378206,963.0117069,1197.5
2023/8/31 07:15,264.134231,957.8802314,1228.75
2023/8/31 07:30,351.4145515,951.6315143,1214.5
2023/8/31 07:45,429.1045038,959.019584,1226.5
2023/8/31 08:00,520.0527524,1019.013469,1231.25
2023/8/31 08:15,626.937784,1055.909516,1238.5
2023/8/31 08:30,730.488585,1059.311991,1221.5
2023/8/31 08:45,795.4244662,1050.057211,1224
2023/8/31 09:00,877.565116,1074.128426,1212
2023/8/31 09:15,931.0251574,1115.583519,1207.25
2023/8/31 09:30,997.5164653,1138.20534,1240.75
2023/8/31 09:45,1067.211409,1185.85304,1260
2023/8/31 10:00,1104.303509,1227.956179,1233.5
2023/8/31 10:15,1178.126169,1303.788924,1245.5
2023/8/31 10:30,1204.540536,1399.394518,1238.5
2023/8/31 10:45,1202.135818,1460.322561,1252.75
2023/8/31 11:00,1234.644077,1528.686194,1245.5
2023/8/31 11:15,1273.100198,1602.499477,1231.25
2023/8/31 11:30,1260.662148,1647.9597,1228.75
2023/8/31 11:45,1313.703981,1699.364925,1245.5
2023/8/31 12:00,1313.432932,1569.360623,1245.5
2023/8/31 12:15,1309.279138,1559.598531,1231.25
2023/8/31 12:30,1284.406415,1584.263989,1228.75
2023/8/31 12:45,1268.55002,1613.688842,1240.75
2023/8/31 13:00,1246.070777,1657.098597,1245.5
2023/8/31 13:15,1216.478645,1672.497336,1250.5
2023/8/31 13:30,1188.901601,1682.94345,1267.25
2023/8/31 13:45,1148.976543,1679.605898,1255.25
2023/8/31 14:00,1090.072154,1678.80847,1252.75
2023/8/31 14:15,1044.07843,1683.533806,1260
2023/8/31 14:30,968.3117837,1680.456189,1269.5
2023/8/31 14:45,901.7452617,1688.566206,1260
2023/8/31 15:00,817.2501676,1688.445198,1272
2023/8/31 15:15,722.8134699,1694.863354,1255.25
2023/8/31 15:30,632.9078021,1691.647794,1255.25
2023/8/31 15:45,550.2390412,1519.375678,1248
2023/8/31 16:00,472.0117682,1513.292834,1240.75
2023/8/31 16:15,382.4660259,1516.435147,1245.5
2023/8/31 16:30,299.4838109,1508.920919,1250.5
2023/8/31 16:45,228.1654415,1519.608762,1228.75
2023/8/31 17:00,165.1021498,1531.357858,1221.5
2023/8/31 17:15,115.0415398,1526.302997,1219.25
2023/8/31 17:30,73.74060177,1528.226079,1219.25
2023/8/31 17:45,45.05227781,1504.088478,1224
2023/8/31 18:00,1.84E-06,1557.47248,1240.75
2023/8/31 18:15,0,1556.545281,1238.5
2023/8/31 18:30,0,1552.542225,1248
2023/8/31 18:45,0,1550.042529,1228.75
2023/8/31 19:00,0,1545.475331,1221.5
2023/8/31 19:15,0,1539.62,1226.5
2023/8/31 19:30,0,1530.919816,1214.5
2023/8/31 19:45,0,1537.328744,1212
2023/8/31 20:00,0,1655.778081,1202.5
2023/8/31 20:15,0,1652.454156,1200
2023/8/31 20:30,0,1637.305128,1190.5
2023/8/31 20:45,0,1624.298866,1190.5
2023/8/31 21:00,0,1762.543657,1202.5
2023/8/31 21:15,0,1625.377671,1190.5
2023/8/31 21:30,0,1614.351774,1195.25
2023/8/31 21:45,0,1601.851777,1180.75
2023/8/31 22:00,0,1591.972701,1180.75
2023/8/31 22:15,0,1565.355517,1183.25
2023/8/31 22:30,0,1546.126841,1180.75
2023/8/31 22:45,0,1644.848816,1183.25
2023/8/31 23:00,0,1621.844173,1171.25
2023/8/31 23:15,0,1484.675128,1168.75
2023/8/31 23:30,0,1506.925153,1166.5
2023/8/31 23:45,0,1462.226291,1168.75
2023/9/1 00:00,0,1435.903386,1176
2023/9/1 00:15,0,1414.358649,1185.5
2023/9/1 00:30,0,1397.458778,1173.5
2023/9/1 00:45,0,1401.262755,1173.5
2023/9/1 01:00,0,1394.228978,1171.25
2023/9/1 01:15,0,1395.458904,1168.75
2023/9/1 01:30,0,1388.076282,1173.5
2023/9/1 01:45,0,1385.547314,1183.25
2023/9/1 02:00,0,1411.41091,1173.5
2023/9/1 02:15,0,1436.973549,1171.25
2023/9/1 02:30,0,1455.249245,1173.5
2023/9/1 02:45,0,1467.009559,1176
2023/9/1 03:00,0,1387.051468,1173.5
2023/9/1 03:15,0,1423.771126,1178.5
2023/9/1 03:30,0,1578.569297,1171.25
2023/9/1 03:45,0,1619.466174,1173.5
2023/9/1 04:00,0,1662.385762,1176
2023/9/1 04:15,0,1681.500697,1180.75
2023/9/1 04:30,0,1687.076521,1180.75
2023/9/1 04:45,0,1608.281422,1185.5
2023/9/1 05:00,0,1623.747353,1185.5
2023/9/1 05:15,0,1628.7958,1190.5
2023/9/1 05:30,0,1627.919578,1192.75
2023/9/1 05:45,0,1628.966078,1202.5
2023/9/1 06:00,29.36961149,1630.662117,1190.5
2023/9/1 06:15,68.22999915,1638.61944,1214.5
2023/9/1 06:30,114.5221177,1658.293299,1212
2023/9/1 06:45,177.3417381,1504.818695,1207.25
2023/9/1 07:00,251.5704972,1601.937566,1228.75
2023/9/1 07:15,337.6969999,1602.533891,1240.75
2023/9/1 07:30,430.257521,1595.421639,1257.5
2023/9/1 07:45,518.1983516,1601.874774,1276.75
2023/9/1 08:00,610.692769,1601.431331,1305.5
2023/9/1 08:15,714.4389625,1619.283377,1298.5
2023/9/1 08:30,798.7829162,1609.758515,1300.75
2023/9/1 08:45,883.7950253,1593.584279,1303.25
2023/9/1 09:00,955.2006228,1597.212071,1312.75
2023/9/1 09:15,1022.003159,1622.03318,1317.5
2023/9/1 09:30,1077.952392,1644.25142,1324.75
2023/9/1 09:45,1133.674371,1651.872052,1327.25
2023/9/1 10:00,1176.789364,1548.439713,1339.25
2023/9/1 10:15,1204.431025,1558.069503,1346.5
2023/9/1 10:30,1233.026446,1557.789027,1353.5
2023/9/1 10:45,1213.740454,1567.433904,1358.5
2023/9/1 11:00,1270.942382,1435.394378,1353.5
2023/9/1 11:15,1269.791779,1430.591531,1348.75
2023/9/1 11:30,1279.450782,1423.876686,1327.25
2023/9/1 11:45,1276.524352,1426.912908,1348.75
2023/9/1 12:00,1269.370465,1519.332046,1351.25
2023/9/1 12:15,1264.566164,1518.673405,1339.25
2023/9/1 12:30,1263.950552,1522.958775,1334.5
2023/9/1 12:45,1242.390687,1652.772786,1334.5
2023/9/1 13:00,1199.52881,1649.435366,1341.5
2023/9/1 13:15,1171.274482,1651.614269,1339.25
2023/9/1 13:30,1123.861733,1647.972771,1372.75
2023/9/1 13:45,1089.968116,1629.75722,1351.25
2023/9/1 14:00,1041.749597,1513.329253,1332
2023/9/1 14:15,994.7849022,1524.123516,1344
2023/9/1 14:30,948.2984316,1528.892792,1332
2023/9/1 14:45,895.6997599,1614.955235,1324.75
2023/9/1 15:00,830.8298966,1610.830966,1365.5
2023/9/1 15:15,742.9869345,1707.218017,1344
2023/9/1 15:30,659.7179128,1710.460962,1332
2023/9/1 15:45,576.529801,1706.931342,1332
2023/9/1 16:00,484.8433341,1708.309219,1360.75
2023/9/1 16:15,391.4877972,1710.844811,1344
2023/9/1 16:30,295.7210656,1708.973034,1315.25
2023/9/1 16:45,205.5654099,1621.135241,1293.5
2023/9/1 17:00,130.5135259,1616.681608,1267.25
2023/9/1 17:15,72.70181593,1612.15995,1257.5
2023/9/1 17:30,33.45090157,1543.261951,1255.25
2023/9/1 17:45,22.68282467,1530.129599,1264.75
2023/9/1 18:00,0,1687.662828,1272
2023/9/1 18:15,0,1686.65762,1262.5
2023/9/1 18:30,0,1677.393839,1255.25
2023/9/1 18:45,0,1674.099332,1252.75
2023/9/1 19:00,0,1684.449782,1248
2023/9/1 19:15,0,1652.773683,1243.25
2023/9/1 19:30,0,1645.746722,1228.75
2023/9/1 19:45,0,1640.385254,1240.75
2023/9/1 20:00,0,1624.56686,1233.5
2023/9/1 20:15,0,1601.68843,1224
2023/9/1 20:30,0,1589.463179,1192.75
2023/9/1 20:45,0,1604.671848,1195.25
2023/9/1 21:00,0,1610.663286,1197.5
2023/9/1 21:15,0,1614.957657,1202.5
2023/9/1 21:30,0,1614.978652,1190.5
2023/9/1 21:45,0,1607.196849,1185.5
2023/9/1 22:00,0,1609.855934,1185.5
2023/9/1 22:15,0,1613.941885,1185.5
2023/9/1 22:30,0,1601.250217,1185.5
2023/9/1 22:45,0,1512.044409,1195.25
2023/9/1 23:00,0,1502.302186,1180.75
2023/9/1 23:15,0,1504.894554,1180.75
2023/9/1 23:30,0,1508.569117,1173.5
2023/9/1 23:45,0,1594.805733,1188
2023/9/2 00:00,0,1593.019093,1185.5
2023/9/2 00:15,0,1589.512059,1202.5
2023/9/2 00:30,0,1598.091704,1180.75
2023/9/2 00:45,0,1594.15829,1176
2023/9/2 01:00,0,1577.475475,1178.5
2023/9/2 01:15,0,1577.415683,1176
2023/9/2 01:30,0,1574.873096,1178.5
2023/9/2 01:45,0,1576.316076,1190.5
2023/9/2 02:00,0,1562.963528,1180.75
2023/9/2 02:15,0,1554.448081,1180.75
2023/9/2 02:30,0,1540.886644,1176
2023/9/2 02:45,0,1537.757944,1178.5
2023/9/2 03:00,0,1539.201944,1180.75
2023/9/2 03:15,0,1532.791805,1180.75
2023/9/2 03:30,0,1525.270188,1180.75
2023/9/2 03:45,0,1532.664223,1166.5
2023/9/2 04:00,0,1534.338067,1173.5
2023/9/2 04:15,0,1532.145166,1171.25
2023/9/2 04:30,0,1513.86986,1171.25
2023/9/2 04:45,0,1504.986559,1171.25
2023/9/2 05:00,0,1505.042446,1178.5
2023/9/2 05:15,0,1495.346921,1171.25
2023/9/2 05:30,0,1491.215184,1159.25
2023/9/2 05:45,0.037452419,1500.683624,1171.25
2023/9/2 06:00,16.18477765,1420.803417,1164
2023/9/2 06:15,48.21150808,1422.151296,1173.5
2023/9/2 06:30,92.23456293,1420.936284,1192.75
2023/9/2 06:45,146.074469,1563.327258,1173.5
2023/9/2 07:00,215.8106873,1565.762712,1197.5
2023/9/2 07:15,308.5025549,1602.133542,1200
2023/9/2 07:30,411.2053367,1723.976373,1226.5
2023/9/2 07:45,518.0145933,1738.816118,1236
2023/9/2 08:00,612.7925541,1736.758717,1248
2023/9/2 08:15,713.701189,1576.575903,1250.5
2023/9/2 08:30,802.1809296,1597.256228,1250.5
2023/9/2 08:45,876.2577953,1621.363493,1264.75
2023/9/2 09:00,929.9792985,1623.437661,1269.5
2023/9/2 09:15,987.1366762,1615.48308,1279.25
2023/9/2 09:30,1046.329132,1618.076936,1327.25
2023/9/2 09:45,1092.566582,1764.410025,1334.5
2023/9/2 10:00,1132.526173,1775.344849,1346.5
2023/9/2 10:15,1196.946735,1647.778797,1365.5
2023/9/2 10:30,1225.935413,1654.87405,1382.5
2023/9/2 10:45,1259.171755,1657.806804,1360.75
2023/9/2 11:00,1292.934909,1659.730961,1372.75
2023/9/2 11:15,1289.118691,1656.785982,1360.75
2023/9/2 11:30,1266.160854,1654.138532,1346.5
2023/9/2 11:45,1259.957726,1421.386836,1360.75
2023/9/2 12:00,1262.641093,1424.818409,1334.5
2023/9/2 12:15,1258.350053,1427.74892,1339.25
2023/9/2 12:30,1240.719306,1432.653724,1348.75
2023/9/2 12:45,1209.683905,1429.465819,1358.5
2023/9/2 13:00,1170.703767,1413.743897,1346.5
2023/9/2 13:15,1096.914009,1418.783045,1358.5
2023/9/2 13:30,1044.293901,1421.999549,1365.5
2023/9/2 13:45,969.228806,1421.53102,1380
2023/9/2 14:00,920.9533579,1418.233615,1382.5
2023/9/2 14:15,839.6285348,1423.771433,1375.25
2023/9/2 14:30,788.919891,1408.879096,1368
2023/9/2 14:45,731.6843357,1416.227318,1392
2023/9/2 15:00,673.1109134,1421.676669,1392
2023/9/2 15:15,592.3765723,1424.724619,1380
2023/9/2 15:30,510.7287534,1517.169896,1368
2023/9/2 15:45,440.7739633,1643.31779,1356
2023/9/2 16:00,369.8329091,1640.87778,1348.75
2023/9/2 16:15,293.0507276,1637.56506,1351.25
2023/9/2 16:30,222.6921852,1635.381765,1346.5
2023/9/2 16:45,156.0267447,1640.073984,1310.5
2023/9/2 17:00,100.3873047,1635.695959,1303.25
2023/9/2 17:15,61.92851138,1638.773801,1315.25
2023/9/2 17:30,30.76450714,1636.912856,1324.75
2023/9/2 17:45,21.08377245,1622.96243,1339.25
2023/9/2 18:00,0,1616.082008,1348.75
2023/9/2 18:15,0,1613.502354,1339.25
2023/9/2 18:30,0,1605.525892,1339.25
2023/9/2 18:45,0,1610.781888,1334.5
2023/9/2 19:00,0,1619.978464,1336.75
2023/9/2 19:15,0,1628.122372,1329.5
2023/9/2 19:30,0,1630.556211,1327.25
2023/9/2 19:45,0,1632.536485,1293.5
2023/9/2 20:00,0,1639.740354,1291.25
2023/9/2 20:15,0,1641.693679,1293.5
2023/9/2 20:30,0,1506.856993,1281.5
2023/9/2 20:45,0,1511.929826,1284
2023/9/2 21:00,0,1511.586382,1286.5
2023/9/2 21:15,0,1511.979631,1291.25
2023/9/2 21:30,0,1510.210127,1286.5
2023/9/2 21:45,0,1515.601505,1288.75
2023/9/2 22:00,0,1508.243749,1276.75
2023/9/2 22:15,0,1514.653353,1288.75
2023/9/2 22:30,0,1512.806295,1291.25
2023/9/2 22:45,0,1515.275045,1286.5
2023/9/2 23:00,0,1520.512501,1279.25
2023/9/2 23:15,0,1427.519153,1267.25
2023/9/2 23:30,0,1426.509382,1262.5
2023/9/2 23:45,0,1421.038794,1267.25
2023/9/3 00:00,0,1418.433553,1272
2023/9/3 00:15,0,1405.42498,1279.25
2023/9/3 00:30,0,1407.153377,1267.25
2023/9/3 00:45,0,1540.696583,1269.5
2023/9/3 01:00,0,1550.909089,1276.75
2023/9/3 01:15,0,1560.260942,1276.75
2023/9/3 01:30,0,1557.564266,1279.25
2023/9/3 01:45,0,1557.458633,1296
2023/9/3 02:00,0,1559.489313,1288.75
2023/9/3 02:15,0,1427.276658,1284
2023/9/3 02:30,0,1424.372953,1276.75
2023/9/3 02:45,0,1417.736114,1267.25
2023/9/3 03:00,0,1548.113047,1269.5
2023/9/3 03:15,0,1550.127731,1284
2023/9/3 03:30,0,1556.246483,1276.75
2023/9/3 03:45,0,1562.518553,1279.25
2023/9/3 04:00,0,1562.088719,1274.5
2023/9/3 04:15,0,1425.660377,1279.25
2023/9/3 04:30,0,1412.994125,1272
2023/9/3 04:45,0,1417.513022,1291.25
2023/9/3 05:00,0,1422.265632,1281.5
2023/9/3 05:15,0,1422.622266,1276.75
2023/9/3 05:30,0,1420.307178,1276.75
2023/9/3 05:45,0,1423.216097,1281.5
2023/9/3 06:00,7.42498268,1511.652433,1274.5
2023/9/3 06:15,22.61581141,1507.499697,1286.5
2023/9/3 06:30,30.75995851,1513.697008,1288.75
2023/9/3 06:45,44.76539657,1521.538668,1286.5
2023/9/3 07:00,61.8744837,1513.040354,1298.5
2023/9/3 07:15,87.47532656,1511.616991,1303.25
2023/9/3 07:30,119.5260035,1513.669595,1324.75
2023/9/3 07:45,154.093954,1496.689422,1336.75
2023/9/3 08:00,203.5835734,1495.071775,1356
2023/9/3 08:15,245.2491415,1481.569259,1351.25
2023/9/3 08:30,254.79121,1480.766978,1353.5
2023/9/3 08:45,259.631045,1473.713311,1365.5
2023/9/3 09:00,268.1842658,1466.845141,1396.75
2023/9/3 09:15,263.3739335,1445.225472,1389.5
2023/9/3 09:30,263.3241946,1410.611674,1406.5
2023/9/3 09:45,267.0176617,1397.503124,1423.25
2023/9/3 10:00,286.5736292,1402.900197,1408.75
2023/9/3 10:15,290.0863297,1414.142989,1399.25
2023/9/3 10:30,296.5493607,1427.858304,1384.75
2023/9/3 10:45,283.5968098,1440.328386,1394.5
2023/9/3 11:00,286.1633513,1417.799417,1401.5
2023/9/3 11:15,274.2035532,1395.208922,1382.5
2023/9/3 11:30,280.1463212,1502.549676,1372.75
2023/9/3 11:45,283.8579841,1488.6043,1380
2023/9/3 12:00,280.5539302,1475.652147,1387.25
2023/9/3 12:15,297.1366358,1469.455595,1399.25
2023/9/3 12:30,291.370725,1443.384345,1382.5
2023/9/3 12:45,269.3618198,1450.826752,1380
2023/9/3 13:00,244.5402252,1471.748811,1387.25
2023/9/3 13:15,242.3065977,1478.062454,1404
2023/9/3 13:30,230.5823369,1483.208546,1418.5
2023/9/3 13:45,228.9559836,1501.169273,1420.75
2023/9/3 14:00,224.6803864,1485.550023,1420.75
2023/9/3 14:15,223.650146,1492.59056,1392
2023/9/3 14:30,203.4681069,1495.093446,1365.5
2023/9/3 14:45,191.1724231,1475.140848,1375.25
2023/9/3 15:00,177.1854981,1460.504794,1380
2023/9/3 15:15,163.1136511,1456.943047,1375.25
2023/9/3 15:30,146.3279653,1455.463704,1392
2023/9/3 15:45,125.2319154,1443.439603,1387.25
2023/9/3 16:00,96.86627636,1425.300595,1380
2023/9/3 16:15,72.1424904,1411.348087,1377.5
2023/9/3 16:30,56.21703351,1542.400496,1363.25
2023/9/3 16:45,43.55161715,1525.741721,1344
2023/9/3 17:00,34.04713093,1495.625313,1346.5
2023/9/3 17:15,37.03149786,1483.567386,1336.75
2023/9/3 17:30,27.91505531,1472.011478,1327.25
2023/9/3 17:45,18.13484143,1424.164568,1320
2023/9/3 18:00,0,1334.1327,1336.75
2023/9/3 18:15,0,1301.119192,1353.5
2023/9/3 18:30,0,1271.694363,1332
2023/9/3 18:45,0,1254.051766,1344
2023/9/3 19:00,0,1251.626525,1310.5
2023/9/3 19:15,0,1188.496651,1300.75
2023/9/3 19:30,0,1149.005782,1291.25
2023/9/3 19:45,0,1099.646395,1293.5
2023/9/3 20:00,0,1000.462476,1293.5
2023/9/3 20:15,0,909.1860588,1296
2023/9/3 20:30,0,872.8547351,1291.25
2023/9/3 20:45,0,842.5569312,1276.75
2023/9/3 21:00,0,769.2057118,1288.75
2023/9/3 21:15,0,696.5908069,1284
2023/9/3 21:30,0,594.9911537,1286.5
2023/9/3 21:45,0,560.6023758,1305.5
2023/9/3 22:00,0,492.9994764,1300.75
2023/9/3 22:15,0,474.289959,1286.5
2023/9/3 22:30,0,472.2919322,1288.75
2023/9/3 22:45,0,473.4402246,1291.25
2023/9/3 23:00,0,495.1575437,1284
2023/9/3 23:15,0,484.5697583,1281.5
2023/9/3 23:30,0,496.1775348,1293.5
2023/9/3 23:45,0,460.9884758,1279.25
2023/9/4 00:00,0,453.8759069,1284
2023/9/4 00:15,0,459.5203093,1276.75
2023/9/4 00:30,0,465.8435126,1276.75
2023/9/4 00:45,0,473.012967,1276.75
2023/9/4 01:00,0,451.8951054,1279.25
2023/9/4 01:15,0,444.4757737,1257.5
2023/9/4 01:30,0,398.5778587,1255.25
2023/9/4 01:45,0,360.8790357,1262.5
2023/9/4 02:00,0,331.0390248,1262.5
2023/9/4 02:15,0,310.1896075,1260
2023/9/4 02:30,0,290.416879,1276.75
2023/9/4 02:45,0,289.8981835,1267.25
2023/9/4 03:00,0,281.7647652,1269.5
2023/9/4 03:15,0,266.8781479,1264.75
2023/9/4 03:30,0,260.5183797,1262.5
2023/9/4 03:45,0,250.8352857,1255.25
2023/9/4 04:00,0,256.059234,1272
2023/9/4 04:15,0,252.1599828,1272
2023/9/4 04:30,0,258.765794,1257.5
2023/9/4 04:45,0,265.1236502,1257.5
2023/9/4 05:00,0,254.0311207,1257.5
2023/9/4 05:15,0,242.2194049,1264.75
2023/9/4 05:30,0,221.3249219,1248
2023/9/4 05:45,0,221.5673093,1252.75
2023/9/4 06:00,12.28959844,208.0101067,1245.5
2023/9/4 06:15,22.11001645,194.9794562,1250.5
2023/9/4 06:30,29.89334077,186.3419293,1257.5
2023/9/4 06:45,41.50210472,172.3000547,1255.25
2023/9/4 07:00,58.55873628,156.6069635,1279.25
2023/9/4 07:15,81.80776496,148.0412682,1291.25
2023/9/4 07:30,104.1093048,150.402642,1284
2023/9/4 07:45,129.7083541,145.5776561,1296
2023/9/4 08:00,163.6848477,134.8844617,1293.5
2023/9/4 08:15,186.7888299,133.4689794,1300.75
2023/9/4 08:30,221.8788005,137.1617699,1286.5
2023/9/4 08:45,263.3469454,137.7571586,1317.5
2023/9/4 09:00,304.189413,134.2153706,1317.5
2023/9/4 09:15,346.136023,137.3431675,1317.5
2023/9/4 09:30,394.8568548,145.0179398,1327.25
2023/9/4 09:45,409.0152383,141.4300455,1324.75
2023/9/4 10:00,452.2462231,134.8927697,1334.5
2023/9/4 10:15,506.9629189,130.6056688,1344
2023/9/4 10:30,545.5733786,129.4099678,1329.5
2023/9/4 10:45,583.8534006,131.0905321,1322.5
2023/9/4 11:00,614.4678264,132.9980621,1324.75
2023/9/4 11:15,631.0250587,138.4120629,1320
2023/9/4 11:30,642.6684123,134.6405182,1315.25
2023/9/4 11:45,614.6521452,141.620157,1322.5
2023/9/4 12:00,625.6094115,144.0409107,1327.25
2023/9/4 12:15,647.1688815,143.5519308,1315.25
2023/9/4 12:30,643.7179572,145.4901642,1296
2023/9/4 12:45,630.8336673,143.3423753,1296
2023/9/4 13:00,590.2495813,149.6096927,1298.5
2023/9/4 13:15,588.794165,159.3411749,1305.5
2023/9/4 13:30,587.9368081,152.9317385,1315.25
2023/9/4 13:45,559.7350981,149.5442529,1310.5
2023/9/4 14:00,502.4045883,156.6118671,1303.25
2023/9/4 14:15,479.1416667,158.1107264,1317.5
2023/9/4 14:30,445.0334308,171.9051804,1298.5
2023/9/4 14:45,425.4669649,169.1275241,1305.5
2023/9/4 15:00,400.3244448,168.4838211,1312.75
2023/9/4 15:15,345.6598811,187.2380352,1293.5
2023/9/4 15:30,287.7916033,182.8656397,1293.5
2023/9/4 15:45,233.5053949,184.7791345,1298.5
2023/9/4 16:00,185.4402727,201.359421,1296
2023/9/4 16:15,145.1592353,291.5226175,1298.5
2023/9/4 16:30,118.4008737,382.7848227,1308
2023/9/4 16:45,85.45664732,494.1050522,1296
2023/9/4 17:00,54.61735673,550.2611501,1286.5
2023/9/4 17:15,32.1394741,597.1867435,1276.75
2023/9/4 17:30,22.2156604,607.1658498,1269.5
2023/9/4 17:45,16.36451434,689.0541668,1274.5
2023/9/4 18:00,0,803.2849303,1276.75
2023/9/4 18:15,0,822.3181867,1279.25
2023/9/4 18:30,0,654.3599288,1284
2023/9/4 18:45,0,793.8004303,1276.75
2023/9/4 19:00,0,684.9268336,1281.5
2023/9/4 19:15,0,614.2177979,1274.5
2023/9/4 19:30,0,622.5406701,1279.25
2023/9/4 19:45,0,593.9395113,1284
2023/9/4 20:00,0,653.0306228,1264.75
2023/9/4 20:15,0,701.7337733,1250.5
2023/9/4 20:30,0,719.5204778,1264.75
2023/9/4 20:45,0,737.5424286,1272
2023/9/4 21:00,0,734.0586669,1269.5
2023/9/4 21:15,0,719.9108454,1284
2023/9/4 21:30,0,671.7216696,1274.5
2023/9/4 21:45,0,740.4295035,1267.25
2023/9/4 22:00,0,746.9894681,1264.75
2023/9/4 22:15,0,742.0873248,1260
2023/9/4 22:30,0,730.2923742,1272
2023/9/4 22:45,0,811.2889564,1279.25
2023/9/4 23:00,0,843.6163905,1274.5
2023/9/4 23:15,0,872.9213561,1272
2023/9/4 23:30,0,890.754939,1267.25
2023/9/4 23:45,0,914.0038056,1272
2023/9/5 00:00,0,918.2184785,1260
2023/9/5 00:15,0,881.3958304,1269.5
2023/9/5 00:30,0,832.9476383,1269.5
2023/9/5 00:45,0,825.2040355,1257.5
2023/9/5 01:00,0,809.3823708,1255.25
2023/9/5 01:15,0,782.8720198,1255.25
2023/9/5 01:30,0,743.8094956,1264.75
2023/9/5 01:45,0,711.1945259,1267.25
2023/9/5 02:00,0,711.3138135,1272
2023/9/5 02:15,0,728.0823321,1243.25
2023/9/5 02:30,0,774.2070929,1245.5
2023/9/5 02:45,0,811.9701995,1257.5
2023/9/5 03:00,0,812.0183543,1255.25
2023/9/5 03:15,0,796.4216459,1264.75
2023/9/5 03:30,0,813.6844596,1279.25
2023/9/5 03:45,0,851.9539971,1262.5
2023/9/5 04:00,0,882.9151936,1264.75
2023/9/5 04:15,0,895.8200295,1264.75
2023/9/5 04:30,0,931.4623716,1272
2023/9/5 04:45,0,966.6077257,1267.25
2023/9/5 05:00,0,1031.059987,1279.25
2023/9/5 05:15,0,1064.43477,1264.75
2023/9/5 05:30,0,1090.97212,1255.25
2023/9/5 05:45,0,1162.897264,1255.25
2023/9/5 06:00,16.39008548,1169.851467,1262.5
2023/9/5 06:15,42.62970847,1181.284841,1269.5
2023/9/5 06:30,64.71125742,1200.126485,1276.75
2023/9/5 06:45,96.93600122,1216.012923,1274.5
2023/9/5 07:00,130.8914918,1237.493414,1284
2023/9/5 07:15,160.2508515,1243.11953,1291.25
2023/9/5 07:30,198.5513279,1243.876485,1310.5
2023/9/5 07:45,241.8091467,1263.794689,1296
2023/9/5 08:00,275.3035465,1256.849621,1329.5
2023/9/5 08:15,333.3692236,1263.426762,1372.75
2023/9/5 08:30,396.6167307,1260.797423,1346.5
2023/9/5 08:45,450.233549,1285.79811,1365.5
2023/9/5 09:00,471.0398475,1303.209372,1368
2023/9/5 09:15,491.2944055,1294.944001,1380
2023/9/5 09:30,467.982917,894.6894439,1377.5
2023/9/5 09:45,495.8438718,934.8312005,1401.5
2023/9/5 10:00,516.5625735,961.498025,1416
2023/9/5 10:15,546.0599748,970.2879839,1418.5
2023/9/5 10:30,566.2770548,962.8322003,1411.25
2023/9/5 10:45,571.4651322,935.2699954,1408.75
2023/9/5 11:00,575.65554,913.6440658,1404
2023/9/5 11:15,588.04758,939.7254599,1423.25
2023/9/5 11:30,550.538113,743.3619477,1416
2023/9/5 11:45,528.6601018,758.1784641,1408.75
2023/9/5 12:00,505.6865859,776.3660087,1408.75
2023/9/5 12:15,487.1342091,780.3214961,1396.75
2023/9/5 12:30,476.654885,1009.880569,1384.75
2023/9/5 12:45,501.5016432,1025.020285,1408.75
2023/9/5 13:00,481.4180383,1045.898371,1416
2023/9/5 13:15,437.5056071,1037.06326,1420.75
2023/9/5 13:30,388.5985871,1033.654143,1423.25
2023/9/5 13:45,350.8560952,1050.09508,1428
2023/9/5 14:00,312.2849593,1054.093783,1437.5
2023/9/5 14:15,266.9524417,1047.071413,1440
2023/9/5 14:30,223.809249,1035.822115,1440
2023/9/5 14:45,194.9746126,969.2359718,1442.5
2023/9/5 15:00,166.4844999,754.7959353,1432.75
2023/9/5 15:15,142.5781619,791.4828055,1459.25
2023/9/5 15:30,124.5987051,974.6608835,1447.25
2023/9/5 15:45,110.8560766,936.314825,1442.5
2023/9/5 16:00,98.26892468,902.685879,1440
2023/9/5 16:15,82.34861609,903.0906194,1404
2023/9/5 16:30,68.60546685,900.5362413,1392
2023/9/5 16:45,54.12804472,851.5041434,1370.5
2023/9/5 17:00,38.04669935,793.9662656,1382.5
2023/9/5 17:15,25.18862457,720.7843916,1363.25
2023/9/5 17:30,28.09670327,646.1788862,1358.5
2023/9/5 17:45,24.41192845,593.4008245,1346.5
2023/9/5 18:00,0,566.7679486,1336.75
2023/9/5 18:15,0,510.2848482,1336.75
2023/9/5 18:30,0,471.193331,1332
2023/9/5 18:45,0,461.9813136,1334.5
2023/9/5 19:00,0,450.9445735,1348.75
2023/9/5 19:15,0,197.0879838,1317.5
2023/9/5 19:30,0,190.5754226,1315.25
2023/9/5 19:45,0,187.7446108,1300.75
2023/9/5 20:00,0,172.1890585,1303.25
2023/9/5 20:15,0,145.0299913,1300.75
2023/9/5 20:30,0,121.2799083,1296
2023/9/5 20:45,0,349.6069463,1296
2023/9/5 21:00,0,334.8925369,1288.75
2023/9/5 21:15,0,320.1491166,1291.25
2023/9/5 21:30,0,306.0075997,1291.25
2023/9/5 21:45,0,302.4566644,1284
2023/9/5 22:00,0,300.2598222,1291.25
2023/9/5 22:15,0,302.772562,1284
2023/9/5 22:30,0,323.0879107,1274.5
2023/9/5 22:45,0,326.4051422,1267.25
2023/9/5 23:00,0,324.8047567,1274.5
2023/9/5 23:15,0,327.7516143,1272
2023/9/5 23:30,0,338.9039785,1269.5
2023/9/5 23:45,0,358.4047142,1281.5
2023/9/6 00:00,0,135.1592597,1267.25
2023/9/6 00:15,0,136.9472023,1264.75
2023/9/6 00:30,0,131.4485712,1274.5
2023/9/6 00:45,0,382.6237482,1276.75
2023/9/6 01:00,0,391.9696389,1279.25
2023/9/6 01:15,0,398.7060808,1298.5
2023/9/6 01:30,0,403.5098664,1281.5
2023/9/6 01:45,0,414.1641921,1281.5
2023/9/6 02:00,0,431.5809533,1281.5
2023/9/6 02:15,0,449.7168357,1276.75
2023/9/6 02:30,0,463.3389712,1274.5
2023/9/6 02:45,0,466.0660547,1284
2023/9/6 03:00,0,473.5877306,1276.75
2023/9/6 03:15,0,514.8736584,1279.25
2023/9/6 03:30,0,538.8280107,1272
2023/9/6 03:45,0,535.0523183,1274.5
2023/9/6 04:00,0,531.14551,1269.5
2023/9/6 04:15,0,536.3750371,1274.5
2023/9/6 04:30,0,548.422557,1269.5
2023/9/6 04:45,0,541.8645346,1264.75
2023/9/6 05:00,0,538.8912269,1272
2023/9/6 05:15,0,548.9303215,1267.25
2023/9/6 05:30,0,563.9703093,1274.5
2023/9/6 05:45,0,573.0564843,1272
2023/9/6 06:00,14.64993369,559.4422929,1281.5
2023/9/6 06:15,43.85026612,558.8558797,1286.5
2023/9/6 06:30,75.19156511,546.6437523,1267.25
2023/9/6 06:45,107.4213686,534.1346034,1269.5
2023/9/6 07:00,137.7663831,531.7823928,1269.5
2023/9/6 07:15,175.6039619,541.1946449,1286.5
2023/9/6 07:30,220.4924825,544.364981,1298.5
2023/9/6 07:45,273.9545498,545.3880631,1293.5
2023/9/6 08:00,318.0764519,549.6172362,1298.5
2023/9/6 08:15,352.9595344,543.1518365,1293.5
2023/9/6 08:30,408.6782783,543.6707479,1291.25
2023/9/6 08:45,459.0664374,552.8948988,1296
2023/9/6 09:00,493.7171818,558.0653798,1296
2023/9/6 09:15,562.6092841,550.9646344,1296
2023/9/6 09:30,590.1276279,551.6989158,1296
2023/9/6 09:45,624.6484782,561.2259036,1296
2023/9/6 10:00,677.5775426,550.7169776,1296
2023/9/6 10:15,715.4205405,541.2848733,1296
2023/9/6 10:30,734.6657183,539.5765678,1296
2023/9/6 10:45,772.1601353,538.7485729,1296
2023/9/6 11:00,818.0828415,555.0512223,1296
2023/9/6 11:15,840.6648326,565.3040454,1296
2023/9/6 11:30,873.7408428,589.902706,1296
2023/9/6 11:45,899.7105422,664.9939194,1296
2023/9/6 12:00,907.7180461,722.7044454,1296
2023/9/6 12:15,942.4166243,718.0286414,1296
2023/9/6 12:30,937.8141403,723.4479003,1296
2023/9/6 12:45,882.1466974,716.2345474,1296
2023/9/6 13:00,836.9831941,722.6907455,1296
2023/9/6 13:15,844.825649,739.1328422,1296
2023/9/6 13:30,831.3951014,763.6957999,1296
2023/9/6 13:45,778.9264991,773.9407562,1296
2023/9/6 14:00,765.4566624,817.1414525,1296
2023/9/6 14:15,685.5028393,887.5763841,1296
2023/9/6 14:30,592.9878512,942.7986107,1296
2023/9/6 14:45,470.8100739,960.4788703,1296
2023/9/6 15:00,356.6070301,1001.466568,1296
2023/9/6 15:15,302.7192162,1023.20997,1296
2023/9/6 15:30,252.6368086,1046.669731,1296
2023/9/6 15:45,219.3296789,1059.977705,1296
2023/9/6 16:00,178.5918353,1089.309181,1296
2023/9/6 16:15,133.254377,1110.195911,1296
2023/9/6 16:30,95.57200347,1067.88287,1296
2023/9/6 16:45,74.03109267,1056.817305,1296
2023/9/6 17:00,54.83499847,1069.819628,1296
2023/9/6 17:15,31.58625622,1060.845023,1296
2023/9/6 17:30,22.22928204,1055.456949,1296
2023/9/6 17:45,15.45779946,1060.738201,1296
2023/9/6 18:00,0,1124.718154,1296
2023/9/6 18:15,0,1128.574669,1296
2023/9/6 18:30,0,1126.236085,1296
2023/9/6 18:45,0,1122.167935,1296
2023/9/6 19:00,0,1093.616548,1296
2023/9/6 19:15,0,859.4870978,1296
2023/9/6 19:30,0,845.8246547,1296
2023/9/6 19:45,0,828.8053108,1296
2023/9/6 20:00,0,828.6250271,1296
2023/9/6 20:15,0,813.9441861,1296
2023/9/6 20:30,0,785.5864073,1296
2023/9/6 20:45,0,1013.043711,1296
2023/9/6 21:00,0,1008.651137,1296
2023/9/6 21:15,0,1016.297198,1296
2023/9/6 21:30,0,1027.225377,1296
2023/9/6 21:45,0,1054.26362,1296
2023/9/6 22:00,0,823.8176548,1296
2023/9/6 22:15,0,1063.945661,1296
2023/9/6 22:30,0,1072.140475,1296
2023/9/6 22:45,0,1079.044836,1296
2023/9/6 23:00,0,1076.649751,1296
2023/9/6 23:15,0,1077.043321,1296
2023/9/6 23:30,0,1067.384859,1296
2023/9/6 23:45,0,809.7092126,1296
2023/9/7 00:00,0,802.5854965,1197.5
2023/9/7 00:15,0,779.1471957,1202.5
2023/9/7 00:30,0,751.3405024,1207.25
2023/9/7 00:45,0,990.1320065,1212
2023/9/7 01:00,0,1011.339765,1204.75
2023/9/7 01:15,0,1017.780533,1204.75
2023/9/7 01:30,0,999.4952451,1202.5
2023/9/7 01:45,0,981.3656482,1204.75
2023/9/7 02:00,0,979.5142582,1200
2023/9/7 02:15,0,976.7268202,1214.5
2023/9/7 02:30,0,967.2483444,1204.75
2023/9/7 02:45,0,972.367911,1195.25
2023/9/7 03:00,0,978.9024797,1200
2023/9/7 03:15,0,982.7137966,1195.25
2023/9/7 03:30,0,997.1979238,1200
2023/9/7 03:45,0,981.178117,1197.5
2023/9/7 04:00,0,962.9129823,1192.75
2023/9/7 04:15,0,942.5921053,1197.5
2023/9/7 04:30,0,940.3682037,1192.75
2023/9/7 04:45,0,943.0486917,1200
2023/9/7 05:00,0,969.689576,1197.5
2023/9/7 05:15,0,987.6708128,1197.5
2023/9/7 05:30,0,996.4652247,1188
2023/9/7 05:45,0,1006.747339,1202.5
2023/9/7 06:00,5.921057104,1004.173636,1195.25
2023/9/7 06:15,31.18791938,999.1845938,1180.75
2023/9/7 06:30,68.95837182,1006.245463,1185.5
2023/9/7 06:45,108.2096303,1005.798963,1190.5
2023/9/7 07:00,151.3688551,1023.025263,1200
2023/9/7 07:15,195.724243,770.0560232,1200
2023/9/7 07:30,265.0054208,770.8056024,1204.75
2023/9/7 07:45,358.767929,775.2627051,1216.75
2023/9/7 08:00,403.9947836,783.292067,1219.25
2023/9/7 08:15,456.2073856,774.2361728,1221.5
2023/9/7 08:30,535.339124,783.5822647,1240.75
2023/9/7 08:45,599.2173803,790.6146704,1231.25
2023/9/7 09:00,642.596864,773.7621143,1243.25
2023/9/7 09:15,694.9651738,765.160757,1240.75
2023/9/7 09:30,765.2147141,762.7275531,1245.5
2023/9/7 09:45,779.6163087,753.129441,1250.5
2023/9/7 10:00,802.0764286,757.4651443,1250.5
2023/9/7 10:15,833.264085,1027.99877,1257.5
2023/9/7 10:30,899.1413709,1028.837093,1255.25
2023/9/7 10:45,928.4664896,1047.55951,1260
2023/9/7 11:00,921.3166052,1067.504887,1260
2023/9/7 11:15,930.9349547,1087.993812,1252.75
2023/9/7 11:30,987.8650641,1109.040527,1250.5
2023/9/7 11:45,1017.217785,1129.970338,1238.5
2023/9/7 12:00,992.5816284,1141.867069,1238.5
2023/9/7 12:15,973.9760765,1156.676321,1228.75
2023/9/7 12:30,937.2172547,937.6295638,1228.75
2023/9/7 12:45,907.5061443,935.1561639,1226.5
2023/9/7 13:00,861.0521513,941.9432323,1233.5
2023/9/7 13:15,858.3185029,946.6510967,1238.5
2023/9/7 13:30,833.2484521,956.7901173,1236
2023/9/7 13:45,777.259695,1201.584697,1231.25
2023/9/7 14:00,710.0361816,1140.064891,1231.25
2023/9/7 14:15,687.4397127,1142.21063,1233.5
2023/9/7 14:30,663.9914555,1141.290421,1238.5
2023/9/7 14:45,582.7782993,1141.668989,1245.5
2023/9/7 15:00,482.0332392,1141.412066,1236
2023/9/7 15:15,428.2891043,1208.63232,1231.25
2023/9/7 15:30,380.5994976,1207.431123,1228.75
2023/9/7 15:45,301.0146783,1214.183527,1238.5
2023/9/7 16:00,239.0774005,1068.548608,1236
2023/9/7 16:15,180.7643677,1056.558164,1252.75
2023/9/7 16:30,137.0142391,980.4662258,1238.5
2023/9/7 16:45,98.08592506,978.2550526,1236
2023/9/7 17:00,65.95940918,981.2045142,1226.5
2023/9/7 17:15,42.343828,972.4061968,1228.75
2023/9/7 17:30,23.33594216,962.4338978,1221.5
2023/9/7 17:45,22.78706094,1089.589433,1243.25
2023/9/7 18:00,0,1067.891448,1245.5
2023/9/7 18:15,0,1056.867606,1221.5
2023/9/7 18:30,0,1051.370868,1224
2023/9/7 18:45,0,1112.978453,1226.5
2023/9/7 19:00,0,976.9825159,1228.75
2023/9/7 19:15,0,990.7924785,1221.5
2023/9/7 19:30,0,1001.139891,1224
2023/9/7 19:45,0,1005.562201,1221.5
2023/9/7 20:00,0,921.3133477,1216.75
2023/9/7 20:15,0,915.6702058,1214.5
2023/9/7 20:30,0,904.7907457,1212
2023/9/7 20:45,0,895.3024377,1221.5
2023/9/7 21:00,0,1025.756797,1221.5
2023/9/7 21:15,0,1030.037823,1214.5
2023/9/7 21:30,0,1043.979391,1219.25
2023/9/7 21:45,0,1041.884248,1219.25
2023/9/7 22:00,0,1036.564091,1216.75
2023/9/7 22:15,0,1033.849287,1200
2023/9/7 22:30,0,1039.727702,1224
2023/9/7 22:45,0,1046.056636,1214.5
2023/9/7 23:00,0,1034.863878,1212
2023/9/7 23:15,0,1020.301222,1216.75
2023/9/7 23:30,0,1000.294516,1238.5
2023/9/7 23:45,0,990.0785569,1228.75
2023/9/8 00:00,0,984.1424347,1233.5
2023/9/8 00:15,0,963.012163,1212
2023/9/8 00:30,0,1025.271022,1214.5
2023/9/8 00:45,0,1021.200503,1209.5
2023/9/8 01:00,0,1022.560494,1209.5
2023/9/8 01:15,0,1022.134862,1219.25
2023/9/8 01:30,0,1028.833971,1233.5
2023/9/8 01:45,0,1032.975069,1228.75
2023/9/8 02:00,0,1039.694338,1231.25
2023/9/8 02:15,0,1043.968987,1231.25
2023/9/8 02:30,0,1030.707217,1238.5
2023/9/8 02:45,0,1011.831365,1236
2023/9/8 03:00,0,974.8872118,1240.75
2023/9/8 03:15,0,955.8379961,1248
2023/9/8 03:30,0,935.1485151,1240.75
2023/9/8 03:45,0,902.3090071,1228.75
2023/9/8 04:00,0,882.9740435,1233.5
2023/9/8 04:15,0,874.4593504,1226.5
2023/9/8 04:30,0,863.2150674,1228.75
2023/9/8 04:45,0,625.8191785,1238.5
2023/9/8 05:00,0,634.5892087,1226.5
2023/9/8 05:15,0,627.8115623,1224
2023/9/8 05:30,0,624.4362172,1224
2023/9/8 05:45,0,612.4379596,1216.75
2023/9/8 06:00,14.4419931,603.2691586,1219.25
2023/9/8 06:15,44.49014903,585.5591588,1231.25
2023/9/8 06:30,78.07860809,571.3271816,1224
2023/9/8 06:45,126.5705165,565.7492044,1228.75
2023/9/8 07:00,183.9218561,548.1449455,1243.25
2023/9/8 07:15,256.3899791,812.8210831,1243.25
2023/9/8 07:30,330.2332295,819.9380039,1250.5
2023/9/8 07:45,411.8265634,840.0763718,1260
2023/9/8 08:00,484.9879081,867.5733227,1267.25
2023/9/8 08:15,554.8178017,876.3153871,1269.5
2023/9/8 08:30,612.4876821,894.1044407,1274.5
2023/9/8 08:45,690.1014123,659.7701224,1279.25
2023/9/8 09:00,714.0919108,902.2298923,1269.5
2023/9/8 09:15,748.891397,904.6782386,1264.75
2023/9/8 09:30,792.8420694,907.2800452,1274.5
2023/9/8 09:45,845.5438639,927.0446009,1272
2023/9/8 10:00,864.8359201,938.9900438,1272
2023/9/8 10:15,921.5532908,958.7680214,1274.5
2023/9/8 10:30,941.251292,980.3764494,1279.25
2023/9/8 10:45,970.7830691,988.0525158,1286.5
2023/9/8 11:00,1002.780257,1002.745092,1303.25
2023/9/8 11:15,1031.109152,1038.726883,1274.5
2023/9/8 11:30,1036.0877,1072.648194,1276.75
2023/9/8 11:45,1058.209793,1084.64274,1260
2023/9/8 12:00,1053.370252,1112.563377,1257.5
2023/9/8 12:15,1027.596242,892.4358177,1260
2023/9/8 12:30,1016.619935,906.0091692,1260
2023/9/8 12:45,1022.279811,907.080421,1262.5
2023/9/8 13:00,1006.710551,909.8524192,1250.5
2023/9/8 13:15,990.750148,847.4659047,1248
2023/9/8 13:30,965.7781266,844.3170224,1257.5
2023/9/8 13:45,953.9198193,859.236317,1260
2023/9/8 14:00,917.8966741,1106.417072,1272
2023/9/8 14:15,867.2853251,1103.029167,1267.25
2023/9/8 14:30,801.2292308,1100.305085,1257.5
2023/9/8 14:45,727.991373,1165.25183,1255.25
2023/9/8 15:00,655.6949621,1171.322879,1250.5
2023/9/8 15:15,596.5667497,1183.160697,1255.25
2023/9/8 15:30,525.069175,1194.831516,1250.5
2023/9/8 15:45,436.5437838,1208.736466,1267.25
2023/9/8 16:00,348.4914561,1213.996296,1255.25
2023/9/8 16:15,265.0464935,1217.252908,1250.5
2023/9/8 16:30,199.7652537,1162.953433,1252.75
2023/9/8 16:45,134.2432963,1169.274763,1243.25
2023/9/8 17:00,85.82134048,1170.413687,1248
2023/9/8 17:15,45.91167683,1172.829761,1245.5
2023/9/8 17:30,26.22692521,1170.026226,1240.75
2023/9/8 17:45,13.77583265,1171.785549,1238.5
2023/9/8 18:00,0,1170.636657,1228.75
2023/9/8 18:15,0,1153.970872,1233.5
2023/9/8 18:30,0,1143.675542,1226.5
2023/9/8 18:45,0,1143.21132,1245.5
2023/9/8 19:00,0,996.2763951,1231.25
2023/9/8 19:15,0,1003.219058,1231.25
2023/9/8 19:30,0,1006.595903,1228.75
2023/9/8 19:45,0,1008.744962,1226.5
2023/9/8 20:00,0,1011.639618,1219.25
2023/9/8 20:15,0,1010.368346,1219.25
2023/9/8 20:30,0,1145.909783,1214.5
2023/9/8 20:45,0,1133.293801,1214.5
2023/9/8 21:00,0,1118.834881,1212
2023/9/8 21:15,0,1133.290826,1209.5
2023/9/8 21:30,0,1144.037377,1214.5
2023/9/8 21:45,0,1138.90459,1214.5
2023/9/8 22:00,0,1143.168571,1204.75
2023/9/8 22:15,0,1151.843173,1202.5
2023/9/8 22:30,0,1149.805233,1204.75
2023/9/8 22:45,0,1208.673791,1204.75
2023/9/8 23:00,0,1196.787326,1202.5
2023/9/8 23:15,0,1183.616442,1204.75
2023/9/8 23:30,0,1173.665124,1214.5
2023/9/8 23:45,0,1028.267644,1197.5
2023/9/9 00:00,0,1105.952325,1195.25
2023/9/9 00:15,0,1103.145367,1192.75
2023/9/9 00:30,0,1104.37567,1202.5
2023/9/9 00:45,0,1106.122141,1197.5
2023/9/9 01:00,0,1178.234774,1204.75
2023/9/9 01:15,0,1037.713635,1200
2023/9/9 01:30,0,1038.741202,1197.5
2023/9/9 01:45,0,1032.386191,1197.5
2023/9/9 02:00,0,1036.42304,1192.75
2023/9/9 02:15,0,1036.611899,1202.5
2023/9/9 02:30,0,975.4680748,1207.25
2023/9/9 02:45,0,973.553725,1197.5
2023/9/9 03:00,0,983.0460933,1200
2023/9/9 03:15,0,1120.320044,1197.5
2023/9/9 03:30,0,1108.151574,1200
2023/9/9 03:45,0,1103.295741,1195.25
2023/9/9 04:00,0,1094.753728,1195.25
2023/9/9 04:15,0,855.2164397,1197.5
2023/9/9 04:30,0,951.6795066,1192.75
2023/9/9 04:45,0,946.2938158,1197.5
2023/9/9 05:00,0,951.3204632,1192.75
2023/9/9 05:15,0,941.0643794,1195.25
2023/9/9 05:30,0,926.5622072,1202.5
2023/9/9 05:45,0,913.2227485,1202.5
2023/9/9 06:00,8.821848561,905.751199,1183.25
2023/9/9 06:15,40.86280575,1046.241389,1173.5
2023/9/9 06:30,82.48344366,1041.746702,1176
2023/9/9 06:45,131.6362028,1034.393064,1176
2023/9/9 07:00,181.8749045,1020.95856,1180.75
2023/9/9 07:15,243.3368414,1011.307086,1200
2023/9/9 07:30,314.6767156,1033.395301,1200
2023/9/9 07:45,382.5745725,911.8513838,1216.75
2023/9/9 08:00,473.0440136,926.1729679,1216.75
2023/9/9 08:15,554.9611416,945.5987127,1233.5
2023/9/9 08:30,644.4855822,958.7915198,1240.75
2023/9/9 08:45,737.3330035,962.676896,1252.75
2023/9/9 09:00,805.218717,987.345735,1250.5
2023/9/9 09:15,854.8812786,999.6007519,1243.25
2023/9/9 09:30,899.2132056,1012.396878,1255.25
2023/9/9 09:45,936.6699749,1004.783217,1250.5
2023/9/9 10:00,971.4467083,987.1625912,1252.75
2023/9/9 10:15,1036.761941,981.4708646,1262.5
2023/9/9 10:30,1042.060833,990.5955223,1257.5
2023/9/9 10:45,1046.573529,1002.058102,1260
2023/9/9 11:00,1104.337702,1015.860019,1252.75
2023/9/9 11:15,1096.115521,1016.859145,1255.25
2023/9/9 11:30,1118.920608,1026.131236,1264.75
2023/9/9 11:45,1115.893856,1034.570458,1264.75
2023/9/9 12:00,1084.810542,1041.720067,1272
2023/9/9 12:15,1072.634897,1042.50227,1250.5
2023/9/9 12:30,1069.551024,1043.059607,1245.5
2023/9/9 12:45,994.1309064,1041.388638,1252.75
2023/9/9 13:00,955.1535621,914.3576163,1264.75
2023/9/9 13:15,949.6406946,912.2946782,1276.75
2023/9/9 13:30,902.0803804,911.3388614,1286.5
2023/9/9 13:45,832.2526213,913.8689058,1281.5
2023/9/9 14:00,798.7719274,911.9250765,1272
2023/9/9 14:15,764.3285671,911.8617318,1269.5
2023/9/9 14:30,751.8425559,903.3323935,1267.25
2023/9/9 14:45,718.4318043,904.5854734,1260
2023/9/9 15:00,663.2611229,902.6327116,1276.75
2023/9/9 15:15,578.3516911,1092.800174,1257.5
2023/9/9 15:30,498.5285898,1077.966562,1248
2023/9/9 15:45,422.5458521,1078.27675,1252.75
2023/9/9 16:00,350.7904768,1070.278807,1248
2023/9/9 16:15,277.3338628,1068.230826,1248
2023/9/9 16:30,201.1008346,1145.495835,1245.5
2023/9/9 16:45,135.2709559,1142.320767,1236
2023/9/9 17:00,84.67651803,1134.781738,1224
2023/9/9 17:15,43.74844715,1128.523766,1231.25
2023/9/9 17:30,21.49814645,1116.475046,1231.25
2023/9/9 17:45,6.68705009,1121.512175,1231.25
2023/9/9 18:00,0,1122.561786,1240.75
2023/9/9 18:15,0,1130.224018,1231.25
2023/9/9 18:30,0,1126.508409,1228.75
2023/9/9 18:45,0,968.4550622,1226.5
2023/9/9 19:00,0,960.5461835,1226.5
2023/9/9 19:15,0,954.4312902,1226.5
2023/9/9 19:30,0,969.4852743,1221.5
2023/9/9 19:45,0,959.9276645,1238.5
2023/9/9 20:00,0,947.4558091,1224
2023/9/9 20:15,0,937.7042827,1228.75
2023/9/9 20:30,0,947.9387632,1228.75
2023/9/9 20:45,0,953.5762717,1228.75
2023/9/9 21:00,0,953.9467281,1221.5
2023/9/9 21:15,0,952.3952597,1224
2023/9/9 21:30,0,958.6966092,1214.5
2023/9/9 21:45,0,952.1911409,1219.25
2023/9/9 22:00,0,934.6650247,1216.75
2023/9/9 22:15,0,939.6971448,1212
2023/9/9 22:30,0,943.2111539,1212
2023/9/9 22:45,0,940.8362943,1219.25
2023/9/9 23:00,0,947.9091163,1209.5
2023/9/9 23:15,0,943.9484383,1209.5
2023/9/9 23:30,0,939.202558,1195.25
2023/9/9 23:45,0,929.5713975,1197.5
2023/9/10 00:00,0,931.7469428,1192.75
2023/9/10 00:15,0,929.4796093,1188
2023/9/10 00:30,0,917.4936991,1192.75
2023/9/10 00:45,0,1049.368216,1185.5
2023/9/10 01:00,0,1019.551586,1180.75
2023/9/10 01:15,0,993.3607481,1185.5
2023/9/10 01:30,0,972.0063534,1188
2023/9/10 01:45,0,1010.976554,1200
2023/9/10 02:00,0,1023.784793,1219.25
2023/9/10 02:15,0,1049.874193,1219.25
2023/9/10 02:30,0,1069.762605,1204.75
2023/9/10 02:45,0,1081.685708,1207.25
2023/9/10 03:00,0,1102.076118,1200
2023/9/10 03:15,0,1116.43503,1197.5
2023/9/10 03:30,0,1116.317278,1202.5
2023/9/10 03:45,0,1112.651335,1192.75
2023/9/10 04:00,0,1103.703727,1197.5
2023/9/10 04:15,0,1103.858558,1190.5
2023/9/10 04:30,0,1099.020314,1190.5
2023/9/10 04:45,0,1110.955154,1195.25
2023/9/10 05:00,0,1114.935943,1204.75
2023/9/10 05:15,0,1033.626323,1188
2023/9/10 05:30,0,1018.04649,1178.5
2023/9/10 05:45,0,1024.699002,1195.25
2023/9/10 06:00,13.58559756,1035.368437,1192.75
2023/9/10 06:15,42.79081871,1044.596693,1197.5
2023/9/10 06:30,89.18974635,1045.575398,1207.25
2023/9/10 06:45,149.8241982,1048.348468,1204.75
2023/9/10 07:00,221.4801352,1063.127796,1219.25
2023/9/10 07:15,305.5238527,1076.454897,1226.5
2023/9/10 07:30,391.3829522,1089.622555,1238.5
2023/9/10 07:45,487.3418768,862.7317965,1257.5
2023/9/10 08:00,574.0643204,1116.071997,1272
2023/9/10 08:15,655.4223468,1183.184204,1284
2023/9/10 08:30,744.8331054,1183.846327,1267.25
2023/9/10 08:45,817.3840738,1186.615957,1298.5
2023/9/10 09:00,884.288522,1190.717455,1267.25
2023/9/10 09:15,950.9396759,1191.537204,1291.25
2023/9/10 09:30,997.7457046,1056.336362,1317.5
2023/9/10 09:45,1059.446643,1057.261039,1339.25
2023/9/10 10:00,1076.558723,1064.944883,1332
2023/9/10 10:15,1132.632788,1067.761911,1310.5
2023/9/10 10:30,1171.739183,1079.064854,1327.25
2023/9/10 10:45,1202.974821,1073.687959,1322.5
2023/9/10 11:00,1155.081189,1483.561348,1320
2023/9/10 11:15,1149.901002,1491.867293,1312.75
2023/9/10 11:30,1184.978618,1500.04548,1279.25
2023/9/10 11:45,1186.890534,1495.709739,1279.25
2023/9/10 12:00,1191.372278,1495.450999,1274.5
2023/9/10 12:15,1176.345439,1079.788255,1257.5
2023/9/10 12:30,1165.657361,1074.174209,1248
2023/9/10 12:45,1139.951385,1060.222596,1250.5
2023/9/10 13:00,1112.039683,1061.771719,1248
2023/9/10 13:15,1087.170289,1078.025625,1262.5
2023/9/10 13:30,1044.5677,1086.980383,1279.25
2023/9/10 13:45,1016.012652,1101.121637,1260
2023/9/10 14:00,980.2209968,1102.83099,1267.25
2023/9/10 14:15,924.4130837,1105.096679,1296
2023/9/10 14:30,862.4841886,1105.341771,1288.75
2023/9/10 14:45,807.9985443,1099.926913,1298.5
2023/9/10 15:00,745.1105522,1101.458509,1296
2023/9/10 15:15,668.4284559,1102.64283,1281.5
2023/9/10 15:30,582.334672,1100.793669,1272
2023/9/10 15:45,486.862671,1086.882719,1293.5
2023/9/10 16:00,391.0103002,1081.237398,1281.5
2023/9/10 16:15,303.4718368,1082.924392,1267.25
2023/9/10 16:30,220.6253262,1085.758104,1260
2023/9/10 16:45,147.4659571,1085.78633,1238.5
2023/9/10 17:00,87.56134168,1094.473418,1212
2023/9/10 17:15,45.05278618,1092.221922,1200
2023/9/10 17:30,23.23281938,1090.807411,1212
2023/9/10 17:45,6.708868083,1089.107199,1200
2023/9/10 18:00,0,1086.085062,1197.5
2023/9/10 18:15,0,1090.663378,1192.75
2023/9/10 18:30,0,1091.636473,1190.5
2023/9/10 18:45,0,1093.750129,1188
2023/9/10 19:00,0,1092.298011,1197.5
2023/9/10 19:15,0,1091.068285,1195.25
2023/9/10 19:30,0,1093.594345,1166.5
2023/9/10 19:45,0,968.1282314,1166.5
2023/9/10 20:00,0,1089.882689,1168.75
2023/9/10 20:15,0,1077.648152,1178.5
2023/9/10 20:30,0,1060.411448,1190.5
2023/9/10 20:45,0,1063.153089,1178.5
2023/9/10 21:00,0,1056.627451,1173.5
2023/9/10 21:15,0,1055.179534,1168.75
2023/9/10 21:30,0,1046.93808,1159.25
2023/9/10 21:45,0,1031.561251,1159.25
2023/9/10 22:00,0,1015.20998,1156.75
2023/9/10 22:15,0,1012.664792,1164
2023/9/10 22:30,0,1005.844199,1154.5
2023/9/10 22:45,0,999.3771615,1154.5
2023/9/10 23:00,0,982.4323326,1152
2023/9/10 23:15,0,972.5145796,1142.5
2023/9/10 23:30,0,977.6369351,1149.5
2023/9/10 23:45,0,986.2967719,1152
2023/9/11 00:00,0,983.8093085,1149.5
2023/9/11 00:15,0,983.7992564,1147.25
2023/9/11 00:30,0,983.5112758,1147.25
2023/9/11 00:45,0,974.2774967,1154.5
2023/9/11 01:00,0,967.1620881,1144.75
2023/9/11 01:15,0,956.8024259,1166.5
2023/9/11 01:30,0,962.0120854,1164
2023/9/11 01:45,0,967.3480904,1164
2023/9/11 02:00,0,962.8774034,1159.25
2023/9/11 02:15,0,960.1802217,1156.75
2023/9/11 02:30,0,960.4957585,1164
2023/9/11 02:45,0,957.1864303,1164
2023/9/11 03:00,0,951.2980273,1168.75
2023/9/11 03:15,0,951.8303656,1161.5
2023/9/11 03:30,41.27693013,954.7986386,1156.75
2023/9/11 03:45,82.55386026,944.883696,1161.5
2023/9/11 04:00,123.8307904,940.508618,1154.5
2023/9/11 04:15,165.1077205,1066.227783,1161.5
2023/9/11 04:30,206.3846507,1052.965341,1166.5
2023/9/11 04:45,247.6615808,1064.007563,1152
2023/9/11 05:00,288.9385109,1071.735081,1159.25
2023/9/11 05:15,330.215441,1069.086756,1159.25
2023/9/11 05:30,371.4923712,1070.554542,1156.75
2023/9/11 05:45,412.7693013,1060.023613,1164
2023/9/11 06:00,454.0462314,1043.649396,1171.25
2023/9/11 06:15,495.3231616,1031.169652,1176
2023/9/11 06:30,536.6000917,1019.274717,1173.5
2023/9/11 06:45,577.8770218,1022.232579,1180.75
2023/9/11 07:00,619.153952,1021.743654,1185.5
2023/9/11 07:15,660.4308821,1021.650057,1207.25
2023/9/11 07:30,701.7078122,1030.246133,1221.5
2023/9/11 07:45,742.9847424,1069.878283,1288.75
2023/9/11 08:00,784.2616725,1088.875577,1308
2023/9/11 08:15,825.5386026,1086.830583,1291.25
2023/9/11 08:30,866.8155328,1063.442363,1293.5
2023/9/11 08:45,908.0924629,1089.082931,1305.5
2023/9/11 09:00,949.369393,1119.704635,1336.75
2023/9/11 09:15,990.6463231,1565.47681,1346.5
2023/9/11 09:30,1031.923253,1451.26666,1346.5
2023/9/11 09:45,1073.200183,1467.477459,1358.5
2023/9/11 10:00,1114.477114,1478.667093,1348.75
2023/9/11 10:15,1155.754044,1485.090605,1370.5
2023/9/11 10:30,1197.030974,1068.958561,1365.5
2023/9/11 10:45,1211.331379,1078.350401,1360.75
2023/9/11 11:00,1223.794302,1084.941375,1346.5
2023/9/11 11:15,1215.72278,1088.122137,1353.5
2023/9/11 11:30,1222.341461,1096.97684,1351.25
2023/9/11 11:45,1218.160966,1074.05805,1327.25
2023/9/11 12:00,1201.723254,944.0708158,1327.25
2023/9/11 12:15,1163.101477,947.021012,1346.5
2023/9/11 12:30,1132.739131,942.8190747,1327.25
2023/9/11 12:45,1148.132645,946.7798392,1329.5
2023/9/11 13:00,1133.966906,946.8561961,1332
2023/9/11 13:15,1098.929511,943.80387,1334.5
2023/9/11 13:30,1056.952659,941.4608212,1332
2023/9/11 13:45,1013.64678,939.4661045,1344
2023/9/11 14:00,971.0822915,943.4742689,1341.5
2023/9/11 14:15,910.2554699,950.8301204,1334.5
2023/9/11 14:30,833.2673103,949.7311722,1334.5
2023/9/11 14:45,778.5935055,944.8334802,1324.75
2023/9/11 15:00,720.0135089,910.1349393,1346.5
2023/9/11 15:15,650.3928434,906.046358,1360.75
2023/9/11 15:30,570.3408249,901.5409753,1348.75
2023/9/11 15:45,485.7375332,898.6938619,1339.25
2023/9/11 16:00,393.8135327,1072.840758,1346.5
2023/9/11 16:15,303.9280313,1439.234682,1329.5
2023/9/11 16:30,219.8793954,1462.931574,1322.5
2023/9/11 16:45,148.3573503,1463.11146,1298.5
2023/9/11 17:00,90.0950078,1464.263522,1279.25
2023/9/11 17:15,44.82446561,1653.897387,1260
2023/9/11 17:30,23.5673793,1227.673124,1248
2023/9/11 17:45,11.26497986,1208.682848,1245.5
2023/9/11 18:00,0,1197.048564,1250.5
2023/9/11 18:15,0,1192.58874,1240.75
2023/9/11 18:30,0,1172.836524,1250.5
2023/9/11 18:45,0,1031.8319,1238.5
2023/9/11 19:00,0,973.581428,1236
2023/9/11 19:15,0,961.7886034,1228.75
2023/9/11 19:30,0,1153.102731,1226.5
2023/9/11 19:45,0,1156.392772,1238.5
2023/9/11 20:00,0,1158.618057,1243.25
2023/9/11 20:15,0,1163.836448,1221.5
2023/9/11 20:30,0,1165.977727,1226.5
2023/9/11 20:45,0,1167.732065,1216.75
2023/9/11 21:00,0,1164.620883,1228.75
2023/9/11 21:15,0,1154.905661,1219.25
2023/9/11 21:30,0,1085.555873,1231.25
2023/9/11 21:45,0,1066.795778,1231.25
2023/9/11 22:00,0,1063.23062,1226.5
2023/9/11 22:15,0,1045.125127,1219.25
2023/9/11 22:30,0,1023.961413,1216.75
2023/9/11 22:45,0,759.728084,1226.5
2023/9/11 23:00,0,786.1768512,1221.5
2023/9/11 23:15,0,769.6765397,1228.75
2023/9/11 23:30,0,736.5792384,1216.75
2023/9/11 23:45,0,951.4072658,1214.5
2023/9/12 00:00,0,956.3668891,1226.5
2023/9/12 00:15,0,961.5429052,1212
2023/9/12 00:30,0,955.3374606,1221.5
2023/9/12 00:45,0,947.9159004,1221.5
2023/9/12 01:00,0,934.746218,1214.5
2023/9/12 01:15,0,913.0919083,1219.25
2023/9/12 01:30,0,912.1699409,1204.75
2023/9/12 01:45,0,920.6379204,1204.75
2023/9/12 02:00,0,914.5570137,1209.5
2023/9/12 02:15,0,887.0154577,1214.5
2023/9/12 02:30,0,876.7411676,1209.5
2023/9/12 02:45,0,617.9885987,1200
2023/9/12 03:00,0,598.3290995,1202.5
2023/9/12 03:15,0,590.5272964,1202.5
2023/9/12 03:30,0,589.1466868,1202.5
2023/9/12 03:45,0,822.3787805,1212
2023/9/12 04:00,0,828.4469182,1204.75
2023/9/12 04:15,0,843.2791052,1233.5
2023/9/12 04:30,0,844.8327321,1219.25
2023/9/12 04:45,0,815.5238002,1219.25
2023/9/12 05:00,0,798.6473965,1214.5
2023/9/12 05:15,0,785.1511891,1226.5
2023/9/12 05:30,0,771.0888023,1224
2023/9/12 05:45,0,749.7034794,1216.75
2023/9/12 06:00,9.423236215,493.2684445,1216.75
2023/9/12 06:15,37.66744441,495.1550831,1204.75
2023/9/12 06:30,72.98186114,465.7276792,1216.75
2023/9/12 06:45,121.3141534,441.3810695,1219.25
2023/9/12 07:00,191.0444569,441.6669196,1240.75
2023/9/12 07:15,275.9534982,444.3957618,1255.25
2023/9/12 07:30,372.300005,683.0147208,1257.5
2023/9/12 07:45,463.7982224,670.0754632,1272
2023/9/12 08:00,566.8307131,664.462378,1281.5
2023/9/12 08:15,667.7062132,656.5949303,1320
2023/9/12 08:30,761.9248435,643.4869421,1308
2023/9/12 08:45,848.3313168,396.2589388,1308
2023/9/12 09:00,905.9015333,389.7522915,1327.25
2023/9/12 09:15,959.7851399,368.9530907,1336.75
2023/9/12 09:30,1021.016852,345.9283482,1344
2023/9/12 09:45,1063.343322,327.4153738,1351.25
2023/9/12 10:00,1108.750601,315.3901108,1363.25
2023/9/12 10:15,1147.140002,316.0524671,1370.5
2023/9/12 10:30,1177.296059,342.5557538,1365.5
2023/9/12 10:45,1184.772777,618.6880154,1365.5
2023/9/12 11:00,1197.72773,663.4874121,1356
2023/9/12 11:15,1213.986838,717.6464789,1382.5
2023/9/12 11:30,1235.963505,785.5967214,1382.5
2023/9/12 11:45,1200.404398,847.3795905,1377.5
2023/9/12 12:00,1183.460419,903.3756448,1360.75
2023/9/12 12:15,1149.278034,944.2770889,1346.5
2023/9/12 12:30,1127.034353,974.5678663,1351.25
2023/9/12 12:45,1137.887949,1001.309476,1346.5
2023/9/12 13:00,1099.164682,1013.24117,1351.25
2023/9/12 13:15,1089.62699,1006.823319,1360.75
2023/9/12 13:30,1053.949821,1011.611001,1358.5
2023/9/12 13:45,1007.573873,1026.058631,1356
2023/9/12 14:00,964.1392468,1049.206401,1356
2023/9/12 14:15,923.8929365,1070.19993,1365.5
2023/9/12 14:30,865.4180133,843.5592867,1344
2023/9/12 14:45,790.0365615,845.6523631,1356
2023/9/12 15:00,720.8187014,857.2224687,1346.5
2023/9/12 15:15,641.2574308,879.1994982,1358.5
2023/9/12 15:30,543.912607,897.5900751,1348.75
2023/9/12 15:45,448.470201,907.7594063,1344
2023/9/12 16:00,348.7406344,900.3476053,1339.25
2023/9/12 16:15,272.3565994,901.7340148,1332
2023/9/12 16:30,206.040704,893.1566477,1317.5
2023/9/12 16:45,142.9901012,881.7135586,1322.5
2023/9/12 17:00,89.83540744,856.64248,1284
2023/9/12 17:15,47.20226398,809.0792741,1281.5
2023/9/12 17:30,21.86990604,795.4371541,1279.25
2023/9/12 17:45,7.29288067,786.9665582,1274.5
2023/9/12 18:00,0,774.2500067,1279.25
2023/9/12 18:15,0,742.2430016,1279.25
2023/9/12 18:30,0,703.984842,1264.75
2023/9/12 18:45,0,681.5459521,1248
2023/9/12 19:00,0,719.1099453,1243.25
2023/9/12 19:15,0,709.7392015,1255.25
2023/9/12 19:30,0,684.6203843,1240.75
2023/9/12 19:45,0,656.8629385,1243.25
2023/9/12 20:00,0,638.0711177,1245.5
2023/9/12 20:15,0,617.3592607,1250.5
2023/9/12 20:30,0,570.8022713,1255.25
2023/9/12 20:45,0,554.3670005,1243.25
2023/9/12 21:00,0,553.129196,1252.75
2023/9/12 21:15,0,554.7922759,1248
2023/9/12 21:30,0,549.0905664,1233.5
2023/9/12 21:45,0,538.2512876,1228.75
2023/9/12 22:00,0,752.8056111,1228.75
2023/9/12 22:15,0,736.537098,1236
2023/9/12 22:30,0,752.7436421,1226.5
2023/9/12 22:45,0,778.4201548,1216.75
2023/9/12 23:00,0,765.0526968,1219.25
2023/9/12 23:15,0,733.1923228,1221.5
2023/9/12 23:30,0,687.2604022,1204.75
2023/9/12 23:45,0,661.9796106,1197.5
2023/9/13 00:00,0,646.4259187,1207.25
2023/9/13 00:15,0,608.0686596,1200
2023/9/13 00:30,0,587.1414728,1204.75
2023/9/13 00:45,0,587.0541315,1197.5
2023/9/13 01:00,0,599.2914694,1204.75
2023/9/13 01:15,0,602.6594339,1202.5
2023/9/13 01:30,0,630.2389972,1200
2023/9/13 01:45,0,643.5388253,1197.5
2023/9/13 02:00,0,644.6005201,1204.75
2023/9/13 02:15,0,645.1037793,1195.25
2023/9/13 02:30,0,630.3166603,1195.25
2023/9/13 02:45,0,615.2261854,1202.5
2023/9/13 03:00,0,610.5640179,1200
2023/9/13 03:15,0,618.7293387,1202.5
2023/9/13 03:30,0,619.8707961,1212
2023/9/13 03:45,0,618.4150473,1214.5
2023/9/13 04:00,0,606.0141157,1209.5
2023/9/13 04:15,0,601.2530523,1221.5
2023/9/13 04:30,0,595.5671439,1224
2023/9/13 04:45,0,600.8738023,1219.25
2023/9/13 05:00,0,572.4879666,1221.5
2023/9/13 05:15,0,513.9624289,1228.75
2023/9/13 05:30,0,467.56666,1212
2023/9/13 05:45,0,449.7338429,1212
2023/9/13 06:00,10.57252007,423.7075077,1200
2023/9/13 06:15,45.72794544,415.6794356,1209.5
2023/9/13 06:30,87.2279871,450.1575001,1212
2023/9/13 06:45,138.2984788,494.7333392,1224
2023/9/13 07:00,189.7984893,498.8401098,1228.75
2023/9/13 07:15,258.7996582,488.0242772,1233.5
2023/9/13 07:30,353.6758431,494.5370245,1243.25
2023/9/13 07:45,427.5894495,489.7300888,1255.25
2023/9/13 08:00,522.4346613,514.224056,1257.5
2023/9/13 08:15,618.4005821,521.5358946,1264.75
2023/9/13 08:30,711.4819283,544.8563287,1262.5
2023/9/13 08:45,777.6248963,577.1795961,1264.75
2023/9/13 09:00,844.5293718,610.1489581,1264.75
2023/9/13 09:15,902.9357331,614.3296498,1264.75
2023/9/13 09:30,962.7153274,615.0665482,1264.75
2023/9/13 09:45,1020.291522,635.6777484,1264.75
2023/9/13 10:00,1058.601833,659.2926299,1264.75
2023/9/13 10:15,1086.705636,662.7451856,1264.75
2023/9/13 10:30,1093.61834,660.1952577,1264.75
2023/9/13 10:45,1117.569751,666.0913995,1264.75
2023/9/13 11:00,1130.465322,671.8767328,1264.75
2023/9/13 11:15,1149.195272,656.1147317,1264.75
2023/9/13 11:30,1131.203285,642.5954646,1264.75
2023/9/13 11:45,1148.361923,642.6532824,1264.75
2023/9/13 12:00,1168.14126,656.0502328,1264.75
2023/9/13 12:15,1149.076117,663.0919107,1264.75
2023/9/13 12:30,1155.12503,669.7018953,1264.75
2023/9/13 12:45,1143.530199,673.9553758,1264.75
2023/9/13 13:00,1133.030687,644.9587403,1264.75
2023/9/13 13:15,1109.438559,627.3667025,1264.75
2023/9/13 13:30,1067.291568,630.8013949,1264.75
2023/9/13 13:45,1046.974156,673.5799119,1264.75
2023/9/13 14:00,1019.043745,692.0854074,1264.75
2023/9/13 14:15,952.3915027,719.9651842,1264.75
2023/9/13 14:30,879.3178804,755.0653339,1264.75
2023/9/13 14:45,837.0752386,788.2617479,1264.75
2023/9/13 15:00,735.1302121,819.5279033,1264.75
2023/9/13 15:15,617.9033358,880.9140715,1264.75
2023/9/13 15:30,547.9699339,940.4026014,1264.75
2023/9/13 15:45,447.2444111,968.980962,1264.75
2023/9/13 16:00,371.6473013,1023.55117,1264.75
2023/9/13 16:15,335.7186866,1046.309222,1264.75
2023/9/13 16:30,255.125794,1073.414146,1264.75
2023/9/13 16:45,161.1797797,1090.742244,1264.75
2023/9/13 17:00,76.49963346,1072.217557,1264.75
2023/9/13 17:15,34.31825713,1052.819151,1264.75
2023/9/13 17:30,25.22020101,1020.82444,1264.75
2023/9/13 17:45,8.198799556,972.7670305,1264.75
2023/9/13 18:00,0,978.5322423,1264.75
2023/9/13 18:15,0,954.5122119,1264.75
2023/9/13 18:30,0,913.065808,1264.75
2023/9/13 18:45,0,856.7926205,1264.75
2023/9/13 19:00,0,811.5720906,1264.75
2023/9/13 19:15,0,767.1426996,1264.75
2023/9/13 19:30,0,751.8165867,1264.75
2023/9/13 19:45,0,756.4725291,1264.75
2023/9/13 20:00,0,750.5476776,1264.75
2023/9/13 20:15,0,735.0318591,1264.75
2023/9/13 20:30,0,728.3055622,1264.75
2023/9/13 20:45,0,698.6561093,1264.75
2023/9/13 21:00,0,694.5402015,1264.75
2023/9/13 21:15,0,702.946069,1264.75
2023/9/13 21:30,0,667.9651694,1264.75
2023/9/13 21:45,0,632.6437578,1264.75
2023/9/13 22:00,0,609.3243843,1264.75
2023/9/13 22:15,0,604.4255398,1264.75
2023/9/13 22:30,0,585.8854474,1264.75
2023/9/13 22:45,0,580.693882,1264.75
2023/9/13 23:00,0,589.2740812,1264.75
2023/9/13 23:15,0,618.8842818,1264.75
2023/9/13 23:30,0,637.3478945,1264.75
2023/9/13 23:45,0,665.5709507,1264.75
2023/9/14 00:00,0,693.6008262,1185.5
2023/9/14 00:15,0,686.5515016,1180.75
2023/9/14 00:30,0,655.5938702,1171.25
2023/9/14 00:45,0,643.5059492,1176
2023/9/14 01:00,0,626.9465527,1173.5
2023/9/14 01:15,0,604.5784255,1168.75
2023/9/14 01:30,0,581.1635464,1183.25
2023/9/14 01:45,0,625.3734781,1156.75
2023/9/14 02:00,0,636.1887768,1156.75
2023/9/14 02:15,0,636.4767772,1159.25
2023/9/14 02:30,0,655.3465528,1154.5
2023/9/14 02:45,0,679.5943907,1154.5
2023/9/14 03:00,0,703.8351577,1156.75
2023/9/14 03:15,0,714.8092453,1171.25
2023/9/14 03:30,0,738.3486379,1159.25
2023/9/14 03:45,0,763.0273326,1166.5
2023/9/14 04:00,0,775.8468281,1171.25
2023/9/14 04:15,0,774.1132252,1166.5
2023/9/14 04:30,0,781.6760673,1166.5
2023/9/14 04:45,0,796.6094028,1166.5
2023/9/14 05:00,0,827.8001772,1168.75
2023/9/14 05:15,0,842.6434814,1178.5
2023/9/14 05:30,0,864.1737828,1168.75
2023/9/14 05:45,0,643.7839109,1171.25
2023/9/14 06:00,7.478030778,650.1546527,1161.5
2023/9/14 06:15,40.05454769,664.145614,1176
2023/9/14 06:30,82.9426345,641.2386765,1166.5
2023/9/14 06:45,134.0602398,876.7053196,1166.5
2023/9/14 07:00,180.8710392,868.3674799,1183.25
2023/9/14 07:15,223.2473936,868.2553854,1183.25
2023/9/14 07:30,272.486384,885.9624915,1188
2023/9/14 07:45,340.5969975,904.1772682,1202.5
2023/9/14 08:00,428.1178858,900.8888826,1200
2023/9/14 08:15,544.4775145,896.9523701,1197.5
2023/9/14 08:30,649.5125352,909.7645317,1200
2023/9/14 08:45,723.1815727,914.1480121,1195.25
2023/9/14 09:00,759.0404534,926.0544787,1214.5
2023/9/14 09:15,783.1107452,941.7575936,1202.5
2023/9/14 09:30,812.5000215,964.4553666,1219.25
2023/9/14 09:45,830.5313918,975.2825138,1212
2023/9/14 10:00,861.0869575,993.5307921,1212
2023/9/14 10:15,883.6876627,1007.167066,1221.5
2023/9/14 10:30,880.6877815,1007.101285,1216.75
2023/9/14 10:45,905.7198602,1013.253744,1214.5
2023/9/14 11:00,937.8660353,1029.353704,1233.5
2023/9/14 11:15,946.4305479,1041.078505,1209.5
2023/9/14 11:30,895.3026848,1080.169236,1212
2023/9/14 11:45,850.2192973,1140.589785,1207.25
2023/9/14 12:00,853.9657712,1171.993168,1216.75
2023/9/14 12:15,815.6140193,1192.163984,1209.5
2023/9/14 12:30,814.5878847,1222.926461,1224
2023/9/14 12:45,823.5722721,1246.204679,1214.5
2023/9/14 13:00,817.8922798,1256.263888,1207.25
2023/9/14 13:15,788.1202971,1264.573011,1216.75
2023/9/14 13:30,740.552083,1272.651211,1216.75
2023/9/14 13:45,647.7409009,1205.043942,1214.5
2023/9/14 14:00,596.0647297,1201.174786,1224
2023/9/14 14:15,563.3897317,1198.996063,1221.5
2023/9/14 14:30,518.492794,1193.415505,1216.75
2023/9/14 14:45,487.7594168,941.5437331,1209.5
2023/9/14 15:00,457.9442104,1167.959602,1209.5
2023/9/14 15:15,434.4950948,1165.992569,1207.25
2023/9/14 15:30,369.5843558,1158.078544,1212
2023/9/14 15:45,300.5501226,1121.314533,1216.75
2023/9/14 16:00,240.6459933,1084.001856,1202.5
2023/9/14 16:15,184.617702,1029.974011,1197.5
2023/9/14 16:30,135.362549,1083.468143,1188
2023/9/14 16:45,91.63674982,1074.831193,1192.75
2023/9/14 17:00,53.41369857,943.1420902,1176
2023/9/14 17:15,27.00355407,928.324052,1178.5
2023/9/14 17:30,24.27686364,1061.411381,1171.25
2023/9/14 17:45,2.37E-06,818.0775258,1161.5
2023/9/14 18:00,0,807.0760813,1168.75
2023/9/14 18:15,0,791.5458192,1164
2023/9/14 18:30,0,731.9784248,1159.25
2023/9/14 18:45,0,906.7965003,1173.5
2023/9/14 19:00,0,833.7734452,1164
2023/9/14 19:15,0,789.7176068,1164
2023/9/14 19:30,0,773.1937159,1159.25
2023/9/14 19:45,0,749.0968929,1135.25
2023/9/14 20:00,0,723.5087519,1149.5
2023/9/14 20:15,0,675.0488943,1152
2023/9/14 20:30,0,645.5986104,1161.5
2023/9/14 20:45,0,656.0390818,1154.5
2023/9/14 21:00,0,652.3646082,1166.5
2023/9/14 21:15,0,679.4552786,1161.5
2023/9/14 21:30,0,707.7176428,1159.25
2023/9/14 21:45,0,730.8937951,1168.75
2023/9/14 22:00,0,730.134572,1166.5
2023/9/14 22:15,0,762.3188974,1161.5
2023/9/14 22:30,0,765.8257046,1161.5
2023/9/14 22:45,0,804.1638066,1183.25
2023/9/14 23:00,0,838.8342547,1166.5
2023/9/14 23:15,0,860.3101137,1159.25
2023/9/14 23:30,0,859.8435768,1168.75
2023/9/14 23:45,0,875.8676381,1152
2023/9/15 00:00,0,886.3068983,1154.5
2023/9/15 00:15,0,918.3240013,1159.25
2023/9/15 00:30,0,926.9321184,1152
2023/9/15 00:45,0,941.1462006,1156.75
2023/9/15 01:00,0,958.4480216,1159.25
2023/9/15 01:15,0,975.5863441,1152
2023/9/15 01:30,0,976.9221996,1154.5
2023/9/15 01:45,0,979.8659359,1152
2023/9/15 02:00,0,996.288066,1149.5
2023/9/15 02:15,0,1005.921948,1152
2023/9/15 02:30,0,1016.061366,1159.25
2023/9/15 02:45,0,1025.76828,1156.75
2023/9/15 03:00,0,1019.54101,1152
2023/9/15 03:15,0,1012.371995,1147.25
2023/9/15 03:30,0,1001.534787,1152
2023/9/15 03:45,0,1016.398114,1147.25
2023/9/15 04:00,0,1033.2016,1161.5
2023/9/15 04:15,0,1026.407827,1168.75
2023/9/15 04:30,0,1030.385214,1161.5
2023/9/15 04:45,0,1039.267042,1161.5
2023/9/15 05:00,0,958.0193833,1156.75
2023/9/15 05:15,0,956.3568612,1154.5
2023/9/15 05:30,0,958.9007806,1154.5
2023/9/15 05:45,0,950.6821794,1164
2023/9/15 06:00,6.60142385,1024.321692,1171.25
2023/9/15 06:15,27.33864001,1014.84919,1168.75
2023/9/15 06:30,50.87328939,1010.501726,1171.25
2023/9/15 06:45,81.34562375,1001.274122,1166.5
2023/9/15 07:00,116.8242133,755.2981164,1183.25
2023/9/15 07:15,159.558024,756.7750173,1202.5
2023/9/15 07:30,202.3393394,1021.207634,1216.75
2023/9/15 07:45,254.4072797,1028.284088,1224
2023/9/15 08:00,312.3932655,1024.195326,1226.5
2023/9/15 08:15,365.510409,1042.864766,1236
2023/9/15 08:30,416.8418087,1065.317732,1236
2023/9/15 08:45,458.8621861,1065.105399,1238.5
2023/9/15 09:00,478.7159242,1059.689623,1221.5
2023/9/15 09:15,500.213128,1065.958998,1228.75
2023/9/15 09:30,524.7554438,1071.795714,1276.75
2023/9/15 09:45,580.4110615,1074.770613,1272
2023/9/15 10:00,633.547136,1078.352917,1252.75
2023/9/15 10:15,634.3883264,1096.28936,1260
2023/9/15 10:30,649.9924224,1107.133864,1252.75
2023/9/15 10:45,682.269913,1106.096971,1248
2023/9/15 11:00,677.9189206,806.9191939,1267.25
2023/9/15 11:15,684.5018715,1057.813909,1262.5
2023/9/15 11:30,691.2312695,1114.354862,1276.75
2023/9/15 11:45,698.1904914,1122.287251,1264.75
2023/9/15 12:00,703.6399019,1130.576756,1274.5
2023/9/15 12:15,717.0830798,1138.941667,1274.5
2023/9/15 12:30,699.2063131,1140.428493,1250.5
2023/9/15 12:45,684.1865847,1138.308702,1250.5
2023/9/15 13:00,679.8893663,1130.120259,1255.25
2023/9/15 13:15,644.0448076,1148.138626,1284
2023/9/15 13:30,603.2315825,1137.584259,1296
2023/9/15 13:45,545.6271782,1134.353705,1298.5
2023/9/15 14:00,498.2125023,1128.732568,1320
2023/9/15 14:15,453.2769442,1138.318328,1286.5
2023/9/15 14:30,409.6090034,1121.805446,1260
2023/9/15 14:45,373.2471143,1107.239816,1274.5
2023/9/15 15:00,315.6723446,1107.669939,1245.5
2023/9/15 15:15,280.8160534,1118.220398,1257.5
2023/9/15 15:30,252.7378598,1133.177681,1260
2023/9/15 15:45,213.8748407,1052.174203,1216.75
2023/9/15 16:00,175.7098651,1063.842224,1233.5
2023/9/15 16:15,136.2225775,1064.733931,1209.5
2023/9/15 16:30,99.49520288,1135.56014,1245.5
2023/9/15 16:45,70.05196544,1138.960839,1200
2023/9/15 17:00,41.72941159,1151.3809,1204.75
2023/9/15 17:15,26.88292579,1135.93446,1228.75
2023/9/15 17:30,31.08699173,1144.665717,1214.5
2023/9/15 17:45,2.40E-06,1148.881629,1212
2023/9/15 18:00,0,1140.056162,1221.5
2023/9/15 18:15,0,1131.316484,1195.25
2023/9/15 18:30,0,1109.190333,1202.5
2023/9/15 18:45,0,1029.909142,1183.25
2023/9/15 19:00,0,1041.998329,1176
2023/9/15 19:15,0,1028.531568,1178.5
2023/9/15 19:30,0,1021.605954,1178.5
2023/9/15 19:45,0,1024.275137,1176
2023/9/15 20:00,0,1035.464918,1168.75
2023/9/15 20:15,0,1043.016341,1161.5
2023/9/15 20:30,0,1048.616593,1154.5
2023/9/15 20:45,0,1050.36315,1154.5
2023/9/15 21:00,0,1035.751094,1156.75
2023/9/15 21:15,0,1090.078654,1149.5
2023/9/15 21:30,0,1079.405629,1154.5
2023/9/15 21:45,0,1064.118498,1154.5
2023/9/15 22:00,0,1035.59415,1147.25
2023/9/15 22:15,0,1036.243371,1147.25
2023/9/15 22:30,0,1019.653823,1142.5
2023/9/15 22:45,0,1005.78544,1137.5
2023/9/15 23:00,0,989.3345082,1152
2023/9/15 23:15,0,975.2877946,1142.5
2023/9/15 23:30,0,973.7545901,1140
2023/9/15 23:45,0,964.8742374,1154.5
2023/9/16 00:00,0,944.0997218,1140
2023/9/16 00:15,0,950.857235,1132.75
2023/9/16 00:30,0,971.0572409,1140
2023/9/16 00:45,0,968.5341542,1128
2023/9/16 01:00,0,966.5947643,1132.75
2023/9/16 01:15,0,963.1100744,1154.5
2023/9/16 01:30,0,950.6100249,1144.75
2023/9/16 01:45,0,683.7424036,1147.25
2023/9/16 02:00,0,899.8744467,1142.5
2023/9/16 02:15,0,861.6971323,1135.25
2023/9/16 02:30,0,841.902016,1135.25
2023/9/16 02:45,0,844.3243491,1137.5
2023/9/16 03:00,0,853.2237596,1142.5
2023/9/16 03:15,0,848.8474425,1142.5
2023/9/16 03:30,0,833.216724,1156.75
2023/9/16 03:45,0,808.674542,1142.5
2023/9/16 04:00,0,789.0704447,1144.75
2023/9/16 04:15,0,778.212066,1168.75
2023/9/16 04:30,0,752.5713304,1166.5
2023/9/16 04:45,0,748.3474483,1154.5
2023/9/16 05:00,0,751.400978,1161.5
2023/9/16 05:15,0,735.377822,1149.5
2023/9/16 05:30,0,726.7495912,1156.75
2023/9/16 05:45,0,716.568933,1171.25
2023/9/16 06:00,7.417336667,721.296792,1173.5
2023/9/16 06:15,29.93048255,719.2138365,1214.5
2023/9/16 06:30,53.81115336,713.3537,1190.5
2023/9/16 06:45,74.31392,719.8074013,1180.75
2023/9/16 07:00,97.68505009,738.6919787,1200
2023/9/16 07:15,127.6909369,755.177247,1212
2023/9/16 07:30,159.3792555,788.9534011,1221.5
2023/9/16 07:45,193.085893,812.2760642,1240.75
2023/9/16 08:00,234.8569413,835.6902851,1245.5
2023/9/16 08:15,277.4850056,858.4224563,1250.5
2023/9/16 08:30,309.9826194,859.7528628,1255.25
2023/9/16 08:45,344.4033891,857.0467011,1252.75
2023/9/16 09:00,394.1539034,864.172769,1260
2023/9/16 09:15,438.0610155,863.3037816,1279.25
2023/9/16 09:30,481.5703048,880.4460924,1279.25
2023/9/16 09:45,518.7864804,895.2830225,1284
2023/9/16 10:00,553.7201236,886.665678,1305.5
2023/9/16 10:15,597.9222056,885.9972268,1293.5
2023/9/16 10:30,628.8986194,917.5502075,1327.25
2023/9/16 10:45,660.8310658,959.4111948,1320
2023/9/16 11:00,681.1238831,1000.902223,1305.5
2023/9/16 11:15,710.6480651,1017.643866,1320
2023/9/16 11:30,701.4063311,1040.679344,1296
2023/9/16 11:45,677.4142548,1065.581144,1300.75
2023/9/16 12:00,670.5313329,1077.524164,1293.5
2023/9/16 12:15,641.0689133,1099.25257,1279.25
2023/9/16 12:30,603.2983538,1104.245667,1274.5
2023/9/16 12:45,566.6169706,1105.437897,1267.25
2023/9/16 13:00,528.5172961,1109.994092,1279.25
2023/9/16 13:15,505.0713488,1113.082425,1312.75
2023/9/16 13:30,484.2308051,1123.285629,1322.5
2023/9/16 13:45,462.548459,1123.495978,1339.25
2023/9/16 14:00,450.3609971,1113.650738,1327.25
2023/9/16 14:15,427.4725249,1088.691876,1346.5
2023/9/16 14:30,386.8765902,1077.700795,1327.25
2023/9/16 14:45,343.8832958,1055.39329,1320
2023/9/16 15:00,302.5866818,1044.970912,1327.25
2023/9/16 15:15,271.6960045,1024.839697,1324.75
2023/9/16 15:30,231.9776927,998.6719453,1341.5
2023/9/16 15:45,194.0955161,990.7392343,1296
2023/9/16 16:00,164.0047391,979.4349225,1320
2023/9/16 16:15,127.8869162,1365.861507,1291.25
2023/9/16 16:30,92.79502735,1328.745619,1298.5
2023/9/16 16:45,64.65453039,1297.297631,1284
2023/9/16 17:00,38.81878492,1292.858749,1262.5
2023/9/16 17:15,21.35028753,1295.725429,1243.25
2023/9/16 17:30,28.68024309,865.0455882,1248
2023/9/16 17:45,6.30E-07,827.2032413,1245.5
2023/9/16 18:00,0,547.8047769,1236
2023/9/16 18:15,0,506.2125957,1231.25
2023/9/16 18:30,0,483.0007024,1243.25
2023/9/16 18:45,0,457.8375717,1216.75
2023/9/16 19:00,0,441.5071141,1226.5
2023/9/16 19:15,0,435.7334023,1233.5
2023/9/16 19:30,0,399.6680344,1216.75
2023/9/16 19:45,0,627.8680421,1212
2023/9/16 20:00,0,611.8167572,1204.75
2023/9/16 20:15,0,597.139336,1176
2023/9/16 20:30,0,594.5611151,1173.5
2023/9/16 20:45,0,601.415984,1185.5
2023/9/16 21:00,0,622.8948258,1183.25
2023/9/16 21:15,0,662.3794379,1173.5
2023/9/16 21:30,0,658.8648361,1173.5
2023/9/16 21:45,0,641.7166165,1173.5
2023/9/16 22:00,0,610.6823687,1166.5
2023/9/16 22:15,0,559.0659084,1154.5
2023/9/16 22:30,0,510.0680041,1176
2023/9/16 22:45,0,459.092141,1178.5
2023/9/16 23:00,0,432.0665206,1166.5
2023/9/16 23:15,0,409.6669519,1178.5
2023/9/16 23:30,0,407.3016465,1156.75
2023/9/16 23:45,0,407.1560062,1159.25
2023/9/17 00:00,0,411.973128,1168.75
2023/9/17 00:15,0,407.9751903,1152
2023/9/17 00:30,0,392.3100882,1154.5
2023/9/17 00:45,0,374.3201907,1166.5
2023/9/17 01:00,0,353.0549924,1161.5
2023/9/17 01:15,0,332.7320267,1154.5
2023/9/17 01:30,0,323.9230576,1168.75
2023/9/17 01:45,0,313.9223501,1173.5
2023/9/17 02:00,0,297.7890508,1161.5
2023/9/17 02:15,0,290.6676713,1161.5
2023/9/17 02:30,0,290.4441992,1164
2023/9/17 02:45,0,292.6323848,1154.5
2023/9/17 03:00,0,278.9252728,1154.5
2023/9/17 03:15,0,300.9543365,1166.5
2023/9/17 03:30,0,305.8550547,1161.5
2023/9/17 03:45,0,317.6576669,1166.5
2023/9/17 04:00,0,323.1092298,1159.25
2023/9/17 04:15,0,329.178245,1152
2023/9/17 04:30,0,324.8877541,1144.75
2023/9/17 04:45,0,323.3162745,1149.5
2023/9/17 05:00,0,320.6828389,1130.5
2023/9/17 05:15,0,319.021231,1130.5
2023/9/17 05:30,0,309.5924494,1135.25
2023/9/17 05:45,0,302.8618553,1144.75
2023/9/17 06:00,6.908947901,300.4284868,1142.5
2023/9/17 06:15,25.22142371,293.8647649,1149.5
2023/9/17 06:30,42.83753652,288.8563154,1149.5
2023/9/17 06:45,72.05148328,283.0253338,1159.25
2023/9/17 07:00,108.0389602,283.2778474,1180.75
2023/9/17 07:15,152.1932208,280.6010693,1178.5
2023/9/17 07:30,210.4234069,277.9857977,1195.25
2023/9/17 07:45,268.9287594,275.3279012,1221.5
2023/9/17 08:00,329.0186706,271.0688665,1228.75
2023/9/17 08:15,393.1502509,269.0434603,1238.5
2023/9/17 08:30,466.410211,268.3190621,1260
2023/9/17 08:45,545.6903721,547.7902641,1267.25
2023/9/17 09:00,606.634536,540.6173879,1284
2023/9/17 09:15,667.1943898,537.3681907,1300.75
2023/9/17 09:30,735.8811299,535.8450623,1288.75
2023/9/17 09:45,763.8097722,532.7733578,1312.75
2023/9/17 10:00,779.3766416,243.1252773,1317.5
2023/9/17 10:15,779.7883704,247.7547885,1334.5
2023/9/17 10:30,814.2118608,498.5858201,1320
2023/9/17 10:45,803.4077174,515.3336061,1322.5
2023/9/17 11:00,778.9527786,513.9485124,1327.25
2023/9/17 11:15,794.0634632,517.2073946,1324.75
2023/9/17 11:30,808.2111352,508.51446,1336.75
2023/9/17 11:45,776.9344436,528.3394899,1320
2023/9/17 12:00,739.9568735,534.7436178,1296
2023/9/17 12:15,711.6364991,259.598658,1286.5
2023/9/17 12:30,701.5812532,266.1006886,1272
2023/9/17 12:45,685.2233401,279.9523299,1272
2023/9/17 13:00,698.6187322,278.7019918,1298.5
2023/9/17 13:15,681.2006329,569.664471,1298.5
2023/9/17 13:30,685.2496125,563.9755174,1322.5
2023/9/17 13:45,646.8536979,573.9484834,1320
2023/9/17 14:00,609.0868286,588.4531971,1336.75
2023/9/17 14:15,577.5948791,602.953893,1358.5
2023/9/17 14:30,547.2052911,322.8620492,1344
2023/9/17 14:45,490.5084556,326.1227889,1358.5
2023/9/17 15:00,455.3021993,345.0548463,1320
2023/9/17 15:15,392.945324,362.3236654,1322.5
2023/9/17 15:30,327.0331253,372.3235146,1324.75
2023/9/17 15:45,286.3030542,365.8652777,1312.75
2023/9/17 16:00,242.3782299,365.4702746,1324.75
2023/9/17 16:15,188.9466327,353.8423161,1298.5
2023/9/17 16:30,142.5277033,349.3784166,1312.75
2023/9/17 16:45,97.26476693,364.0145411,1284
2023/9/17 17:00,59.65930012,380.4641433,1267.25
2023/9/17 17:15,26.98742926,390.9430575,1269.5
2023/9/17 17:30,28.76502506,387.7865803,1248
2023/9/17 17:45,0,371.1474488,1257.5
2023/9/17 18:00,0,357.2737819,1252.75
2023/9/17 18:15,0,339.428717,1240.75
2023/9/17 18:30,0,332.3866758,1245.5
2023/9/17 18:45,0,302.6199363,1233.5
2023/9/17 19:00,0,262.0695441,1224
2023/9/17 19:15,0,240.6382087,1236
2023/9/17 19:30,0,218.6789132,1226.5
2023/9/17 19:45,0,185.5017838,1216.75
2023/9/17 20:00,0,169.4121159,1221.5
2023/9/17 20:15,0,151.5837,1212
2023/9/17 20:30,0,139.909095,1212
2023/9/17 20:45,0,139.2763741,1207.25
2023/9/17 21:00,0,129.5193419,1195.25
2023/9/17 21:15,0,129.2705316,1207.25
2023/9/17 21:30,0,123.3573812,1212
2023/9/17 21:45,0,115.178372,1202.5
2023/9/17 22:00,0,107.0171822,1207.25
2023/9/17 22:15,0,103.584189,1200
2023/9/17 22:30,0,90.67433558,1183.25
2023/9/17 22:45,0,75.06982334,1190.5
2023/9/17 23:00,0,61.04601327,1190.5
2023/9/17 23:15,0,65.87381022,1180.75
2023/9/17 23:30,0,67.14426895,1183.25
2023/9/17 23:45,0,77.06399465,1190.5
2023/9/18 00:00,0,75.71989263,1183.25
2023/9/18 00:15,0,78.6613077,1190.5
2023/9/18 00:30,0,73.24344562,1190.5
2023/9/18 00:45,0,76.65935814,1185.5
2023/9/18 01:00,0,77.36329883,1195.25
2023/9/18 01:15,0,80.457535,1192.75
2023/9/18 01:30,0,87.24992247,1188
2023/9/18 01:45,0,87.63493865,1195.25
2023/9/18 02:00,0,96.84670419,1178.5
2023/9/18 02:15,0,98.8821831,1180.75
2023/9/18 02:30,0,89.07207623,1188
2023/9/18 02:45,0,88.5634733,1180.75
2023/9/18 03:00,0,86.92474754,1183.25
2023/9/18 03:15,0,89.3882598,1185.5
2023/9/18 03:30,0,86.74181461,1180.75
2023/9/18 03:45,0,81.81463552,1176
2023/9/18 04:00,0,89.19347698,1183.25
2023/9/18 04:15,0,89.1901804,1168.75
2023/9/18 04:30,0,89.61683658,1161.5
2023/9/18 04:45,0,95.01558499,1180.75
2023/9/18 05:00,0,98.95613786,1161.5
2023/9/18 05:15,0,94.02051993,1164
2023/9/18 05:30,0,90.21403346,1168.75
2023/9/18 05:45,0,87.01101483,1159.25
2023/9/18 06:00,7.685157598,85.56764347,1164
2023/9/18 06:15,41.29820312,80.39179342,1164
2023/9/18 06:30,79.80546916,79.63456271,1159.25
2023/9/18 06:45,138.273602,74.29266116,1173.5
2023/9/18 07:00,212.6860652,83.35520663,1209.5
2023/9/18 07:15,282.0883565,105.1840274,1214.5
2023/9/18 07:30,353.5604244,115.2248203,1236
2023/9/18 07:45,441.3527734,85.40335527,1245.5
2023/9/18 08:00,542.7060172,82.98650957,1243.25
2023/9/18 08:15,642.7142067,79.8317088,1264.75
2023/9/18 08:30,702.7256392,107.4463831,1272
2023/9/18 08:45,789.966669,93.04306027,1286.5
2023/9/18 09:00,890.3392835,85.48608313,1315.25
2023/9/18 09:15,958.4035479,64.58388373,1298.5
2023/9/18 09:30,1002.896098,56.6227706,1315.25
2023/9/18 09:45,1045.931519,60.05602962,1344
2023/9/18 10:00,1081.691932,67.37804252,1380
2023/9/18 10:15,1113.446831,55.3730416,1404
2023/9/18 10:30,1157.492654,68.64100488,1401.5
2023/9/18 10:45,1191.129561,89.93324506,1377.5
2023/9/18 11:00,1231.496593,105.3152315,1380
2023/9/18 11:15,1241.582347,115.1798201,1380
2023/9/18 11:30,1232.022268,116.2773552,1360.75
2023/9/18 11:45,1204.904636,125.1587699,1346.5
2023/9/18 12:00,1217.618343,137.0963656,1358.5
2023/9/18 12:15,1206.669048,148.173861,1327.25
2023/9/18 12:30,1176.626281,139.0054185,1312.75
2023/9/18 12:45,1174.510534,143.8241288,1322.5
2023/9/18 13:00,1098.189209,138.3596148,1332
2023/9/18 13:15,1042.112451,116.6289511,1380
2023/9/18 13:30,963.3060348,98.6490416,1380
2023/9/18 13:45,916.726872,83.4385706,1384.75
2023/9/18 14:00,865.9804028,68.02353401,1363.25
2023/9/18 14:15,818.6713123,59.05014699,1365.5
2023/9/18 14:30,730.6763596,53.27897425,1368
2023/9/18 14:45,658.3283986,52.32298406,1346.5
2023/9/18 15:00,584.7519775,46.5979621,1363.25
2023/9/18 15:15,485.2667756,35.43625733,1346.5
2023/9/18 15:30,419.7862256,33.804485,1332
2023/9/18 15:45,324.1854124,36.53192902,1348.75
2023/9/18 16:00,218.539105,35.02855727,1339.25
2023/9/18 16:15,154.3162862,37.22180163,1336.75
2023/9/18 16:30,96.87464605,42.61488556,1344
2023/9/18 16:45,62.25834901,51.67882727,1308
2023/9/18 17:00,37.0730624,51.10007852,1303.25
2023/9/18 17:15,20.48495483,42.07307585,1291.25
2023/9/18 17:30,25.70536844,42.90676841,1300.75
2023/9/18 17:45,0,44.59444018,1312.75
2023/9/18 18:00,0,46.5612029,1310.5
2023/9/18 18:15,0,38.41613648,1312.75
2023/9/18 18:30,0,23.82955175,1303.25
2023/9/18 18:45,0,13.12691122,1303.25
2023/9/18 19:00,0,11.73425508,1303.25
2023/9/18 19:15,0,12.70530107,1308
2023/9/18 19:30,0,12.03779499,1272
2023/9/18 19:45,0,13.83219766,1272
2023/9/18 20:00,0,17.15909375,1272
2023/9/18 20:15,0,16.62343708,1269.5
2023/9/18 20:30,0,13.45602829,1267.25
2023/9/18 20:45,0,10.84953422,1276.75
2023/9/18 21:00,0,7.416043651,1269.5
2023/9/18 21:15,0,5.41850843,1267.25
2023/9/18 21:30,0,5.202084142,1260
2023/9/18 21:45,0,1.918433887,1262.5
2023/9/18 22:00,0,0.351820417,1252.75
2023/9/18 22:15,0,0.249076953,1262.5
2023/9/18 22:30,0,0.303317322,1267.25
2023/9/18 22:45,0,0.282093564,1260
2023/9/18 23:00,0,0.280543781,1267.25
2023/9/18 23:15,0,0.20550805,1260
2023/9/18 23:30,0,0.179755043,1267.25
2023/9/18 23:45,0,0.059062389,1267.25
2023/9/19 00:00,0,0.062089308,1267.25
2023/9/19 00:15,0,0.325806851,1269.5
2023/9/19 00:30,0,0.402663333,1264.75
2023/9/19 00:45,0,0.549151238,1262.5
2023/9/19 01:00,0,0.693620735,1252.75
2023/9/19 01:15,0,0.87023875,1248
2023/9/19 01:30,0,0.878258013,1262.5
2023/9/19 01:45,0,1.18244618,1248
2023/9/19 02:00,0,1.10251428,1252.75
2023/9/19 02:15,0,1.180506683,1238.5
2023/9/19 02:30,0,1.444614174,1243.25
2023/9/19 02:45,0,3.416246754,1238.5
2023/9/19 03:00,0,5.053964181,1240.75
2023/9/19 03:15,0,18.37055035,1236
2023/9/19 03:30,0,25.48301427,1216.75
2023/9/19 03:45,0,22.22029176,1219.25
2023/9/19 04:00,0,18.9401325,1209.5
2023/9/19 04:15,0,6.846923352,1204.75
2023/9/19 04:30,0,4.616581057,1207.25
2023/9/19 04:45,0,2.488880698,1207.25
2023/9/19 05:00,0,1.777566986,1224
2023/9/19 05:15,0,1.464614828,1231.25
2023/9/19 05:30,0,1.175215127,1236
2023/9/19 05:45,0,0.950541894,1236
2023/9/19 06:00,6.992442965,0.96054485,1240.75
2023/9/19 06:15,38.14076862,0.726618376,1252.75
2023/9/19 06:30,74.09037066,0.861956744,1245.5
2023/9/19 06:45,125.8072805,0.898175847,1243.25
2023/9/19 07:00,192.6082157,0.694274909,1262.5
2023/9/19 07:15,279.1018585,0.708526477,1281.5
2023/9/19 07:30,378.8499329,0.828263203,1284
2023/9/19 07:45,480.1237612,0.639656768,1310.5
2023/9/19 08:00,554.0007013,4.21672856,1320
2023/9/19 08:15,616.0888152,4.160857074,1308
2023/9/19 08:30,687.6198312,2.594643755,1315.25
2023/9/19 08:45,761.784887,5.702534143,1332
2023/9/19 09:00,807.0764868,9.69615934,1341.5
2023/9/19 09:15,866.3966517,14.33529689,1341.5
2023/9/19 09:30,930.2137407,21.28325222,1351.25
2023/9/19 09:45,952.2693517,45.05514198,1353.5
2023/9/19 10:00,988.2259396,44.71395239,1363.25
2023/9/19 10:15,1031.885198,53.35368164,1360.75
2023/9/19 10:30,1094.001099,79.06494886,1375.25
2023/9/19 10:45,1138.768284,79.93047607,1360.75
2023/9/19 11:00,1172.134034,80.58854741,1392
2023/9/19 11:15,1165.808199,120.3329026,1375.25
2023/9/19 11:30,1181.556763,164.1884591,1353.5
2023/9/19 11:45,1183.727951,205.1490681,1363.25
2023/9/19 12:00,1188.840718,247.2278109,1356
2023/9/19 12:15,1137.442977,319.1613185,1341.5
2023/9/19 12:30,1058.969124,483.6110308,1327.25
2023/9/19 12:45,1002.796448,592.0733854,1322.5
2023/9/19 13:00,920.199429,684.023354,1348.75
2023/9/19 13:15,901.4494585,749.5063816,1356
2023/9/19 13:30,857.873479,883.6157002,1363.25
2023/9/19 13:45,796.6439921,1099.676745,1360.75
2023/9/19 14:00,739.4075473,1191.494922,1356
2023/9/19 14:15,668.783826,1223.576074,1348.75
2023/9/19 14:30,619.263598,1253.971285,1334.5
2023/9/19 14:45,535.8365142,1262.849137,1315.25
2023/9/19 15:00,434.412519,1283.103153,1284
2023/9/19 15:15,374.7700356,1315.716218,1276.75
2023/9/19 15:30,334.6049948,1338.279716,1286.5
2023/9/19 15:45,271.4567705,1343.021292,1296
2023/9/19 16:00,204.379924,1334.153979,1312.75
2023/9/19 16:15,147.2625067,1350.682257,1305.5
2023/9/19 16:30,103.4169354,1377.901006,1288.75
2023/9/19 16:45,68.63603024,1371.392517,1286.5
2023/9/19 17:00,40.56457445,1310.533609,1267.25
2023/9/19 17:15,21.85513456,1302.862791,1264.75
2023/9/19 17:30,26.28230846,1210.11277,1250.5
2023/9/19 17:45,0,1093.073085,1233.5
2023/9/19 18:00,0,1095.997132,1240.75
2023/9/19 18:15,0,1097.092723,1248
2023/9/19 18:30,0,1101.691939,1252.75
2023/9/19 18:45,0,1098.826765,1250.5
2023/9/19 19:00,0,1041.935606,1257.5
2023/9/19 19:15,0,1036.020445,1255.25
2023/9/19 19:30,0,1028.24028,1262.5
2023/9/19 19:45,0,1027.059003,1236
2023/9/19 20:00,0,1103.847411,1216.75
2023/9/19 20:15,0,1101.225027,1216.75
2023/9/19 20:30,0,1075.75796,1209.5
2023/9/19 20:45,0,1073.800215,1245.5
2023/9/19 21:00,0,1072.654167,1231.25
2023/9/19 21:15,0,1070.976942,1224
2023/9/19 21:30,0,1070.357238,1212
2023/9/19 21:45,0,1076.654701,1209.5
2023/9/19 22:00,0,1072.340709,1228.75
2023/9/19 22:15,0,1195.93336,1238.5
2023/9/19 22:30,0,1191.778322,1214.5
2023/9/19 22:45,0,1179.923494,1212
2023/9/19 23:00,0,1173.469924,1214.5
2023/9/19 23:15,0,1120.569985,1221.5
2023/9/19 23:30,0,991.7949063,1248
2023/9/19 23:45,0,1051.881397,1233.5
2023/9/20 00:00,0,1179.231994,1248
2023/9/20 00:15,0,1172.940053,1240.75
2023/9/20 00:30,0,1173.132969,1233.5
2023/9/20 00:45,0,1177.414831,1224
2023/9/20 01:00,0,1169.001105,1224
2023/9/20 01:15,0,1168.066608,1228.75
2023/9/20 01:30,0,1153.885614,1231.25
2023/9/20 01:45,0,1144.471212,1228.75
2023/9/20 02:00,0,1144.011756,1231.25
2023/9/20 02:15,0,1139.921311,1240.75
2023/9/20 02:30,0,1140.605484,1233.5
2023/9/20 02:45,0,1010.133305,1221.5
2023/9/20 03:00,0,1008.2626,1221.5
2023/9/20 03:15,0,1005.834234,1224
2023/9/20 03:30,0,1014.494496,1216.75
2023/9/20 03:45,0,1003.249787,1226.5
2023/9/20 04:00,0,1005.669576,1214.5
2023/9/20 04:15,0,1005.954948,1224
2023/9/20 04:30,0,1006.97135,1226.5
2023/9/20 04:45,0,1000.494057,1207.25
2023/9/20 05:00,0,1003.493445,1202.5
2023/9/20 05:15,0,1127.525974,1204.75
2023/9/20 05:30,0,1142.587235,1212
2023/9/20 05:45,0,1129.731892,1204.75
2023/9/20 06:00,6.456347958,1114.929171,1204.75
2023/9/20 06:15,27.72988762,1115.079757,1204.75
2023/9/20 06:30,46.92627781,1113.023284,1204.75
2023/9/20 06:45,81.23000399,1118.460875,1204.75
2023/9/20 07:00,126.6013924,1119.892633,1204.75
2023/9/20 07:15,164.9473787,999.1686262,1204.75
2023/9/20 07:30,226.9919945,935.9746901,1204.75
2023/9/20 07:45,278.6170918,1069.431278,1204.75
2023/9/20 08:00,338.7262656,1060.953915,1204.75
2023/9/20 08:15,411.5894641,1055.782095,1204.75
2023/9/20 08:30,448.8335087,1055.498982,1204.75
2023/9/20 08:45,505.4474354,1065.691535,1204.75
2023/9/20 09:00,564.0172159,1143.239471,1204.75
2023/9/20 09:15,636.4321936,1411.953569,1204.75
2023/9/20 09:30,675.5363031,1534.047304,1204.75
2023/9/20 09:45,723.2594499,1522.944993,1204.75
2023/9/20 10:00,769.0210358,1522.718288,1204.75
2023/9/20 10:15,933.2501595,1472.399075,1204.75
2023/9/20 10:30,1021.297973,1484.326854,1204.75
2023/9/20 10:45,1060.960316,1495.578012,1209.5
2023/9/20 11:00,1032.944232,1502.377474,1204.75
2023/9/20 11:15,1023.736655,1107.679634,1197.5
2023/9/20 11:30,1041.643903,1112.618297,1197.5
2023/9/20 11:45,1015.597692,1103.857207,1185.5
2023/9/20 12:00,1015.306985,1508.164004,1180.75
2023/9/20 12:15,974.3702329,1500.838398,1188
2023/9/20 12:30,934.3654666,1494.743427,1185.5
2023/9/20 12:45,886.3009225,1498.312636,1190.5
2023/9/20 13:00,875.890753,1499.364616,1190.5
2023/9/20 13:15,899.229041,1097.567877,1197.5
2023/9/20 13:30,857.3578253,1094.326593,1192.75
2023/9/20 13:45,808.9838797,1092.693449,1197.5
2023/9/20 14:00,749.4734419,1094.726019,1197.5
2023/9/20 14:15,669.708771,1087.885521,1197.5
2023/9/20 14:30,587.3656949,1082.355585,1197.5
2023/9/20 14:45,512.2158752,1084.123331,1197.5
2023/9/20 15:00,443.0933268,1086.407508,1197.5
2023/9/20 15:15,390.0131224,1092.347555,1197.5
2023/9/20 15:30,300.2728439,960.7265055,1197.5
2023/9/20 15:45,246.0453948,952.6722871,1197.5
2023/9/20 16:00,203.480909,939.7545193,1197.5
2023/9/20 16:15,155.7595956,933.3777488,1197.5
2023/9/20 16:30,110.090438,1044.757801,1197.5
2023/9/20 16:45,67.83416616,1033.804802,1197.5
2023/9/20 17:00,36.89702057,1010.70267,1197.5
2023/9/20 17:15,20.33884396,979.9030308,1197.5
2023/9/20 17:30,16.76057832,959.9113755,1197.5
2023/9/20 17:45,0,933.6881447,1197.5
2023/9/20 18:00,0,911.088156,1197.5
2023/9/20 18:15,0,920.705456,1197.5
2023/9/20 18:30,0,943.3185922,1197.5
2023/9/20 18:45,0,964.1928313,1197.5
2023/9/20 19:00,0,971.9643493,1197.5
2023/9/20 19:15,0,957.5179072,1197.5
2023/9/20 19:30,0,1336.080464,1197.5
2023/9/20 19:45,0,1331.698729,1197.5
2023/9/20 20:00,0,1328.585769,1197.5
2023/9/20 20:15,0,1385.914529,1197.5
2023/9/20 20:30,0,1368.352619,1197.5
2023/9/20 20:45,0,1140.107122,1197.5
2023/9/20 21:00,0,1121.265526,1197.5
2023/9/20 21:15,0,1103.711678,1197.5
2023/9/20 21:30,0,1008.650598,1197.5
2023/9/20 21:45,0,968.1784633,1197.5
2023/9/20 22:00,0,915.0649748,1197.5
2023/9/20 22:15,0,822.7402621,1197.5
2023/9/20 22:30,0,780.9629141,1197.5
2023/9/20 22:45,0,907.5814435,1197.5
2023/9/20 23:00,0,945.064023,1197.5
2023/9/20 23:15,0,951.4230377,1197.5
2023/9/20 23:30,0,898.9997924,1197.5
2023/9/20 23:45,0,840.5310435,1197.5
2023/9/21 00:00,0,811.6389946,1178.5
2023/9/21 00:15,0,847.7289132,1180.75
2023/9/21 00:30,0,871.09913,1176
2023/9/21 00:45,0,877.1381878,1176
2023/9/21 01:00,0,868.2028258,1197.5
2023/9/21 01:15,0,844.0956907,1180.75
2023/9/21 01:30,0,770.6710623,1183.25
2023/9/21 01:45,0,690.6751335,1180.75
2023/9/21 02:00,0,654.0830016,1164
2023/9/21 02:15,0,654.8889766,1168.75
2023/9/21 02:30,0,667.2620773,1159.25
2023/9/21 02:45,0,639.8262396,1156.75
2023/9/21 03:00,0,599.6985701,1147.25
2023/9/21 03:15,0,548.2371949,1166.5
2023/9/21 03:30,0,488.5731624,1164
2023/9/21 03:45,0,486.8727888,1159.25
2023/9/21 04:00,0,467.0982737,1171.25
2023/9/21 04:15,0,436.4138216,1168.75
2023/9/21 04:30,0,431.1050538,1168.75
2023/9/21 04:45,0,455.8455156,1171.25
2023/9/21 05:00,0,444.8923816,1166.5
2023/9/21 05:15,0,439.5660548,1164
2023/9/21 05:30,0,412.3601648,1171.25
2023/9/21 05:45,0,411.144889,1212
2023/9/21 06:00,6.351838777,429.5293382,1185.5
2023/9/21 06:15,32.54852936,494.878838,1180.75
2023/9/21 06:30,72.50150891,564.721408,1180.75
2023/9/21 06:45,128.7614053,638.7476614,1176
2023/9/21 07:00,204.4294826,668.9191761,1197.5
2023/9/21 07:15,293.1376356,660.7354541,1188
2023/9/21 07:30,390.2215434,639.9421816,1202.5
2023/9/21 07:45,478.3570941,620.5000634,1214.5
2023/9/21 08:00,544.1272592,1029.8494,1207.25
2023/9/21 08:15,632.1061207,1063.076607,1204.75
2023/9/21 08:30,721.4607905,1100.238725,1202.5
2023/9/21 08:45,771.9004888,1151.501856,1204.75
2023/9/21 09:00,820.0693739,1206.381969,1197.5
2023/9/21 09:15,866.0075304,862.9766871,1209.5
2023/9/21 09:30,948.2184367,898.8355951,1216.75
2023/9/21 09:45,1029.691545,918.0987202,1207.25
2023/9/21 10:00,1070.60617,938.9789021,1233.5
2023/9/21 10:15,1126.545208,933.8269572,1224
2023/9/21 10:30,1160.8005,882.6820809,1221.5
2023/9/21 10:45,1164.89474,832.4208642,1216.75
2023/9/21 11:00,1166.069104,841.1356808,1221.5
2023/9/21 11:15,1172.581499,852.5232019,1224
2023/9/21 11:30,1161.336662,866.1835606,1216.75
2023/9/21 11:45,1174.014859,883.5338353,1219.25
2023/9/21 12:00,1160.98652,850.7410742,1216.75
2023/9/21 12:15,1115.354806,871.0680181,1228.75
2023/9/21 12:30,1096.492285,892.2613354,1216.75
2023/9/21 12:45,1058.009366,881.2931862,1212
2023/9/21 13:00,1011.0387,896.524491,1216.75
2023/9/21 13:15,951.2690883,932.2296414,1216.75
2023/9/21 13:30,887.0255172,949.2532817,1226.5
2023/9/21 13:45,817.8057207,1000.028433,1226.5
2023/9/21 14:00,754.9264031,1016.187734,1226.5
2023/9/21 14:15,721.277935,1444.357101,1226.5
2023/9/21 14:30,673.6305865,1480.665355,1224
2023/9/21 14:45,634.381324,1514.44705,1228.75
2023/9/21 15:00,586.6106316,1522.322217,1214.5
2023/9/21 15:15,506.9968526,1537.50401,1204.75
2023/9/21 15:30,435.6530761,1050.741326,1207.25
2023/9/21 15:45,339.1959787,1038.007653,1200
2023/9/21 16:00,272.6476557,1035.786877,1204.75
2023/9/21 16:15,215.6343244,1046.283165,1204.75
2023/9/21 16:30,154.4213431,1106.63531,1207.25
2023/9/21 16:45,102.8500681,1114.073679,1209.5
2023/9/21 17:00,53.73757811,1090.518547,1212
2023/9/21 17:15,22.43879644,1005.477935,1202.5
2023/9/21 17:30,13.91416539,962.0908398,1195.25
2023/9/21 17:45,0,857.0125266,1197.5
2023/9/21 18:00,0,845.3989597,1190.5
2023/9/21 18:15,0,798.54155,1188
2023/9/21 18:30,0,797.4060334,1190.5
2023/9/21 18:45,0,885.7800482,1195.25
2023/9/21 19:00,0,896.4925187,1192.75
2023/9/21 19:15,0,910.8185414,1178.5
2023/9/21 19:30,0,882.9562006,1161.5
2023/9/21 19:45,0,866.7178314,1156.75
2023/9/21 20:00,0,828.3683609,1159.25
2023/9/21 20:15,0,813.8115684,1178.5
2023/9/21 20:30,0,735.6183443,1176
2023/9/21 20:45,0,713.7786581,1180.75
2023/9/21 21:00,0,713.6118021,1176
2023/9/21 21:15,0,666.6503582,1185.5
2023/9/21 21:30,0,604.9134216,1192.75
2023/9/21 21:45,0,555.0246722,1183.25
2023/9/21 22:00,0,520.4340699,1178.5
2023/9/21 22:15,0,486.8076309,1166.5
2023/9/21 22:30,0,448.3957942,1173.5
2023/9/21 22:45,0,416.8592436,1173.5
2023/9/21 23:00,0,401.4293014,1180.75
2023/9/21 23:15,0,391.4732594,1183.25
2023/9/21 23:30,0,369.1753394,1188
2023/9/21 23:45,0,689.4060088,1197.5
2023/9/22 00:00,0,680.5526166,1188
2023/9/22 00:15,0,677.3847995,1178.5
2023/9/22 00:30,0,655.3228748,1176
2023/9/22 00:45,0,651.7041733,1185.5
2023/9/22 01:00,0,642.1351394,1190.5
2023/9/22 01:15,0,628.1690986,1180.75
2023/9/22 01:30,0,615.9629789,1188
2023/9/22 01:45,0,605.435127,1180.75
2023/9/22 02:00,0,593.3237403,1183.25
2023/9/22 02:15,0,277.4168145,1166.5
2023/9/22 02:30,0,274.3513667,1168.75
2023/9/22 02:45,0,277.0083064,1171.25
2023/9/22 03:00,0,283.5632967,1168.75
2023/9/22 03:15,0,283.5130831,1166.5
2023/9/22 03:30,0,618.2462789,1164
2023/9/22 03:45,0,611.5426163,1164
2023/9/22 04:00,0,605.5865317,1166.5
2023/9/22 04:15,0,595.3070113,1171.25
2023/9/22 04:30,0,589.6618497,1152
2023/9/22 04:45,0,253.4694895,1147.25
2023/9/22 05:00,0,245.7994499,1147.25
2023/9/22 05:15,0,242.7310318,1147.25
2023/9/22 05:30,0,242.0434099,1168.75
2023/9/22 05:45,0,238.7599161,1161.5
2023/9/22 06:00,6.456435873,237.2250592,1161.5
2023/9/22 06:15,35.08432224,238.8812344,1168.75
2023/9/22 06:30,77.11230994,450.9198038,1185.5
2023/9/22 06:45,139.8498801,452.6710461,1185.5
2023/9/22 07:00,213.3085744,445.9781344,1188
2023/9/22 07:15,303.3989622,473.4017248,1200
2023/9/22 07:30,391.0957423,505.7235702,1231.25
2023/9/22 07:45,474.3917,506.4606976,1226.5
2023/9/22 08:00,563.9269753,488.2580981,1236
2023/9/22 08:15,655.9397859,482.9864091,1250.5
2023/9/22 08:30,738.262246,507.6819619,1267.25
2023/9/22 08:45,814.4541304,533.4948176,1293.5
2023/9/22 09:00,883.9923591,540.0654502,1293.5
2023/9/22 09:15,946.3060467,552.9679158,1272
2023/9/22 09:30,1003.337134,574.7327316,1274.5
2023/9/22 09:45,1058.3999,328.1750316,1272
2023/9/22 10:00,1102.590586,356.5097405,1279.25
2023/9/22 10:15,1149.994462,372.3743162,1281.5
2023/9/22 10:30,1172.455405,396.0717269,1281.5
2023/9/22 10:45,1186.495433,412.1652018,1281.5
2023/9/22 11:00,1176.444603,441.6802875,1286.5
2023/9/22 11:15,1202.455039,451.03132,1274.5
2023/9/22 11:30,1202.530976,795.3701701,1286.5
2023/9/22 11:45,1202.916488,804.6922685,1308
2023/9/22 12:00,1166.617724,806.0103504,1322.5
2023/9/22 12:15,1149.353756,823.8448548,1312.75
2023/9/22 12:30,1110.526116,834.6820367,1296
2023/9/22 12:45,1106.471869,538.226127,1308
2023/9/22 13:00,1094.579843,564.1659666,1322.5
2023/9/22 13:15,1045.133858,563.0434809,1348.75
2023/9/22 13:30,996.0451151,562.9296123,1375.25
2023/9/22 13:45,946.7356279,584.9268623,1382.5
2023/9/22 14:00,899.9453884,579.4697433,1375.25
2023/9/22 14:15,840.5369656,611.0920398,1372.75
2023/9/22 14:30,773.0825881,661.7485284,1358.5
2023/9/22 14:45,708.8169301,684.3069145,1353.5
2023/9/22 15:00,624.3356472,652.1918038,1336.75
2023/9/22 15:15,543.0973027,651.8596248,1351.25
2023/9/22 15:30,464.2367425,652.5026808,1322.5
2023/9/22 15:45,394.6440767,635.1489906,1320
2023/9/22 16:00,308.3949778,642.2804501,1332
2023/9/22 16:15,225.8452079,681.5371412,1312.75
2023/9/22 16:30,159.1240551,688.5956561,1310.5
2023/9/22 16:45,101.7496095,680.0034316,1298.5
2023/9/22 17:00,54.2672369,687.6135707,1310.5
2023/9/22 17:15,23.16341581,710.3794586,1284
2023/9/22 17:30,14.93355609,681.4158043,1276.75
2023/9/22 17:45,0,634.6106007,1264.75
2023/9/22 18:00,0,582.904597,1255.25
2023/9/22 18:15,0,529.8668737,1255.25
2023/9/22 18:30,0,508.5014369,1248
2023/9/22 18:45,0,497.0536412,1255.25
2023/9/22 19:00,0,474.8110919,1240.75
2023/9/22 19:15,0,447.309944,1245.5
2023/9/22 19:30,0,446.6987522,1219.25
2023/9/22 19:45,0,413.7290422,1204.75
2023/9/22 20:00,0,390.8832195,1209.5
2023/9/22 20:15,0,367.1665802,1207.25
2023/9/22 20:30,0,340.0206086,1209.5
2023/9/22 20:45,0,306.9645332,1207.25
2023/9/22 21:00,0,272.9252357,1202.5
2023/9/22 21:15,0,260.4485499,1200
2023/9/22 21:30,0,237.2814083,1195.25
2023/9/22 21:45,0,227.497155,1202.5
2023/9/22 22:00,0,229.8699788,1221.5
2023/9/22 22:15,0,228.0974074,1204.75
2023/9/22 22:30,0,226.5677862,1216.75
2023/9/22 22:45,0,226.5071799,1209.5
2023/9/22 23:00,0,223.4685422,1212
2023/9/22 23:15,0,213.7012236,1209.5
2023/9/22 23:30,0,196.0827426,1212
2023/9/22 23:45,0,190.28933,1214.5
2023/9/23 00:00,0,180.1055008,1202.5
2023/9/23 00:15,0,177.487602,1188
2023/9/23 00:30,0,181.9174199,1192.75
2023/9/23 00:45,0,166.1190896,1195.25
2023/9/23 01:00,0,165.4287872,1192.75
2023/9/23 01:15,0,164.146542,1209.5
2023/9/23 01:30,0,158.2024977,1207.25
2023/9/23 01:45,0,156.4395889,1204.75
2023/9/23 02:00,0,150.1510181,1209.5
2023/9/23 02:15,0,153.5805593,1214.5
2023/9/23 02:30,0,173.8220677,1216.75
2023/9/23 02:45,0,163.909947,1219.25
2023/9/23 03:00,0,148.2691711,1221.5
2023/9/23 03:15,0,174.7721238,1207.25
2023/9/23 03:30,0,186.1706415,1195.25
2023/9/23 03:45,0,204.2325516,1185.5
2023/9/23 04:00,0,203.5178145,1195.25
2023/9/23 04:15,0,218.8407299,1195.25
2023/9/23 04:30,0,215.3986382,1200
2023/9/23 04:45,0,225.0954422,1197.5
2023/9/23 05:00,0,246.8627463,1192.75
2023/9/23 05:15,0,226.6687868,1185.5
2023/9/23 05:30,0,223.0775318,1180.75
2023/9/23 05:45,0,215.2537635,1214.5
2023/9/23 06:00,1.778851257,213.785638,1226.5
2023/9/23 06:15,34.65780582,215.5142445,1231.25
2023/9/23 06:30,78.27362049,230.1314258,1216.75
2023/9/23 06:45,131.7174472,223.7524434,1209.5
2023/9/23 07:00,193.5138261,239.0375542,1243.25
2023/9/23 07:15,269.4656979,255.0239209,1252.75
2023/9/23 07:30,343.0218572,256.6402223,1284
2023/9/23 07:45,416.9245075,250.4216659,1303.25
2023/9/23 08:00,475.040435,259.8069848,1327.25
2023/9/23 08:15,560.0126487,267.2225785,1324.75
2023/9/23 08:30,604.2866276,252.2813021,1332
2023/9/23 08:45,681.5985693,232.1863076,1346.5
2023/9/23 09:00,772.6123722,228.5925014,1353.5
2023/9/23 09:15,823.2790887,223.7428483,1365.5
2023/9/23 09:30,866.0629683,226.166267,1384.75
2023/9/23 09:45,918.0203979,196.7380433,1375.25
2023/9/23 10:00,960.624259,169.369635,1370.5
2023/9/23 10:15,986.2987953,128.4221045,1360.75
2023/9/23 10:30,1025.604425,106.1546953,1360.75
2023/9/23 10:45,1114.831567,103.0286111,1387.25
2023/9/23 11:00,1176.805564,111.1272801,1363.25
2023/9/23 11:15,1194.140106,130.2999695,1408.75
2023/9/23 11:30,1195.900524,163.4432875,1384.75
2023/9/23 11:45,1194.509601,172.8440466,1372.75
2023/9/23 12:00,1207.540949,195.2718918,1365.5
2023/9/23 12:15,1210.232281,231.4961501,1353.5
2023/9/23 12:30,1192.349545,262.9948091,1339.25
2023/9/23 12:45,1180.761307,296.7068972,1336.75
2023/9/23 13:00,1151.510434,329.9092632,1358.5
2023/9/23 13:15,1114.831127,333.7872937,1404
2023/9/23 13:30,1069.788743,353.5875684,1394.5
2023/9/23 13:45,1018.21849,394.155353,1380
2023/9/23 14:00,966.8298459,417.1616279,1382.5
2023/9/23 14:15,903.0156427,448.4573742,1372.75
2023/9/23 14:30,841.6108822,509.830264,1389.5
2023/9/23 14:45,772.3702963,575.0476616,1368
2023/9/23 15:00,699.7228686,619.0211372,1375.25
2023/9/23 15:15,610.7680309,658.5230294,1360.75
2023/9/23 15:30,520.0717339,744.2295981,1363.25
2023/9/23 15:45,431.1238149,772.9411801,1375.25
2023/9/23 16:00,345.2080706,825.1875965,1370.5
2023/9/23 16:15,257.5914222,851.5260344,1370.5
2023/9/23 16:30,174.7518825,875.1157309,1344
2023/9/23 16:45,110.3784199,846.3181118,1334.5
2023/9/23 17:00,58.57017782,876.8170124,1327.25
2023/9/23 17:15,25.08002725,911.5325478,1320
2023/9/23 17:30,14.59162517,919.4245277,1312.75
2023/9/23 17:45,0,885.9657628,1317.5
2023/9/23 18:00,0,819.9320953,1308
2023/9/23 18:15,0,769.1149139,1298.5
2023/9/23 18:30,0,687.7842329,1298.5
2023/9/23 18:45,0,683.7074054,1303.25
2023/9/23 19:00,0,624.6629257,1286.5
2023/9/23 19:15,0,556.429389,1281.5
2023/9/23 19:30,0,515.4205309,1279.25
2023/9/23 19:45,0,512.7025257,1264.75
2023/9/23 20:00,0,530.3606657,1255.25
2023/9/23 20:15,0,497.3320743,1221.5
2023/9/23 20:30,0,481.6489239,1231.25
2023/9/23 20:45,0,467.7025166,1231.25
2023/9/23 21:00,0,447.5993737,1236
2023/9/23 21:15,0,434.6208216,1233.5
2023/9/23 21:30,0,428.9556964,1224
2023/9/23 21:45,0,427.6926919,1219.25
2023/9/23 22:00,0,405.4709034,1216.75
2023/9/23 22:15,0,401.6029716,1221.5
2023/9/23 22:30,0,382.8472757,1238.5
2023/9/23 22:45,0,357.9648313,1233.5
2023/9/23 23:00,0,345.0076856,1231.25
2023/9/23 23:15,0,356.213779,1238.5
2023/9/23 23:30,0,424.8538581,1238.5
2023/9/23 23:45,0,478.2992443,1238.5
2023/9/24 00:00,0,479.7652358,1226.5
2023/9/24 00:15,0,500.4343663,1231.25
2023/9/24 00:30,0,500.4470026,1236
2023/9/24 00:45,0,492.4219094,1228.75
2023/9/24 01:00,0,484.617706,1231.25
2023/9/24 01:15,0,453.0323079,1233.5
2023/9/24 01:30,0,425.2126495,1236
2023/9/24 01:45,0,406.8026896,1226.5
2023/9/24 02:00,0,393.8792823,1240.75
2023/9/24 02:15,0,363.4127626,1233.5
2023/9/24 02:30,0,354.6110279,1228.75
2023/9/24 02:45,0,361.0744905,1224
2023/9/24 03:00,0,377.3519356,1228.75
2023/9/24 03:15,0,385.739498,1216.75
2023/9/24 03:30,0,413.4177188,1216.75
2023/9/24 03:45,0,422.0822406,1231.25
2023/9/24 04:00,0,436.1800649,1231.25
2023/9/24 04:15,0,442.8396854,1231.25
2023/9/24 04:30,0,433.8048672,1226.5
2023/9/24 04:45,0,434.9571635,1212
2023/9/24 05:00,0,457.2927426,1221.5
2023/9/24 05:15,0,444.165688,1236
2023/9/24 05:30,0,399.5864182,1231.25
2023/9/24 05:45,0,347.515851,1226.5
2023/9/24 06:00,2.086829564,331.1451895,1219.25
2023/9/24 06:15,29.43104734,354.1341489,1219.25
2023/9/24 06:30,66.2440489,381.3166339,1221.5
2023/9/24 06:45,120.4749938,358.9318265,1231.25
2023/9/24 07:00,192.6187153,378.3031285,1260
2023/9/24 07:15,275.6111743,390.3370508,1269.5
2023/9/24 07:30,365.6112542,444.7592659,1281.5
2023/9/24 07:45,458.1217411,494.9898809,1296
2023/9/24 08:00,548.894078,587.8065134,1308
2023/9/24 08:15,633.7859316,681.6378501,1320
2023/9/24 08:30,717.852302,705.9367901,1320
2023/9/24 08:45,792.663397,740.7172143,1324.75
2023/9/24 09:00,857.8522245,810.988735,1341.5
2023/9/24 09:15,899.4816339,827.3046883,1358.5
2023/9/24 09:30,921.0268503,823.5399789,1363.25
2023/9/24 09:45,963.8692936,827.3619726,1375.25
2023/9/24 10:00,994.9637063,836.4058294,1363.25
2023/9/24 10:15,1039.221294,836.4034315,1370.5
2023/9/24 10:30,1084.836625,840.4899971,1380
2023/9/24 10:45,1117.423784,908.0322951,1370.5
2023/9/24 11:00,426.4303448,922.068353,1365.5
2023/9/24 11:15,424.5361293,960.7527382,1356
2023/9/24 11:30,451.6701082,1020.303498,1365.5
2023/9/24 11:45,959.3723919,1048.606651,1377.5
2023/9/24 12:00,1208.845887,1063.420859,1384.75
2023/9/24 12:15,1200.195047,1084.318031,1382.5
2023/9/24 12:30,1186.741189,1117.179056,1358.5
2023/9/24 12:45,1170.512698,1136.855069,1351.25
2023/9/24 13:00,1129.78201,1132.918216,1380
2023/9/24 13:15,1122.111125,1116.810588,1380
2023/9/24 13:30,1087.240201,1069.527967,1392
2023/9/24 13:45,1028.980963,1053.269797,1401.5
2023/9/24 14:00,978.3931537,1017.376687,1399.25
2023/9/24 14:15,923.6897967,1288.783598,1413.5
2023/9/24 14:30,863.7579279,1292.835717,1411.25
2023/9/24 14:45,814.3088019,124.7673401,1404
2023/9/24 15:00,717.5219135,1331.510384,1392
2023/9/24 15:15,620.735025,1354.280973,1408.75
2023/9/24 15:30,538.0359285,1150.479629,1394.5
2023/9/24 15:45,443.515769,1178.774852,1380
2023/9/24 16:00,343.9781937,1054.287872,1377.5
2023/9/24 16:15,255.5359519,1182.322171,1372.75
2023/9/24 16:30,173.8391226,1194.13498,1370.5
2023/9/24 16:45,106.8439679,1197.44987,1365.5
2023/9/24 17:00,58.38701275,1189.250451,1348.75
2023/9/24 17:15,28.44139917,1175.955063,1336.75
2023/9/24 17:30,0.832104975,1132.743896,1329.5
2023/9/24 17:45,0,1103.665206,1327.25
2023/9/24 18:00,0,1071.374499,1317.5
2023/9/24 18:15,0,1048.700617,1303.25
2023/9/24 18:30,0,962.7135372,1308
2023/9/24 18:45,0,885.5413759,1303.25
2023/9/24 19:00,0,838.3990759,1293.5
2023/9/24 19:15,0,793.900691,1286.5
2023/9/24 19:30,0,749.1488603,1279.25
2023/9/24 19:45,0,718.096498,1274.5
2023/9/24 20:00,0,721.8772839,1260
2023/9/24 20:15,0,723.7954145,1255.25
2023/9/24 20:30,0,706.1123339,1260
2023/9/24 20:45,0,671.5891361,1257.5
2023/9/24 21:00,0,588.9749945,1238.5
2023/9/24 21:15,0,525.1427878,1231.25
2023/9/24 21:30,0,489.4640171,1219.25
2023/9/24 21:45,0,417.3753237,1216.75
2023/9/24 22:00,0,353.154771,1207.25
2023/9/24 22:15,0,339.1275153,1214.5
2023/9/24 22:30,0,311.6143221,1216.75
2023/9/24 22:45,0,296.5012553,1214.5
2023/9/24 23:00,0,299.9802344,1231.25
2023/9/24 23:15,0,302.0597911,1224
2023/9/24 23:30,0,273.4637579,1221.5
2023/9/24 23:45,0,247.308995,1212
2023/9/25 00:00,0,214.0212199,1214.5
2023/9/25 00:15,0,180.1581671,1202.5
2023/9/25 00:30,0,147.9739053,1216.75
2023/9/25 00:45,0,131.9371946,1204.75
2023/9/25 01:00,0,151.0404176,1185.5
2023/9/25 01:15,0,152.1418629,1183.25
2023/9/25 01:30,0,140.4066269,1183.25
2023/9/25 01:45,0,117.3863476,1178.5
2023/9/25 02:00,0,97.81163485,1183.25
2023/9/25 02:15,0,114.202307,1197.5
2023/9/25 02:30,0,148.588246,1192.75
2023/9/25 02:45,0,152.0040543,1180.75
2023/9/25 03:00,0,155.6161751,1183.25
2023/9/25 03:15,0,166.6563394,1173.5
2023/9/25 03:30,0,164.1045112,1178.5
2023/9/25 03:45,0,149.3617516,1185.5
2023/9/25 04:00,0,173.6309483,1190.5
2023/9/25 04:15,0,202.352401,1176
2023/9/25 04:30,0,214.3836783,1178.5
2023/9/25 04:45,0,201.2795618,1180.75
2023/9/25 05:00,0,180.7240122,1178.5
2023/9/25 05:15,0,176.5812037,1176
2023/9/25 05:30,0,170.3961293,1183.25
2023/9/25 05:45,0,150.6450454,1176
2023/9/25 06:00,0.647952101,136.411687,1168.75
2023/9/25 06:15,37.27155206,130.0184354,1173.5
2023/9/25 06:30,72.43205172,111.9005633,1171.25
2023/9/25 06:45,122.8192559,90.26433361,1185.5
2023/9/25 07:00,190.057118,82.58269091,1202.5
2023/9/25 07:15,264.4598068,72.22889616,1214.5
2023/9/25 07:30,346.5355712,79.18259584,1221.5
2023/9/25 07:45,440.0036964,84.7585491,1233.5
2023/9/25 08:00,535.2720437,77.95984065,1250.5
2023/9/25 08:15,621.754544,81.27559568,1260
2023/9/25 08:30,672.306278,68.6518517,1269.5
2023/9/25 08:45,715.3014075,57.08393539,1284
2023/9/25 09:00,769.1034189,48.54556296,1281.5
2023/9/25 09:15,818.9072624,42.02946115,1260
2023/9/25 09:30,868.6967795,34.65141337,1300.75
2023/9/25 09:45,936.6354592,31.92566764,1281.5
2023/9/25 10:00,1004.685983,28.70095029,1264.75
2023/9/25 10:15,1006.074435,32.86331966,1272
2023/9/25 10:30,1065.655634,43.74319962,1260
2023/9/25 10:45,1104.880198,43.58656323,1281.5
2023/9/25 11:00,1143.694866,47.8742279,1291.25
2023/9/25 11:15,1168.054896,53.83650544,1279.25
2023/9/25 11:30,1184.186232,56.41547636,1300.75
2023/9/25 11:45,1161.217502,65.09587365,1291.25
2023/9/25 12:00,1160.65071,66.25880164,1308
2023/9/25 12:15,1164.128125,57.40499055,1281.5
2023/9/25 12:30,1151.355922,61.33152214,1286.5
2023/9/25 12:45,1120.288846,67.32102862,1276.75
2023/9/25 13:00,1098.668711,67.05176878,1284
2023/9/25 13:15,1067.560611,73.03033337,1300.75
2023/9/25 13:30,1035.039356,73.30297856,1279.25
2023/9/25 13:45,990.1405473,69.25179849,1281.5
2023/9/25 14:00,945.1279929,83.47789399,1291.25
2023/9/25 14:15,880.5995139,128.3380827,1296
2023/9/25 14:30,806.0244593,147.3308815,1300.75
2023/9/25 14:45,734.6603636,183.9142924,1281.5
2023/9/25 15:00,653.0960903,206.1916963,1296
2023/9/25 15:15,567.452667,305.706767,1264.75
2023/9/25 15:30,480.3401513,353.1536447,1286.5
2023/9/25 15:45,395.1142598,361.4998154,1281.5
2023/9/25 16:00,311.2987215,364.6313017,1279.25
2023/9/25 16:15,237.273382,370.8846255,1245.5
2023/9/25 16:30,164.3176449,266.7698289,1260
2023/9/25 16:45,105.2916689,268.5468887,1262.5
2023/9/25 17:00,57.85851001,276.2200716,1240.75
2023/9/25 17:15,29.95290758,276.5826315,1245.5
2023/9/25 17:30,26.22801536,250.5992078,1245.5
2023/9/25 17:45,0,227.4535778,1245.5
2023/9/25 18:00,0,199.1026575,1248
2023/9/25 18:15,0,193.067997,1209.5
2023/9/25 18:30,0,183.5290937,1216.75
2023/9/25 18:45,0,168.7602389,1224
2023/9/25 19:00,0,156.2803782,1224
2023/9/25 19:15,0,123.5536408,1231.25
2023/9/25 19:30,0,139.7224169,1212
2023/9/25 19:45,0,145.6547144,1212
2023/9/25 20:00,0,154.876441,1224
2023/9/25 20:15,0,161.8847059,1202.5
2023/9/25 20:30,0,159.3423908,1204.75
2023/9/25 20:45,0,167.5878347,1200
2023/9/25 21:00,0,173.595193,1195.25
2023/9/25 21:15,0,174.4593801,1192.75
2023/9/25 21:30,0,191.8619503,1188
2023/9/25 21:45,0,211.2942322,1197.5
2023/9/25 22:00,0,204.7316478,1188
2023/9/25 22:15,0,192.5696777,1188
2023/9/25 22:30,0,163.5457768,1188
2023/9/25 22:45,0,144.7660149,1178.5
2023/9/25 23:00,0,148.0385646,1188
2023/9/25 23:15,0,146.1066109,1178.5
2023/9/25 23:30,0,136.7515608,1183.25
2023/9/25 23:45,0,114.0194107,1183.25
2023/9/26 00:00,0,102.1776126,1176
2023/9/26 00:15,0,104.4998629,1185.5
2023/9/26 00:30,0,108.9299788,1173.5
2023/9/26 00:45,0,113.0269741,1176
2023/9/26 01:00,0,126.9545049,1180.75
2023/9/26 01:15,0,138.9373385,1171.25
2023/9/26 01:30,0,146.0677623,1176
2023/9/26 01:45,0,149.6598348,1168.75
2023/9/26 02:00,0,165.289533,1166.5
2023/9/26 02:15,0,174.1389952,1168.75
2023/9/26 02:30,0,165.2450079,1168.75
2023/9/26 02:45,0,173.440916,1171.25
2023/9/26 03:00,0,171.6960545,1173.5
2023/9/26 03:15,0,180.1299117,1168.75
2023/9/26 03:30,0,197.046249,1178.5
2023/9/26 03:45,0,217.4480158,1168.75
2023/9/26 04:00,0,249.4829851,1171.25
2023/9/26 04:15,0,262.3610172,1168.75
2023/9/26 04:30,0,297.2468502,1164
2023/9/26 04:45,0,359.0486202,1178.5
2023/9/26 05:00,0,402.1801948,1168.75
2023/9/26 05:15,0,373.3434119,1183.25
2023/9/26 05:30,0,332.4769685,1183.25
2023/9/26 05:45,0,332.907688,1168.75
2023/9/26 06:00,0.063445598,342.8852817,1188
2023/9/26 06:15,37.05427166,343.6277774,1183.25
2023/9/26 06:30,67.69469273,318.6546625,1180.75
2023/9/26 06:45,108.1705325,331.566579,1183.25
2023/9/26 07:00,159.3941917,359.1780132,1200
2023/9/26 07:15,218.8580862,410.0315515,1214.5
2023/9/26 07:30,280.197541,421.7842039,1216.75
2023/9/26 07:45,354.3608745,426.7519647,1224
2023/9/26 08:00,444.9975601,446.6201278,1231.25
2023/9/26 08:15,512.3228559,439.0848579,1228.75
2023/9/26 08:30,598.1387314,444.0140139,1264.75
2023/9/26 08:45,652.6336092,457.2632936,1288.75
2023/9/26 09:00,676.8020681,502.4652347,1291.25
2023/9/26 09:15,690.2226035,514.0340649,1284
2023/9/26 09:30,730.7064432,545.0415561,1305.5
2023/9/26 09:45,781.8880448,569.1490311,1298.5
2023/9/26 10:00,820.1159356,579.3177062,1303.25
2023/9/26 10:15,843.2557395,573.6897088,1308
2023/9/26 10:30,844.8727776,563.465242,1291.25
2023/9/26 10:45,871.5970418,548.5615909,1300.75
2023/9/26 11:00,865.9447302,531.8781281,1293.5
2023/9/26 11:15,920.9677927,499.2011748,1281.5
2023/9/26 11:30,928.4865176,471.4784882,1300.75
2023/9/26 11:45,931.9460147,519.5925307,1272
2023/9/26 12:00,930.9909588,610.90342,1274.5
2023/9/26 12:15,931.2892263,632.4575923,1267.25
2023/9/26 12:30,898.0202215,609.3142517,1252.75
2023/9/26 12:45,847.3841604,654.0658865,1260
2023/9/26 13:00,820.1421191,749.5224699,1272
2023/9/26 13:15,774.3801446,773.4576489,1284
2023/9/26 13:30,725.8483908,797.2139161,1288.75
2023/9/26 13:45,671.829812,825.2655567,1281.5
2023/9/26 14:00,599.7061152,854.9561625,1308
2023/9/26 14:15,572.4162798,858.8321244,1300.75
2023/9/26 14:30,526.2330812,934.5079041,1305.5
2023/9/26 14:45,496.3282868,917.0413612,1284
2023/9/26 15:00,457.9890652,990.7877877,1296
2023/9/26 15:15,438.8490899,1032.107514,1257.5
2023/9/26 15:30,370.7841406,1107.287952,1281.5
2023/9/26 15:45,277.5930765,1037.902406,1279.25
2023/9/26 16:00,214.4510155,1488.842768,1252.75
2023/9/26 16:15,167.5710232,1506.340664,1267.25
2023/9/26 16:30,114.3023108,1523.493893,1243.25
2023/9/26 16:45,70.22789234,1499.459669,1248
2023/9/26 17:00,41.65160902,1466.859704,1228.75
2023/9/26 17:15,40.79759834,1037.511018,1221.5
2023/9/26 17:30,35.30180869,1013.657288,1219.25
2023/9/26 17:45,0,999.4772904,1204.75
2023/9/26 18:00,0,980.6031356,1214.5
2023/9/26 18:15,0,986.0867417,1207.25
2023/9/26 18:30,0,988.2858743,1197.5
2023/9/26 18:45,0,969.7726462,1207.25
2023/9/26 19:00,0,936.7779878,1188
2023/9/26 19:15,0,916.4831071,1188
2023/9/26 19:30,0,724.4139798,1166.5
2023/9/26 19:45,0,729.0788745,1164
2023/9/26 20:00,0,656.1147407,1166.5
2023/9/26 20:15,0,610.1919817,1166.5
2023/9/26 20:30,0,570.1569269,1164
2023/9/26 20:45,0,569.0104924,1154.5
2023/9/26 21:00,0,547.6835156,1156.75
2023/9/26 21:15,0,526.7395038,1142.5
2023/9/26 21:30,0,499.73478,1152
2023/9/26 21:45,0,442.2431334,1154.5
2023/9/26 22:00,0,399.2876408,1149.5
2023/9/26 22:15,0,348.0938473,1149.5
2023/9/26 22:30,0,290.8091706,1152
2023/9/26 22:45,0,255.9657842,1152
2023/9/26 23:00,0,231.1887716,1144.75
2023/9/26 23:15,0,178.3954852,1140
2023/9/26 23:30,0,136.7508619,1156.75
2023/9/26 23:45,0,101.8286266,1140
2023/9/27 00:00,0,76.34771599,1142.5
2023/9/27 00:15,0,69.69176437,1142.5
2023/9/27 00:30,0,64.5777998,1142.5
2023/9/27 00:45,0,64.23335235,1144.75
2023/9/27 01:00,0,59.4700649,1152
2023/9/27 01:15,0,54.39972986,1142.5
2023/9/27 01:30,0,48.35987033,1132.75
2023/9/27 01:45,0,47.36799786,1144.75
2023/9/27 02:00,0,32.15469717,1128
2023/9/27 02:15,0,24.44815444,1132.75
2023/9/27 02:30,0,27.211025,1144.75
2023/9/27 02:45,0,29.11401075,1137.5
2023/9/27 03:00,0,28.4886443,1140
2023/9/27 03:15,0,26.49528064,1142.5
2023/9/27 03:30,0,26.20670005,1144.75
2023/9/27 03:45,0,32.23954943,1137.5
2023/9/27 04:00,0,37.22714036,1207.25
2023/9/27 04:15,0,47.98007556,1180.75
2023/9/27 04:30,0,53.11910159,1171.25
2023/9/27 04:45,0,48.94353469,1173.5
2023/9/27 05:00,0,58.72140133,1159.25
2023/9/27 05:15,0,60.24145773,1159.25
2023/9/27 05:30,0,88.39674014,1159.25
2023/9/27 05:45,0,105.1283501,1164
2023/9/27 06:00,0.019132956,145.1928694,1164
2023/9/27 06:15,29.5994082,215.3629065,1164
2023/9/27 06:30,47.85606957,284.0717057,1164
2023/9/27 06:45,70.77886169,319.456081,1164
2023/9/27 07:00,87.19026305,368.8623618,1164
2023/9/27 07:15,112.5685006,360.6415169,1164
2023/9/27 07:30,156.1601592,331.7367808,1164
2023/9/27 07:45,221.3251781,300.3457366,1164
2023/9/27 08:00,273.2455063,266.4923579,1164
2023/9/27 08:15,325.8975566,248.5111184,1164
2023/9/27 08:30,397.3680263,210.9396855,1164
2023/9/27 08:45,500.2329662,187.2402093,1164
2023/9/27 09:00,589.8897591,169.51796,1164
2023/9/27 09:15,673.457098,147.1586798,1164
2023/9/27 09:30,699.4886488,121.9723628,1164
2023/9/27 09:45,748.0244456,107.3363258,1164
2023/9/27 10:00,802.0447932,113.8997069,1164
2023/9/27 10:15,853.1806229,118.6232354,1164
2023/9/27 10:30,892.9502372,120.4846411,1164
2023/9/27 10:45,899.5522016,130.1062117,1231.25
2023/9/27 11:00,906.154166,160.7889529,1214.5
2023/9/27 11:15,912.7561304,215.5248757,1207.25
2023/9/27 11:30,919.3580948,260.5488508,1200
2023/9/27 11:45,925.9600592,287.8118212,1212
2023/9/27 12:00,932.5620236,299.560717,1207.25
2023/9/27 12:15,939.163988,325.5190626,1197.5
2023/9/27 12:30,945.7659524,370.971898,1190.5
2023/9/27 12:45,952.3679168,405.0447084,1197.5
2023/9/27 13:00,979.7930456,417.3552153,1200
2023/9/27 13:15,958.523194,419.0946116,1195.25
2023/9/27 13:30,946.5571091,418.3246432,1221.5
2023/9/27 13:45,937.5162312,410.2568624,1214.5
2023/9/27 14:00,899.5412862,418.3575909,1214.5
2023/9/27 14:15,851.8606409,458.6862213,1214.5
2023/9/27 14:30,781.2533235,508.2700344,1214.5
2023/9/27 14:45,701.9907738,509.3975651,1214.5
2023/9/27 15:00,626.7753335,521.5524199,1214.5
2023/9/27 15:15,561.4551583,514.6619377,1214.5
2023/9/27 15:30,484.5248495,510.547355,1214.5
2023/9/27 15:45,388.8681078,491.1340242,1214.5
2023/9/27 16:00,302.3555417,485.3195343,1214.5
2023/9/27 16:15,229.0911731,478.9028876,1214.5
2023/9/27 16:30,160.3549664,487.2575043,1214.5
2023/9/27 16:45,100.5824685,486.3150093,1214.5
2023/9/27 17:00,53.28711606,495.0899754,1214.5
2023/9/27 17:15,28.89690482,521.3360679,1214.5
2023/9/27 17:30,21.0427857,529.0714257,1214.5
2023/9/27 17:45,0,539.7042144,1214.5
2023/9/27 18:00,0,562.6137425,1214.5
2023/9/27 18:15,0,590.7091479,1214.5
2023/9/27 18:30,0,600.2216807,1214.5
2023/9/27 18:45,0,590.2203148,1214.5
2023/9/27 19:00,0,572.061787,1214.5
2023/9/27 19:15,0,557.7040299,1214.5
2023/9/27 19:30,0,542.06697,1214.5
2023/9/27 19:45,0,518.3406061,1214.5
2023/9/27 20:00,0,508.7232935,1214.5
2023/9/27 20:15,0,517.3103123,1214.5
2023/9/27 20:30,0,523.2421172,1214.5
2023/9/27 20:45,0,538.4932799,1214.5
2023/9/27 21:00,0,550.4237037,1214.5
2023/9/27 21:15,0,564.6622751,1214.5
2023/9/27 21:30,0,571.462535,1214.5
2023/9/27 21:45,0,555.4422138,1214.5
2023/9/27 22:00,0,546.1968685,1214.5
2023/9/27 22:15,0,535.0807896,1214.5
2023/9/27 22:30,0,529.1558657,1214.5
2023/9/27 22:45,0,512.1123242,1214.5
2023/9/27 23:00,0,486.0372142,1214.5
2023/9/27 23:15,0,474.8039405,1214.5
2023/9/27 23:30,0,450.71474,1214.5
2023/9/27 23:45,0,424.8207413,1214.5
2023/9/28 00:00,0,385.2266807,1116
2023/9/28 00:15,0,334.2958072,1128
2023/9/28 00:30,0,309.4625993,1125.5
2023/9/28 00:45,0,293.2723372,1120.75
2023/9/28 01:00,0,267.1414434,1125.5
2023/9/28 01:15,0,236.7397299,1123.25
2023/9/28 01:30,0,217.6078386,1118.5
2023/9/28 01:45,0,203.1042285,1123.25
2023/9/28 02:00,0,195.549469,1132.75
2023/9/28 02:15,0,194.1173866,1120.75
2023/9/28 02:30,0,188.7173178,1120.75
2023/9/28 02:45,0,184.6120753,1123.25
2023/9/28 03:00,0,176.0577907,1111.25
2023/9/28 03:15,0,168.5173186,1113.5
2023/9/28 03:30,0,156.2212411,1118.5
2023/9/28 03:45,0,146.7915798,1113.5
2023/9/28 04:00,0,146.3482586,1118.5
2023/9/28 04:15,0,166.0688048,1123.25
2023/9/28 04:30,0,179.2162224,1118.5
2023/9/28 04:45,0,204.8792503,1108.75
2023/9/28 05:00,0,207.699986,1123.25
2023/9/28 05:15,0,214.8980284,1106.5
2023/9/28 05:30,0,215.1861841,1096.75
2023/9/28 05:45,0,233.2024075,1111.25
2023/9/28 06:00,0.030433436,263.3085117,1113.5
2023/9/28 06:15,35.14032871,273.408877,1113.5
2023/9/28 06:30,68.72090798,303.6631265,1123.25
2023/9/28 06:45,118.0937488,337.7715518,1137.5
2023/9/28 07:00,179.0080886,361.041367,1130.5
2023/9/28 07:15,247.6389889,384.3009557,1192.75
2023/9/28 07:30,327.655665,410.9732339,1173.5
2023/9/28 07:45,412.9054607,414.5456663,1166.5
2023/9/28 08:00,495.3550287,405.4920887,1176
2023/9/28 08:15,573.964653,370.9244713,1173.5
2023/9/28 08:30,657.8286167,372.6408736,1173.5
2023/9/28 08:45,737.7384498,384.3258501,1178.5
2023/9/28 09:00,801.8252288,391.3774327,1178.5
2023/9/28 09:15,868.7610234,433.921397,1176
2023/9/28 09:30,894.4201743,463.0102857,1190.5
2023/9/28 09:45,938.8945934,512.2675901,1190.5
2023/9/28 10:00,946.0914655,545.6053854,1183.25
2023/9/28 10:15,973.1870185,564.6975166,1200
2023/9/28 10:30,1012.576665,596.9188815,1195.25
2023/9/28 10:45,1044.203642,635.4863706,1190.5
2023/9/28 11:00,1033.733281,656.0079728,1202.5
2023/9/28 11:15,1001.260449,655.446703,1195.25
2023/9/28 11:30,958.2208748,685.696946,1214.5
2023/9/28 11:45,997.1903124,718.6706335,1192.75
2023/9/28 12:00,1039.362251,757.8110309,1192.75
2023/9/28 12:15,1045.170738,778.1781709,1200
2023/9/28 12:30,1025.673498,795.1722277,1188
2023/9/28 12:45,985.9818662,812.6157232,1197.5
2023/9/28 13:00,958.4893068,810.3628037,1195.25
2023/9/28 13:15,931.9952594,816.9575684,1183.25
2023/9/28 13:30,912.0143538,847.9007789,1192.75
2023/9/28 13:45,887.5888548,880.2624481,1183.25
2023/9/28 14:00,840.9058054,874.6838168,1202.5
2023/9/28 14:15,799.5102477,885.983601,1195.25
2023/9/28 14:30,767.3144787,914.6152322,1190.5
2023/9/28 14:45,702.9153735,840.9283907,1195.25
2023/9/28 15:00,617.6099184,855.195043,1190.5
2023/9/28 15:15,549.1579672,868.6423377,1188
2023/9/28 15:30,461.2024816,942.2767252,1185.5
2023/9/28 15:45,385.3407605,944.6441304,1180.75
2023/9/28 16:00,308.5458916,936.2488455,1190.5
2023/9/28 16:15,211.087633,915.2478855,1180.75
2023/9/28 16:30,130.639189,895.2169269,1173.5
2023/9/28 16:45,74.67429411,910.4054121,1171.25
2023/9/28 17:00,41.86232978,899.5644912,1168.75
2023/9/28 17:15,29.21315178,877.9576637,1171.25
2023/9/28 17:30,21.63191025,867.7232553,1171.25
2023/9/28 17:45,0,818.5505435,1161.5
2023/9/28 18:00,0,792.3977929,1156.75
2023/9/28 18:15,0,794.8983822,1149.5
2023/9/28 18:30,0,789.8698221,1154.5
2023/9/28 18:45,0,770.981511,1147.25
2023/9/28 19:00,0,745.3965143,1147.25
2023/9/28 19:15,0,785.8960247,1149.5
2023/9/28 19:30,0,765.376162,1132.75
2023/9/28 19:45,0,745.9197972,1152
2023/9/28 20:00,0,714.21227,1142.5
2023/9/28 20:15,0,699.5944693,1137.5
2023/9/28 20:30,0,682.7467003,1149.5
2023/9/28 20:45,0,679.0118713,1140
2023/9/28 21:00,0,666.3481529,1154.5
2023/9/28 21:15,0,668.6759619,1140
2023/9/28 21:30,0,680.1900646,1144.75
2023/9/28 21:45,0,685.8515879,1152
2023/9/28 22:00,0,682.3038027,1137.5
2023/9/28 22:15,0,701.3907319,1132.75
2023/9/28 22:30,0,718.3009379,1123.25
2023/9/28 22:45,0,725.0994289,1132.75
2023/9/28 23:00,0,716.5537856,1128
2023/9/28 23:15,0,725.4880884,1120.75
2023/9/28 23:30,0,715.1903785,1130.5
2023/9/28 23:45,0,692.9149144,1125.5
2023/9/29 00:00,0,655.1034518,1130.5
2023/9/29 00:15,0,614.3745144,1130.5
2023/9/29 00:30,0,597.0137108,1123.25
2023/9/29 00:45,0,598.4846148,1128
2023/9/29 01:00,0,620.1567375,1120.75
2023/9/29 01:15,0,630.828832,1123.25
2023/9/29 01:30,0,619.7447672,1123.25
2023/9/29 01:45,0,608.3388786,1123.25
2023/9/29 02:00,0,587.2509373,1120.75
2023/9/29 02:15,0,540.6622322,1123.25
2023/9/29 02:30,0,492.151341,1123.25
2023/9/29 02:45,0,475.7337504,1128
2023/9/29 03:00,0,461.2900279,1135.25
2023/9/29 03:15,0,432.4285074,1135.25
2023/9/29 03:30,0,397.6124528,1135.25
2023/9/29 03:45,0,376.5961429,1118.5
2023/9/29 04:00,0,350.2787222,1125.5
2023/9/29 04:15,0,329.3906457,1120.75
2023/9/29 04:30,0,330.6577442,1120.75
2023/9/29 04:45,0,350.8031324,1120.75
2023/9/29 05:00,0,381.5882875,1111.25
2023/9/29 05:15,0,393.8612262,1123.25
2023/9/29 05:30,0,404.6545048,1128
2023/9/29 05:45,0,405.7390463,1118.5
2023/9/29 06:00,0.015757767,412.4708494,1137.5
2023/9/29 06:15,32.56837237,420.1915733,1140
2023/9/29 06:30,56.69292332,420.5061098,1147.25
2023/9/29 06:45,92.78340303,426.2467651,1159.25
2023/9/29 07:00,145.4713757,430.238833,1152
2023/9/29 07:15,192.7493339,442.8925614,1173.5
2023/9/29 07:30,259.1295674,465.367579,1188
2023/9/29 07:45,321.0497193,496.5312928,1219.25
2023/9/29 08:00,409.4353579,533.1803677,1216.75
2023/9/29 08:15,501.3259545,558.575781,1216.75
2023/9/29 08:30,618.142359,562.2207221,1224
2023/9/29 08:45,663.0522963,566.6107843,1243.25
2023/9/29 09:00,749.7576174,567.1819205,1243.25
2023/9/29 09:15,836.2403023,1019.2841,1264.75
2023/9/29 09:30,898.6909876,1043.769736,1286.5
2023/9/29 09:45,977.4733696,1310.729416,1286.5
2023/9/29 10:00,1077.536456,1317.652142,1262.5
2023/9/29 10:15,1135.893838,1347.370759,1267.25
2023/9/29 10:30,1172.271507,974.1375335,1260
2023/9/29 10:45,1230.724881,1031.422047,1276.75
2023/9/29 11:00,1240.853007,827.6191285,1300.75
2023/9/29 11:15,1252.847111,873.6301692,1324.75
2023/9/29 11:30,1246.662445,907.4582755,1303.25
2023/9/29 11:45,1246.333003,918.6734934,1310.5
2023/9/29 12:00,1246.357367,918.9624736,1310.5
2023/9/29 12:15,1230.827796,930.3408139,1288.75
2023/9/29 12:30,1240.898297,925.5363116,1272
2023/9/29 12:45,1236.154402,914.7048556,1279.25
2023/9/29 13:00,1200.694033,938.8428543,1308
2023/9/29 13:15,1152.799202,944.1825,1300.75
2023/9/29 13:30,1112.468506,962.7061495,1300.75
2023/9/29 13:45,1042.361824,992.5508289,1312.75
2023/9/29 14:00,958.8264988,997.1515988,1291.25
2023/9/29 14:15,906.713703,1026.7341,1298.5
2023/9/29 14:30,851.5047333,1036.392048,1300.75
2023/9/29 14:45,784.5716219,1051.523309,1276.75
2023/9/29 15:00,710.5608671,983.2779047,1269.5
2023/9/29 15:15,626.1183806,999.8662864,1272
2023/9/29 15:30,528.9920783,1009.765175,1245.5
2023/9/29 15:45,431.1993463,1009.246317,1262.5
2023/9/29 16:00,334.6354518,1008.002415,1269.5
2023/9/29 16:15,240.4935722,997.4642216,1224
2023/9/29 16:30,158.7870211,808.1332183,1224
2023/9/29 16:45,95.76492058,809.2601458,1209.5
2023/9/29 17:00,49.36960063,905.8812262,1197.5
2023/9/29 17:15,28.56842609,1072.119027,1202.5
2023/9/29 17:30,21.19143316,1059.159288,1185.5
2023/9/29 17:45,0,1062.853669,1185.5
2023/9/29 18:00,0,1050.761011,1180.75
2023/9/29 18:15,0,1049.646571,1168.75
2023/9/29 18:30,0,1039.754666,1168.75
2023/9/29 18:45,0,1021.474453,1173.5
2023/9/29 19:00,0,1020.788016,1159.25
2023/9/29 19:15,0,834.4578947,1161.5
2023/9/29 19:30,0,759.8554948,1168.75
2023/9/29 19:45,0,751.9976738,1159.25
2023/9/29 20:00,0,739.8305625,1147.25
2023/9/29 20:15,0,722.097237,1159.25
2023/9/29 20:30,0,698.1285426,1149.5
2023/9/29 20:45,0,875.9263629,1149.5
2023/9/29 21:00,0,903.0260038,1152
2023/9/29 21:15,0,899.9447641,1152
2023/9/29 21:30,0,888.6911578,1147.25
2023/9/29 21:45,0,859.172868,1142.5
2023/9/29 22:00,0,906.1526874,1152
2023/9/29 22:15,0,905.6250105,1132.75
2023/9/29 22:30,0,903.452136,1135.25
2023/9/29 22:45,0,875.6643555,1144.75
2023/9/29 23:00,0,861.564823,1140
2023/9/29 23:15,0,849.8460279,1142.5
2023/9/29 23:30,0,810.9303112,1149.5
2023/9/29 23:45,0,780.1799952,1178.5
2023/9/30 00:00,0,759.0372294,1159.25
2023/9/30 00:15,0,734.1250556,1156.75
2023/9/30 00:30,0,698.6180999,1159.25
2023/9/30 00:45,0,693.5122816,1159.25
2023/9/30 01:00,0,692.7245567,1159.25
2023/9/30 01:15,0,683.6109424,1149.5
2023/9/30 01:30,0,676.8780356,1152
2023/9/30 01:45,0,686.8674799,1156.75
2023/9/30 02:00,0,680.9944318,1154.5
2023/9/30 02:15,0,652.9184524,1147.25
2023/9/30 02:30,0,623.4246538,1152
2023/9/30 02:45,0,595.4613127,1156.75
2023/9/30 03:00,0,561.409867,1154.5
2023/9/30 03:15,0,523.3629671,1152
2023/9/30 03:30,0,473.4575641,1159.25
2023/9/30 03:45,0,430.5707575,1166.5
2023/9/30 04:00,0,405.4158053,1159.25
2023/9/30 04:15,0,441.6659281,1156.75
2023/9/30 04:30,0,460.1190718,1147.25
2023/9/30 04:45,0,493.4967173,1144.75
2023/9/30 05:00,0,514.4066868,1159.25
2023/9/30 05:15,0,543.5322337,1152
2023/9/30 05:30,0,560.9620263,1152
2023/9/30 05:45,0,538.4999579,1161.5
2023/9/30 06:00,0.017807813,498.8446988,1132.75
2023/9/30 06:15,35.54061819,514.8619812,1140
2023/9/30 06:30,73.07114448,522.1522164,1144.75
2023/9/30 06:45,129.8599502,525.2773298,1140
2023/9/30 07:00,202.3577799,560.3568444,1152
2023/9/30 07:15,289.5548823,593.767647,1166.5
2023/9/30 07:30,387.5655947,595.5762799,1176
2023/9/30 07:45,483.714572,636.3095736,1173.5
2023/9/30 08:00,576.7481569,675.6174772,1197.5
2023/9/30 08:15,674.2460165,698.0615395,1202.5
2023/9/30 08:30,767.6324861,713.2250989,1209.5
2023/9/30 08:45,854.1333,755.24603,1236
2023/9/30 09:00,928.5372297,801.3721061,1231.25
2023/9/30 09:15,995.6182363,808.7390287,1233.5
2023/9/30 09:30,1053.808675,833.8042649,1236
2023/9/30 09:45,1110.600235,857.9975851,1238.5
2023/9/30 10:00,1140.674571,863.5708454,1238.5
2023/9/30 10:15,1154.098612,886.8091486,1255.25
2023/9/30 10:30,1205.284759,928.2944386,1267.25
2023/9/30 10:45,1242.425539,961.1438202,1255.25
2023/9/30 11:00,1248.912365,978.6781701,1252.75
2023/9/30 11:15,1271.061628,1009.989015,1245.5
2023/9/30 11:30,1265.398825,916.7303949,1226.5
2023/9/30 11:45,1254.093374,929.1721671,1236
2023/9/30 12:00,1245.711612,934.1941812,1250.5
2023/9/30 12:15,1246.981027,941.9477588,1226.5
2023/9/30 12:30,1209.207011,950.4277018,1226.5
2023/9/30 12:45,1185.97489,862.2293479,1224
2023/9/30 13:00,1134.146682,859.5656542,1231.25
2023/9/30 13:15,1109.82579,859.9156503,1257.5
2023/9/30 13:30,1074.041262,1180.688596,1267.25
2023/9/30 13:45,1014.627943,1176.121509,1272
2023/9/30 14:00,945.1089541,1316.746703,1262.5
2023/9/30 14:15,875.2111581,1317.368556,1245.5
2023/9/30 14:30,815.7897763,1302.892999,1288.75
2023/9/30 14:45,741.0944988,1057.682518,1286.5
2023/9/30 15:00,657.8268178,1055.438024,1315.25
2023/9/30 15:15,573.2558411,1055.539091,1267.25
2023/9/30 15:30,485.9804312,937.6154167,1255.25
2023/9/30 15:45,397.8962865,934.1686654,1248
2023/9/30 16:00,304.8407665,1054.409244,1250.5
2023/9/30 16:15,218.1546392,1046.603664,1255.25
2023/9/30 16:30,149.7615113,1036.509781,1226.5
2023/9/30 16:45,92.11033604,1019.554751,1207.25
2023/9/30 17:00,49.16978222,1000.888566,1216.75
2023/9/30 17:15,29.17122448,987.3430471,1202.5
2023/9/30 17:30,16.71534861,967.2231858,1204.75
2023/9/30 17:45,0,979.0755719,1200
2023/9/30 18:00,0,960.2966435,1188
2023/9/30 18:15,0,930.2192904,1195.25
2023/9/30 18:30,0,828.4654178,1178.5
2023/9/30 18:45,0,800.485667,1168.75
2023/9/30 19:00,0,750.080025,1152
2023/9/30 19:15,0,730.8960556,1149.5
2023/9/30 19:30,0,714.3284261,1144.75
2023/9/30 19:45,0,681.2641437,1147.25
2023/9/30 20:00,0,708.7483856,1142.5
2023/9/30 20:15,0,656.0278146,1132.75
2023/9/30 20:30,0,615.8888232,1137.5
2023/9/30 20:45,0,595.3123958,1140
2023/9/30 21:00,0,557.9406923,1135.25
2023/9/30 21:15,0,518.3145587,1140
2023/9/30 21:30,0,477.6577667,1128
2023/9/30 21:45,0,431.7249027,1132.75
2023/9/30 22:00,0,397.2034033,1120.75
2023/9/30 22:15,0,355.893372,1125.5
2023/9/30 22:30,0,300.5366107,1118.5
2023/9/30 22:45,0,271.3428521,1118.5
2023/9/30 23:00,0,272.416376,1128
2023/9/30 23:15,0,260.5971828,1108.75
2023/9/30 23:30,0,237.0222113,1113.5
2023/9/30 23:45,0,216.2209395,1120.75
